venue,record_count,unique_paper_keys,curated_records,archive_records,source_union_in_dataset,crossref_lookup_status,crossref_match_title,crossref_match_issn,crossref_match_publisher,crossref_total_dois,crossref_lookup_note,example_titles
Zenodo (CERN European Organization for Nuclear Research),76,76,9,67,OpenAlex,no_crossref_journal_match,,,,,,Sharp Dual-Regime Transition Driven by Bead Morphology in Metal Fused Filament Fabrication: Bead-Resolved Digital Twin Analysis | Binary Thermal Regime Transition Driven by Bead Morphology in Metal Fused Filament Fabrication: Bead-Resolved Digital Twin Analysis | Reducing energy consumption and processing time by smart robot-workpiece position planning in robotic manufacturing processes
ArXiv.org,48,48,12,36,OpenAlex,no_crossref_journal_match,,,,,,i-Tac: Inverse Design of 3D-Printed Tactile Elastomers with Scalable and Tunable Optical and Mechanical Properties | Environment-Aware Path Generation for Robotic Additive Manufacturing of Structures | Self-locking non-volatile coding metasurfaces via origami-based mechanical bits
arXiv (Cornell University),46,46,20,26,OpenAlex,no_crossref_journal_match,,,,,,"Towards Active Real-to-Twin Inspection: A New Paradigm for Zero-Shot Anomaly Detection | Too Big, Too Small, Too $O_2$: The Pandoro Effect from Oxygen Gradients in Tomographic Volumetric Additive Manufacturing | Scale-invariant projection optimization in tomographic volumetric additive manufacturing"
Figshare,23,23,2,21,OpenAlex,no_crossref_journal_match,,,,,,Lensless and Lossless HoloVAM | High-Strength andFast-Response Liquid Crystal ElastomerFiber and Fabric Actuators | Smart manufacturing: MLOps-enabled event-driven architecture for enhanced control in steel production
Springer Link (Chiba Institute of Technology),9,9,4,5,OpenAlex,no_crossref_journal_match,,,,,,"Transitioning from Industry 4.0 to Industry 5.0: A Review and Analysis of Future Research Directions | Semi-analytical Timoshenko beam model for symmetrical 1D acoustic black holes: Efficient quantification of the influence of geometric model parameters on vibration behaviour | Light-derived additive manufacturing: advances, challenges and prospects"
ACS Applied Materials & Interfaces,6,6,4,2,OpenAlex,no_crossref_journal_match,,,,,,"Emerging Trends in Additive Manufacturing for Thermoelectric Devices: Materials, Structures, and Engineering Approaches | High-Strength and Fast-Response Liquid Crystal Elastomer Fiber and Fabric Actuators | Hot Fingers: Individually Addressable Graphene-Heater Actuated Liquid Crystal Grippers"
Materials & Design,4,4,3,1,OpenAlex,no_crossref_journal_match,,,,,,Interfacial structure − property relationships in additively manufactured WC-Co/316L multi-material systems | Machine learning-aided lattice optimization for ultra-lightweight 3D-printed aligners | 4D printing of semi-crystalline crosslinked polymer networks with two-way shape-memory effect
VTechWorks (Virginia Tech),4,4,1,3,OpenAlex,no_crossref_journal_match,,,,,,Advancing New Material and Process Capabilities for Multi-Material High Performance Thermoset Additive Manufacturing | Rapid Characterization of Material Heterogeneity through Acoustic Resonance and Physics-informed Artificial Intelligence | ML-accelerated pipeline for understanding atomistic hardening of MPEAs and predicting hardness in additive manufacturing
bioRxiv (Cold Spring Harbor Laboratory),3,3,3,0,OpenAlex,no_crossref_journal_match,,,,,,"Shaping hydrogel bioinks into 3D, multiscale, perfusable models using multimodal printing | Tomographic Printing in a Chip: A Versatile Platform for Biomimetic 3D Organ-on-Chip | Optical Properties of Gelatin Methacrylate and Implications for In Situ Cross-Linking in Spinal Cord Lesions and Engineered Hydrogel Systems"
Espace ÉTS (ETS),3,3,3,0,OpenAlex,no_crossref_journal_match,,,,,,Meltpool temperature measurement and monitoring during wire-DED via optical thermal devices | Digital twin modeling for defect detection in LPBF parts | Resin properties and part size interrelationships in computed tomography-based volumetric additive manufacturing
Microsystems & Nanoengineering,3,3,3,0,OpenAlex,no_crossref_journal_match,,,,,,Proximal sound printing: direct 3D printing of microstructures on polymers | Electrohydrodynamic printed ultra-high performance liquid metal strain sensor | Micro-spring force sensors using conductive photosensitive resin fabricated via two-photon polymerization
Repository KITopen (Karlsruhe Institute of Technology),3,3,1,2,OpenAlex,no_crossref_journal_match,,,,,,Enhancing mechanical performance of elastomeric vat-photopolymerized resins via functionalized cellulose nanocrystals | Wavelength‐Dependent 3D Printing: Introducing 3D Printed Action Plots | Novel Photoinitiators for Two‐Step Absorption‐Based 3D Laser Nanoprinting: From Molecular Design to Printing Behavior
Texas Digital Library (University of Texas),3,3,2,1,OpenAlex,no_crossref_journal_match,,,,,,Replication Data for: Hybrid epoxy–acrylate resins for wavelength-selective multimaterial 3D printing | Engineering soft materials across length scales for programmable performance | Oxygen Saturation as a Strategy to Mitigate User-Induced Variation in Tomographic Volumetric Additive Manufacturing
TU/e Research Portal,3,3,1,2,OpenAlex,no_crossref_journal_match,,,,,,NURBS-Based Ray Tracer Modeling of Tomographic Volumetric Additive Manufacturing | Edge-Cloud-Assisted Real-Time Cyber-Physical Systems | Data-Driven Optimization for City Logistics
ACS Sustainable Chemistry & Engineering,2,2,2,0,OpenAlex,no_crossref_journal_match,,,,,,Thiol–Yne Photocurable Isosorbide-Derived Networks: Formulation and 3D Printing | Sustainable 3D Printing of Transparent SiO<sub>2</sub> Glass Components by a Photocurable Aqueous Suspension Design
Advances in geospatial technologies book series,2,2,0,2,OpenAlex,no_crossref_journal_match,,,,,,Energy Mapping and Resource Efficiency Using Geospatial Tools | An Adaptive Geo-Intelligent System Integrating AI and IoT for Sustainable Smart Manufacturing
DergiPark (Istanbul University),2,2,2,0,OpenAlex,no_crossref_journal_match,,,,,,An Investigation -into the Use of Digital Technologies to Promote Circularity in the Construction Industry | Üç Boyutlu Yazıcı Teknolojileri ve Diş Hekimliğinde Uygulama Alanları: Güncel Yaklaşımlar ve Gelecek Perspektifleri
Digital Access to Scholarship at Harvard (DASH) (Harvard University),2,2,1,1,OpenAlex,no_crossref_journal_match,,,,,,"Programmable Assembly of Genetically Engineered Human Tissues | Architected Liquid Crystal Elastomers with Spatially Programmed Alignment, Shape Morphing, and Mechanics"
DOAJ (DOAJ: Directory of Open Access Journals),2,2,1,1,OpenAlex,no_crossref_journal_match,,,,,,Recent Advances and Development Trends of Global Top Drive Drilling Systems | Construction of an industrial digital twin platform for multi-robot arm collaborative control
Linköping studies in science and technology. Dissertations,2,2,1,1,OpenAlex,no_crossref_journal_match,,,,,,Adaptive Automation Strategies for Increasing Variability in Design and Production | Digital Twins and Explainable AI for Decision Support in Port and Maritime Operations
LUTPub (LUT University),2,2,1,1,OpenAlex,no_crossref_journal_match,,,,,,Experimental and numerical study of the Poynting effect in additively manufactured TPU components for soft robotic applications | Performance management with novel technologies : integrating sustainability performance in digital transformation
TSpace,2,2,1,1,OpenAlex,no_crossref_journal_match,,,,,,Mechanics and Modeling of 3D Printed Metamaterials for Energy Absorption | Using Multi-Material Additive Manufacturing and Targeting Active Applications in the Design and Development of Hydrophobic Surfaces
Veredas do Direito Direito Ambiental e Desenvolvimento Sustentável,2,2,0,2,OpenAlex,no_crossref_journal_match,,,,,,ENHANCING OPERATIONAL EFFICIENCY IN NATURAL GAS DISTRIBUTION THROUGH - AUTOMATION AND SMART CONTROL SYSTEMS | DIGITAL SUPPLY CHAIN TRANSFORMATION IN SAUDI INDUSTRIAL MANUFACTURING UNDER VISION 2030
American University of Bahrain,1,1,0,1,OpenAlex,no_crossref_journal_match,,,,,,Smart manufacturing: MLOps-enabled event-driven architecture for enhanced control in steel production
AMS Degree Thesis (University of Bologna),1,1,1,0,OpenAlex,no_crossref_journal_match,,,,,,Il ruolo del Digital Twin nell'Additive Manufacturing: opportunità e prospettive per l'ingegneria industriale
Applied Cybersecurity & Internet Governance,1,1,0,1,OpenAlex,no_crossref_journal_match,,,,,,A Cybersecurity Digital Twin Architecture for Modelling Threats in Interconnected Systems
Biomedical Journal of Scientific & Technical Research,1,1,1,0,OpenAlex,no_crossref_journal_match,,,,,,"""Guidelines for Biomimetic 3D/4D Printing in Soft Tissues Biomaterials"""
CINECA IRIS Institutial Research Information System (University of Genoa),1,1,1,0,OpenAlex,no_crossref_journal_match,,,,,,"DIVENIRE Metodo, processo e progetto di un sistema di facciata dinamico realizzato tramite stampa 3D e 4D - Method, process and design of a dynamic facade system created using 3D and 4D printing"
Communications in computer and information science,1,1,1,0,OpenAlex,no_crossref_journal_match,,,,,,FPGA-Driven Nonlinear Analogue Networks for Deterministic Machine Learning
Complex & Intelligent Systems,1,1,1,0,OpenAlex,no_crossref_journal_match,,,,,,"Multi-domain fusion meta-model for digital twin in precision manufacturing: design, implementation and verification"
Computers & Security,1,1,0,1,OpenAlex,no_crossref_journal_match,,,,,,Organisational cybersecurity challenges in digital twin development: A critical analysis and research directions
Computers & Structures,1,1,1,0,OpenAlex,no_crossref_journal_match,,,,,,ShapeGen3DCP: A deep learning framework for layer shape prediction in 3D concrete printing
"Defect and diffusion forum/Diffusion and defect data, solid state data. Part A, Defect and diffusion forum",1,1,1,0,OpenAlex,no_crossref_journal_match,,,,,,3D-Printed Pyrography Using PLA/Wood Filaments
Electronic Theses and Dissertations Repository (University of Pisa),1,1,1,0,OpenAlex,no_crossref_journal_match,,,,,,OTTIMIZZAZIONE DEL PROCESSO DI FABBRICAZIONE MEDIANTE STAMPA 3D DI SONDE PLASMONICHE CON APPLICAZIONI MEDICHE IOT
elib (German Aerospace Center),1,1,0,1,OpenAlex,no_crossref_journal_match,,,,,,Metric Driven Framework for Evaluaiton of Logistics in PHM
Engineering Journal (Chulalongkorn University),1,1,0,1,OpenAlex,no_crossref_journal_match,,,,,,3D Printed Soft Actuator Evaluation: A Simulation and Experiment Approach
Engineering Science & Technology Journal,1,1,0,1,OpenAlex,no_crossref_journal_match,,,,,,"AI-Integrated predictive control and digital twin systems for high-yield, low-energy specialty chemicals batch manufacturing"
Environment Systems & Decisions,1,1,1,0,OpenAlex,no_crossref_journal_match,,,,,,Evaluating digital twin adoption for sustainable supply chains in pharma: a fuzzy MEREC–TOPSIS approach
Epilepsy & Behavior,1,1,0,1,OpenAlex,no_crossref_journal_match,,,,,,Digital twins. The future of personalized epilepsy care
Espace École de technologie supérieure (École de technologie supérieure),1,1,0,1,OpenAlex,no_crossref_journal_match,,,,,,Intelligent framework for radio resource management for future heterogeneous wireless networks
European Journal of AI Computing & Informatics,1,1,0,1,OpenAlex,no_crossref_journal_match,,,,,,Decision-Making in Industry 4.0: A Layered Framework for Converting Cyber-Physical Information into Governed Action
European Synchrotron Radiation Facility,1,1,0,1,OpenAlex,no_crossref_journal_match,,,,,,Quantifying the microstructure of 4D printed materials for soft robotics
Frattura ed Integrità Strutturale,1,1,1,0,OpenAlex,no_crossref_journal_match,,,,,,Experimental calibration of a virtual raster section for high-accuracy FDM simulation in Abaqus
FreiDok plus (Universitätsbibliothek Freiburg),1,1,1,0,OpenAlex,no_crossref_journal_match,,,,,,Development of novel materials and fabrication methods for surfaces with wettability patterns
Gongneng cailiao yu qijian xuebao,1,1,1,0,OpenAlex,no_crossref_journal_match,,,,,,Research progress on superelastic materials
Green Technology & Innovation,1,1,0,1,OpenAlex,no_crossref_journal_match,,,,,,"From Optimization to Stability Preservation: A Self-Healing, Action-Bearing Digital Twin for Climate-Stressed Building Energy Systems"
IFIP advances in information and communication technology,1,1,1,0,OpenAlex,no_crossref_journal_match,,,,,,Extending ISO 23247: A Production Logistics Information Model for Integrated Digital Twins
Infoscience (Ecole Polytechnique Fédérale de Lausanne),1,1,1,0,OpenAlex,no_crossref_journal_match,,,,,,3D printing assisted by upconversion nanoparticles
Institutional Repositories DataBase (IRDB),1,1,0,1,OpenAlex,no_crossref_journal_match,,,,,,"Polymeric soft materials with molecular recognition: From static binding to dynamic functions in gels, particles, and interfaces"
International Journal of Coal Science & Technology,1,1,0,1,OpenAlex,no_crossref_journal_match,,,,,,Evolution of visualisation and digital twin technologies in mining
International Journal of Innovative Research in Engineering & Multidisciplinary Physical Sciences,1,1,1,0,OpenAlex,no_crossref_journal_match,,,,,,Matter - AI A Multimodal AI Framework for Accelerated Materials Discovery in Physical Sciences
International Journal of Research in Pharmacology & Pharmacotherapeutics,1,1,1,0,OpenAlex,no_crossref_journal_match,,,,,,Multiprocess Approaches for Increasing Component Functionality in 3D Printing
Iowa Research Online (The University of Iowa),1,1,1,0,OpenAlex,no_crossref_journal_match,,,,,,Hyperbranched prepolymer additives and in situ NMR to improve material properties and methods for monitoring reaction kinetics in photopolymer systems
Iris (Roma Tre University),1,1,0,1,OpenAlex,no_crossref_journal_match,,,,,,Research and development of design tools and methods for Additive Manufacturing: virtual prototyping and artificial intelligence
Izvestiâ ÛFU. Tehničeskie nauki,1,1,1,0,OpenAlex,no_crossref_journal_match,,,,,,ANALYSIS OF THE EFFECTIVENESS OF TRADITIONAL AND MODERNTECHNOLOGIES FOR MONITORING POWER TRANSMISSION LINES
J — Multidisciplinary Scientific Journal,1,1,0,1,OpenAlex,no_crossref_journal_match,,,,,,"CsPbI3 Perovskites at the Edge of Commercialization: Persistent Barriers, Multidisciplinary Solutions, and the Emerging Role of AI"
Journal of Advanced Research in Manufacturing Material Science & Metallurgical Engineering,1,1,1,0,OpenAlex,no_crossref_journal_match,,,,,,Time-Responsive Manufacturing: An Extensive Review of 4DP Applications in IoT and Mechatronic Systems
Journal of materials research/Pratt's guide to venture capital sources,1,1,1,0,OpenAlex,no_crossref_journal_match,,,,,,Architected Materials for Soft Robotics
Journal of Sandwich Structures & Materials,1,1,1,0,OpenAlex,no_crossref_journal_match,,,,,,Enhanced mechanical performance of 3D-printed PLA and carbon-fiber reinforced PLA sandwich structures via Taguchi-based process optimization
Journal of Sustainable Engineering & Green Technologies,1,1,1,0,OpenAlex,no_crossref_journal_match,,,,,,TRANSFORMING MOLD MANUFACTURING: A REVIEW OF ADDITIVE MANUFACTURING IN METALLIC AND COMPOSITE TOOLING
Journal of the mechanical behavior of biomedical materials/Journal of mechanical behavior of biomedical materials,1,1,1,0,OpenAlex,no_crossref_journal_match,,,,,,"3D-printed CF-PLA bone plates with metamaterial structures: Design, fabrication, and mechanical evaluation"
Lancaster EPrints (Lancaster University),1,1,0,1,OpenAlex,no_crossref_journal_match,,,,,,Unsecurities Lab participant report : 31st March at Goldsmiths University
Laser & Photonics Review,1,1,1,0,OpenAlex,no_crossref_journal_match,,,,,,Hydrogen‐Sensitive Inks with 4D Printing of a Fiber‐Tip Hydrogen Microsensor
Lecture notes in computational science and engineering,1,1,1,0,OpenAlex,no_crossref_journal_match,,,,,,Digital Twin Inference from Multi-physical Simulation Data of DED Additive Manufacturing Processes with Neural ODEs
Lecture notes in mechanical engineering,1,1,1,0,OpenAlex,no_crossref_journal_match,,,,,,Committee II.2: Dynamic Response
"Library, Museums and Press - UDSpace (University of Delaware)",1,1,1,0,OpenAlex,no_crossref_journal_match,,,,,,Additive manufacturing of electromagnetic multifunctional composites
Light Science & Applications,1,1,1,0,OpenAlex,no_crossref_journal_match,,,,,,High-efficiency multi-scale holographic volumetric 3D printing with a phase light modulator
OpenBU (Boston University),1,1,1,0,OpenAlex,no_crossref_journal_match,,,,,,Multiscale heterogeneous polymer composites and soft synthetic fascia for 4D printed electrically controllable multifunctional structures with high stiffness and toughness
Organic Process Research & Development,1,1,0,1,OpenAlex,no_crossref_journal_match,,,,,,Breaking the Boundaries of Bayesian Optimization Utilizing Continuous Chemistry Digital Twins
OSF Preprints (OSF Preprints),1,1,0,1,OpenAlex,no_crossref_journal_match,,,,,,Digital Twins in Remote and Virtual Healthcare: A Scoping Review
OSTI OAI (U.S. Department of Energy Office of Scientific and Technical Information),1,1,1,0,OpenAlex,no_crossref_journal_match,,,,,,Fundamental Path Optimization Strategies for Extrusion-Based Additive Manufacturing
PureMUL,1,1,0,1,OpenAlex,no_crossref_journal_match,,,,,,Integration of Optical 3D Measurement Technology into a Cyber-Physical Production System for Wire Arc Additive Manufacturing
reposiTUm (TU Wien),1,1,1,0,OpenAlex,no_crossref_journal_match,,,,,,Process Simulation for Laser-Assisted Additive Manufacturing
Research Explorer (The University of Manchester),1,1,1,0,OpenAlex,no_crossref_journal_match,,,,,,Residual stress prediction by element birth within a digital twin of a wire arc additive manufacturing cell
SAE technical papers on CD-ROM/SAE technical paper series,1,1,0,1,OpenAlex,no_crossref_journal_match,,,,,,Mechanism and Experimental Investigation of Variable Stiffness in Soft Actuators Based on Particles Jamming
Scholarly Commons (Embry–Riddle Aeronautical University),1,1,0,1,OpenAlex,no_crossref_journal_match,,,,,,Threat-Analysis Oriented Digital Twinning of ML-Powered Future Autonomous Weapon Systems
"Science, Engineering & Education.",1,1,0,1,OpenAlex,no_crossref_journal_match,,,,,,Strategies and Methods for Recreating the Operating Behavior of a Technological Object Through Virtual Prototyping Based on an Optimized Initial Design
Scientific periodicals of Ukraine,1,1,1,0,OpenAlex,no_crossref_journal_match,,,,,,Чисельне моделювання та цифрові двійники в адитивному виробництві з використанням дугового наплавлення (WAAM)
SHAREOK (University of Oklahoma),1,1,1,0,OpenAlex,no_crossref_journal_match,,,,,,DESIGN AND RAPID PROTOTYPING FOR COST-EFFECTIVE SLAM-BASED SEMI-AUTONOMOUS GROUND VEHICLES
SHAREOK (University of Oklahoma; Oklahoma State University; Central Oklahoma University),1,1,1,0,OpenAlex,no_crossref_journal_match,,,,,,4D printing of LCE composites for enhanced damping
Shipping & Navigation,1,1,0,1,OpenAlex,no_crossref_journal_match,,,,,,"Seaport automation: technological solutions, systemic challenges and regional specifics of implementation"
Software & Systems Modeling,1,1,0,1,OpenAlex,no_crossref_journal_match,,,,,,"Model-based digital twin engineering: insights, challenges, and future directions"
Sustainable polymer & energy,1,1,1,0,OpenAlex,no_crossref_journal_match,,,,,,Sustainable Additive Manufacturing of Polymer Composites for Advanced Water Treatment: A Review
Theseus (Ammattikorkeakoulujen),1,1,1,0,OpenAlex,no_crossref_journal_match,,,,,,Modelling a digital twin of KUKA Robot : for LUT hitsaustekniikka laboratory using KUKA.Sim 4.10
Trepo - Institutional Repository of Tampere University,1,1,1,0,OpenAlex,no_crossref_journal_match,,,,,,Development of Stretchable Antenna using Laser-induced Graphene (LIG) for Wearable Devices
Universidad Industrial de Santander,1,1,0,1,OpenAlex,no_crossref_journal_match,,,,,,Study of a proposed cellular structure for a metamaterial configuration resistant to torsional effects in a power transmission shaft manufactured by layer-by-layer additive manufacturing
UPCommons institutional repository (Universitat Politècnica de Catalunya),1,1,0,1,OpenAlex,no_crossref_journal_match,,,,,,ML-driven unity/WebGL digital twin with RGB sensing for bioleaching process control
UPM Digital Archive (Technical University of Madrid),1,1,1,0,OpenAlex,no_crossref_journal_match,,,,,,4D printed Nitinol metamaterials: from algorithmic design of textile-based soft-stiff architectures towards next generation medical implants
"Vestnik Nacionalʹnogo tehničeskogo universiteta ""HPI"". Tehnologii v mašinostroenii/Vìsnik Nacìonalʹnogo tehnìčnogo unìversitetu HPÌ. Serìâ: Tehnologìï v mašinobuduvannì",1,1,0,1,OpenAlex,no_crossref_journal_match,,,,,,TECHNOLOGICAL SUPPORT FOR THE RESTORATION OF PARTS USING REVERSE ENGINEERING
Washington State University Dissertation,1,1,1,0,OpenAlex,no_crossref_journal_match,,,,,,3D Printing of Soft Composites with Tunable Visco-Hyperelastic Properties
"White Rose Research Online (University of Leeds, The University of Sheffield, University of York)",1,1,0,1,OpenAlex,no_crossref_journal_match,,,,,,"Book of Abstracts: Past, Present and Future of Particle Technology Conference 2026"
Zaguan (Universidad de Zaragoza),1,1,1,0,OpenAlex,no_crossref_journal_match,,,,,,Digital printing of light-driven liquid crystal elastomers toward bioinspired functions and biomedical devices
Zhongguo kexue. Wulixue Lixue Tianwenxue,1,1,0,1,OpenAlex,no_crossref_journal_match,,,,,,Challenges of digital twin applications for radio telescopes
Science,5,5,4,1,OpenAlex,possible_crossref_journal_match,ScienceAsia,1513-1874,Science Society of Thailand,2629,,Lithographic crystallinity regulation in additive fabrication of thermoplastics (CRAFT) | Magnetic modulation of keyhole instability during laser welding and additive manufacturing | Circular 3D printing of high-performance photopolymers through dissociative network design
AI,1,1,0,1,OpenAlex,possible_crossref_journal_match,Journal of Airline and Airport Management,2014-4865; 2014-4806,Omnia Publisher SL,77,,Automation of the Control Process of the Research and Flexible Production Areas of the Technopark
Computer,1,1,1,0,OpenAlex,possible_crossref_journal_match,Computerised Manufacturing,0269-8536,Institution of Engineering and Technology (IET),141,,"InterwovenXR: A Cyber–Physical–Social Testbed System for Robotics, Digital Twins, and Hyperautomation"
Open MIND,12,12,9,3,OpenAlex,exact_crossref_journal_match,Open Mind,2470-2986,MIT Press,295,,3D-printed Soft Optical sensor with a Lens (SOLen) for light guidance in mechanosensing | Systematic Analysis of Penalty-Optimised Illumination Design for Tomographic Volumetric Additive Manufacturing via the Extendable Framework TVAM AID Using the Core Imaging Library | EPFL-LAPD/Overprinting-with-Tomographic-Volumetric-Additive-Manufacturing: publication
Biomimetics,8,8,4,4,OpenAlex,exact_crossref_journal_match,Biomimetics,2313-7673,MDPI AG,3222,,Teaching Bioinspired Design for Assistive Technologies Using Additive Manufacturing: A Collaborative Experience | Biomimetic Additive Manufacturing: Engineering Complexity Inspired by Nature’s Simplicity | Smart Multi-Responsive Biomaterials and Their Applications for 4D Bioprinting
Sensors,7,7,3,4,OpenAlex,exact_crossref_journal_match,Sensors,1424-8220,MDPI AG,78573,,Printed Piezoelectric Materials: From Functional Inks to High-Performance Transducers | Next-Generation Biomedical Microwave Antennas: Metamaterial Design and Advanced Printing Manufacturing Techniques | A Case Study on DNN-Based Surface Roughness QA Analysis of Hollow Metal AM Fabricated Parts in a DT-Enabled CW-GTAW Robotic Manufacturing Cell
ACS Applied Polymer Materials,5,5,5,0,OpenAlex,exact_crossref_journal_match,ACS Applied Polymer Materials,2637-6105; 2637-6105,American Chemical Society,7628,,The Influence of Vat Photopolymerization Processing Parameters on Semicrystalline Morphology | Crystallizable Surfactant-Based Interfacial Layers for Stabilizing Nonaqueous Photocurable Foams | Multimaterial Digital Light Processing Three-Dimensional Printing of Materials with Different Relaxation Kinetics
ACS Polymers Au,4,4,4,0,OpenAlex,exact_crossref_journal_match,ACS Polymers Au,2694-2453; 2694-2453,American Chemical Society,375,,Limonene as a Renewable Platform Molecule: Chemical Modifications and Polymerization Strategies toward Advanced Materials | Metal Oxide-Functionalized Photopolymers: A Perspective in 3D Printing | RAFT-Mediated 3D Printing of Polylactones/Itaconate Elastomers with Polypeptide Surface Functionalization
Nano-Micro Letters,4,4,4,0,OpenAlex,exact_crossref_journal_match,Nano-Micro Letters,2311-6706; 2150-5551,Springer-Verlag,2547,,Rational Design and Functionalization of Melt Electrowritten 4D Scaffolds for Biomedical Applications | Microscale Architectures for Intelligent Soft Robotics: From Functional Microneedles to Biointegrated Wearable Systems | MXene-Assembled Liquid Metal Hybrid Microparticles for Multifunctional and Stretchable Printed Electronics
Sustainability,4,4,0,4,OpenAlex,exact_crossref_journal_match,Sustainability,2071-1050,MDPI AG,105718,,Sustainable Manufacturing: Enabling Technologies and Emerging Research Trends—A Scoping Review | Can Digital Twin Technology Enhance Supply-Chain Resilience? A Systematic Literature Review | AI-Driven Digital Twins in Sustainable Manufacturing: A Critical Review
Bioengineering,3,3,2,1,OpenAlex,exact_crossref_journal_match,Bioengineering,2306-5354,MDPI AG,6409,,Mechatronic Design and Development of a Lower-Limb Exoskeleton System Based on Knee Joint Biomechanical Principles Using Electro-Pneumatic Actuation with an Embedded EMG Controller for Experimental Validation in Elderly Gait Rehabilitation Support | Advancing Scoliosis Treatment with Patient-Specific Functionally Graded NiTi-SMA Rods: Key Considerations and Development Objectives | Lab-on-a-Chip and Microfluidics Technologies for Nano Drug Delivery
Communications Materials,3,3,1,2,OpenAlex,exact_crossref_journal_match,Communications Materials,2662-4443,Springer Science and Business Media LLC,1215,,MXene-based stimuli-responsive and autonomous intelligent materials | Machine learning-guided optimization of atomic layer deposition process | Curvature tuning through defect-based 4D printing
Exploring Science Academic Conference Series,3,3,1,2,OpenAlex,exact_crossref_journal_match,Exploring Science Academic Conference Series,3105-0514; 3105-0522,Zeus Press,239,,AI-Enabled Design and Additive Manufacturing of Mechanical Materials: Methods and Future Directions | The Impact of Digital Transformation on Supply Chain Efficiency: A Case Study of JD Logistics | AI-Assisted 3D Modeling and Engineering Optimization of Artistic Mechanical Parts for TWS Earbud Charging Cases
International Journal for Research in Applied Science and Engineering Technology,3,3,3,0,OpenAlex,exact_crossref_journal_match,International Journal for Research in Applied Science and Engineering Technology,2321-9653,International Journal for Research in Applied Science and Engineering Technology (IJRASET),40225,,"A Review on Mechanical and Process Characteristics of PETG and ASA Materials in FDM 3D Printing | Robotics Arm based 3D Food Printing: Design, Challenges, and Feasibility for Culinary Automation | Why CAD/CAM Software Is Essential in Industrial 3D Printing and Additive Manufacturing"
International Journal of Drug Delivery Technology,3,3,1,2,OpenAlex,exact_crossref_journal_match,International Journal of Drug Delivery Technology,0975-4415; 0975-4415,Dr. Yashwant Research Labs Pvt. Ltd.,8064,,"Pharmaceutical Industry 4.0: A Review of Advance Technology Shaping Drug Development and Manufacturing | Semiconductor Optimization: A Comprehensive Study of Automation, Fabrication Process Control, Defect Detection, Enhancement, and Sustainable Smart Manufacturing | 4D Printing in Regenerative Medicine and Smart Wound Healing: StimuliResponsive Materials for Next-Generation Biomedical Devices"
Journal of Applied Polymer Science,3,3,2,1,OpenAlex,exact_crossref_journal_match,Journal of Applied Polymer Science,0021-8995; 1097-4628,Wiley (John Wiley & Sons),67947,,Toward Sustainable Biodegradable Composites Through Thermal Management: <scp>3D</scp> Printing‐Assisted Lamination of Poly(Lactic Acid) With Polypropylene as an Alternative to Conventional Blending | <scp>4D</scp> Printing of Composite Thermoplastic Elastomers for Super‐Stretchable Soft Artificial Muscles | Development of Near Infrared Light and Electrically Responsive Shape Memory Polymer Composites Based on Copolyester Thermoplastic Elastomer/Polycaprolactone Blend and Carbon Nanotubes
Macromolecules,3,3,3,0,OpenAlex,exact_crossref_journal_match,Macromolecules,0024-9297; 1520-5835,American Chemical Society,52155,,Real-Time Polarized Photo-Rheo-IR Investigation of Shear-Induced Alignment in Liquid Crystal Elastomers | Polycaprolactone–Itaconic Acid Resins for Additive Manufacturing of Environmentally Degradable 3D and 4D Materials by Thiol-ene Photopolymerization | Dexter Energy Transfer-Enabled Biobased Oxime Ester-Photosensitizer System for Rapid Visible-Light/Sunlight-Induced Photocuring and 3D Printing
Molecules,3,3,3,0,OpenAlex,exact_crossref_journal_match,Molecules,1420-3049; 1420-3049,MDPI AG,64474,,"Initial Study of Feedstock Material Compositions for 3D Printing of Hybrid Metal–Polymer Components via Electrodeposition and Photopolymerization in an Electroplating Bath Environment | Three-Dimensional Printable Photocurable Elastomer Composed of Hydroxyethyl Acrylate and Hydroxy Fatty Acid Derived from Waste Cooking Oil: An Innovative Strategy for Sustainable, Highly Flexible Resin Development | Polymer Composites in 3D/4D Printing: Materials, Advances, and Prospects"
Nature,3,3,3,0,OpenAlex,exact_crossref_journal_match,Nature,0028-0836; 1476-4687,Springer Science and Business Media LLC,446174,,"Adaptive and context-aware volumetric printing | Dynamic interface printing | A renewably sourced, circular photopolymer resin for additive manufacturing"
Proceedings of the National Academy of Sciences,3,3,3,0,OpenAlex,exact_crossref_journal_match,Proceedings of the National Academy of Sciences,0027-8424; 1091-6490,Proceedings of the National Academy of Sciences,170469,,Rotational 3D printing of active–passive filaments and lattices with programmable shape morphing | Entanglement-driven responses through multiscale 3D-printed knits | Spatially programmed alignment and actuation in printed liquid crystal elastomers
Sustainable materials and technologies,3,3,3,0,OpenAlex,exact_crossref_journal_match,Sustainable Materials and Technologies,2214-9937,Elsevier,2086,,A Spirulina-derived pigment extract combining phycocyanin and chlorophyll for optically responsive photopolymer architectures | Strategies for recycling multi-material polymer blends for additive manufacturing | 4D printing of natural materials: A review
Acta Biomaterialia,2,2,1,1,OpenAlex,exact_crossref_journal_match,Acta Biomaterialia,1742-7061,Elsevier,11078,,Toward 4D printed functional soft tissues | Digital light 4D printing of bioresorbable shape memory elastomers for personalized biomedical implantation
Advanced Composites and Hybrid Materials,2,2,1,1,OpenAlex,exact_crossref_journal_match,Advanced Composites and Hybrid Materials,2522-0128; 2522-0136,Springer-Verlag,1879,,Processing-induced magnetic softening in high-loading printable composites for additive manufacturing | Sustainable prospects of lignocellulosic wood and natural fiber-based materials in 3D and 4D printing
Advanced Engineering Informatics,2,2,1,1,OpenAlex,exact_crossref_journal_match,Advanced Engineering Informatics,1474-0346,Elsevier,4504,,Self-X-based secure human-cyber-physical system (SSHCPS) for autonomous manufacturing in the era of industry 5.0 | Digital Twin architecture for heterogeneous fabrication and construction in AEC
Advanced Healthcare Materials,2,2,1,1,OpenAlex,exact_crossref_journal_match,Advanced Healthcare Materials,2192-2640; 2192-2659,Wiley (John Wiley & Sons),9767,,"Multimaterial and Multidimensional Bioprinting in Regenerative Medicine: Advances, Limitations, and Future Directions | Advances in 4D Bioprinting: The Next Frontier in Regenerative Medicine and Tissue Engineering Applications"
Architectural Intelligence,2,2,1,1,OpenAlex,exact_crossref_journal_match,Architectural Intelligence,2731-6726,Springer-Verlag,120,,Composite amalgam: development of joining approaches for additively manufactured fibre composites in complex geometry in architecture | Designing 3D-printed concrete structures with scaled fabrication models
Automation,2,2,1,1,OpenAlex,exact_crossref_journal_match,Automation,2673-4052,MDPI AG,297,,Enabling Intelligent Industrial Automation: A Review of Machine Learning Applications with Digital Twin and Edge AI Integration | From Virtual Trajectory Generation to Real Execution and Validation in a MATLAB-ROS Hybrid Framework for a 6 DOF Industrial Robot
Clean Technologies,2,2,1,1,OpenAlex,exact_crossref_journal_match,Clean Technologies,2571-8797,MDPI AG,542,,Hydrogen Economy and Climate Change: Additive Manufacturing in Perspective | Digital Twin-Driven Intelligent Transformation of Solid Waste Treatment
Composites Part C Open Access,2,2,1,1,OpenAlex,exact_crossref_journal_match,Composites Part C Open Access,2666-6820,Elsevier,737,,Combining hydromorphic and shape-shifting effects for programmable passive actuation in 4D-printed biocomposites | Current status and future outlook of 4D printing of polymers and composites-A prospective
EAI Endorsed Transactions on Digital Transformation of Industrial Processes,2,2,0,2,OpenAlex,exact_crossref_journal_match,EAI Endorsed Transactions on Digital Transformation of Industrial Processes,3106-0536,European Alliance for Innovation n.o.,49,,Integrating Industry 4.0 Technologies into Project Management: A Framework Proposal | Digital Product Passport for Machine Tools as an Information Core of Sustainable Manufacturing Engineering
Engineering Research,2,2,1,1,OpenAlex,exact_crossref_journal_match,Engineering Research,3091-3306,Springer-Verlag,13,,Vibroacoustic metamaterials in sheet metal structures for the reduction of sound radiation | Digital twins in engineering: a literature review and expert survey for potential analysis
Heritage,2,2,0,2,OpenAlex,exact_crossref_journal_match,Heritage,2571-9408,MDPI AG,2295,,Heritage 4.0: How Applied 3D Technologies and Digital Twins Are Redefining Cultural Preservation Beyond Replication | Bridging “Nature” and “Spirit”: The CRMhs Ontology for the Integration of Heritage Science and Cultural Heritage Data
Iconic Research and Engineering Journals,2,2,0,2,OpenAlex,exact_crossref_journal_match,Iconic Research and Engineering Journals,2456-8880,Iconic Digital Lab,3788,,A Review on Quality Control and Inspection Strategies in Aerospace Industry | 4D BIM-Based Master Scheduling for Giga-Projects: Improving Schedule Reliability and Stakeholder Alignment
International Journal of Advanced Research in Science Communication and Technology,2,2,1,1,OpenAlex,exact_crossref_journal_match,International Journal of Advanced Research in Science Communication and Technology,2581-9429,Naksh Solutions,11745,,"Additive Manufacturing (3D Printing) in Smart Factories | Smart Technologies for Smart Futures: A Study Across Business, Science and Society"
International Journal of Mechanical Engineering,2,2,0,2,OpenAlex,exact_crossref_journal_match,International Journal of Mechanical Engineering,2051-3232,Recent Science Publications,1,,Assessing the Impact of the Fourth Industrial Revolution on Sustainability and Manufacturing Performance: An Integrated Multi-Criteria Decision-Making Approach | A Driver-Based Framework for Integrating Industry 4.0 Practices with Additive Manufacturing
International Journal of Precision Engineering and Manufacturing,2,2,2,0,OpenAlex,exact_crossref_journal_match,International Journal of Precision Engineering and Manufacturing,1229-8557; 2005-4602; 2234-7593,Springer-Verlag,3801,,"A Comprehensive Review of Smart Coordinate Measuring Machines: Architectural Innovations, Multi-Sensor Integration, and Uncertainty Evaluation for Industry 4.0 | Exploring Challenges and Opportunities in Manufacturing and Intelligence for Future Robotics"
International Journal of Scientific Research in Computer Science Engineering and Information Technology,2,2,1,1,OpenAlex,exact_crossref_journal_match,International Journal of Scientific Research in Computer Science Engineering and Information Technology,2456-3307,Technoscience Academy,3681,,"Engineering Simulation Approaches for Improving Efficiency, Reliability, and Sustainability in Mechanical Systems | Smart Factory Evolution: Emerging IoT Manufacturing Trends with CPS and Robotic Automation"
International Journal of Simulation Modelling,2,2,0,2,OpenAlex,exact_crossref_journal_match,International Journal of Simulation Modelling,1726-4529,DAAAM International,889,,Continuous Validation of Digital Twins: Conceptual and Applied Approaches | Carbon–Efficiency Coupled Scheduling for New Energy Manufacturing Systems
Internet of Things,2,2,0,2,OpenAlex,exact_crossref_journal_match,Internet of Things,2542-6605,Elsevier,1815,,TWINE: ISO 23247-compliant digital twin and explainable AI framework for anomaly detection | Cyber-physical systems security: A comprehensive review of anomaly detection techniques
Inventions,2,2,2,0,OpenAlex,exact_crossref_journal_match,Inventions,2411-5134,MDPI AG,960,,"Integrating Additive Manufacturing into Dental Production: Innovations, Applications and Challenges | A Three-Dimensional Visualization System for Tea Production Lines Based on Digital Twins"
ITEGAM- Journal of Engineering and Technology for Industrial Applications (ITEGAM-JETIA),2,2,2,0,OpenAlex,exact_crossref_journal_match,ITEGAM- Journal of Engineering and Technology for Industrial Applications (ITEGAM-JETIA),2447-0228,GN1 Sistemas e Publicacoes Ltd.,1216,,Digital Twin for Integration of Control and Diagnostics of Electromechanical Systems Under Uncertainty | Digital Twin Implementation Strategies for Complex Manufacturing Ecosystems: A Multi-Level Integration Framework
Journal of Emerging Technologies With Industrial Applications,2,2,1,1,OpenAlex,exact_crossref_journal_match,Journal of Emerging Technologies With Industrial Applications,3083-306X,Scilight Press Pty Ltd,5,,Part II: Industrial Information Integration Review 2020–2025 | Part I: Industrial Information Integration Review 2020–2025
Journal of Marine Science and Engineering,2,2,0,2,OpenAlex,exact_crossref_journal_match,Journal of Marine Science and Engineering,2077-1312,MDPI AG,13706,,"Framework for the Development of a Process Digital Twin in Shipbuilding: A Case Study in a Robotized Minor Pre-Assembly Workstation | Digitalisation of Shipyard Production Planning: A Review of Simulation, Optimisation, AI, and Digital Twin Methods (2010–2025)"
Journal of Physics Conference Series,2,2,1,1,OpenAlex,exact_crossref_journal_match,Journal of Physics Conference Series,1742-6588; 1742-6596,IOP Publishing,216174,,Design of a bio-inspired soft robotic gripper for millimeter-scale object grasping | Preface
Journal of Physics D Applied Physics,2,2,0,2,OpenAlex,exact_crossref_journal_match,Journal of Physics D Applied Physics,0022-3727; 1361-6463,IOP Publishing,35645,,"Numerical modelling of wire arc additive manufacturing: methods, status, trends, and opportunities | Mechanical metamaterial sensors: from design to applications"
Lab on a Chip,2,2,2,0,OpenAlex,exact_crossref_journal_match,Lab on a Chip,1473-0197; 1473-0189,The Royal Society of Chemistry,11530,,"3D printing of droplet microfluidic devices: principles, wetting control, scale-up, and beyond | Light-based 3D printing and post-treatments of moulds for PDMS soft lithography"
Light Advanced Manufacturing,2,2,2,0,OpenAlex,exact_crossref_journal_match,Light Advanced Manufacturing,2689-9620; 2689-9620,"Changchun Institute of Optics, Fine Mechanics and Physics, Chinese Academy of Sciences",41,,"Conformal metamaterial inspired contact lenses−designing, 3d printing and characterization for ocular applications | A multi-photon (7 × 7)-focus 3D laser printer based on a 3D-printed diffractive optical element and a 3D-printed multi-lens array"
Lubricants,2,2,1,1,OpenAlex,exact_crossref_journal_match,Lubricants,2075-4442,MDPI AG,2762,,"Tribological Performance Enhancement in FDM and SLA Additive Manufacturing: Materials, Mechanisms, Surface Engineering, and Hybrid Strategies—A Holistic Review | Artificial Intelligence in Lubricant Research—Advances in Monitoring and Predictive Maintenance"
Microchimica Acta,2,2,2,0,OpenAlex,exact_crossref_journal_match,Microchimica Acta,0026-3672; 1436-5073,Springer-Verlag,16759,,Tunable gold nanoparticle synthesis using microfluidic flow focusing enabled by reusable 3D-printed multimaterial connectors | Multi-material integrated 3D-printed electrochemical detection platform for rapid on-site screening of nimesulide in industrial sewage
Nanomaterials,2,2,2,0,OpenAlex,exact_crossref_journal_match,Nanomaterials,2079-4991,MDPI AG,22222,,"Graphene/CNT Nanocomposites: Processing, Properties, and Applications | Smart Polymers and Adaptive Systems in Pilot Suit Engineering: Toward Autonomous, Responsive, and Wearable Flight Technologies"
npj Biomedical Innovations.,2,2,1,1,OpenAlex,exact_crossref_journal_match,npj Biomedical Innovations,3005-1444,Springer Science and Business Media LLC,89,,3D biofabricated in vitro models as new approach methodologies for animal alternatives | The optimization of neuroprosthetic interfaces relying on biophysical and surrogate digital twins
npj Metamaterials,2,2,1,1,OpenAlex,exact_crossref_journal_match,npj Metamaterials,3059-3727,Springer Science and Business Media LLC,29,,Functional nano-architected mechanical metamaterials and devices | Statistical average strain energy density fatigue estimation of strut-based metamaterials via synthetic as-built CAD digital twins
Physics in Medicine and Biology,2,2,1,1,OpenAlex,exact_crossref_journal_match,Physics in Medicine and Biology,0031-9155; 1361-6560,IOP Publishing,18794,,A standardized workflow for the development and manufacturing of tissue-equivalent anthropomorphic phantoms for radiotherapy using 3D-printing | Evaluation of radiological properties and anisotropy with air channels analysis in 3D-printed flexible lung-mimicking materials for radiotherapy
PLoS ONE,2,2,0,2,OpenAlex,exact_crossref_journal_match,PLOS One,1932-6203,Public Library of Science,337383,,"Remanufacturing workshop management in blockchain and digital twin-based cloud remanufacturing service platform | Conceptual qualitative system dynamics model for simulation of perceived workload, stress and performance from industrial work content"
Production Engineering,2,2,0,2,OpenAlex,exact_crossref_journal_match,Production Engineering,0944-6524; 1863-7353,Springer-Verlag,1446,,Unifying data model of manufacturing processes for cross-domain collaboration in the Internet of Production | A structured framework for defining and prioritizing quality criteria for industrial digital twins
Reactive and Functional Polymers,2,2,2,0,OpenAlex,exact_crossref_journal_match,Reactive and Functional Polymers,1381-5148,Elsevier,5761,,Progressive transpose from 3D to 4D printed materials for drug delivery and biomedical applications | Radical inhibition in tomographic volumetric 3D printing for thiol-ene photoresists: From photorheology to printability
RSC Applied Polymers,2,2,2,0,OpenAlex,exact_crossref_journal_match,RSC Applied Polymers,2755-371X,The Royal Society of Chemistry,406,,Harnessing near-infrared light for advanced 3D printing | Advances in vat photopolymerization: early-career researchers shine light on a path forward
Smart Molecules,2,2,1,1,OpenAlex,exact_crossref_journal_match,Smart Molecules,2751-4587; 2751-4595,Wiley (John Wiley & Sons),186,,"Smart chiral liquid crystal elastomers: Design, properties and application | Incorporating crystalline smart materials to fabricate 4D printed photomechanical actuators with photovoltaic performance"
TECHNICAL SCIENCES AND TECHNOLOGIES,2,2,1,1,OpenAlex,exact_crossref_journal_match,TECHNICAL SCIENCES AND TECHNOLOGIES,2411-5363; 2519-4569,Chernihiv Polytechnic National University,1188,,Design of an educational stand with ABB IRB 120 for online and offline programming | Toolkit for creating digital twins of metal-cutting machine tools
Theoretical and Natural Science,2,2,1,1,OpenAlex,exact_crossref_journal_match,Theoretical and Natural Science,2753-8818; 2753-8826,EWA Publishing,5250,,An Elephant Trunk-Inspired Modular Variable Stiffness Soft Robot | Fluid Dynamics Advances in Turbojet Engines: From Fundamental Mechanisms to Engineering Applications
3D Printing in Medicine,1,1,1,0,OpenAlex,exact_crossref_journal_match,3D Printing in Medicine,2365-6271,Springer (Biomed Central Ltd.),319,,3D printed polymers that mimic the mechanical properties of atherosclerotic blood vessels for training models: the advantageous degradation induced by UV radiation and hydrolysis
593 Digital Publisher CEIT,1,1,0,1,OpenAlex,exact_crossref_journal_match,593 Digital Publisher CEIT,2588-0705,CEIT S.A.,2806,,Development of Innovative Capacity in Companies of the Metalworking Sector in the Province of Tungurahua
ACS electrochemistry.,1,1,0,1,OpenAlex,exact_crossref_journal_match,ACS Electrochemistry,2997-0571; 2997-0571,American Chemical Society,437,,High-Throughput Electrochemistry Using Scanning Electrochemical Cells
ACS Energy Letters,1,1,1,0,OpenAlex,exact_crossref_journal_match,ACS Energy Letters,2380-8195; 2380-8195,American Chemical Society,5626,,From High-Efficiency Devices to Reproducible Manufacturing: Self-driving Laboratories Are Reshaping Perovskite Photovoltaics
Acta Materialia,1,1,1,0,OpenAlex,exact_crossref_journal_match,Acta Materialia,1359-6454,Elsevier,20999,,"Defects caused by powder spattering and entrainment in laser powder bed fusion process: High-fidelity modeling of gas, melt pool and powder dynamics"
Acta Mechanica et Automatica,1,1,1,0,OpenAlex,exact_crossref_journal_match,Acta Mechanica et Automatica,1898-4088; 2300-5319,Bialystok University of Technology,675,,A Comprehensive Model of the Abb Irb 2400 For Simulation and Control Applications
Acta Mechanica Slovaca,1,1,1,0,OpenAlex,exact_crossref_journal_match,Acta Mechanica Slovaca,1335-2393; 1339-3073,"Technical university of Kosice, Faculty of Mechanical Engineering",598,,Alternative CAM Solution for Adaptive Robotic Additive Manufacturing
Actual problems of improving of current legislation of Ukraine,1,1,1,0,OpenAlex,exact_crossref_journal_match,Actual problems of improving of current legislation of Ukraine,2218-1849,Vasyl Stefanyk Precarpathian National University,58,,CONCEPT OF TECHNOLOGICAL SUPPORT FOR PARTS' RESTORATION USING DIGITAL TWINS AND REVERSE REENGINEERING
Advanced and Sustainable Technologies (ASET),1,1,0,1,OpenAlex,exact_crossref_journal_match,Advanced and Sustainable Technologies (ASET),2976-2294,Penerbit Universiti Malaysia Perlis,153,,A Digital Twin Framework for Corrosion Predictive Analysis
Advanced Engineering Letters,1,1,1,0,OpenAlex,exact_crossref_journal_match,Advanced Engineering Letters,2812-9709; 2812-9709,University Library in Kragujevac,102,,"Fused Deposition Modelling in Additive Manufacturing: A Comprehensive Review of Polymer-Based Processes, Properties, and Applications"
Advanced Manufacturing Research,1,1,1,0,OpenAlex,exact_crossref_journal_match,Advanced Manufacturing Research,2783-6738,JVE International Ltd.,14,,Enabling human-centric manufacturing: A systematic review of human-machine collaboration in Industry 5.0
Advanced Materials Interfaces,1,1,1,0,OpenAlex,exact_crossref_journal_match,Advanced Materials Interfaces,2196-7350; 2196-7350,Wiley (John Wiley & Sons),8407,,Fluctuating Curvature and Actuation in 4D Printed Asymmetric Networks by Frontal Photopolymerization
Advanced Materials Joining,1,1,1,0,OpenAlex,exact_crossref_journal_match,Advanced Materials Joining,3091-3721,Springer-Verlag,4,,"From printed architectures to functional batteries: printing technologies, post-processing, and sintering"
Advanced Optical Materials,1,1,1,0,OpenAlex,exact_crossref_journal_match,Advanced Optical Materials,2195-1071; 2195-1071,Wiley (John Wiley & Sons),10369,,Vat Photopolymerized HEMA/HEA Hydrogels for Solvent‐Responsive Transparency and Optical Encryption
Advanced Physics Research,1,1,1,0,OpenAlex,exact_crossref_journal_match,Advanced Physics Research,2751-1200; 2751-1200,Wiley (John Wiley & Sons),574,,"Sustainable Cellulose Ionogels With Promising Physical Structure, Properties, and Applications"
Advanced Sensor Research,1,1,1,0,OpenAlex,exact_crossref_journal_match,Advanced Sensor Research,2751-1219; 2751-1219,Wiley (John Wiley & Sons),629,,Performance‐Driven Design Strategies for Flexible Pressure Sensors: A Comparative Guide to Conventional Fabrication and Additive Manufacturing
Advances in Engineering Innovation,1,1,0,1,OpenAlex,exact_crossref_journal_match,Advances in Engineering Innovation,2977-3903; 2977-3911,EWA Publishing,448,,Simulation of 3D printing processes with G-code in Omniverse
Al-Khwarizmi Engineering Journal,1,1,1,0,OpenAlex,exact_crossref_journal_match,Al-Khwarizmi Engineering Journal,1818-1171; 2312-0789,Al-Khwarizmi Engineering Journal,375,,"Review of Current Trends, Materials and Challenges in 3D Printing for Biomedical Applications Using Polylactic Acid"
Algorithms,1,1,0,1,OpenAlex,exact_crossref_journal_match,Algorithms,1999-4893,MDPI AG,4691,,"A Review of AI-Driven Engineering Modelling and Optimization: Methodologies, Applications and Future Directions"
Annual Review of Materials Research,1,1,0,1,OpenAlex,exact_crossref_journal_match,Annual Review of Materials Research,1531-7331; 1545-4118; 0084-6600,Annual Reviews,1322,,Overcoming Roadblocks for Implementing AI/ML Methods for Materials Advancement
Applied Physics A,1,1,1,0,OpenAlex,exact_crossref_journal_match,Applied Physics A,0947-8396; 1432-0630,Springer-Verlag,24885,,"Metamaterials and their applications in engineering metamaterials: classification, applications - a comprehensive review"
Applied Physics Letters,1,1,0,1,OpenAlex,exact_crossref_journal_match,Applied Physics Letters,0003-6951; 1077-3118,American Institute of Physics,140290,,Liquid collector-assisted electrohydrodynamic printing of unrestricted-height architectures
Applied System Innovation,1,1,1,0,OpenAlex,exact_crossref_journal_match,Applied System Innovation,2571-5577,MDPI AG,939,,Review of Applications of Experimental Designs in Wafer Manufacturing
Architecture Structures and Construction,1,1,1,0,OpenAlex,exact_crossref_journal_match,Architecture Structures and Construction,2730-9886; 2730-9894,Springer-Verlag,199,,3D printing formwork for casting artificial habitats for Northern House Wren (Troglodytes aedon)
Archives of Civil and Mechanical Engineering,1,1,1,0,OpenAlex,exact_crossref_journal_match,Archives of Civil and Mechanical Engineering,1644-9665; 1644-9665,Springer-Verlag,1079,,Fabrication of mechanical metamaterials by 3D printing: recent advancements and current challenges
Archives of Computational Methods in Engineering,1,1,0,1,OpenAlex,exact_crossref_journal_match,Archives of Computational Methods in Engineering,1134-3060; 1886-1784,Springer-Verlag,1752,,"Agility, Innovation and Risk: A Systematic Literature Review on New Software Product Development and Organisational Capabilities"
Array,1,1,0,1,OpenAlex,exact_crossref_journal_match,Array,2590-0056,Elsevier,923,,"Digital Twin Models for Space Robotics: Objectives, Applications, and Challenges"
"Asian Health, Science and Technology Reports",1,1,0,1,OpenAlex,exact_crossref_journal_match,Asian Health Science and Technology Reports,3027-7167,Naresuan University,52,,Digital Twins in Dentistry: Technological Foundations and Clinical Applications
Asian Journal of Pharmaceutical Sciences,1,1,1,0,OpenAlex,exact_crossref_journal_match,Asian Journal of Pharmaceutical Sciences,1818-0876,Elsevier,984,,Vat-based photopolymerization 3D printing: From materials to topical and transdermal applications
Australian Journal of Multi-Disciplinary Engineering,1,1,1,0,OpenAlex,exact_crossref_journal_match,Australian Journal of Multi-Disciplinary Engineering,1448-8388; 2204-2180,Informa UK (Taylor & Francis),342,,Mechanics-informed AI laser 4D frameworks for adaptive materials processing and sustainable manufacturing: a quantitative review
Bilge International Journal of Science and Technology Research,1,1,0,1,OpenAlex,exact_crossref_journal_match,Bilge International Journal of Science and Technology Research,2587-0742,Bilge International Journal of Science and Technology Research,11,,Advancements and Emerging Trends in Mechanical Engineering Design and Manufacturing Processes: A Comprehensive Review
Bio-Design and Manufacturing,1,1,0,1,OpenAlex,exact_crossref_journal_match,Bio-Design and Manufacturing,2522-8544; 2522-8552; 2096-5524,Zhejiang University Press,410,,Light-based 3D printing of stimulus-responsive hydrogels for miniature devices: recent progress and perspective
Biomacromolecules,1,1,1,0,OpenAlex,exact_crossref_journal_match,Biomacromolecules,1525-7797; 1526-4602,American Chemical Society,11933,,Engineering and Exploring Hydrolytic Degradation in 3D-Printed Liquid Crystalline Elastomers
Biomaterials Science,1,1,1,0,OpenAlex,exact_crossref_journal_match,Biomaterials Science,2047-4830; 2047-4849,The Royal Society of Chemistry,5805,,"4D hydrogels: fabrication strategies, stimulation mechanisms, and biomedical applications"
Biomedicines,1,1,1,0,OpenAlex,exact_crossref_journal_match,Biomedicines,2227-9059,MDPI AG,17010,,"Natural Polymers in Tissue Engineering and Regeneration: Material–Cell Mechanotransduction, Biofabrication Strategies, and Clinical Translation"
Biosensors,1,1,1,0,OpenAlex,exact_crossref_journal_match,Biosensors,0265-928X,Elsevier,142,,3D Printing Assisted Wearable and Implantable Biosensors
Biotechnology Advances,1,1,1,0,OpenAlex,exact_crossref_journal_match,Biotechnology Advances,0734-9750,Elsevier,17291,,Strategies to Enhance Stability of Cryopreservation Processes for Cell-Based Products
Brodogradnja,1,1,1,0,OpenAlex,exact_crossref_journal_match,Brodogradnja,0007-215X; 1845-5859,"Faculty of Mechanical Engineering and Naval Architecture, Univ. of Zagreb",393,,Digital twin of USV thruster based on CFD simulations and towing tank experiments
Bulletin of Shakarim University Technical Sciences,1,1,0,1,OpenAlex,exact_crossref_journal_match,Bulletin of Shakarim University Technical Sciences,2788-7995; 2788-7995; 3006-0524,Shakarim University,626,,APPLICATION OF DIGITAL TWINS IN AUTOMATION TEACHING LABORATORY
Bulletin of the National Engineering Academy of the Republic of Kazakhstan,1,1,0,1,OpenAlex,exact_crossref_journal_match,Bulletin of the National Engineering Academy of the Republic of Kazakhstan,2709-4693; 2709-4707,National Engineering Academy of the Republic of Kazakhstan,447,,Optimization of food production efficiency using adaptive digital modeling and digital twin technologies
Bulletin of the National Technical University KhPI Series Mathematical modeling in engineering and technologies,1,1,1,0,OpenAlex,exact_crossref_journal_match,"Bulletin of the National Technical University ""KhPI"" Series Mathematical modeling in engineering and technologies",2222-0631,National Technical University Kharkiv Polytechnic Institute,139,,COMPUTATIONAL ANALYSIS OF THE DEFORMATION BEHAVIOR OF 4D-PRINTED LIQUID CRYSTAL ELASTOMERS UNDER CHANGE OF TEMPERATURE
Bulletin of the National Technical University «KhPI» Series Engineering and CAD,1,1,1,0,OpenAlex,exact_crossref_journal_match,Bulletin of the National Technical University «KhPI» Series Engineering and CAD,2079-0775,National Technical University Kharkiv Polytechnic Institute,275,,TECHNICAL AND TECHNOLOGICAL JUSTIFICATION FOR THE APPLICATION OF MODULAR SCREWS IN MACHINES FOR HANDLING DISCRETE LOADS
Bussecon Review of Social Sciences (2687-2285),1,1,0,1,OpenAlex,exact_crossref_journal_match,Bussecon Review of Social Sciences (2687-2285),2687-2285,Bussecon International Academy,97,,"Aviation 4.0: the impacts of digital transformation on the aviation industry: evidence from maintenance, repair and overhaul operations"
ce/papers,1,1,1,0,OpenAlex,exact_crossref_journal_match,ce/papers,2509-7075; 2509-7075,Wiley (John Wiley & Sons),3564,,A New Generation of Lattice Structural Elements Produced with Wire‐Arc Additive Manufacturing
Cellular and Molecular Bioengineering,1,1,0,1,OpenAlex,exact_crossref_journal_match,Cellular and Molecular Bioengineering,1865-5025; 1865-5033,Springer-Verlag,910,,The Tumor Microenvironment: Translating Intravital Insights into Microphysiological Systems
Center of Artificial Intelligence,1,1,0,1,OpenAlex,exact_crossref_journal_match,Center of Artificial Intelligence,3107-264X,Center of Science,8,,"Cybersecurity in Autonomous AI Robotics: A Review of Emerging Threats, Adversarial Attacks, and Mitigation Techniques"
Ceramics,1,1,1,0,OpenAlex,exact_crossref_journal_match,Ceramics,2571-6131,MDPI AG,747,,"Additive Manufacturing of Ceramics and Ceramic-Based Composites: Processing, Properties, and Engineering Applications"
Challenging glass conference proceedings,1,1,0,1,OpenAlex,exact_crossref_journal_match,Challenging Glass Conference Proceedings,2589-8019,Stichting OpenAccess Foundation,170,,An AAS-Based Digital Twin Framework for Load-Bearing Glass Structures under Seismic Testing
Chemical and Process Engineering New Frontiers,1,1,1,0,OpenAlex,exact_crossref_journal_match,Chemical and Process Engineering New Frontiers,0208-6425; 0208-6425; 2300-1925,Polish Academy of Sciences Chancellery,567,,Chemical engineering aspects in the design and construction of a new type of multimaterial 3D printer using photopolymerization and electrodeposition processes
Chemistry of Materials,1,1,0,1,OpenAlex,exact_crossref_journal_match,Chemistry of Materials,0897-4756; 1520-5002,American Chemical Society,28157,,Soft Actuators Based on Stimuli-Responsive Materials: From Material Design to Robotic Systems
ChemPhotoChem,1,1,1,0,OpenAlex,exact_crossref_journal_match,ChemPhotoChem,2367-0932; 2367-0932,Wiley (John Wiley & Sons),1734,,Novel Photoinitiators for Two‐Step Absorption‐Based 3D Laser Nanoprinting: From Molecular Design to Printing Behavior
Circular Economy and Sustainability,1,1,0,1,OpenAlex,exact_crossref_journal_match,Circular Economy and Sustainability,2730-597X; 2730-5988,Springer-Verlag,994,,Harnessing Industry 4.0: Sustainable Manufacturing and Circular Economy Practices in Indian Small and Medium Enterprises (SMEs)
City and Built Environment,1,1,1,0,OpenAlex,exact_crossref_journal_match,City and Built Environment,2435-7936,Springer-Verlag,74,,"Multiscale thermal optimization of 3D-printed walls: integrating structure, material, and process with fire-thermal synergy"
Clinical and Experimental Medicine,1,1,0,1,OpenAlex,exact_crossref_journal_match,Clinical and Experimental Medicine,1591-8890; 1591-9528,Springer-Verlag,4355,,Artificial intelligence in immunotherapy: revolutionizing diagnostic and therapeutic applications in cancer and autoimmune diseases
Cluster Computing,1,1,0,1,OpenAlex,exact_crossref_journal_match,Cluster Computing,1386-7857; 1573-7543,Springer-Verlag,6039,,Defense-Aware Temporal Graph Neural Network for fault-tolerant intrusion detection in IIoT–5G environments
Coatings,1,1,1,0,OpenAlex,exact_crossref_journal_match,Coatings,2079-6412,MDPI AG,12540,,Functionally Graded Nickel-Based Coatings: A Comprehensive Review
Cognitive Computation,1,1,0,1,OpenAlex,exact_crossref_journal_match,Cognitive Computation,1866-9956; 1866-9964,Springer-Verlag,1582,,A Brain-Inspired Model for Efficient Graph Learning in Human Cyber Physical Networks
Communications on Applied Nonlinear Analysis,1,1,1,0,OpenAlex,exact_crossref_journal_match,Communications on Applied Nonlinear Analysis,,Science Research Society,0,,Mechanical Performance of FDM Printed Thermoplastics: Influence of Process Parameters and Hybrid Carbon Fiber Reinforcement
Crystals,1,1,1,0,OpenAlex,exact_crossref_journal_match,Crystals,2073-4352,MDPI AG,10820,,The Role of Liquid Crystal Elastomers in Pioneering Biological Applications
Cureus,1,1,0,1,OpenAlex,exact_crossref_journal_match,Cureus,2168-8184,"Cureus, Inc.",111670,,Exploring the Horizons of Four-Dimensional Printing Technology in Dentistry
Current Research in Food Science,1,1,1,0,OpenAlex,exact_crossref_journal_match,Current Research in Food Science,2665-9271,Elsevier,1474,,A smart thermoresponsive macroporous 4D structure by 4D printing of Pickering-high internal phase emulsions stabilized by plasma-functionalized starch nanomaterials for a possible delivery system
Cybersecurity,1,1,0,1,OpenAlex,exact_crossref_journal_match,Cybersecurity,2523-3246,Springer (Biomed Central Ltd.),560,,Bridg-ics: AI-grounded knowledge graphs for intelligent threat analytics in industry 5.0 cyber-physical systems
Dentistry Journal,1,1,1,0,OpenAlex,exact_crossref_journal_match,Dentistry Journal,2304-6767,MDPI AG,2530,,"Transforming Dental Care, Practice and Education with Additive Manufacturing and 3D Printing: Innovations in Materials, Technologies, and Future Pathways"
Digital engineering.,1,1,0,1,OpenAlex,exact_crossref_journal_match,Digital Engineering,2950-550X,Elsevier,126,,Digital Engineering and Digital Twins for Smart Manufacturing
Digital twins and applications.,1,1,1,0,OpenAlex,exact_crossref_journal_match,Digital Twins and Applications,2995-5629; 2995-2182,Institution of Engineering and Technology (IET),59,,The Role of Digital Twin for Space and Remote Terrestrial Construction
Discover Artificial Intelligence,1,1,1,0,OpenAlex,exact_crossref_journal_match,Discover Artificial Intelligence,2731-0809,Springer-Verlag,1454,,5D orthodontics: integration of multidimensional imaging and predictive technologies—a scoping review
Discover Cities,1,1,1,0,OpenAlex,exact_crossref_journal_match,Discover Cities,3004-8311,Springer-Verlag,284,,Urban circularity digital twin to support decision-making for sustainable mobility
Discover Computing,1,1,0,1,OpenAlex,exact_crossref_journal_match,Discover Computing,2948-2992,Springer-Verlag,748,,"An examination of IIoT and fog computing architectures, applications and challenges from IoT to Industry 4.0"
Discover Materials,1,1,0,1,OpenAlex,exact_crossref_journal_match,Discover Materials,2730-7727,Springer-Verlag,724,,"A review of computational modeling, artificial intelligence, and digital twins in metal casting and foundry operations"
Discover Nano,1,1,1,0,OpenAlex,exact_crossref_journal_match,Discover Nano,2731-9229,Springer (Biomed Central Ltd.),885,,Transformative bioprinting: 4D printing and its role in the evolution of engineering and personalized medicine
Discover Plants.,1,1,1,0,OpenAlex,exact_crossref_journal_match,Discover Plants,3005-1207,Springer-Verlag,690,,"A review of AI-driven phenomics, genomics, and predictive breeding in wheat"
Electrophoresis,1,1,1,0,OpenAlex,exact_crossref_journal_match,Electrophoresis,0173-0835; 1522-2683,Wiley (John Wiley & Sons),17618,,"Microfluidic‐ and Field‐Assisted 3D Printing: Leveraging Fluidic Control, Electrokinetic Phenomena, and Other Physical Fields to Advance Additive Manufacturing"
Encyclopedia,1,1,1,0,OpenAlex,exact_crossref_journal_match,Encyclopedia,2309-3366,MDPI AG,0,,Digital Tools in Aluminum Alloy Processing
Energies,1,1,1,0,OpenAlex,exact_crossref_journal_match,Energies,1996-1073,MDPI AG,62860,,Assessment of the State and Development Trends of Centrifugal Compressors for Marine Power Plants
Energy and AI,1,1,0,1,OpenAlex,exact_crossref_journal_match,Energy and AI,2666-5468,Elsevier,759,,Bridging data-driven and physics-based models for lithium-ion battery state analysis and future performance assessment via active material volume fraction
Engineering,1,1,1,0,OpenAlex,exact_crossref_journal_match,Engineering,1947-3931; 1947-394X,"Scientific Research Publishing, Inc.",1623,,3D and 4D Printing of Electromagnetic Metamaterials
Engineering Applications of Artificial Intelligence,1,1,0,1,OpenAlex,exact_crossref_journal_match,Engineering Applications of Artificial Intelligence,0952-1976,Elsevier,13899,,Active learning with neural ordinary differential equations for data-efficient modeling of tuned mass dampers
Eng—Advances in Engineering,1,1,0,1,OpenAlex,exact_crossref_journal_match,Eng—Advances in Engineering,2673-4117,MDPI AG,1131,,"Next-Generation Manufacturing Technologies for High-Performance Turbomachinery Blades: Trends, Challenges, and Future Directions"
Enterprise Information Systems,1,1,1,0,OpenAlex,exact_crossref_journal_match,Enterprise Information Systems,1751-7575; 1751-7583,Informa UK (Taylor & Francis),955,,A hybrid self-evolving edge-AI framework for scalable digital process twins in enterprise systems
European Journal of Dentistry,1,1,1,0,OpenAlex,exact_crossref_journal_match,European Journal of Dentistry,1305-7456; 1305-7464,Georg Thieme Verlag KG,2144,,Precision and Customization: The Role of 3D Printing in Modern Prosthodontics
European Journal of Surgical Oncology,1,1,0,1,OpenAlex,exact_crossref_journal_match,European Journal of Surgical Oncology,0748-7983,Elsevier,20894,,Digital twins in urological oncology and surgery: A review of emerging applications
F1000Research,1,1,0,1,OpenAlex,exact_crossref_journal_match,F1000Research,2046-1402,F1000 Research Ltd,18065,,Digital transformation as a driver of operational sustainability in manufacturing: a systematic review (2015–2025)
Far East Journal of Experimental and Theoretical Artificial Intelligence,1,1,0,1,OpenAlex,exact_crossref_journal_match,Far East Journal of Experimental and Theoretical Artificial Intelligence,0974-3251,Pushpa Publishing House,5,,AI-ENABLED DIGITAL TWIN FRAMEWORK FOR MECHANICAL COMPONENTS OF ELECTROMECHANICAL SYSTEMS WITH DISTRIBUTED PARAMETERS
Fashion and Textiles,1,1,0,1,OpenAlex,exact_crossref_journal_match,Fashion and Textiles,2198-0802; 2198-0802,Springer (Biomed Central Ltd.),450,,Characterization of thermo-responsive shape memory bio-based thermoplastic polyurethane (SMTPU) for 3D/4D printing applications
Fibers,1,1,0,1,OpenAlex,exact_crossref_journal_match,Fibers,2079-6439,MDPI AG,1091,,Research Progress on Advanced Molding Technologies for Carbon Fiber-Reinforced Polymer Composites: Defect Control and Process Optimization
FinTech,1,1,0,1,OpenAlex,exact_crossref_journal_match,FinTech,2674-1032,MDPI AG,232,,Blockchain-Secured Digital Twin Framework for Fuzzy Multi-Objective Optimization in Supply Chain Finance
Frontiers in Artificial Intelligence,1,1,0,1,OpenAlex,exact_crossref_journal_match,Frontiers in Artificial Intelligence,2624-8212,Frontiers Media SA,2253,,Hybrid physics-informed artificial intelligence for high-fidelity modeling and optimization of electrical systems
Frontiers in Computer Science,1,1,0,1,OpenAlex,exact_crossref_journal_match,Frontiers in Computer Science,2624-9898,Frontiers Media SA,1072,,Explainable AI framework for psilocybin depression treatment optimization
Frontiers in Digital Health,1,1,0,1,OpenAlex,exact_crossref_journal_match,Frontiers in Digital Health,2673-253X,Frontiers Media SA,1928,,Multi-scale digital twins for personalized medicine
Frontiers in Drug Delivery,1,1,1,0,OpenAlex,exact_crossref_journal_match,Frontiers in Drug Delivery,2674-0850,Frontiers Media SA,124,,Advancing transdermal drug delivery through 4D bioprinting and dynamic skin modelling
Frontiers in Engineering,1,1,0,1,OpenAlex,exact_crossref_journal_match,Frontiers in Engineering,3104-4298; 3104-4301,Erytis Publishing Limited,19,,Analysis of Fault Diagnosis and Safety Protection Technologies for New Energy Vehicle Battery Systems
Frontiers in Materials,1,1,1,0,OpenAlex,exact_crossref_journal_match,Frontiers in Materials,2296-8016,Frontiers Media SA,3964,,Bridging processing and performance in Ti–6Al–4V: WAAM parameters and wear behavior across traditional and additive manufacturing routes
Frontiers in Pharmacology,1,1,1,0,OpenAlex,exact_crossref_journal_match,Frontiers in Pharmacology,1663-9812,Frontiers Media SA,31093,,AI-driven pilot platforms and computational pharmaceutics: accelerating innovation in small molecule drug development under industry 4.0 and 5.0 paradigms
Frontiers in Smart Grids,1,1,0,1,OpenAlex,exact_crossref_journal_match,Frontiers in Smart Grids,2813-4311,Frontiers Media SA,24,,A systematic literature review on the use of digital twin technology in electrical engineering research and applications
Frontiers in Sustainable Cities,1,1,0,1,OpenAlex,exact_crossref_journal_match,Frontiers in Sustainable Cities,2624-9634,Frontiers Media SA,1019,,"Digital twins for sustainable urban energy systems: a systematic review of market mechanisms, flexibility, and coordination at the district scale"
Frontiers in Systems Biology,1,1,0,1,OpenAlex,exact_crossref_journal_match,Frontiers in Systems Biology,2674-0702,Frontiers Media SA,189,,Multilayer network approaches to omics data integration in digital twins for cancer research
Future Edge Journal of Progressive Research,1,1,1,0,OpenAlex,exact_crossref_journal_match,Future Edge Journal of Progressive Research,3108-1096,Padmashri DR. V. B. Kolte College of Engineering,1,,Advancements in Non-Conventional Manufacturing: Process Optimization and Applications
Future Internet,1,1,0,1,OpenAlex,exact_crossref_journal_match,Future Internet,1999-5903,MDPI AG,3498,,A Physics-Aware Latent Diffusion Framework for Mitigating Adversarial Perturbations in Manufacturing Quality Control
Future Journal of Pharmaceutical Sciences,1,1,0,1,OpenAlex,exact_crossref_journal_match,Future Journal of Pharmaceutical Sciences,2314-7245,Springer (Biomed Central Ltd.),82,,"Recent advances in 3D and 4D printing in pharmaceutical technology: applications, challenges, and future perspectives"
Gazi Journal of Engineering Sciences,1,1,1,0,OpenAlex,exact_crossref_journal_match,Gazi Journal of Engineering Sciences,2149-9373; 2149-9373,Gazi Publishing,332,,2-D Geometric Accuracy Investigation of Vat-Photopolymerisation Printed Yttrium Stabilised Zirconia Ceramics
Global Journal of Engineering and Technology Research,1,1,0,1,OpenAlex,exact_crossref_journal_match,Global Journal of Engineering and Technology Research,3051-3774; 3051-3782,EP-Journals,46,,Predictive Safety Analytics Model for Early Detection of High-Risk Construction Activities
Hans Journal of Biomedicine,1,1,0,1,OpenAlex,exact_crossref_journal_match,Hans Journal of Biomedicine,2161-8976; 2161-8984,Hans Publishers,488,,Research Progress of Shape Memory Polymers in Biomedical Applications
Ibero Ciencias - Revista Científica y Académica - ISSN 3072-7197,1,1,0,1,OpenAlex,exact_crossref_journal_match,Ibero Ciencias - Revista Científica y Académica - ISSN 3072-7197,3072-7197,Editorial Ibero Ciencias,1042,,Tendencias Transdisciplinarias de Integración de Tecnologías Digitales: Gemelos Digitales y Manufactura Aditiva
ICST Transactions on Security and Safety,1,1,1,0,OpenAlex,exact_crossref_journal_match,ICST Transactions on Security and Safety,2032-9393,European Alliance for Innovation n.o.,137,,Enhancing Information Security in Industry 5.0: A Human-Centric LL-ISMS Framework to Bridge PDCA Gaps&lt;b&gt;&lt;/b&gt;
IEEE Sensors Journal,1,1,1,0,OpenAlex,exact_crossref_journal_match,IEEE Sensors Journal,1530-437X; 1558-1748; 2379-9153,Institute of Electrical and Electronics Engineers,31579,,TacPalm: A Soft Gripper With a Biomimetic Optical Tactile Palm for Stable Precise Grasping
IET conference proceedings.,1,1,1,0,OpenAlex,exact_crossref_journal_match,IET Conference Proceedings,2732-4494,Institution of Engineering and Technology (IET),18862,,Low-cost online dimensional quality monitoring in 3D Printing using standardised cyber-physical production architecture
IET Cyber-Systems and Robotics,1,1,1,0,OpenAlex,exact_crossref_journal_match,IET Cyber-Systems and Robotics,2631-6315; 2631-6315; 2097-3608,Institution of Engineering and Technology (IET),223,,3D‐printed biomimetic and bioinspired soft actuators
Imaging and Radiation Research,1,1,0,1,OpenAlex,exact_crossref_journal_match,Imaging and Radiation Research,2578-1618; 2578-1618,EnPress Publisher,104,,"Scheduling and realizing image-assisted robotic processes fusing adapted, minimally invasive, harmless and truthful therapies"
Indian Journal of Chemical Technology,1,1,1,0,OpenAlex,exact_crossref_journal_match,Indian Journal of Chemical Technology,0971-457X; 0975-0991,CSIR-National Institute of Science Communication and Policy Research (NIScPR),526,,Hydrogel-based bio-inks: Current progress and future directions in 3D printing
Indian Journal of Science and Technology,1,1,0,1,OpenAlex,exact_crossref_journal_match,Indian Journal of Science and Technology,0974-6846; 0974-5645,Indian Society for Education and Environment,15575,,Comparative Study of Cartesian and Polar 3D Printer Architectures by Mathematical Modelling
Industries,1,1,0,1,OpenAlex,exact_crossref_journal_match,Industries,3042-9021,MDPI AG,3,,Physics-Informed Machine Learning for Property Prediction and Process Optimization in Additively Manufactured Filled Polymer Composites: A Bayesian Optimization Approach
iNew Medicine,1,1,1,0,OpenAlex,exact_crossref_journal_match,iNew Medicine,3067-2775; 3067-2767,Wiley (John Wiley & Sons),65,,Beyond a Conduit: The Evolution of Functional Biliary Stents From Active Intervention to Enabling Platforms
Infrastructures,1,1,0,1,OpenAlex,exact_crossref_journal_match,Infrastructures,2412-3811,MDPI AG,1611,,"Digitalised Predictive Maintenance in Railways: A Systematic Review of AI, BIM, and Digital Twins"
INMATEH Agricultural Engineering,1,1,1,0,OpenAlex,exact_crossref_journal_match,INMATEH Agricultural Engineering,2068-4215; 2068-2239,INMA Bucharest-Romania,1407,,RESEARCH PROGRESS AND CHALLENGES OF DIGITAL TWIN TECHNOLOGY IN THE FIELD OF AGRICULTURAL MACHINERY TOOL WEAR
Innovations in Pedagogy and Technology,1,1,0,1,OpenAlex,exact_crossref_journal_match,Innovations in Pedagogy and Technology,3093-7175,Zhongyu International Education Centre (M) Sdn Bhd,56,,Foundations for Post-Disciplinary and Transdisciplinary Education for Next-Generation Cyber-Physical Systems
Innovative economics and management,1,1,0,1,OpenAlex,exact_crossref_journal_match,Innovative economics and management,2449-2418; 2449-2604,Batumi Navigation Teaching University,270,,Transformation of International Marketing of Companies in the Context of Sustainable Development and Economic Digitalization
International Journal of Academic and Industrial Research Innovations(IJAIRI),1,1,0,1,OpenAlex,exact_crossref_journal_match,International Journal of Academic and Industrial Research Innovations(IJAIRI),3049-2343,National Education Services,317,,"Artificial Intelligence for Autonomous Manufacturing, Predictive Maintenance and Real-Time Quality Assurance"
International Journal of AI for Materials and Design,1,1,0,1,OpenAlex,exact_crossref_journal_match,International Journal of AI for Materials and Design,3041-0746; 3029-2573,AccScience Publishing,44,,"Hybrid multimodal artificial intelligence, vision sensory, and robotic cyber-physical systems for plastic inspection and sorting in digital circular remanufacturing: A review"
International Journal of Applied and Behavioral Sciences,1,1,1,0,OpenAlex,exact_crossref_journal_match,International Journal of Applied and Behavioral Sciences,3048-9083,NIILM University,89,,"Polymers in the 21st Century: Design, Functionality and Performance"
International Journal of Artificial Intelligence,1,1,0,1,OpenAlex,exact_crossref_journal_match,International Journal of Artificial Intelligence,2407-7275; 2407-7275; 2686-3251,Lamintang Education and Training Centre,83,,Artificial Intelligence and Machine Learning Framework for Smart Manufacturing Optimization
International Journal of Automation and Digital Transformation,1,1,0,1,OpenAlex,exact_crossref_journal_match,International Journal of Automation and Digital Transformation,2791-2957,Emirates Scholar,29,,"Systems Modelling Language-Driven Digital Twins - Applications, Challenges and Sustainability: A Comprehensive Review"
International Journal of Automotive Science And Technology,1,1,1,0,OpenAlex,exact_crossref_journal_match,International Journal of Automotive Science And Technology,2587-0963; 2587-0963,International Journal of Automotive Science and Technology,375,,Optimizing Large-Scale Data Processing in Smart Manufacturing: A Benchmarking Study on Automotive Industry Data
International Journal of Computer Applications,1,1,0,1,OpenAlex,exact_crossref_journal_match,International Journal of Computer Applications,0975-8887; 0975-8887,Foundation of Computer Science,26485,,Adaptive SKU Allocation in Mattress Manufacturing via Multi-Agent Reinforcement Learning under Dynamic Loading Conditions
International Journal of Computer Assisted Radiology and Surgery,1,1,0,1,OpenAlex,exact_crossref_journal_match,International Journal of Computer Assisted Radiology and Surgery,1861-6410; 1861-6429,Springer-Verlag,3697,,TwinOR: photorealistic digital twins of dynamic operating rooms for embodied AI research
International Journal of Computer Engineering in Research Trends,1,1,0,1,OpenAlex,exact_crossref_journal_match,International Journal of Computer Engineering in Research Trends,2349-7084,IJCERT Publication House,171,,Next-Generation ECE Hardware Framework for IoT Using Generative AI and Edge Intelligence for Real-Time Smart Applications
International Journal of Data Science and IoT Management System,1,1,0,1,OpenAlex,exact_crossref_journal_match,International Journal of Data Science and IoT Management System,3068-272X,Zestera Publications,244,,An Adaptive Probabilistic and Sparse Learning Paradigm for High Dimensional Fault Diagnosis in Industrial Cyber-Physical Systems
International Journal of Economic Plants,1,1,0,1,OpenAlex,exact_crossref_journal_match,International Journal of Economic Plants,2349-4727; 2349-4735,Puspa Publishing House,425,,Digital Twins in Agriculture: A Comprehensive Bibliometric Exploration of Applications and Future Trends
International journal of high school research,1,1,0,1,OpenAlex,exact_crossref_journal_match,International Journal of High School Research,2642-1054; 2642-1046,Terra Science and Education,981,,From Operations to Satisfaction: How Digital Twin Systems Shape Startup Success in the UAE’s Renewable Energy Sector
International Journal of Home Economics Hospitality and Allied Research,1,1,1,0,OpenAlex,exact_crossref_journal_match,International Journal of Home Economics Hospitality and Allied Research,2971-5121; 3027-1819,"University of Nigeria, Department of Home Economics & Hospitality Management Education",149,,Role of Soft Robotics in 4D Clothing Assembly and Custom Fit: A Review
International Journal of Information Security,1,1,0,1,OpenAlex,exact_crossref_journal_match,International Journal of Information Security,1615-5262; 1615-5270,Springer-Verlag,1330,,Explainable digital twin–driven ensemble anomaly detection framework for cyber-physical infrastructure security
International Journal of Innovations in Science Engineering and Management.,1,1,1,0,OpenAlex,exact_crossref_journal_match,International Journal of Innovations in Science Engineering And Management,2583-7117,AG Publishing House,324,,Design and Development of Flexible Soft Robotic Grippers for Safe and Adaptive Human-Robot Interaction
International Journal of Innovative Research in Science Engineering and Technology,1,1,0,1,OpenAlex,exact_crossref_journal_match,International Journal of Innovative Research in Science Engineering and Technology,2347-6710; 2319-8753,Ess and Ess Research Publications,1364,,Design and Implementation of a Low-Cost Prosthetic Twin System for Real-Time Motion Replication using ESP-NOW
International Journal of Mathematical Engineering and Management Sciences,1,1,0,1,OpenAlex,exact_crossref_journal_match,International Journal of Mathematical Engineering and Management Sciences,2455-7749; 2455-7749,Ram Arti Publishers,839,,Touchless Quality Control in Pharma Using a Digital Twin–Driven Fuzzy Multi-Objective Optimization Framework for Risk-Aware Release Decisions
International Journal of Molecular Sciences,1,1,1,0,OpenAlex,exact_crossref_journal_match,International Journal of Molecular Sciences,1422-0067,MDPI AG,111495,,3D Bioprinting Functional Engineered Heart Tissues
International Journal of Nanomedicine,1,1,0,1,OpenAlex,exact_crossref_journal_match,International Journal of Nanomedicine,1176-9114; 1178-2013,Dove Medical Press,9175,,"Nanomedicine in 2026: Illustrative Quantitative Analyses of EPR Heterogeneity, Clinical Trial Attrition, and Emerging Horizons for Active Nanotherapeutics"
International Journal of Pharmaceutical Research and Applications,1,1,1,0,OpenAlex,exact_crossref_journal_match,International Journal of Pharmaceutical Research and Applications,2456-4494,Quest Journals,1263,,A Review on 3d And 4d Printing of Pharmaceuticals: A Prospective Technology in Developing Personalized Formulations
International Journal of Pharmaceutical Research and Development,1,1,0,1,OpenAlex,exact_crossref_journal_match,International Journal of Pharmaceutical Research and Development,2664-6862; 2664-6870,Comprehensive Publications,420,,"Artificial intelligence in modern pharmacy: Transforming discovery, clinical practice, and manufacturing"
International Journal of Pharmacy and Pharmaceutical Science,1,1,0,1,OpenAlex,exact_crossref_journal_match,International Journal of Pharmacy and Pharmaceutical Science,2664-7222; 2664-7230,Comprehensive Publications,458,,Artificial intelligence technologies in drug discovery: Innovations and future challenges
International Journal of Scientific Development and Research,1,1,1,0,OpenAlex,exact_crossref_journal_match,International Journal of Scientific Development and Research,2455-2631,IJ Research Organization,512,,APPLICATION OF MACHINE LEARINING AND COMPUTER MODELING IN METALLURGY COMPHERENSIVE REVIEW
International Journal of Scientific Research in Modern Science and Technology,1,1,1,0,OpenAlex,exact_crossref_journal_match,International Journal of Scientific Research in Modern Science and Technology,2583-7605,Surya Publication,189,,A Review of Wire Arc Additive Manufacturing
International Journal of Social Robotics,1,1,0,1,OpenAlex,exact_crossref_journal_match,International Journal of Social Robotics,1875-4791; 1875-4805,Springer-Verlag,1395,,Human Autonomy and Sense of Agency in Human-Robot Interaction: A Systematic Literature Review
International Journal of Soft Computing and Engineering,1,1,0,1,OpenAlex,exact_crossref_journal_match,International Journal of Soft Computing and Engineering,2231-2307,Blue Eyes Intelligence Engineering and Sciences Engineering and Sciences Publication - BEIESP,169,,Digital Twin-Enabled Predictive Maintenance and Supply Chain Optimization for Fighter Aircraft
International Journal of Systems Assurance Engineering and Management,1,1,0,1,OpenAlex,exact_crossref_journal_match,International Journal of Systems Assurance Engineering and Management,0975-6809; 0976-4348,Springer-Verlag,3244,,Intelligent PID-based control systems for adaptive and sustainable manufacturing
International Journal on Information Technologies and Security,1,1,0,1,OpenAlex,exact_crossref_journal_match,International Journal on Information Technologies and Security,1313-8251,International Journal on Information Technologies and Security,151,,"Cybersecurity challenges in industry 5.0: Human centric security, converged vulnerabilities, and resilience by design in smart manufacturing"
International Journal on Science and Technology,1,1,1,0,OpenAlex,exact_crossref_journal_match,International Journal on Science and Technology,2229-7677,International Research Publication and Journals,3106,,Combination and Testing of Two Resins of 3D Printing Material: Comparison with ABS and PLA Materials
International Research Journal of Multidisciplinary Technovation,1,1,0,1,OpenAlex,exact_crossref_journal_match,International Research Journal of Multidisciplinary Technovation,2582-1040,Asian Research Association,555,,A Hybrid Machine Learning and Swarm Optimization Framework for Real-Time Energy Prediction and Optimization in Additive Manufacturing
International Scientific Journal of Engineering and Management,1,1,0,1,OpenAlex,exact_crossref_journal_match,International Scientific Journal of Engineering and Management,2583-6129,Edtech Publishers (OPC) Private Limited,4400,,Technological Advancements in Operations and Supply Chain Management in Pharmaceutical Industry
Internet Archaeology,1,1,0,1,OpenAlex,exact_crossref_journal_match,Internet Archaeology,1363-5387,Council for British Archaeology,961,,"Place, Identity and Wellbeing: Bradford and Beyond"
IoT,1,1,0,1,OpenAlex,exact_crossref_journal_match,IoT,2624-831X,MDPI AG,291,,"Internet of Things for Industry 4.0: A Systematic Literature Review of Technologies, Architectures, Applications, and Challenges"
ISIJ International,1,1,1,0,OpenAlex,exact_crossref_journal_match,ISIJ International,0915-1559; 1347-5460,The Iron and Steel Institute of Japan,9693,,Systematic study of rapid solidification in laser powder-bed fusion of stainless steels to verify applicability of columnar-equiaxed transition
"ISPRS annals of the photogrammetry, remote sensing and spatial information sciences",1,1,0,1,OpenAlex,exact_crossref_journal_match,ISPRS Annals of the Photogrammetry Remote Sensing and Spatial Information Sciences,2194-9050,Copernicus GmbH,4382,,A Hybrid Digital Twin and AI Framework for Traffic Simulation and Route Finding
ISPRS International Journal of Geo-Information,1,1,0,1,OpenAlex,exact_crossref_journal_match,ISPRS International Journal of Geo-Information,2220-9964,MDPI AG,6005,,"Shedding Light on Explainable AI: Insights, Challenges, and the Future of Infrastructure Management"
JOURNAL OF ADVANCE AND FUTURE RESEARCH,1,1,0,1,OpenAlex,exact_crossref_journal_match,JOURNAL OF ADVANCE AND FUTURE RESEARCH,2984-889X,IJ Research Organization,977,,From RF Channel to Federated Defence: An Extended Review of Digital Twin Methods in 6G-Enabled Internet of Vehicles
Journal of Applied Mechanics,1,1,1,0,OpenAlex,exact_crossref_journal_match,Journal of Applied Mechanics,0021-8936; 1528-9036,ASME International,15911,,Multistep and Elastically Stable Mechanical Metamaterials
Journal of Artificial Intelligence for Automation,1,1,0,1,OpenAlex,exact_crossref_journal_match,Journal of Artificial Intelligence for Automation,3083-2837,Scilight Press Pty Ltd,11,,Transition of Architecture of Industrial Cyber-Physical Systems (iCPS) from Hierarchy to Cloud-Edge-Device
Journal of Biomedical Materials Research Part A,1,1,1,0,OpenAlex,exact_crossref_journal_match,Journal of Biomedical Materials Research Part A,1549-3296; 1552-4965,Wiley (John Wiley & Sons),8308,,Rapid and Inexpensive Image‐Guided Grayscale Biomaterial Customization via <scp>LCD</scp> Printing
Journal of Composites and Biodegradable Polymers,1,1,1,0,OpenAlex,exact_crossref_journal_match,Journal of Composites and Biodegradable Polymers,2311-8717,Savvy Science Publisher,102,,"Fused Deposition Modelling of Wood-Plastic Composites: Materials, Processes, and Future Directions"
"Journal of computer, software and program.",1,1,0,1,OpenAlex,exact_crossref_journal_match,Journal of Computer Software and Program,3007-9756,Stecab Publishing,25,,Cyber-Resilient IoT-Driven SCADA Integration for Secure and Intelligent Fuel Station Monitoring and Predictive Analysis
Journal of Craniofacial Surgery,1,1,1,0,OpenAlex,exact_crossref_journal_match,Journal of Craniofacial Surgery,1049-2275; 1536-3732,Ovid Technologies (Wolters Kluwer) - Lippincott Williams & Wilkins,19226,,3D Printed Beta-TCP Ceramic Bone Replacement Manufactured by Lithography-Based Ceramic Manufacturing: A Short-Term Pilot Study
Journal of Ecological Engineering,1,1,0,1,OpenAlex,exact_crossref_journal_match,Journal of Ecological Engineering,2081-139X; 2299-8993,WNGB Scientific Publishing House Sp. z o.o.,3446,,A robust offline digital twin for regenerative wastewater treatment: Multi-pollutant stress testing and resilience analysis
Journal of Educational Evaluation for Health Professions,1,1,0,1,OpenAlex,exact_crossref_journal_match,Journal of Educational Evaluation for Health Professions,1738-1339; 1975-5937,Korea Health Personnel Licensing Examination Institute,612,,Analysis of digital twin applications in nursing practice and education: a scoping review
Journal of Engineering and Technology (JET),1,1,1,0,OpenAlex,exact_crossref_journal_match,Journal of Engineering and Technology (JET),2180-3811; 2289-814X,Penerbit Universiti Teknikal Malaysia Melaka Press,77,,MECHANICAL PERFORMANCE AND SHAPE MEMORY BEHAVIOR OF 4D PRINTING POLYLACTIC ACID/BIOBASED THERMOPLASTIC POLYURETHANE
Journal of Field Robotics,1,1,1,0,OpenAlex,exact_crossref_journal_match,Journal of Field Robotics,1556-4959; 1556-4967,Wiley (John Wiley & Sons),1947,,Innovative Soft Material‐Assisted Robot Grasping Devices: From Design Concept to Fabrication and Application Scenarios
Journal of Forensic and Legal Medicine,1,1,0,1,OpenAlex,exact_crossref_journal_match,Journal of Forensic and Legal Medicine,1752-928X,Elsevier,3029,,Digital twin technology in forensic mental health
Journal of Information Systems and Informatics,1,1,0,1,OpenAlex,exact_crossref_journal_match,Journal of Information Systems and Informatics,2656-5935; 2656-4882,Asosiasi Doktor Sistem Informasi Indonesia,803,,Large Language Models for Intelligent Decision Support in Inventory and Supply Chain Operations: A Systematic Literature Review
Journal of Information Technology in Construction,1,1,0,1,OpenAlex,exact_crossref_journal_match,Journal of Information Technology in Construction,1874-4753,International Council for Research and Innovation in Building and Construction,362,,Digital twins in civil engineering
Journal of Infrastructure Preservation and Resilience,1,1,1,0,OpenAlex,exact_crossref_journal_match,Journal of Infrastructure Preservation and Resilience,2662-2521,Springer (Biomed Central Ltd.),185,,Leveraging emerging technologies to address the crisis of aging concrete infrastructure
Journal of Intelligent Information Systems,1,1,1,0,OpenAlex,exact_crossref_journal_match,Journal of Intelligent Information Systems,0925-9902; 1573-7675,Springer-Verlag,1417,,Semantic modelling of AI-integrated digital twins for enhanced transparency
Journal of Machine Engineering,1,1,0,1,OpenAlex,exact_crossref_journal_match,Journal of Machine Engineering,1895-7595; 2391-8071,Wroclaw Board of Scientific Technical Societies Federation NOT,362,,Planning-Based Decision Space Exploration for Digital Twins in Immature Production Processes
Journal of Materials and Mechatronics A,1,1,1,0,OpenAlex,exact_crossref_journal_match,Journal of Materials and Mechatronics A,2717-8811,Journal of Materials and Mechatronics: A,129,,Development Of Electronically Controlled Dual-Component Continuous Powder Feeder To Build Functional Graded Materials With Additive Manufacturing Process
Journal of Materials Science Composites,1,1,1,0,OpenAlex,exact_crossref_journal_match,Journal of Materials Science Composites,3059-3212,Springer (Biomed Central Ltd.),33,,"Atomic-scale characterization: a review of advances in microscopy, spectroscopy, and machine learning"
Journal of Materials Science Materials in Engineering,1,1,1,0,OpenAlex,exact_crossref_journal_match,Journal of Materials Science Materials in Engineering,3004-8958,Springer (Biomed Central Ltd.),313,,A review article on the assessment of additive manufacturing
Journal of Mechanical Engineering and Manufacturing,1,1,0,1,OpenAlex,exact_crossref_journal_match,Journal of Mechanical Engineering and Manufacturing,2982-3544,Scilight Press Pty Ltd,34,,"Machine Learning for Process Optimization and Defect Detection in Metal Additive Manufacturing: A Critical Review of Algorithms, In-Situ Monitoring Strategies, and Quality Assurance Frameworks"
Journal of Mechanical Engineering Science and Innovation,1,1,1,0,OpenAlex,exact_crossref_journal_match,Journal of Mechanical Engineering Science and Innovation,2776-933X; 2776-3536,Institut Teknologi Adhi Tama Surabaya,72,,Comparative Performance of Material Extrusion and Vat Photopolymerization Systems for Automotive Product
Journal of Micromechanics and Microengineering,1,1,1,0,OpenAlex,exact_crossref_journal_match,Journal of Micromechanics and Microengineering,0960-1317; 1361-6439,IOP Publishing,7537,,Embedded electrohydrodynamic printing of magnetically responsive microspheres
Journal of Minimally Invasive Gynecology,1,1,0,1,OpenAlex,exact_crossref_journal_match,Journal of Minimally Invasive Gynecology,1553-4650,Elsevier,18544,,Static Digital Twins for Surgical Planning in Complex Gynecologic Cancer Recurrence: A Proof-of-Concept Feasibility Study
Journal of Personalized Medicine,1,1,0,1,OpenAlex,exact_crossref_journal_match,Journal of Personalized Medicine,2075-4426,MDPI AG,7862,,"Integrating AI Segmentation, Simulated Digital Twins, and Extended Reality into Medical Education: A Narrative Technical Review and Proof-of-Concept Case Study"
Journal of Pharmaceutical and BioTech Industry,1,1,1,0,OpenAlex,exact_crossref_journal_match,Journal of Pharmaceutical and BioTech Industry,2813-9380,MDPI AG,37,,Precision and Personalized Medicine in Transdermal Drug Delivery Systems: Integrating AI Approaches
Journal of Plant Electrobiology,1,1,0,1,OpenAlex,exact_crossref_journal_match,Journal of Plant Electrobiology,,Institute of Central Computation and Knowledge Inc,0,,Digital Monitoring of Electromagnetic Radiation Associated with Biodiversity (One Health) in Natural Parks: A Narrative Review
Journal of Plant Science and Phytopathology,1,1,0,1,OpenAlex,exact_crossref_journal_match,Journal of Plant Science and Phytopathology,2575-0135,Heighten Science Publications Corporation,184,,Analytical Report on Digital Twin Technology: Status and Future Direction
Journal of Polymer Science,1,1,1,0,OpenAlex,exact_crossref_journal_match,Journal of Polymer Science,0022-3832; 1542-6238,Wiley (John Wiley & Sons),4606,,Liquid Glass: Polymerizable Silica Precursors for Microstructured Silica Glass Manufacturing: A Review
Journal of Reinforced Plastics and Composites,1,1,1,0,OpenAlex,exact_crossref_journal_match,Journal of Reinforced Plastics and Composites,0731-6844; 1530-7964,SAGE Publications,5123,,A stress field-based path planning method for fiber-reinforced FDM-printed parts with joining hole structure
Journal of Separation Science,1,1,1,0,OpenAlex,exact_crossref_journal_match,Journal of Separation Science,1615-9306; 1615-9314,Wiley (John Wiley & Sons),11558,,Integrating Optical Feedback Alignment and Fluidic Control for Multiphase Flow‐Assisted In Situ 3D Printing
Journal of Sustainable Smart Materials and Structural Systems,1,1,1,0,OpenAlex,exact_crossref_journal_match,Journal of Sustainable Smart Materials and Structural Systems,3083-3604,Open Horizon Global,14,,"Recent Advancements, Trends and Future Prospects of Upper Limb Prosthesis through 3D printing- A Systematic Review"
Journal of Systems and Software,1,1,0,1,OpenAlex,exact_crossref_journal_match,Journal of Systems and Software,0164-1212,Elsevier,6857,,Automated variability evaluation using a model-based approach with an implementation in CubeSat
Journal of the American Chemical Society,1,1,1,0,OpenAlex,exact_crossref_journal_match,Journal of the American Chemical Society,0002-7863; 1520-5126,American Chemical Society,219114,,Photoresponsive Biomimetic Functions by Light-Driven Molecular Motors in Three Dimensionally Printed Liquid Crystal Elastomers
Journal of the Egyptian National Cancer Institute,1,1,0,1,OpenAlex,exact_crossref_journal_match,Journal of the Egyptian National Cancer Institute,1110-0362,Springer (Biomed Central Ltd.),274,,Artificial intelligence in cancer immunotherapy: current trends in predicting response and personalizing treatment
Journal of the Korean Society for Precision Engineering,1,1,0,1,OpenAlex,exact_crossref_journal_match,Journal of the Korean Society for Precision Engineering,1225-9071; 2287-8769,Korean Society of Precision Engineering,1982,,A VP-based 3D Human Pose Correction and Digital Twin Mapping Framework Using a Single RGB Image
Journal of the Korean Society of Manufacturing Process Engineers,1,1,1,0,OpenAlex,exact_crossref_journal_match,Journal of the Korean Society of Manufacturing Process Engineers,1598-6721; 2288-0771,The Korean Society of Manufacturing Process Engineers,2116,,Additive Manufacturing of Refractory Alloy-based Multi-Material Structures: A Review
Journal on Electronic and Automation Engineering,1,1,1,0,OpenAlex,exact_crossref_journal_match,Journal on Electronic and Automation Engineering,2583-6951; 2583-6951,REST Publisher,247,,Evaluating Additive Manufacturing Options through TOPSIS Method A Comprehensive Decision-Making Approach
Maritime Technology and Research,1,1,0,1,OpenAlex,exact_crossref_journal_match,Maritime Technology and Research,2651-205X,Faculty of International Maritime Studies,185,,"Harnessing cutting-edge technologies for sustainable future shipping: An overview of innovations, drivers, barriers, and opportunities"
Material and Mechanical Engineering Technology,1,1,0,1,OpenAlex,exact_crossref_journal_match,Material and Mechanical Engineering Technology,2706-977X; 2706-977X,Karaganda Technical University named after Abylkas Saginov,189,,A Review of Modeling and Preparation of Functionally Graded Materials for Bone Tissue Engineering
Materials Futures,1,1,0,1,OpenAlex,exact_crossref_journal_match,Materials Futures,2752-5724,IOP Publishing,253,,Recent advances in 3D-printable aggregation-induced emission materials
Materials Research Bulletin,1,1,0,1,OpenAlex,exact_crossref_journal_match,Materials Research Bulletin,0025-5408,Elsevier,19446,,Materials by machines: A review on intuition and knowledge-driven learning for rapid discovery and optimization
Materials Research Letters,1,1,1,0,OpenAlex,exact_crossref_journal_match,Materials Research Letters,2166-3831,Informa UK (Taylor & Francis),1021,,Additive manufacturing of metallic heterostructured materials: from 1D to 4D
Materials Science and Engineering R Reports,1,1,1,0,OpenAlex,exact_crossref_journal_match,Materials Science and Engineering R Reports,0927-796X,Elsevier,1086,,Hybrid 4D printing of flexible multifunctional composites by multi jet fusion and direct ink writing
Materials Today Sustainability,1,1,1,0,OpenAlex,exact_crossref_journal_match,Materials Today Sustainability,2589-2347,Elsevier,1389,,Towards sustainable hydrogen infrastructures: Additive manufacturing of metallic materials for enhanced resistance to hydrogen embrittlement
Mathematical Modeling and Algorithm Application,1,1,1,0,OpenAlex,exact_crossref_journal_match,Mathematical Modeling and Algorithm Application,3006-2020; 3006-0842,Darcy & Roy Press Co. Ltd.,390,,Integrated Manufacturing of Soft Robots Based on 3D Printing
Mathematics,1,1,0,1,OpenAlex,exact_crossref_journal_match,Mathematics,2227-7390,MDPI AG,27488,,"Advanced Graph Neural Networks for Smart Mining: A Systematic Literature Review of Equivariant, Topological, Symplectic, and Generative Models"
Measurement Science and Technology,1,1,1,0,OpenAlex,exact_crossref_journal_match,Measurement Science and Technology,0957-0233; 1361-6501,IOP Publishing,18875,,Importance of surface roughness to the performance of additively-manufactured magnets
Mechanical Systems and Signal Processing,1,1,0,1,OpenAlex,exact_crossref_journal_match,Mechanical Systems and Signal Processing,0888-3270; 1096-1216,Elsevier,13101,,Study on real-time prediction for porosity in laser melting based on a digital twin-driven deep learning framework
Mechanika,1,1,1,0,OpenAlex,exact_crossref_journal_match,Mechanika,1392-1207; 2029-6983,Kaunas University of Technology (KTU),1648,,Recent Advances in Friction Stir Additive Manufacturing: A Review of Mechanical and Microstructural Performance in Similar and Dissimilar Composites
Mechatronics,1,1,0,1,OpenAlex,exact_crossref_journal_match,Mechatronics,0957-4158,Elsevier,3345,,A digital twin of evaporative thermo-fluidic process in the fixation unit of DoD inkjet printers
MedComm,1,1,0,1,OpenAlex,exact_crossref_journal_match,MedComm,2688-2663; 2688-2663,Wiley (John Wiley & Sons),1620,,"AI‐Driven Revolution of Medical Robotics Across Surgical Innovation, Rehabilitation Intelligence, and Multimodal Healthcare Delivery"
Metrology,1,1,1,0,OpenAlex,exact_crossref_journal_match,Metrology,2673-8244,MDPI AG,228,,"Recent Advances in Digital Fringe Projection Profilometry (2022–2025): Techniques, Applications, and Metrological Challenges—A Review"
Military Medical Research,1,1,1,0,OpenAlex,exact_crossref_journal_match,Military Medical Research,2095-7467; 2054-9369,Elsevier,719,,3D bioprinting of tissues and organs for systemic diseases and localized injuries
Nanomanufacturing,1,1,1,0,OpenAlex,exact_crossref_journal_match,Nanomanufacturing,2673-687X,MDPI AG,105,,Advancements in Two-Photon Polymerization (2PP) for Micro and Nanoscale Fabrication
Natural Sciences and Engineering Bulletin,1,1,0,1,OpenAlex,exact_crossref_journal_match,Natural Sciences and Engineering Bulletin,3023-8293,Natural Sciences and Engineering Bulletin,3,,Development of an Offline Digital Twin Framework for Forging Dies Based on the Upper Bound Energy Method
Nature Chemical Engineering,1,1,0,1,OpenAlex,exact_crossref_journal_match,Nature Chemical Engineering,2948-1198,Springer Science and Business Media LLC,405,,A knowledge graph framework for digital twins of chemical processes
Nature Protocols,1,1,1,0,OpenAlex,exact_crossref_journal_match,Nature Protocols,1750-2799; 1754-2189,Springer Science and Business Media LLC,3952,,Sonicated inks and focused-ultrasound writing enable deep-penetration acoustic volumetric printing
Nondestructive Testing And Evaluation,1,1,0,1,OpenAlex,exact_crossref_journal_match,Nondestructive Testing And Evaluation,1058-9759; 1477-2671,Informa UK (Taylor & Francis),2094,,Hybrid AI-Physics framework for predicting failure zones in 3D-Printed protective gear for contact sports
npj Artificial Intelligence,1,1,1,0,OpenAlex,exact_crossref_journal_match,npj Artificial Intelligence,3005-1460,Springer Science and Business Media LLC,121,,Enabling geometry and toolpath generalization for machine learning based thermal modeling in laser powder bed fusion
npj Digital Surgery,1,1,0,1,OpenAlex,exact_crossref_journal_match,npj Digital Surgery,3091-2806,Springer Science and Business Media LLC,10,,"Reimagining surgery in a world powered by intelligence, connectivity, and code"
npj Flexible Electronics,1,1,1,0,OpenAlex,exact_crossref_journal_match,npj Flexible Electronics,2397-4621,Springer Science and Business Media LLC,597,,3D micropatterning of PEDOT:PSS/Gelatin conductive hydrogels via two-photon lithography for soft bioelectronics
npj Heritage Science,1,1,0,1,OpenAlex,exact_crossref_journal_match,npj Heritage Science,3059-3220,Springer Science and Business Media LLC,1155,,Digital regeneration of historical buildings using UAV photogrammetry and 3D Gaussian splatting for metaverse environments
npj Soft Matter,1,1,1,0,OpenAlex,exact_crossref_journal_match,npj Soft Matter,3059-3263,Springer Science and Business Media LLC,28,,Non-planar additive manufacturing with hydrogels: a review of flow control and toolpath strategies
Nusantara Science and Technology Proceedings,1,1,1,0,OpenAlex,exact_crossref_journal_match,Nusantara Science and Technology Proceedings,2622-9692,Galaxy Science,476,,Advances and Challenges in Personalized Socket Design: A Review of Pho-togrammetry and Additive Manufacturing Techniques for Lower-Limb Prosthetics
Open Information and Computer Integrated Technologies,1,1,0,1,OpenAlex,exact_crossref_journal_match,Open Information and Computer Integrated Technologies,2071-1077; 2663-2411; 2663-2411,National Aerospace University - Kharkiv Aviation Institute,416,,Evolution of approaches to intelligent microclimate control in industrial environments: A review of models for cyber-physical systems
Organoid Research,1,1,0,1,OpenAlex,exact_crossref_journal_match,Organoid Research,3082-8503,AccScience Publishing,48,,Advancing tumor organoid 3D culture with functionalized hydrogels: Applications in precision medicine and technological challenges
Periodica Polytechnica Civil Engineering,1,1,1,0,OpenAlex,exact_crossref_journal_match,Periodica Polytechnica Civil Engineering,0553-6626; 1587-3773,"Periodica Polytechnica, Budapest University of Technology and Economics",1318,,Algorithm for Generating Gradient Infills in Load-bearing 3D-printed Parts
Periodica Polytechnica Electrical Engineering and Computer Science,1,1,0,1,OpenAlex,exact_crossref_journal_match,Periodica Polytechnica Electrical Engineering and Computer Science,2064-5260; 2064-5279,"Periodica Polytechnica, Budapest University of Technology and Economics",425,,Detection of Cyber Attacks in Critical Infrastructure Systems Using Deep Learning Approaches
Pharaonic Journal of Science,1,1,0,1,OpenAlex,exact_crossref_journal_match,Pharaonic Journal of Science,3062-6013; 3062-6021,Society of Pathological Biochemistry and Hematology,42,,The Role of Intelligent Technologies in Advancing Operations Research Models and Statistical Methods: A Review
Physica Scripta,1,1,0,1,OpenAlex,exact_crossref_journal_match,Physica Scripta,0031-8949; 1402-4896,IOP Publishing,33802,,A unified rheological model for shape memory polymers in 4D printing: from additive manufacturing to thermomechanical programming
Plasticheskie massy,1,1,1,0,OpenAlex,exact_crossref_journal_match,Plasticheskie massy,0554-2901,Publishing House Plastic Ltd,620,,Current state of research in the field of 3D printing device designs using photopolymer composites (review)
PNAS Nexus,1,1,1,0,OpenAlex,exact_crossref_journal_match,PNAS Nexus,2752-6542,Oxford University Press,2002,,Electric field-coupled two-photon polymerization system for on-demand modulation of 3D-printed structural color
Proceedings of the AAAI Symposium Series,1,1,1,0,OpenAlex,exact_crossref_journal_match,Proceedings of the AAAI Symposium Series,2994-4317,Association for the Advancement of Artificial Intelligence (AAAI),647,,Time-Aware Two-Dimensional Packing for Slicing-Aware 3D Printing Throughput Optimization
Programmable Materials,1,1,1,0,OpenAlex,exact_crossref_journal_match,Programmable Materials,2752-8073,Cambridge University Press,19,,Selective near-infrared laser programming for shape-memory polymer–carbon nanotube composite material 4D printing
Quantum Science and Technology,1,1,1,0,OpenAlex,exact_crossref_journal_match,Quantum Science and Technology,2058-9565,IOP Publishing,1400,,Additive manufacturing of functionalised atomic vapour cells for next-generation quantum technologies
Rare Metals,1,1,1,0,OpenAlex,exact_crossref_journal_match,Rare Metals,1001-0521; 1867-7185,Wiley (John Wiley & Sons),5317,,Advancements and Applications of 3D Printing Techniques and Novel Materials in Soft Robotics for Medical Devices
Review of Materials Research,1,1,0,1,OpenAlex,exact_crossref_journal_match,Review of Materials Research,3050-9130,Elsevier,140,,The next-generation polymer composite revolution: AI-driven multi-functional polymer composite for intelligent additive manufacturing
REVIEWS ON ADVANCED MATERIALS SCIENCE,1,1,1,0,OpenAlex,exact_crossref_journal_match,REVIEWS ON ADVANCED MATERIALS SCIENCE,1605-8127,Walter de Gruyter GmbH,662,,Recent advances in 4D printing of hydrogels
Revista Tópicos.,1,1,0,1,OpenAlex,exact_crossref_journal_match,Revista Tópicos,2965-6672,Revista Tópicos,2004,,IMPACTOS DA MANUFATURA ADITIVA NOS PROCESSOS PRODUTIVOS DA INDÚSTRIA AUTOMOTIVA
RIVISTA GEOGRAFICA ITALIANA,1,1,0,1,OpenAlex,exact_crossref_journal_match,RIVISTA GEOGRAFICA ITALIANA,0035-6697; 2499-748X,Franco Angeli,219,,L'intelligenza artificiale come modello della realtà. Riflessioni intorno ai gemelli digitali
Robotics,1,1,1,0,OpenAlex,exact_crossref_journal_match,Robotics,0167-8493,Elsevier,174,,Development of an Anthropometric Soft Pneumatic Gripper with Reconfigurable Fingers for Assistive Robotics
Romanian Cyber Security Journal,1,1,0,1,OpenAlex,exact_crossref_journal_match,Romanian Cyber Security Journal,2668-6430; 2668-1730,Romanian Cyber Security Journal,93,,Securing Mechatronic Control Modules in the Context of Current Cyber Threats
RSC Advances,1,1,1,0,OpenAlex,exact_crossref_journal_match,RSC Advances,2046-2069,The Royal Society of Chemistry,81728,,"Advanced additive manufacturing in orthopedics: a comprehensive review of biomaterials, structural design, biological functions and clinical technology applications"
SAE International Journal of Materials and Manufacturing,1,1,0,1,OpenAlex,exact_crossref_journal_match,SAE International Journal of Materials and Manufacturing,1946-3979; 1946-3987,SAE International,1164,,"A Review of Welding Techniques in Metal Additive Manufacturing: Advancements, Challenges, and Future Directions"
Scientific Journal of Engineering Research,1,1,0,1,OpenAlex,exact_crossref_journal_match,Scientific Journal of Engineering Research,3109-1725,PT. Teknologi Futuristik Indonesia,61,,Artificial Intelligence–Driven Simulation Models for Industrial Accident Prevention in Chemical Process Engineering
Scientific Journal of Silesian University of Technology Series Transport,1,1,0,1,OpenAlex,exact_crossref_journal_match,Scientific Journal of Silesian University of Technology Series Transport,0209-3324; 2450-1549,Silesian University of Technology,750,,DIGITALIZATION OF BUSINESS PROCESSES IN THE INTEGRATED CONCEPT OF “INDUSTRY 5.0” IN ENSURING INVESTMENT AND SECURITY MANAGEMENT OF TRANSPORT ENTERPRISES
Shanlax International Journal of Arts Science and Humanities,1,1,1,0,OpenAlex,exact_crossref_journal_match,Shanlax International Journal of Arts Science and Humanities,2321-788X; 2582-0397,Shanlax International Journals,1448,,Future of Smart and Sustainable Foods: A 4D Printing Perspective
Shipbuilding and marine infrastructure,1,1,0,1,OpenAlex,exact_crossref_journal_match,Shipbuilding and marine infrastructure,2409-3858; 2519-1845,Admiral Makarov National Unviersity of Shipbuilding,180,,INTEGRATED MULTIMEDIA DATA PROTECTION IN SHIPBUILDING AND MARITIME INFRASTRUCTURE
ShodhKosh Journal of Visual and Performing Arts,1,1,0,1,OpenAlex,exact_crossref_journal_match,ShodhKosh Journal of Visual and Performing Arts,2582-7472,Granthaalayah Publications and Printers,6496,,DIGITAL TWINS IN SCULPTURE STUDIOS: ENHANCING LEARNING
SINTEK JURNAL Jurnal Ilmiah Teknik Mesin,1,1,1,0,OpenAlex,exact_crossref_journal_match,SINTEK JURNAL Jurnal Ilmiah Teknik Mesin,2088-9038; 2549-9645,Universitas Muhammadiyah Jakarta,134,,Acoustic Analysis of 3D Printing Motion Patterns for Machine Condition Monitoring
Small Science,1,1,0,1,OpenAlex,exact_crossref_journal_match,Small Science,2688-4046; 2688-4046,Wiley (John Wiley & Sons),1199,,Sustainable 4D Printable Biobased Shape Memory Polymers with Linear Tunability and Multistimuli Actuation for Advanced Applications
Smart and Resilient Transport,1,1,0,1,OpenAlex,exact_crossref_journal_match,Smart and Resilient Transport,2632-0487; 2632-0495,Emerald (MCB UP),71,,Reducing human error in aircraft maintenance: a dual-framework analysis of smart technologies using SWOT and HFACS in Philippine MROs
Smart and Sustainable Built Environment,1,1,0,1,OpenAlex,exact_crossref_journal_match,Smart and Sustainable Built Environment,2046-6099; 2046-6099; 2046-6102,Emerald (MCB UP),818,,Artificial intelligence–based strategies for indoor environmental quality optimisation
Smart Wearable Technology,1,1,0,1,OpenAlex,exact_crossref_journal_match,Smart Wearable Technology,3122-7570,BON VIEW PUBLISHING PTE,50,,Polymer-Based Smart Material in 4D Printing Applications
SmartSys,1,1,1,0,OpenAlex,exact_crossref_journal_match,SmartSys,2097-5430; 2097-5430,Wiley (John Wiley & Sons),41,,Synergy of Smart Materials and Structures Toward Intelligent Metamaterials
Supply Chain Forum an International Journal,1,1,0,1,OpenAlex,exact_crossref_journal_match,Supply Chain Forum an International Journal,1625-8312; 1624-6039,Informa UK (Taylor & Francis),667,,Digital innovations in sustainable fashion supply chains: a SCOR-Driven synthesis
Surface Science and Technology,1,1,0,1,OpenAlex,exact_crossref_journal_match,Surface Science and Technology,2097-3624; 2731-7838,Springer-Verlag,140,,"Machine learning in thermal spraying: applications, challenges, and future perspectives"
Surfaces,1,1,1,0,OpenAlex,exact_crossref_journal_match,Surfaces,2571-9637,MDPI AG,417,,Vat Photopolymerization of Additively Manufactured Zirconia Ceramic Structures from Slurries of Surface Functionalized Particles: A Critical Review
Telematics and Informatics Reports,1,1,0,1,OpenAlex,exact_crossref_journal_match,Telematics and Informatics Reports,2772-5030,Elsevier,330,,Healthcare digital twins: A methodological literature review on integrating iot and AI for personalized medicine and predictive care
The Aeronautical Journal,1,1,0,1,OpenAlex,exact_crossref_journal_match,The Aeronautical Journal,0001-9240; 2059-6464,Cambridge University Press,8089,,Artificial intelligence for sustainable aviation: a review on operational implementations and future perspectives
The Annals of “Dunarea de Jos” University of Galati Fascicle IX Metallurgy and Materials Science,1,1,1,0,OpenAlex,exact_crossref_journal_match,The Annals of “Dunarea de Jos” University of Galati Fascicle IX Metallurgy and Materials Science,2668-4748; 2668-4756,Universitatea Dunarea de Jos din Galati,332,,Smart Metallurgy: The Impact of Industry 4.0 on Materials Processing and Innovation
The Chemical Record,1,1,1,0,OpenAlex,exact_crossref_journal_match,The Chemical Record,1527-8999; 1528-0691,Wiley (John Wiley & Sons),2717,,Printing to Fight Antimicrobial Resistance Through Nano/Microstructured Platforms
The Educational Review USA,1,1,0,1,OpenAlex,exact_crossref_journal_match,The Educational Review USA,2575-7938; 2575-7946,Hill Publishing Group Inc.,1099,,Advancing U.S. Manufacturing Competitiveness Through AI and Nanotechnology: A Strategic Curriculum Framework for Workforce Development
The European Physical Journal Special Topics,1,1,1,0,OpenAlex,exact_crossref_journal_match,The European Physical Journal Special Topics,1951-6355; 1951-6401,Springer-Verlag,6015,,Advanced RF cavity manufacturing using multi-material laser powder bed fusion
The Journal of Defense Modeling and Simulation Applications Methodology Technology,1,1,0,1,OpenAlex,exact_crossref_journal_match,The Journal of Defense Modeling and Simulation Applications Methodology Technology,1548-5129; 1557-380X,SAGE Publications,824,,On digital twins in defense: overview and applications
The Scientific Issues of Ternopil Volodymyr Hnatiuk National Pedagogical University Series pedagogy,1,1,1,0,OpenAlex,exact_crossref_journal_match,The Scientific Issues of Ternopil Volodymyr Hnatiuk National Pedagogical University Series pedagogy,2311-6382; 2415-3605,Ternopil Volodymyr Hnatiuk National Pedagogical University,391,,ТЕХНІКО-ТЕХНОЛОГІЧНЕ ОБҐРУНТУВАННЯ ЗАСТОСУВАННЯ МОДУЛЬНИХ ШНЕКІВ У МАШИНАХ ДЛЯ ТРАНСПОРТУВАННЯ ШТУЧНИХ ВАНТАЖІВ
Thermal Science,1,1,1,0,OpenAlex,exact_crossref_journal_match,Thermal Science,0354-9836; 2334-7163,National Library of Serbia,6554,,Digital twin-based intelligent warehouse thermal environment simulation and automated control optimization
Transactions of Materials Research,1,1,1,0,OpenAlex,exact_crossref_journal_match,Transactions of Materials Research,3050-9149,Elsevier,216,,Interfacial bonding mechanism and microstructural evolution in additive friction stir deposition of Ti/Al dissimilar alloys via substrate micro-grooving
Transactions of the Indian Institute of Metals,1,1,0,1,OpenAlex,exact_crossref_journal_match,Transactions of the Indian Institute of Metals,0972-2815; 0975-1645,Springer-Verlag,4208,,A global approach for the digitalization of progressive sheet metal forming
Transactions of the Institute of Measurement and Control,1,1,0,1,OpenAlex,exact_crossref_journal_match,Transactions of the Institute of Measurement and Control,0142-3312; 1477-0369,SAGE Publications,4665,,Quality-driven multi-stage dynamic scheduling optimization for flexible manufacturing via digital twin with integrated rework mechanism
Translational dental research.,1,1,0,1,OpenAlex,exact_crossref_journal_match,Translational Dental Research,2950-3485,Elsevier,51,,Advancing Orthodontic Care Through Digital Twin Technology
Turkish Journal of Engineering,1,1,1,0,OpenAlex,exact_crossref_journal_match,Turkish Journal of Engineering,2587-1366,Turkish Journal of Engineering,387,,A comprehensive review on application of machine intelligence in additive manufacturing
Türkiye İnsansız Hava Araçları Dergisi,1,1,1,0,OpenAlex,exact_crossref_journal_match,Türkiye İnsansız Hava Araçları Dergisi,2687-6094,Turkiye Insansiz Hava Araclari Dergisi,48,,4D Printing Technology and Its Application Possibilities in Unmanned Aerial Vehicles (UAVs)
Veterinary Medicine and Science,1,1,0,1,OpenAlex,exact_crossref_journal_match,Veterinary Medicine and Science,2053-1095; 2053-1095,Wiley (John Wiley & Sons),2592,,4D Printing in Veterinarian Science: The Coming Technology
Virtual Worlds,1,1,0,1,OpenAlex,exact_crossref_journal_match,Virtual Worlds,2813-2084,MDPI AG,150,,Designing Extended Intelligence: A Taxonomy of Psychobiological Effects of XR–AI Systems for Human Capability Augmentation
VITRUVIO - International Journal of Architectural Technology and Sustainability,1,1,0,1,OpenAlex,exact_crossref_journal_match,VITRUVIO - International Journal of Architectural Technology and Sustainability,2444-9091,Universitat Politecnica de Valencia,194,,From BIM to Agentic AI: predictive management systems and phygital digital twins for built heritage
West Science Interdisciplinary Studies,1,1,0,1,OpenAlex,exact_crossref_journal_match,West Science Interdisciplinary Studies,2987-1042; 2985-8895,PT. Sanskara Karya Internasional,774,,Integration of Digital Twins and IoT Sensors to Support Monitoring Accuracy and Maintenance Effectiveness in the Manufacturing Industry in the Cikarang Region
West Science Social and Humanities Studies,1,1,0,1,OpenAlex,exact_crossref_journal_match,West Science Social and Humanities Studies,3026-1651; 3025-3764,PT. Sanskara Karya Internasional,512,,Bibliometric Analysis of Digital Twin Technology
World Journal of Advanced Engineering Technology and Sciences,1,1,0,1,OpenAlex,exact_crossref_journal_match,World Journal of Advanced Engineering Technology and Sciences,2582-8266,GSC Online Press,2433,,Scenario Modeling in Demand-Constrained Supply Chains: A Forecast to Delivery View
Вісник Херсонського національного технічного університету,1,1,0,1,OpenAlex,exact_crossref_journal_match,Вісник Херсонського національного технічного університету,2078-4481,Kherson National Technical University,1393,,ЦИФРОВІ ДВІЙНИКИ В АДИТИВНОМУ ВИРОБНИЦТВІ МЕТАЛЕВИХ ВИРОБІВ
Перспективні технології та прилади,1,1,0,1,OpenAlex,exact_crossref_journal_match,Перспективні технології та прилади,2313-5352; 2313-5352,Lutsk National Technical University,320,,&lt;b&gt;IOT-МОНІТОРИНГ ПРОЦЕСУ ЕКСТРУЗІЇ ПРИ ВИРОБНИЦТВІ СНЕКІВ НА ДВОШНЕКОВОМУ ЕКСТРУДЕРІ&lt;/b&gt;&lt;b&gt;&lt;/b&gt;
Таврійський науковий вісник Серія Технічні науки,1,1,0,1,OpenAlex,exact_crossref_journal_match,Таврійський науковий вісник Серія Технічні науки,2786-4588; 2786-4596,Kherson State Agricultural University,1011,,ВПЛИВ МІНІАТЮРИЗАЦІЇ НА НАДІЙНІСТЬ SMT-З’ЄДНАНЬ. БЕЗСВИНЦЕВІ ПРИПОЇ: ПРОБЛЕМИ ТА ПЕРСПЕКТИВИ
