classification,source_union,dedupe_key,record_count,curated_records,archive_records,title,year,venue,doi,url,archive_reasons
both_openalex_crossref,Crossref; OpenAlex,doi:10.18260/1-2-1153-33915,1,0,1,Integrating 4D Printing Processes into STEM Education,2024,2019 ASEE Midwest Section Conference Proceedings,10.18260/1-2-1153-33915,https://doi.org/10.18260/1-2-1153-33915,low_relevance:1
both_openalex_crossref,Crossref; OpenAlex,doi:10.1109/icc-robins60238.2024.10534011,1,1,0,Design and Development of Fin-Ray Finger using Topology Optimization with Multiple Load Cases,2024,2024 International Conference on Cognitive Robotics and Intelligent Systems (ICC - ROBINS),10.1109/icc-robins60238.2024.10534011,https://doi.org/10.1109/icc-robins60238.2024.10534011,
both_openalex_crossref,Crossref; OpenAlex,doi:10.1109/mecatronics-rem67547.2025.11349643,1,1,0,Physics-Informed Neural Networks for Fast Thermal Simulation in Laser Wire Additive Manufacturing,2025,2025 15th France-Japan &amp;amp; 13th Europe-Asia Congress on Mechatronics (MECATRONICS) / 23rd International Conference on Research and Education in Mechatronics (REM),10.1109/mecatronics-rem67547.2025.11349643,https://doi.org/10.1109/mecatronics-rem67547.2025.11349643,
both_openalex_crossref,Crossref; OpenAlex,doi:10.1109/cleo/europe-eqec65582.2025.11109744,1,1,0,Volumetric Additive Manufacturing of Hollow-Core Photonic Crystal Fiber Structures for THz Frequencies,2025,2025 Conference on Lasers and Electro-Optics Europe &amp;amp; European Quantum Electronics Conference (CLEO/Europe-EQEC),10.1109/cleo/europe-eqec65582.2025.11109744,https://doi.org/10.1109/cleo/europe-eqec65582.2025.11109744,
both_openalex_crossref,Crossref; OpenAlex,doi:10.1109/robosoft63089.2025.11020966,1,1,0,Functionally Multistage Engageable Structures for Fin Ray Soft Robotics Fingers <sup>*</sup>,2025,2025 IEEE 8th International Conference on Soft Robotics (RoboSoft),10.1109/robosoft63089.2025.11020966,https://doi.org/10.1109/robosoft63089.2025.11020966,
both_openalex_crossref,Crossref; OpenAlex,doi:10.1109/cbs65871.2025.11267540,1,1,0,Design of a Soft Robotic Finger Inspired by the Fin Ray Effect with Anthropomorphic Features,2025,2025 IEEE International Conference on Cyborg and Bionic Systems (CBS),10.1109/cbs65871.2025.11267540,https://doi.org/10.1109/cbs65871.2025.11267540,
both_openalex_crossref,Crossref; OpenAlex,doi:10.1109/ieem63636.2025.11357745,1,0,1,A Digital Twin Approach to Adaptive Control Melt-Penetration for Large-Scale Structural Components Through Two-stage Metal Additive Manufacturing,2025,2025 IEEE International Conference on Industrial Engineering and Engineering Management (IEEM),10.1109/ieem63636.2025.11357745,https://doi.org/10.1109/ieem63636.2025.11357745,low_relevance:1
both_openalex_crossref,Crossref; OpenAlex,doi:10.70477/holx1245,1,1,0,DYNAMIC INTERFACE PRINTING: A HIGH-THROUGHPUT APPROACH FOR BIOCOMPATIBLE STRUCTURE FABRICATION USING AN ACOUSTICALLY MODULATED AIR-LIQUID BOUNDARY,2025,2025 MicroTAS Book of Abstracts,10.70477/holx1245,https://doi.org/10.70477/holx1245,
both_openalex_crossref,Crossref; OpenAlex,doi:10.1109/iraset68627.2026.11538866,1,0,1,Smart Materials for Smart Robots: Multi-Scale Conductivity Modeling in 3D-Printed Polymer Composites,2026,"2026 6th International Conference on Innovative Research in Applied Science, Engineering and Technology (IRASET)",10.1109/iraset68627.2026.11538866,https://doi.org/10.1109/iraset68627.2026.11538866,low_relevance:1
both_openalex_crossref,Crossref; OpenAlex,doi:10.18690/um.fov.4.2026.5,1,0,1,Designing a Layered Learning Infrastructure with a Digital Twin Component,2026,39th Bled eConference: Co-Creating Human-Centred and Responsible Digital Futures; Conference Proceedings,10.18690/um.fov.4.2026.5,https://doi.org/10.18690/um.fov.4.2026.5,low_relevance:1
both_openalex_crossref,Crossref; OpenAlex,doi:10.1002/9781119894407.ch14,1,1,0,Advanced Bioprinting for the Future,2024,3D Bioprinting from Lab to Industry,10.1002/9781119894407.ch14,https://doi.org/10.1002/9781119894407.ch14,
both_openalex_crossref,Crossref; OpenAlex,doi:10.61096/978-81-981372-6-5_3,1,1,0,Fundamentals of Additive Manufacturing,2025,"3D Bioprinting: Advances, Challenges, and Fabricating the future",10.61096/978-81-981372-6-5_3,https://doi.org/10.61096/978-81-981372-6-5_3,
both_openalex_crossref,Crossref; OpenAlex,doi:10.1117/12.3097707,1,1,0,Exploring new etendue configurations for next-generation blurred tomography and the volumetric fabrication of micro-optical components,2026,3D Printed Optics and Additive Photonic Manufacturing V,10.1117/12.3097707,https://doi.org/10.1117/12.3097707,
both_openalex_crossref,Crossref; OpenAlex,doi:10.1117/12.3100156,1,1,0,Fluorescence profilometry for accurate volumetric additive manufacturing overprinting,2026,3D Printed Optics and Additive Photonic Manufacturing V,10.1117/12.3100156,https://doi.org/10.1117/12.3100156,
both_openalex_crossref,Crossref; OpenAlex,doi:10.1117/12.3100381,1,1,0,High performance coupled opto-chemical simulation of gradient-index light transport in vat photopolymerization,2026,3D Printed Optics and Additive Photonic Manufacturing V,10.1117/12.3100381,https://doi.org/10.1117/12.3100381,
both_openalex_crossref,Crossref; OpenAlex,doi:10.1117/12.3098995,1,1,0,Hybrid two-photon polymerization and single-photon tomographic volumetric additive manufacturing,2026,3D Printed Optics and Additive Photonic Manufacturing V,10.1117/12.3098995,https://doi.org/10.1117/12.3098995,
both_openalex_crossref,Crossref; OpenAlex,doi:10.1117/12.3098324,1,1,0,Overprinting with tomographic volumetric additive manufacturing using Dr. TVAM,2026,3D Printed Optics and Additive Photonic Manufacturing V,10.1117/12.3098324,https://doi.org/10.1117/12.3098324,
both_openalex_crossref,Crossref; OpenAlex,doi:10.1117/12.3109818,1,1,0,Volumetric printing by reverse tomography: a new paradigm in additive manufacturing,2026,3D Printed Optics and Additive Photonic Manufacturing V,10.1117/12.3109818,https://doi.org/10.1117/12.3109818,
both_openalex_crossref,Crossref; OpenAlex,doi:10.1117/12.3097608,1,1,0,Volumetric printing of carbon-based architectures,2026,3D Printed Optics and Additive Photonic Manufacturing V,10.1117/12.3097608,https://doi.org/10.1117/12.3097608,
both_openalex_crossref,Crossref; OpenAlex,doi:10.1089/3dp.2023.0127,1,1,0,Review: Application of 3D Printing Technology in Soft Robots,2024,3D Printing and Additive Manufacturing,10.1089/3dp.2023.0127,https://doi.org/10.1089/3dp.2023.0127,
both_openalex_crossref,Crossref; OpenAlex,doi:10.1177/23297662261459248,1,1,0,Optimizing Infill Patterns for Enhanced Durability and Resilience in Direct Ink Writing-Additive Manufacturing of Silicone Elastomers,2026,3D Printing and Additive Manufacturing,10.1177/23297662261459248,https://doi.org/10.1177/23297662261459248,
both_openalex_crossref,Crossref; OpenAlex,doi:10.1108/4dp-03-2026-0005,1,1,0,"Recent progress in 4D printing: materials, methods and applications",2026,4D Printing,10.1108/4dp-03-2026-0005,https://doi.org/10.1108/4dp-03-2026-0005,
both_openalex_crossref,Crossref; OpenAlex,doi:10.1002/9781394213795.ch3,1,0,1,The Rise of Smart Materials,2025,4D Printing Technology,10.1002/9781394213795.ch3,https://doi.org/10.1002/9781394213795.ch3,low_relevance:1
both_openalex_crossref,Crossref; OpenAlex,doi:10.1021/acsbiomaterials.4c01837,1,1,0,Volumetric Additive Manufacturing for Cell Printing: Bridging Industry Adaptation and Regulatory Frontiers,2025,ACS Biomaterials Science &amp; Engineering,10.1021/acsbiomaterials.4c01837,https://doi.org/10.1021/acsbiomaterials.4c01837,
both_openalex_crossref,Crossref; OpenAlex,doi:10.1021/acscentsci.5c00986,1,1,0,One-Vat Multimaterial 3D Printing: The Devil is in the Details,2025,ACS Central Science,10.1021/acscentsci.5c00986,https://doi.org/10.1021/acscentsci.5c00986,
both_openalex_crossref,Crossref; OpenAlex,doi:10.1021/acsmaterialslett.5c00407,1,0,1,Volumetric Additive Manufacturing of Composites via Hydrogel Infusion,2025,ACS Materials Letters,10.1021/acsmaterialslett.5c00407,https://doi.org/10.1021/acsmaterialslett.5c00407,duplicate_title:1
both_openalex_crossref,Crossref; OpenAlex,doi:10.1021/acsomega.4c01171,1,1,0,Direct Ink Writing of Strained Carbon Nanotube-Based Sensors: Toward 4D Printable Soft Robotics,2024,ACS Omega,10.1021/acsomega.4c01171,https://doi.org/10.1021/acsomega.4c01171,
both_openalex_crossref,Crossref; OpenAlex,doi:10.3390/act14100468,1,1,0,Optimal Design of 3D-Printed Flexible Fingers for Robotic Soft Gripping of Agricultural Products,2025,Actuators,10.3390/act14100468,https://doi.org/10.3390/act14100468,
both_openalex_crossref,Crossref; OpenAlex,doi:10.1016/j.addma.2024.104336,1,1,0,Composite strengthening via stress-concentration regions softening: The proof of concept with Schwarzites and Schwarzynes inspired multi-material additive manufacturing,2024,Additive manufacturing,10.1016/j.addma.2024.104336,https://doi.org/10.1016/j.addma.2024.104336,
both_openalex_crossref,Crossref; OpenAlex,doi:10.1016/j.addma.2024.104120,1,1,0,Cyclodextrins in 3D/4D printing for biomedical applications,2024,Additive manufacturing,10.1016/j.addma.2024.104120,https://doi.org/10.1016/j.addma.2024.104120,
both_openalex_crossref,Crossref; OpenAlex,doi:10.1016/j.addma.2024.104394,1,1,0,Design for disassembly: Using a multi-material approach in 3D printing for easier recycling strategies,2024,Additive manufacturing,10.1016/j.addma.2024.104394,https://doi.org/10.1016/j.addma.2024.104394,
both_openalex_crossref,Crossref; OpenAlex,doi:10.1016/j.addma.2024.104415,1,0,1,Digital twins for rapid in-situ qualification of part quality in laser powder bed fusion additive manufacturing,2024,Additive Manufacturing,10.1016/j.addma.2024.104415,https://doi.org/10.1016/j.addma.2024.104415,duplicate_title:1
both_openalex_crossref,Crossref; OpenAlex,doi:10.1016/j.addma.2024.104609,1,1,0,Drying-oriented resolution optimization for multi-material additive manufacturing: A case study on coffee-ring effect,2024,Additive manufacturing,10.1016/j.addma.2024.104609,https://doi.org/10.1016/j.addma.2024.104609,
both_openalex_crossref,Crossref; OpenAlex,doi:10.1016/j.addma.2024.104221,1,1,0,Electrical anisotropy and its mitigation in conductive polymers printed by vat photopolymerization,2024,Additive Manufacturing,10.1016/j.addma.2024.104221,https://doi.org/10.1016/j.addma.2024.104221,
both_openalex_crossref,Crossref; OpenAlex,doi:10.1016/j.addma.2024.104048,1,1,0,"Exceptional mechanical performance by spatial printing with continuous fiber: Curved slicing, toolpath generation and physical verification",2024,Additive manufacturing,10.1016/j.addma.2024.104048,https://doi.org/10.1016/j.addma.2024.104048,
both_openalex_crossref,Crossref; OpenAlex,doi:10.1016/j.addma.2024.104012,1,1,0,"FloatArch: A cable-supported, unreinforced, and re-assemblable 3D-printed concrete structure designed using multi-material topology optimization",2024,Additive manufacturing,10.1016/j.addma.2024.104012,https://doi.org/10.1016/j.addma.2024.104012,
both_openalex_crossref,Crossref; OpenAlex,doi:10.1016/j.addma.2024.104001,1,1,0,In-situ interferometric curing monitoring for digital light processing based vat photopolymerization additive manufacturing,2024,Additive Manufacturing,10.1016/j.addma.2024.104001,https://doi.org/10.1016/j.addma.2024.104001,
both_openalex_crossref,Crossref; OpenAlex,doi:10.1016/j.addma.2024.104529,1,1,0,Multi-material additive manufacturing of steel/Al alloy by controlling the liquid/solid interface in laser beam powder bed fusion,2024,Additive manufacturing,10.1016/j.addma.2024.104529,https://doi.org/10.1016/j.addma.2024.104529,
both_openalex_crossref,Crossref; OpenAlex,doi:10.1016/j.addma.2024.104627,1,1,0,Multi-material ceramic hybrid additive manufacturing based on vat photopolymerization and material extrusion compound process,2024,Additive manufacturing,10.1016/j.addma.2024.104627,https://doi.org/10.1016/j.addma.2024.104627,
both_openalex_crossref,Crossref; OpenAlex,doi:10.1016/j.addma.2024.104178,1,0,1,Multi-material embedded 3D printing for one-step manufacturing of multifunctional components in soft robotics,2024,Additive Manufacturing,10.1016/j.addma.2024.104178,https://doi.org/10.1016/j.addma.2024.104178,low_relevance:1
both_openalex_crossref,Crossref; OpenAlex,doi:10.1016/j.addma.2024.104618,1,1,0,Multi-material laser powder bed fusion additive manufacturing of dual-phase laminated heterostructure of Cantor high-entropy alloy and Martensitic steel for overcoming strength-ductility trade-off,2024,Additive manufacturing,10.1016/j.addma.2024.104618,https://doi.org/10.1016/j.addma.2024.104618,
both_openalex_crossref,Crossref; OpenAlex,doi:10.1016/j.addma.2024.104552,1,1,0,Numerical modeling of tomographic volumetric additive manufacturing based on energy threshold method,2024,Additive Manufacturing,10.1016/j.addma.2024.104552,https://doi.org/10.1016/j.addma.2024.104552,
both_openalex_crossref,Crossref; OpenAlex,doi:10.1016/j.addma.2024.104538,1,1,0,On-line inspection of lattice structures and metamaterials via in-situ imaging in additive manufacturing,2024,Additive manufacturing,10.1016/j.addma.2024.104538,https://doi.org/10.1016/j.addma.2024.104538,
both_openalex_crossref,Crossref; OpenAlex,doi:10.1016/j.addma.2024.104189,1,1,0,Review of vat photopolymerization 3D printing of photonic devices,2024,Additive manufacturing,10.1016/j.addma.2024.104189,https://doi.org/10.1016/j.addma.2024.104189,
both_openalex_crossref,Crossref; OpenAlex,doi:10.1016/j.addma.2024.104510,1,1,0,The development and characterisation of 3D-printed multi-material thermistor,2024,Additive manufacturing,10.1016/j.addma.2024.104510,https://doi.org/10.1016/j.addma.2024.104510,
both_openalex_crossref,Crossref; OpenAlex,doi:10.1016/j.addma.2024.104018,1,1,0,Thermal conductivity of three-dimensional multi-material core-shell filament structures obtained by material extrusion,2024,Additive manufacturing,10.1016/j.addma.2024.104018,https://doi.org/10.1016/j.addma.2024.104018,
both_openalex_crossref,Crossref; OpenAlex,doi:10.1016/j.addma.2024.104447,1,1,0,Tomographic projection optimization for volumetric additive manufacturing with general band constraint Lp-norm minimization,2024,Additive Manufacturing,10.1016/j.addma.2024.104447,https://doi.org/10.1016/j.addma.2024.104447,
both_openalex_crossref,Crossref; OpenAlex,doi:10.1016/j.addma.2024.104094,1,1,0,Volumetric additive manufacturing: A new frontier in layer-less 3D printing,2024,Additive Manufacturing,10.1016/j.addma.2024.104094,https://doi.org/10.1016/j.addma.2024.104094,
both_openalex_crossref,Crossref; OpenAlex,doi:10.1201/9781003343868-12,1,1,0,Additive Manufacturing of Multi-Material Structures,2025,Additive manufacturing,10.1201/9781003343868-12,https://doi.org/10.1201/9781003343868-12,
both_openalex_crossref,Crossref; OpenAlex,doi:10.1016/j.addma.2025.104850,1,1,0,Exploring the impact of volumetric additive manufacturing of photo-crosslinkable gelatin on mesenchymal stromal cell behavior and differentiation,2025,Additive Manufacturing,10.1016/j.addma.2025.104850,https://doi.org/10.1016/j.addma.2025.104850,
both_openalex_crossref,Crossref; OpenAlex,doi:10.1016/j.addma.2025.105074,1,1,0,"Exploring the mechanical, biological and degradation properties of PVA and PETG for engineering multi-material 4D printed actuators triggered by degradation",2025,Additive manufacturing,10.1016/j.addma.2025.105074,https://doi.org/10.1016/j.addma.2025.105074,
both_openalex_crossref,Crossref; OpenAlex,doi:10.1016/j.addma.2025.105038,1,1,0,High-performance electromagnetic micropumps fabricated via multi-material jetting additive manufacturing,2025,Additive manufacturing,10.1016/j.addma.2025.105038,https://doi.org/10.1016/j.addma.2025.105038,
both_openalex_crossref,Crossref; OpenAlex,doi:10.1016/j.addma.2025.104844,1,1,0,Impact of oxygen inhibition on (meth)acrylate photopolymerization in tomographic volumetric printing,2025,Additive Manufacturing,10.1016/j.addma.2025.104844,https://doi.org/10.1016/j.addma.2025.104844,
both_openalex_crossref,Crossref; OpenAlex,doi:10.1016/j.addma.2025.104963,1,1,0,Implicit toolpath generation for functionally graded additive manufacturing via gradient-informed slicing,2025,Additive manufacturing,10.1016/j.addma.2025.104963,https://doi.org/10.1016/j.addma.2025.104963,
both_openalex_crossref,Crossref; OpenAlex,doi:10.1016/j.addma.2025.104817,1,1,0,In-process density measurement for model-based process optimization of functionally graded foam microcellular structures in material extrusion additive manufacturing,2025,Additive manufacturing,10.1016/j.addma.2025.104817,https://doi.org/10.1016/j.addma.2025.104817,
both_openalex_crossref,Crossref; OpenAlex,doi:10.1016/j.addma.2025.104781,1,1,0,Investigating thermal strains and chemical shrinkage in tomographic volumetric additive manufacturing,2025,Additive Manufacturing,10.1016/j.addma.2025.104781,https://doi.org/10.1016/j.addma.2025.104781,
both_openalex_crossref,Crossref; OpenAlex,doi:10.1016/j.addma.2025.104999,1,1,0,Metastable phase transformations are key to graded immiscible multi-materials via additive manufacturing,2025,Additive manufacturing,10.1016/j.addma.2025.104999,https://doi.org/10.1016/j.addma.2025.104999,
both_openalex_crossref,Crossref; OpenAlex,doi:10.1016/j.addma.2025.104959,1,1,0,Multi-material nozzle geometry design optimization for bioprinting,2025,Additive manufacturing,10.1016/j.addma.2025.104959,https://doi.org/10.1016/j.addma.2025.104959,
both_openalex_crossref,Crossref; OpenAlex,doi:10.1016/j.addma.2025.105059,1,1,0,"Non-planar additive manufacturing: A comprehensive review of path planning, system integration, process control, and applications",2025,Additive manufacturing,10.1016/j.addma.2025.105059,https://doi.org/10.1016/j.addma.2025.105059,
both_openalex_crossref,Crossref; OpenAlex,doi:10.1016/j.addma.2025.104992,1,1,0,Reinforcement learning-enabled design of topological interlocking materials for sustainable multi-material additive manufacturing,2025,Additive manufacturing,10.1016/j.addma.2025.104992,https://doi.org/10.1016/j.addma.2025.104992,
both_openalex_crossref,Crossref; OpenAlex,doi:10.1016/j.addma.2025.105009,1,1,0,Resolving hydrophilic–hydrophobic resin mismatch for single-step volumetric additive manufacturing of cell-adhesive polyesters,2025,Additive Manufacturing,10.1016/j.addma.2025.105009,https://doi.org/10.1016/j.addma.2025.105009,
both_openalex_crossref,Crossref; OpenAlex,doi:10.1016/j.addma.2025.104971,1,1,0,"Revealing the interplay between element mixing, intermetallics, and microcracks in multi-material laser additive manufacturing",2025,Additive manufacturing,10.1016/j.addma.2025.104971,https://doi.org/10.1016/j.addma.2025.104971,
both_openalex_crossref,Crossref; OpenAlex,doi:10.1016/j.addma.2024.104631,1,1,0,Simulation-in-the-loop additive manufacturing for real-time structural validation and digital twin development,2025,Additive Manufacturing,10.1016/j.addma.2024.104631,https://doi.org/10.1016/j.addma.2024.104631,
both_openalex_crossref,Crossref; OpenAlex,doi:10.1016/j.addma.2025.104774,1,1,0,Simultaneous topology and toolpath optimization for layer-free multi-axis additive manufacturing of 3D composite structures,2025,Additive manufacturing,10.1016/j.addma.2025.104774,https://doi.org/10.1016/j.addma.2025.104774,
both_openalex_crossref,Crossref; OpenAlex,doi:10.1016/j.addma.2026.105137,1,0,1,A meshing framework for digital twins for extrusion based additive manufacturing,2026,Additive Manufacturing,10.1016/j.addma.2026.105137,https://doi.org/10.1016/j.addma.2026.105137,low_relevance:1
both_openalex_crossref,Crossref; OpenAlex,doi:10.1016/j.addma.2025.105054,1,1,0,Experimental validation of the Ensemble Kalman Filter as a Laser Powder Bed Fusion digital twin,2026,Additive Manufacturing,10.1016/j.addma.2025.105054,https://doi.org/10.1016/j.addma.2025.105054,
both_openalex_crossref,Crossref; OpenAlex,doi:10.1016/j.amf.2026.200359,1,1,0,Spatially programmable 4D printing of photoresponsive liquid crystal elastomers for adaptive energy dissipation,2026,Additive Manufacturing Frontiers,10.1016/j.amf.2026.200359,https://doi.org/10.1016/j.amf.2026.200359,
both_openalex_crossref,Crossref; OpenAlex,doi:10.1016/j.addlet.2026.100396,1,1,0,Beyond lattices: A geometry-first computational design framework for additive manufacturing of porous architectures,2026,Additive Manufacturing Letters,10.1016/j.addlet.2026.100396,https://doi.org/10.1016/j.addlet.2026.100396,
both_openalex_crossref,Crossref; OpenAlex,doi:10.62486/978-9915-704-06-7.ch05,1,1,0,3D Printing of Functional Materials and Smart Automation Systems: Integrated Technological Pathways for Modern Oil–Gas–Chemical Engineering,2026,"Advanced composite materials, biopolymers, and additive manufacturing for oil-gas-chemical engineering (English edition)",10.62486/978-9915-704-06-7.ch05,https://doi.org/10.62486/978-9915-704-06-7.ch05,
both_openalex_crossref,Crossref; OpenAlex,doi:10.62486/978-9915-704-06-7.ch04,1,1,0,Automation-Enabled Engineering Futures: Linking Oil-and-Gas Innovation with Renewable Biopolymer Feedstocks for Additive Manufacturing,2026,"Advanced composite materials, biopolymers, and additive manufacturing for oil-gas-chemical engineering (English edition)",10.62486/978-9915-704-06-7.ch04,https://doi.org/10.62486/978-9915-704-06-7.ch04,
both_openalex_crossref,Crossref; OpenAlex,doi:10.1002/adem.202301699,1,1,0,Dual‐Wavelength Vat Photopolymerization 3D Printing with Hybrid Acrylate‐Epoxy Resins: Influence of Resin Composition on Microstructure and Mechanical Properties,2024,Advanced Engineering Materials,10.1002/adem.202301699,https://doi.org/10.1002/adem.202301699,
both_openalex_crossref,Crossref; OpenAlex,doi:10.1002/adem.202301917,1,1,0,Human–Material Interaction Enabled by Fused Filament Fabrication 4D Printing,2024,Advanced Engineering Materials,10.1002/adem.202301917,https://doi.org/10.1002/adem.202301917,
both_openalex_crossref,Crossref; OpenAlex,doi:10.1117/12.3091954,1,1,0,Exploring advanced optical configurations for high-resolution tomographic volumetric additive manufacturing,2026,Advanced Fabrication Technologies for Micro/Nano Optics and Photonics XIX,10.1117/12.3091954,https://doi.org/10.1117/12.3091954,
both_openalex_crossref,Crossref; OpenAlex,doi:10.1117/12.3080463,1,1,0,Intensity adjustment of tomographic volumetric additive manufacturing projection image sets,2026,Advanced Fabrication Technologies for Micro/Nano Optics and Photonics XIX,10.1117/12.3080463,https://doi.org/10.1117/12.3080463,
both_openalex_crossref,Crossref; OpenAlex,doi:10.1117/12.3009478,1,1,0,Manufacturing of metallic components via computed axial lithography and hydrogel infusion additive manufacturing,2024,Advanced Fabrication Technologies for Micro/Nano Optics and Photonics XVII,10.1117/12.3009478,https://doi.org/10.1117/12.3009478,
both_openalex_crossref,Crossref; OpenAlex,doi:10.1117/12.3000331,1,1,0,Multicolor tomographic volumetric printing: property modulation and beyond,2024,Advanced Fabrication Technologies for Micro/Nano Optics and Photonics XVII,10.1117/12.3000331,https://doi.org/10.1117/12.3000331,
both_openalex_crossref,Crossref; OpenAlex,doi:10.1117/12.3042194,1,1,0,An inverse rendering framework for tomographic volumetric additive manufacturing,2025,Advanced Fabrication Technologies for Micro/Nano Optics and Photonics XVIII,10.1117/12.3042194,https://doi.org/10.1117/12.3042194,
both_openalex_crossref,Crossref; OpenAlex,doi:10.1117/12.3042390,1,1,0,Building with volumetric additive manufacturing,2025,Advanced Fabrication Technologies for Micro/Nano Optics and Photonics XVIII,10.1117/12.3042390,https://doi.org/10.1117/12.3042390,
both_openalex_crossref,Crossref; OpenAlex,doi:10.1117/12.3039575,1,1,0,Novel printing geometries for tomographic volumetric additive manufacturing,2025,Advanced Fabrication Technologies for Micro/Nano Optics and Photonics XVIII,10.1117/12.3039575,https://doi.org/10.1117/12.3039575,
both_openalex_crossref,Crossref; OpenAlex,doi:10.1117/12.3048438,1,1,0,Parallax manufacturing: a high dimensionality volumetric additive manufacturing framework,2025,Advanced Fabrication Technologies for Micro/Nano Optics and Photonics XVIII,10.1117/12.3048438,https://doi.org/10.1117/12.3048438,
both_openalex_crossref,Crossref; OpenAlex,doi:10.1117/12.3047445,1,1,0,Volumetric additive manufacturing: where do we go from here?,2025,Advanced Fabrication Technologies for Micro/Nano Optics and Photonics XVIII,10.1117/12.3047445,https://doi.org/10.1117/12.3047445,
both_openalex_crossref,Crossref; OpenAlex,doi:10.1002/adfm.202531982,1,1,0,Dispensing Volumetric Additive Manufacturing,2026,Advanced Functional Materials,10.1002/adfm.202531982,https://doi.org/10.1002/adfm.202531982,
both_openalex_crossref,Crossref; OpenAlex,doi:10.1002/adfm.202522676,1,1,0,Spatially Tailorable Liquid Crystalline Elastomer Alignment During Digital Light Process 3D Printing,2026,Advanced Functional Materials,10.1002/adfm.202522676,https://doi.org/10.1002/adfm.202522676,
both_openalex_crossref,Crossref; OpenAlex,doi:10.1002/aidi.202500177,1,1,0,Self‐Driving Laboratory Optimizes the Lower Critical Solution Temperature of Thermoresponsive Polymers,2026,Advanced Intelligent Discovery,10.1002/aidi.202500177,https://doi.org/10.1002/aidi.202500177,
both_openalex_crossref,Crossref; OpenAlex,doi:10.1002/aisy.202300505,1,1,0,Diversity‐Based Topology Optimization of Soft Robotic Grippers,2024,Advanced Intelligent Systems,10.1002/aisy.202300505,https://doi.org/10.1002/aisy.202300505,
both_openalex_crossref,Crossref; OpenAlex,doi:10.1002/aisy.202600008,1,0,1,A Self‐Driving Lab for Solution‐Processed Electrochromic Thin Films,2026,Advanced Intelligent Systems,10.1002/aisy.202600008,https://doi.org/10.1002/aisy.202600008,low_relevance:1
both_openalex_crossref,Crossref; OpenAlex,doi:10.1002/aisy.202501277,1,1,0,Electrothermally Controlled 3D‐Printed Shape Memory Polymers for Near‐Ambient Temperature Soft Robotic Applications,2026,Advanced Intelligent Systems,10.1002/aisy.202501277,https://doi.org/10.1002/aisy.202501277,
both_openalex_crossref,Crossref; OpenAlex,doi:10.1002/aisy.70431,1,0,1,One‐Shot Multimaterial 3D Printing of a Flexible Spine for a Robotic Fish Prototype,2026,Advanced Intelligent Systems,10.1002/aisy.70431,https://doi.org/10.1002/aisy.70431,low_relevance:1
both_openalex_crossref,Crossref; OpenAlex,doi:10.1002/adma.202310743,1,1,0,Liquid Crystal Elastomer Lattices with Thermally Programmable Deformation via Multi‐Material 3D Printing,2024,Advanced Materials,10.1002/adma.202310743,https://doi.org/10.1002/adma.202310743,
both_openalex_crossref,Crossref; OpenAlex,doi:10.1002/admt.202500078,1,1,0,4D Printing of Polymer‐Dispersed Liquid Crystal Elastomers toward Tunable Vibration Isolation and Cushioning Properties,2025,Advanced Materials Technologies,10.1002/admt.202500078,https://doi.org/10.1002/admt.202500078,
both_openalex_crossref,Crossref; OpenAlex,doi:10.1002/admt.202501075,1,0,1,Multimaterial Microrobots for pH Sensing Fabricated Using Sequential 3D and 4D Printing with Automated Alignment,2025,Advanced Materials Technologies,10.1002/admt.202501075,https://doi.org/10.1002/admt.202501075,low_relevance:1
both_openalex_crossref,Crossref; OpenAlex,doi:10.1002/admt.202501581,1,0,1,Rotary 4D Printing of Programmable Metamaterials on Sustainable 4D Mandrel,2025,Advanced Materials Technologies,10.1002/admt.202501581,https://doi.org/10.1002/admt.202501581,low_relevance:1
both_openalex_crossref,Crossref; OpenAlex,doi:10.1002/admt.202501649,1,1,0,Tomographic Volumetric Additive Manufacturing of Silica Glass with In Situ Error Calculation and Projection Tiling,2025,Advanced Materials Technologies,10.1002/admt.202501649,https://doi.org/10.1002/admt.202501649,
both_openalex_crossref,Crossref; OpenAlex,doi:10.1002/admt.202501355,1,1,0,A Thermally Expandable Resin for the Volumetric Additive Manufacturing of Shape‐Memory Functional Foams,2026,Advanced Materials Technologies,10.1002/admt.202501355,https://doi.org/10.1002/admt.202501355,
both_openalex_crossref,Crossref; OpenAlex,doi:10.1002/adrr.202500064,1,1,0,Multi‐Material Additive Manufacturing of Soft Robotic Systems: A Comprehensive Review,2025,Advanced Robotics Research,10.1002/adrr.202500064,https://doi.org/10.1002/adrr.202500064,
both_openalex_crossref,Crossref; OpenAlex,doi:10.1002/adrr.202500054,1,1,0,Design Optimization of a Variable Stiffness Robotic Gripper with Passive Restoration Fabricated by Multimaterial 3D Printing,2026,Advanced Robotics Research,10.1002/adrr.202500054,https://doi.org/10.1002/adrr.202500054,
both_openalex_crossref,Crossref; OpenAlex,doi:10.1002/advs.202308561,1,1,0,Photochemically Induced Propulsion of a 4D Printed Liquid Crystal Elastomer Biomimetic Swimmer,2024,Advanced Science,10.1002/advs.202308561,https://doi.org/10.1002/advs.202308561,
both_openalex_crossref,Crossref; OpenAlex,doi:10.1002/advs.75656,1,1,0,Correction to “Volumetric Additive Manufacturing of Dicyclopentadiene by Solid‐State Photopolymerization”,2026,Advanced Science,10.1002/advs.75656,https://doi.org/10.1002/advs.75656,
both_openalex_crossref,Crossref; OpenAlex,doi:10.1002/advs.202517605,1,1,0,DLP 4D Printing of Programmable Molecularly‐Engineered Liquid Crystal Elastomer Actuators,2026,Advanced Science,10.1002/advs.202517605,https://doi.org/10.1002/advs.202517605,
both_openalex_crossref,Crossref; OpenAlex,doi:10.1007/s40436-026-00599-8,1,1,0,Influence of thermal effects and fluid dynamics on part sedimentation in volumetric additive manufacturing,2026,Advances in Manufacturing,10.1007/s40436-026-00599-8,https://doi.org/10.1007/s40436-026-00599-8,
both_openalex_crossref,Crossref; OpenAlex,doi:10.63125/3gq6b691,1,0,1,Artificial Intelligence and Digital Twins in Smart Real Estate Asset Management: A Framework for Sustainable Urban Development,2026,American Journal of Data Science and Analytics,10.63125/3gq6b691,https://doi.org/10.63125/3gq6b691,low_relevance:1
both_openalex_crossref,Crossref; OpenAlex,doi:10.54254/2755-2721/2025.gl27145,1,0,1,Adaptive Slicing Algorithm and Path Planning for Additive Manufacturing of Aerospace Parts,2025,Applied and Computational Engineering,10.54254/2755-2721/2025.gl27145,https://doi.org/10.54254/2755-2721/2025.gl27145,low_relevance:1
both_openalex_crossref,Crossref; OpenAlex,doi:10.54254/2755-2721/2025.gl27143,1,1,0,Research Progress of Volumetric Additive Manufacturing,2025,Applied and Computational Engineering,10.54254/2755-2721/2025.gl27143,https://doi.org/10.54254/2755-2721/2025.gl27143,
both_openalex_crossref,Crossref; OpenAlex,doi:10.1016/j.apmt.2025.103064,1,0,1,Shape-morphing photo-crosslinked alginate hydrogels via digital light processing 4D printing,2026,Applied Materials Today,10.1016/j.apmt.2025.103064,https://doi.org/10.1016/j.apmt.2025.103064,low_relevance:1
both_openalex_crossref,Crossref; OpenAlex,doi:10.1063/5.0271688,1,0,1,"Acoustics in additive manufacturing: A path toward contactless, scalable, and high-precision manufacturing",2025,Applied Physics Reviews,10.1063/5.0271688,https://doi.org/10.1063/5.0271688,low_relevance:1
both_openalex_crossref,Crossref; OpenAlex,doi:10.3390/app15126434,1,1,0,Computed Tomography-Driven Design and Fused Filament Fabrication of Graded Density Bone Scaffolds,2025,Applied Sciences,10.3390/app15126434,https://doi.org/10.3390/app15126434,
both_openalex_crossref,Crossref; OpenAlex,doi:10.3390/app152111641,1,1,0,Electroconductive Thermosensitive Shape Memory Polymers Manufactured by Fused Filament Fabrication: A Critical Review,2025,Applied Sciences,10.3390/app152111641,https://doi.org/10.3390/app152111641,
both_openalex_crossref,Crossref; OpenAlex,doi:10.3390/app15179703,1,1,0,Review of the Integration of Fused Filament Fabrication with Complementary Methods for Fabricating Hierarchical Porous Polymer Structures,2025,Applied Sciences,10.3390/app15179703,https://doi.org/10.3390/app15179703,
both_openalex_crossref,Crossref; OpenAlex,doi:10.63125/r0n6bc88,1,0,1,IMPACT OF ADVANCED LUBRICATION MANAGEMENT SYSTEMS ON EQUIPMENT LONGEVITY AND OPERATIONAL EFFICIENCY IN SMART MANUFACTURING ENVIRONMENTS,2025,ASRC Procedia: Global Perspectives in Science and Scholarship,10.63125/r0n6bc88,https://doi.org/10.63125/r0n6bc88,low_relevance:1
both_openalex_crossref,Crossref; OpenAlex,doi:10.1002/best.70147,1,0,1,Development of a Consistent Digital Process Chain from an Adaptable Modular Bridge Design to Intelligent Additive Manufacturing Utilizing Cyber‐Physical Systems,2026,Beton- und Stahlbetonbau,10.1002/best.70147,https://doi.org/10.1002/best.70147,low_relevance:1
both_openalex_crossref,Crossref; OpenAlex,doi:10.1016/j.bprint.2025.e00436,1,1,0,"Exploring 4D printing for biomedical applications: Advancements, challenges, and future perspectives",2025,Bioprinting,10.1016/j.bprint.2025.e00436,https://doi.org/10.1016/j.bprint.2025.e00436,
both_openalex_crossref,Crossref; OpenAlex,doi:10.32996/bjmss.2025.3.2.5,1,0,1,Digital Twin-Based Process Optimization and Defect Prediction in Metal Additive Manufacturing for Critical Mechanical Components,2025,British Journal of Multidisciplinary Studies,10.32996/bjmss.2025.3.2.5,https://doi.org/10.32996/bjmss.2025.3.2.5,low_relevance:1
both_openalex_crossref,Crossref; OpenAlex,doi:10.1016/j.xcrp.2025.102835,1,1,0,Tailored helix morphing of 3D-printed liquid crystal elastomer bilayers,2025,Cell Reports Physical Science,10.1016/j.xcrp.2025.102835,https://doi.org/10.1016/j.xcrp.2025.102835,
both_openalex_crossref,Crossref; OpenAlex,doi:10.1021/cbe.4c00027,1,1,0,4D Printing of Shape-Morphing Liquid Crystal Elastomers,2024,Chem & Bio Engineering,10.1021/cbe.4c00027,https://doi.org/10.1021/cbe.4c00027,
both_openalex_crossref,Crossref; OpenAlex,doi:10.1021/cbe.5c00152,1,0,1,3D/4D Printing,2026,Chem &amp; Bio Engineering,10.1021/cbe.5c00152,https://doi.org/10.1021/cbe.5c00152,low_relevance:1
both_openalex_crossref,Crossref; OpenAlex,doi:10.1016/j.cej.2025.160261,1,0,1,Sweat gland-inspired skin soft actuators of the liquid crystal elastomer enabled by 3D printing,2025,Chemical Engineering Journal,10.1016/j.cej.2025.160261,https://doi.org/10.1016/j.cej.2025.160261,low_relevance:1
both_openalex_crossref,Crossref; OpenAlex,doi:10.1016/j.cej.2025.172280,1,0,1,Direct ink writing 3D printing of near-infrared light-responsive MXene/liquid crystal elastomer composites,2026,Chemical Engineering Journal,10.1016/j.cej.2025.172280,https://doi.org/10.1016/j.cej.2025.172280,low_relevance:1
both_openalex_crossref,Crossref; OpenAlex,doi:10.1002/cplu.202500049,1,1,0,"4D Printing with Liquid Crystal Elastomers: Materials, Methods, and Emerging Applications",2025,ChemPlusChem,10.1002/cplu.202500049,https://doi.org/10.1002/cplu.202500049,
both_openalex_crossref,Crossref; OpenAlex,doi:10.26434/chemrxiv-2024-dp30s,1,0,1,Alignment and Actuation of Liquid Crystals via 3D Confinement and Two-Photon Laser Printing,2024,ChemRxiv,10.26434/chemrxiv-2024-dp30s,https://doi.org/10.26434/chemrxiv-2024-dp30s,duplicate_title:1
both_openalex_crossref,Crossref; OpenAlex,doi:10.26434/chemrxiv.15001858/v2,1,0,1,A modular and affordable self-driving laboratory enables vision-guided optimization of metal electrodeposition,2026,ChemRxiv,10.26434/chemrxiv.15001858/v2,https://doi.org/10.26434/chemrxiv.15001858/v2,low_relevance:1
both_openalex_crossref,Crossref; OpenAlex,doi:10.26434/chemrxiv.15001858/v1,1,0,1,A modular and affordable self-driving laboratory enables vision-guided optimization of metal electrodeposition,2026,ChemRxiv,10.26434/chemrxiv.15001858/v1,https://doi.org/10.26434/chemrxiv.15001858/v1,low_relevance:1
both_openalex_crossref,Crossref; OpenAlex,doi:10.26434/chemrxiv.15000912/v1,1,1,0,Deep Learning for Materials and Additive Manufacturing: Towards AI-Enabled Closed-Loop Systems,2026,ChemRxiv,10.26434/chemrxiv.15000912/v1,https://doi.org/10.26434/chemrxiv.15000912/v1,
both_openalex_crossref,Crossref; OpenAlex,doi:10.26434/chemrxiv.15001042/v1,1,1,0,Visualizing Catalyst Materials with Multi-Material 3D Printing,2026,ChemRxiv,10.26434/chemrxiv.15001042/v1,https://doi.org/10.26434/chemrxiv.15001042/v1,
both_openalex_crossref,Crossref; OpenAlex,doi:10.1007/s10118-025-3288-8,1,1,0,Investigating the Influence of Printing Parameters on the Helical Deformation of 4D-printed Liquid Crystal Elastomer Fiber-actuators,2025,Chinese Journal of Polymer Science,10.1007/s10118-025-3288-8,https://doi.org/10.1007/s10118-025-3288-8,
both_openalex_crossref,Crossref; OpenAlex,doi:10.1007/978-981-99-8405-3_44,1,1,0,Printing Compound-Curved Sandwich Structures with Robotic Multi-Bias Additive Manufacturing,2024,Computational design and robotic fabrication,10.1007/978-981-99-8405-3_44,https://doi.org/10.1007/978-981-99-8405-3_44,
both_openalex_crossref,Crossref; OpenAlex,doi:10.1117/12.3099007,1,0,1,Towards a fully differentiable digital twin for solar cells,2026,Computational Optics 2026,10.1117/12.3099007,https://doi.org/10.1117/12.3099007,low_relevance:1
both_openalex_crossref,Crossref; OpenAlex,doi:10.32604/cmc.2026.075197,1,0,1,A Digital Twin Approach for Agile Additive Manufacturing of Automotive Components,2026,"Computers, Materials &amp; Continua",10.32604/cmc.2026.075197,https://doi.org/10.32604/cmc.2026.075197,low_relevance:1
both_openalex_crossref,Crossref; OpenAlex,doi:10.1080/27525783.2026.2645373,1,0,1,D2M (design-to-manufacturing) by integrating digital twins and large language models: conceptual framework,2026,Digital Twin,10.1080/27525783.2026.2645373,https://doi.org/10.1080/27525783.2026.2645373,low_relevance:1
both_openalex_crossref,Crossref; OpenAlex,doi:10.1080/27525783.2026.2668886,1,0,1,Identifying and characterising uncertainty in digital twin engineering,2026,Digital Twin,10.1080/27525783.2026.2668886,https://doi.org/10.1080/27525783.2026.2668886,low_relevance:1
both_openalex_crossref,Crossref; OpenAlex,doi:10.1080/27525783.2026.2613469,1,1,0,"Quality-centric digital twins in additive manufacturing: a review of the state-of-the-art, challenges, and future directions",2026,Digital Twin,10.1080/27525783.2026.2613469,https://doi.org/10.1080/27525783.2026.2613469,
both_openalex_crossref,Crossref; OpenAlex,doi:10.1007/s44245-026-00234-7,1,1,0,Influence of surface morphology on joint properties of additively manufactured stainless steel/CF-PEEK-hybrids,2026,Discover Mechanical Engineering,10.1007/s44245-026-00234-7,https://doi.org/10.1007/s44245-026-00234-7,
both_openalex_crossref,Crossref; OpenAlex,doi:10.3390/electronics15040848,1,1,0,Design and Experimental Validation of a 3D-Printed Hybrid Soft Robotic Gripper for Delicate Object Manipulation,2026,Electronics,10.3390/electronics15040848,https://doi.org/10.3390/electronics15040848,
both_openalex_crossref,Crossref; OpenAlex,doi:10.1016/b978-0-443-13673-3.00010-9,1,1,0,Liquid crystal elastomers 4D printing,2024,Elsevier eBooks,10.1016/b978-0-443-13673-3.00010-9,https://doi.org/10.1016/b978-0-443-13673-3.00010-9,
both_openalex_crossref,Crossref; OpenAlex,doi:10.1117/12.3043069,1,1,0,Implementation of a micro electromechanical system (MEMS) phase-only light modulator (PLM) for holographic volumetric additive manufacturing,2025,Emerging Digital Micromirror Device Based Systems and Applications XVII,10.1117/12.3043069,https://doi.org/10.1117/12.3043069,
both_openalex_crossref,Crossref; OpenAlex,doi:10.1016/j.engstruct.2026.123121,1,1,0,Bio-inspired 4D-printed NiTi alloy metamaterials with dynamically tunable stiffness for intelligent impact protection,2026,Engineering Structures,10.1016/j.engstruct.2026.123121,https://doi.org/10.1016/j.engstruct.2026.123121,
both_openalex_crossref,Crossref; OpenAlex,doi:10.1007/s00366-026-02334-0,1,1,0,Learning-based toolpath planning for bed-based additive manufacturing,2026,Engineering With Computers,10.1007/s00366-026-02334-0,https://doi.org/10.1007/s00366-026-02334-0,
both_openalex_crossref,Crossref; OpenAlex,doi:10.1016/j.eurpolymj.2024.113648,1,1,0,Toward DLP 4D printing of liquid crystal elastomers: Tailored properties via non-mesogenic linkers,2024,European Polymer Journal,10.1016/j.eurpolymj.2024.113648,https://doi.org/10.1016/j.eurpolymj.2024.113648,
both_openalex_crossref,Crossref; OpenAlex,doi:10.1016/j.eurpolymj.2026.114895,1,1,0,"Durability of stimuli-responsive materials in space: a review of 4D printing processes, properties, and prospects",2026,European Polymer Journal,10.1016/j.eurpolymj.2026.114895,https://doi.org/10.1016/j.eurpolymj.2026.114895,
both_openalex_crossref,Crossref; OpenAlex,doi:10.3389/fbioe.2024.1347666,1,0,1,3D and 4D assembly of functional structures using shape-morphing materials for biological applications,2024,Frontiers in Bioengineering and Biotechnology,10.3389/fbioe.2024.1347666,https://doi.org/10.3389/fbioe.2024.1347666,low_relevance:1
both_openalex_crossref,Crossref; OpenAlex,doi:10.3389/fmech.2026.1802237,1,1,0,"Advances in multi-material polymer 3D printing depositions: techniques, materials combinations, challenges, and emerging applications",2026,Frontiers in Mechanical Engineering,10.3389/fmech.2026.1802237,https://doi.org/10.3389/fmech.2026.1802237,
both_openalex_crossref,Crossref; OpenAlex,doi:10.3389/fmech.2026.1847187,1,0,1,Towards digital twin-based robotic additive manufacturing for wind turbine blade repair,2026,Frontiers in Mechanical Engineering,10.3389/fmech.2026.1847187,https://doi.org/10.3389/fmech.2026.1847187,low_relevance:1
both_openalex_crossref,Crossref; OpenAlex,doi:10.1088/2631-6331/ad304e,1,1,0,Path planning of complicated hierarchical thin-wall structures using multi-material additive manufacturing technology,2024,Functional Composites and Structures,10.1088/2631-6331/ad304e,https://doi.org/10.1088/2631-6331/ad304e,
both_openalex_crossref,Crossref; OpenAlex,doi:10.1002/9783527854578.ch01,1,1,0,Evolution of Hydrogels – From Basic to Functional,2026,Functional Hydrogels,10.1002/9783527854578.ch01,https://doi.org/10.1002/9783527854578.ch01,
both_openalex_crossref,Crossref; OpenAlex,doi:10.1002/9783527854578.ch08,1,1,0,Shape‐memory Hydrogels,2026,Functional Hydrogels,10.1002/9783527854578.ch08,https://doi.org/10.1002/9783527854578.ch08,
both_openalex_crossref,Crossref; OpenAlex,doi:10.3390/gels11080582,1,1,0,Machine Learning in Gel-Based Additive Manufacturing: From Material Design to Process Optimization,2025,Gels,10.3390/gels11080582,https://doi.org/10.3390/gels11080582,
both_openalex_crossref,Crossref; OpenAlex,doi:10.3390/gels12020138,1,0,1,Design and Application of Stimuli-Responsive Hydrogels for 4D Printing: A Review of Adaptive Materials in Engineering,2026,Gels,10.3390/gels12020138,https://doi.org/10.3390/gels12020138,low_relevance:1
both_openalex_crossref,Crossref; OpenAlex,doi:10.31891/2307-5732-2026-365-98,1,0,1,МЕЖІ КОМП’ЮТЕРНОГО ЗОРУ В КОНТРОЛІ ЯКОСТІ FDM/FFF ДРУКУ ТА АЛЬТЕРНАТИВНІ МЕТОДИ ДІАГНОСТИКИ,2026,Herald of Khmelnytskyi National University. Technical sciences,10.31891/2307-5732-2026-365-98,https://doi.org/10.31891/2307-5732-2026-365-98,low_relevance:1
both_openalex_crossref,Crossref; OpenAlex,doi:10.1109/access.2024.3369493,1,1,0,Manufacturing of 3D Printed Soft Grippers: A Review,2024,IEEE Access,10.1109/access.2024.3369493,https://doi.org/10.1109/access.2024.3369493,
both_openalex_crossref,Crossref; OpenAlex,doi:10.1049/cim2.70055,1,1,0,From Digital Twins to Immersive Manufacturing: XR and Gesture‐Based Control for Enhancing Human–Robot Collaboration,2026,IET Collaborative Intelligent Manufacturing,10.1049/cim2.70055,https://doi.org/10.1049/cim2.70055,
both_openalex_crossref,Crossref; OpenAlex,doi:10.58532/nbennurscsdcm,1,0,1,"SMART CIVIL SYSTEMS: DESIGN, CONSTRUCTION, AND MAINTENANCE IN THE DIGITAL ERA",2026,IIP Series,10.58532/nbennurscsdcm,https://doi.org/10.58532/nbennurscsdcm,low_relevance:1
both_openalex_crossref,Crossref; OpenAlex,doi:10.5772/intechopen.1007333,1,1,0,"Rotary Robotic Additive Manufacturing: Type Synthesis, Process Planning, and Applications",2025,Industrial engineering and management.,10.5772/intechopen.1007333,https://doi.org/10.5772/intechopen.1007333,
both_openalex_crossref,Crossref; OpenAlex,doi:10.5772/intechopen.1013635,1,0,1,Perspective Chapter: Cyber Physical Security in Smart Manufacturing,2026,IntechOpen eBooks,10.5772/intechopen.1013635,https://doi.org/10.5772/intechopen.1013635,low_relevance:1
both_openalex_crossref,Crossref; OpenAlex,doi:10.18485/arh_pt.2025.10.ch39,1,0,1,"Outgrowing the 3D: 4D Printing Technology as a Vessle for Lively, Responsive Spaces",2025,International Academic Conference on Places and Technologies,10.18485/arh_pt.2025.10.ch39,https://doi.org/10.18485/arh_pt.2025.10.ch39,low_relevance:1
both_openalex_crossref,Crossref; OpenAlex,doi:10.1117/12.3088793,1,1,0,Structural design of a multimaterial DLP photocuring 3D printer for unsupported printing,2026,"International Conference on Mechanical, Engineering, and Interaction Design (ICMEID 2025)",10.1117/12.3088793,https://doi.org/10.1117/12.3088793,
both_openalex_crossref,Crossref; OpenAlex,doi:10.36922/ijb026140128,1,1,0,A generalized printing process window for preventing surface overcuring in volumetric additive manufacturing,2026,International Journal of Bioprinting,10.36922/ijb026140128,https://doi.org/10.36922/ijb026140128,
both_openalex_crossref,Crossref; OpenAlex,doi:10.62051/ijcsit.v6n1.10,1,1,0,Path Planning Techniques for Additive Manufacturing: A Review,2025,International Journal of Computer Science and Information Technology,10.62051/ijcsit.v6n1.10,https://doi.org/10.62051/ijcsit.v6n1.10,
both_openalex_crossref,Crossref; OpenAlex,doi:10.1007/s12289-026-02009-7,1,0,1,Hybrid tools for tube bending processes using additive manufacturing and digital twin,2026,International Journal of Material Forming,10.1007/s12289-026-02009-7,https://doi.org/10.1007/s12289-026-02009-7,duplicate_title:1
both_openalex_crossref,Crossref; OpenAlex,doi:10.1016/j.ijmecsci.2025.110299,1,0,1,Single-process 3D-printed bimorph electrothermal soft actuators,2025,International Journal of Mechanical Sciences,10.1016/j.ijmecsci.2025.110299,https://doi.org/10.1016/j.ijmecsci.2025.110299,low_relevance:1
both_openalex_crossref,Crossref; OpenAlex,doi:10.1016/j.ijmecsci.2026.111436,1,0,1,Enhancing performance and reusability of multi-material honeycomb metamaterials via blended FDM,2026,International Journal of Mechanical Sciences,10.1016/j.ijmecsci.2026.111436,https://doi.org/10.1016/j.ijmecsci.2026.111436,low_relevance:1
both_openalex_crossref,Crossref; OpenAlex,doi:10.1080/19475411.2024.2332645,1,1,0,Carbon fiber reinforced liquid crystalline elastomer composites: a dual exploration in strength augmentation and transformation flexibility through 4D printing,2024,International Journal of Smart and Nano Materials,10.1080/19475411.2024.2332645,https://doi.org/10.1080/19475411.2024.2332645,
both_openalex_crossref,Crossref; OpenAlex,doi:10.63090/ijtrs/3139.1788.0012,1,0,1,Digital Twin-Driven Predictive Maintenance for Smart Manufacturing Systems,2026,International Journal of Technical Research Studies (IJTRS),10.63090/ijtrs/3139.1788.0012,https://doi.org/10.63090/ijtrs/3139.1788.0012,low_relevance:1
both_openalex_crossref,Crossref; OpenAlex,doi:10.1007/s12008-025-02395-3,1,1,0,Development of functionally graded properties components via filament foaming in material extrusion,2025,International Journal on Interactive Design and Manufacturing (IJIDeM),10.1007/s12008-025-02395-3,https://doi.org/10.1007/s12008-025-02395-3,
both_openalex_crossref,Crossref; OpenAlex,doi:10.67294/knpyhb26,1,0,1,&lt;b&gt;Conceptualizing Cognitive and Agentic Digital Twins&lt;/b&gt;,2026,International Multidisciplinary Journal of Emerging Technologies and Applications,10.67294/knpyhb26,https://doi.org/10.67294/knpyhb26,low_relevance:1
both_openalex_crossref,Crossref; OpenAlex,doi:10.67294/w1jdxb80,1,1,0,"Bridging Model-Based Systems Engineering, Digital Twins, and Cyber-Physical Manufacturing Systems: A Foundational Framework for Operational Excellence",2026,International Multidisciplinary Journal of Emerging Technologies and Applications,10.67294/w1jdxb80,https://doi.org/10.67294/w1jdxb80,
both_openalex_crossref,Crossref; OpenAlex,doi:10.56726/irjmets86740,1,0,1,Reinforcement Learning for Multi-Objective Toolpath Optimization in Large-Scale Additive Manufacturing: A Novel RL-MOTO Framework Integrating Mechanical Precision with Civil Engineering Scale Requirements,2025,International Research Journal of Modernization in Engineering Technology &amp; Science,10.56726/irjmets86740,https://doi.org/10.56726/irjmets86740,low_relevance:1
both_openalex_crossref,Crossref; OpenAlex,doi:10.1016/j.isci.2026.115746,1,1,0,"High-strength, programmable energy-dissipating liquid crystal elastomers via hydrogen-bond-locked 4D printing",2026,iScience,10.1016/j.isci.2026.115746,https://doi.org/10.1016/j.isci.2026.115746,
both_openalex_crossref,Crossref; OpenAlex,doi:10.1002/amp2.70044,1,1,0,Maneuverability‐Based Speed and Temperature Adaptive Robotic Control (M‐ <scp>STARC</scp> ) for Fiber Steering in Additive Manufacturing,2025,Journal of Advanced Manufacturing and Processing,10.1002/amp2.70044,https://doi.org/10.1002/amp2.70044,
both_openalex_crossref,Crossref; OpenAlex,doi:10.15748/jasse.11.222,1,1,0,Material extrusion-based additive manufacturing with multi-legged robot: fundamental investigation of path planning and manufacturing capabilities,2024,Journal of Advanced Simulation in Science and Engineering,10.15748/jasse.11.222,https://doi.org/10.15748/jasse.11.222,
both_openalex_crossref,Crossref; OpenAlex,doi:10.3390/jcs9110633,1,1,0,"4D-Printed Liquid Crystal Elastomers: Printing Strategies, Actuation Mechanisms, and Emerging Applications",2025,Journal of Composites Science,10.3390/jcs9110633,https://doi.org/10.3390/jcs9110633,
both_openalex_crossref,Crossref; OpenAlex,doi:10.71058/jodac.v10i06002,1,1,0,FUTURE OF 4D PRINTING IN SOFT ROBOTICS AND INTELLIGENT AUTOMATION,2026,Journal of Dynamics and Control,10.71058/jodac.v10i06002,https://doi.org/10.71058/jodac.v10i06002,
both_openalex_crossref,Crossref; OpenAlex,doi:10.1007/s44444-026-00109-y,1,1,0,"AI-assisted, curvature-aware post-slicing G-code optimization for material-efficient FDM printing",2026,Journal of King Saud University - Engineering Sciences,10.1007/s44444-026-00109-y,https://doi.org/10.1007/s44444-026-00109-y,
both_openalex_crossref,Crossref; OpenAlex,doi:10.3390/jmmp8010023,1,0,1,Advancements and Challenges in Additively Manufactured Functionally Graded Materials: A Comprehensive Review,2024,Journal of Manufacturing and Materials Processing,10.3390/jmmp8010023,https://doi.org/10.3390/jmmp8010023,low_relevance:1
both_openalex_crossref,Crossref; OpenAlex,doi:10.3390/jmmp9100334,1,0,1,Artificial Intelligence and Machine Learning in Cold Spray Additive Manufacturing: A Systematic Literature Review,2025,Journal of Manufacturing and Materials Processing,10.3390/jmmp9100334,https://doi.org/10.3390/jmmp9100334,low_relevance:1
both_openalex_crossref,Crossref; OpenAlex,doi:10.3390/jmmp9060178,1,1,0,Computed Tomography-Based Volumetric Additive Manufacturing: Development of a Model Based on Resin Properties and Part Size Interrelationship—Part I,2025,Journal of Manufacturing and Materials Processing,10.3390/jmmp9060178,https://doi.org/10.3390/jmmp9060178,
both_openalex_crossref,Crossref; OpenAlex,doi:10.1016/j.jmsy.2026.05.003,1,0,1,Machine learning-driven digital twin for real-time temperature prediction and adaptive process control in large-scale additive manufacturing,2026,Journal of Manufacturing Systems,10.1016/j.jmsy.2026.05.003,https://doi.org/10.1016/j.jmsy.2026.05.003,low_relevance:1
both_openalex_crossref,Crossref; OpenAlex,doi:10.1039/d5tb01601k,1,1,0,"Fabrication of cell culture devices with integrated microfluidic networks
                    <i>via</i>
                    vat multimaterial 3D printing",2025,Journal of Materials Chemistry B,10.1039/d5tb01601k,https://doi.org/10.1039/d5tb01601k,
both_openalex_crossref,Crossref; OpenAlex,doi:10.32996/jmcie.2026.7.4.1,1,0,1,AI-Driven Digital Twin Framework for Real-Time Optimization of Smart Manufacturing Systems in Industry 5.0,2026,Journal of Mechanical Civil and Industrial Engineering,10.32996/jmcie.2026.7.4.1,https://doi.org/10.32996/jmcie.2026.7.4.1,low_relevance:1
both_openalex_crossref,Crossref; OpenAlex,doi:10.65273/hhit.jna.2026.2.2.035,1,0,1,"TRIPLY PERIODIC MINIMAL SURFACES STRUCTURES IN ENERGY ABSORPTION: A REVIEW OF GEOMETRIC TOPOLOGIES, MANUFACTURING CONSTRAINTS, AND FUTURE SMART MATERIALS",2026,Journal of Nanomaterials and Applications,10.65273/hhit.jna.2026.2.2.035,https://doi.org/10.65273/hhit.jna.2026.2.2.035,low_relevance:1
both_openalex_crossref,Crossref; OpenAlex,doi:10.1007/s40430-024-04957-0,1,1,0,Versatile 3D-printed fin-ray effect soft robotic fingers: lightweight optimization and performance analysis,2024,Journal of the Brazilian Society of Mechanical Sciences and Engineering,10.1007/s40430-024-04957-0,https://doi.org/10.1007/s40430-024-04957-0,
both_openalex_crossref,Crossref; OpenAlex,doi:10.4028/p-li38bj,1,1,0,Thermomechanical Modelling and Shape Prediction in 4D Printing Using FEA,2026,Key engineering materials,10.4028/p-li38bj,https://doi.org/10.4028/p-li38bj,
both_openalex_crossref,Crossref; OpenAlex,doi:10.1117/12.3080942,1,1,0,Volumetric fabrication without lenses: a world-first demonstration,2026,Laser 3D Manufacturing XIII,10.1117/12.3080942,https://doi.org/10.1117/12.3080942,
both_openalex_crossref,Crossref; OpenAlex,doi:10.1117/12.3099950,1,1,0,High efficiency light engine for holographic tomographic volumetric additive manufacturing using phase light modulator (PLM),2026,Lasers and Photonics for Advanced Manufacturing II,10.1117/12.3099950,https://doi.org/10.1117/12.3099950,
both_openalex_crossref,Crossref; OpenAlex,doi:10.37188/lam.2025.063,1,1,0,Linear volumetric additive manufacturing of polymer structures via light initiated direct growth,2025,Light: Advanced Manufacturing,10.37188/lam.2025.063,https://doi.org/10.37188/lam.2025.063,
both_openalex_crossref,Crossref; OpenAlex,doi:10.3390/machines14010097,1,0,1,"Implementation of a Digital Twin in Additive Manufacturing of Copper—Methodology, Implications, and Future Prospects",2026,Machines,10.3390/machines14010097,https://doi.org/10.3390/machines14010097,low_relevance:1
both_openalex_crossref,Crossref; OpenAlex,doi:10.1002/marc.202300717,1,0,1,A Molecular Rheology Dynamics Study on 3D Printing of Liquid Crystal Elastomers,2024,Macromolecular Rapid Communications,10.1002/marc.202300717,https://doi.org/10.1002/marc.202300717,low_relevance:1
both_openalex_crossref,Crossref; OpenAlex,doi:10.1201/9781003633754-6,1,0,1,"Case Studies, Examples, and Highlights",2026,"Material Selection, Product Design and Additive Manufacturing Processes for Operational Sustainability",10.1201/9781003633754-6,https://doi.org/10.1201/9781003633754-6,low_relevance:1
both_openalex_crossref,Crossref; OpenAlex,doi:10.1201/9781003633754-5,1,1,0,Novel Approaches and Applications for Operational Sustainability,2026,"Material Selection, Product Design and Additive Manufacturing Processes for Operational Sustainability",10.1201/9781003633754-5,https://doi.org/10.1201/9781003633754-5,
both_openalex_crossref,Crossref; OpenAlex,doi:10.3390/ma19071307,1,0,1,3D &amp; 4D Printing—In Engineering Applications,2026,Materials,10.3390/ma19071307,https://doi.org/10.3390/ma19071307,low_relevance:1
both_openalex_crossref,Crossref; OpenAlex,doi:10.3390/ma19112346,1,1,0,Dual-Scale Synergistic Design: Oriented Material Stiffness and Deposition Path Planning for Enhanced Performance in Large-Format Additive Manufacturing of Short Carbon Fiber Components,2026,Materials,10.3390/ma19112346,https://doi.org/10.3390/ma19112346,
both_openalex_crossref,Crossref; OpenAlex,doi:10.1039/d5ma01396h,1,1,0,4D printing of unaligned LCE: a facile approach to print photo mobile polymers,2025,Materials Advances,10.1039/d5ma01396h,https://doi.org/10.1039/d5ma01396h,
both_openalex_crossref,Crossref; OpenAlex,doi:10.1039/d5ma00679a,1,1,0,A review of stimuli-responsive materials in 4D bioprinting for biomedical applications,2025,Materials Advances,10.1039/d5ma00679a,https://doi.org/10.1039/d5ma00679a,
both_openalex_crossref,Crossref; OpenAlex,doi:10.1039/d5mh00363f,1,1,0,4D printing of carbon-fiber-reinforced liquid crystal elastomers for self-deployable solar panels,2025,Materials Horizons,10.1039/d5mh00363f,https://doi.org/10.1039/d5mh00363f,
both_openalex_crossref,Crossref; OpenAlex,doi:10.36922/msam025510122,1,0,1,Development of a compact multi-material vat photopolymerization printing solution,2026,Materials Science in Additive Manufacturing,10.36922/msam025510122,https://doi.org/10.36922/msam025510122,low_relevance:1
both_openalex_crossref,Crossref; OpenAlex,doi:10.20535/2521-1943.2025.9.3(106).338860,1,1,0,Numerical modeling and Digital Twins in Wire Arc Additive Manufacturing,2025,Mechanics and Advanced Technologies,10.20535/2521-1943.2025.9.3(106).338860,https://doi.org/10.20535/2521-1943.2025.9.3%28106%29.338860,
both_openalex_crossref,Crossref; OpenAlex,doi:10.1201/9781003731559-20,1,1,0,An Integrated Review of Mechanical Property Modelling from Microstructure-Based Theories to Additive Manufacturing and CAE,2026,Metal Additive Manufacturing,10.1201/9781003731559-20,https://doi.org/10.1201/9781003731559-20,
both_openalex_crossref,Crossref; OpenAlex,doi:10.1201/9781003731559-1,1,0,1,Introduction to Additive Manufacturing of Alloys,2026,Metal Additive Manufacturing,10.1201/9781003731559-1,https://doi.org/10.1201/9781003731559-1,low_relevance:1
both_openalex_crossref,Crossref; OpenAlex,doi:10.1201/9781003731559-3,1,1,0,Types of Metal 3D Printing,2026,Metal Additive Manufacturing,10.1201/9781003731559-3,https://doi.org/10.1201/9781003731559-3,
both_openalex_crossref,Crossref; OpenAlex,doi:10.35925/j.multi.2024.2.20,1,1,0,Robotic systems for advanced additive manufacturing,2024,Multidiszciplináris Tudományok,10.35925/j.multi.2024.2.20,https://doi.org/10.35925/j.multi.2024.2.20,
both_openalex_crossref,Crossref; OpenAlex,doi:10.1117/12.3090447,1,1,0,In-situ monitoring of geometric drift and thermo-mechanical modeling toward a digital twin for thin-wall fused filament fabrication,2026,Multifunctional Materials and Structures II,10.1117/12.3090447,https://doi.org/10.1117/12.3090447,
both_openalex_crossref,Crossref; OpenAlex,doi:10.1186/s40580-024-00452-3,1,1,0,Advances in materials and technologies for digital light processing 3D printing,2024,Nano Convergence,10.1186/s40580-024-00452-3,https://doi.org/10.1186/s40580-024-00452-3,
both_openalex_crossref,Crossref; OpenAlex,doi:10.1515/ntrev-2025-0145,1,0,1,Stimulus-responsive gradient hydrogel micro-actuators fabricated by two-photon polymerization-based 4D printing,2025,Nanotechnology Reviews,10.1515/ntrev-2025-0145,https://doi.org/10.1515/ntrev-2025-0145,low_relevance:1
both_openalex_crossref,Crossref; OpenAlex,doi:10.1038/s41467-024-47480-5,1,1,0,3D printing with a 3D printed digital material filament for programming functional gradients,2024,Nature Communications,10.1038/s41467-024-47480-5,https://doi.org/10.1038/s41467-024-47480-5,
both_openalex_crossref,Crossref; OpenAlex,doi:10.1038/s41467-024-52716-5,1,1,0,4D printing of liquid crystal elastomer composites with continuous fiber reinforcement,2024,Nature Communications,10.1038/s41467-024-52716-5,https://doi.org/10.1038/s41467-024-52716-5,
both_openalex_crossref,Crossref; OpenAlex,doi:10.1038/s41467-024-48159-7,1,1,0,Multi-color dual wavelength vat photopolymerization 3D printing via spatially controlled acidity,2024,Nature Communications,10.1038/s41467-024-48159-7,https://doi.org/10.1038/s41467-024-48159-7,
both_openalex_crossref,Crossref; OpenAlex,doi:10.1038/s41467-024-48919-5,1,1,0,Programmed multimaterial assembly by synergized 3D printing and freeform laser induction,2024,Nature Communications,10.1038/s41467-024-48919-5,https://doi.org/10.1038/s41467-024-48919-5,
both_openalex_crossref,Crossref; OpenAlex,doi:10.1038/s41467-025-62057-6,1,1,0,Additive manufacturing of multi-material and hollow structures by Embedded Extrusion-Volumetric Printing,2025,Nature Communications,10.1038/s41467-025-62057-6,https://doi.org/10.1038/s41467-025-62057-6,
both_openalex_crossref,Crossref; OpenAlex,doi:10.1038/s41467-025-56852-4,1,1,0,Holographic tomographic volumetric additive manufacturing,2025,Nature Communications,10.1038/s41467-025-56852-4,https://doi.org/10.1038/s41467-025-56852-4,
both_openalex_crossref,Crossref; OpenAlex,doi:10.1038/s41467-025-66128-6,1,1,0,Selective infusion of spatially controlled domains via vat photopolymerization 3D-printing for chemically diverse multimaterial parts,2025,Nature Communications,10.1038/s41467-025-66128-6,https://doi.org/10.1038/s41467-025-66128-6,
both_openalex_crossref,Crossref; OpenAlex,doi:10.1038/s41467-026-68370-y,1,1,0,4D printing through vat photopolymerization of two-stage UV-curable liquid crystal elastomers,2026,Nature Communications,10.1038/s41467-026-68370-y,https://doi.org/10.1038/s41467-026-68370-y,
both_openalex_crossref,Crossref; OpenAlex,doi:10.1038/s41467-026-73477-3,1,1,0,Overprinting with tomographic volumetric additive manufacturing,2026,Nature Communications,10.1038/s41467-026-73477-3,https://doi.org/10.1038/s41467-026-73477-3,
both_openalex_crossref,Crossref; OpenAlex,doi:10.1038/s41563-025-02249-z,1,1,0,Hybrid epoxy–acrylate resins for wavelength-selective multimaterial 3D printing,2025,Nature Materials,10.1038/s41563-025-02249-z,https://doi.org/10.1038/s41563-025-02249-z,
both_openalex_crossref,Crossref; OpenAlex,doi:10.1038/s41563-025-02250-6,1,1,0,Multimaterial 3D-printed structures from colour-selective resins,2025,Nature Materials,10.1038/s41563-025-02250-6,https://doi.org/10.1038/s41563-025-02250-6,
both_openalex_crossref,Crossref; OpenAlex,doi:10.1108/978-1-83662-850-720261009,1,0,1,Near term new thinking,2026,Navigating an Evolving Sustainable Built Environment,10.1108/978-1-83662-850-720261009,https://doi.org/10.1108/978-1-83662-850-720261009,low_relevance:1
both_openalex_crossref,Crossref; OpenAlex,doi:10.1016/j.nxmate.2026.102285,1,1,0,"Additive manufacturing of functionally graded materials: Advances, challenges, and strategies for processing and performance optimization",2026,Next Materials,10.1016/j.nxmate.2026.102285,https://doi.org/10.1016/j.nxmate.2026.102285,
both_openalex_crossref,Crossref; OpenAlex,doi:10.1016/j.nxmate.2026.102367,1,0,1,"WIRELY: An all-encompassing universal, scalable, corrective, digital twin for Additive Manufacturing systems",2026,Next Materials,10.1016/j.nxmate.2026.102367,https://doi.org/10.1016/j.nxmate.2026.102367,low_relevance:1
both_openalex_crossref,Crossref; OpenAlex,doi:10.1117/12.3090427,1,0,1,3D-printed smart reinforced beam for in-process monitoring,2026,"Nondestructive Characterization and Monitoring of Advanced Materials, Aerospace, Civil Infrastructure, and Transportation XX",10.1117/12.3090427,https://doi.org/10.1117/12.3090427,low_relevance:1
both_openalex_crossref,Crossref; OpenAlex,doi:10.71340/njhs.1941302,1,1,0,Current 3D Printing and Developed 4D Printing Technologies in Dentistry,2026,Northern Journal of Health Sciences,10.71340/njhs.1941302,https://doi.org/10.71340/njhs.1941302,
both_openalex_crossref,Crossref; OpenAlex,doi:10.1038/s44334-026-00092-x,1,0,1,Thermally elongated thermoplastic nozzles unlock micro-scale multimaterial direct ink writing,2026,npj Advanced Manufacturing,10.1038/s44334-026-00092-x,https://doi.org/10.1038/s44334-026-00092-x,duplicate_title:1
both_openalex_crossref,Crossref; OpenAlex,doi:10.1038/s44334-026-00076-x,1,0,1,Thin-film DLP 3D printing of multi-material parts with closed-cell internal voids,2026,npj Advanced Manufacturing,10.1038/s44334-026-00076-x,https://doi.org/10.1038/s44334-026-00076-x,low_relevance:1
both_openalex_crossref,Crossref; OpenAlex,doi:10.3390/pharmaceutics17111498,1,1,0,Mould-Free Microneedles in a Single Step: 3D Printing with Photopolymer Resins for Transdermal Delivery,2025,Pharmaceutics,10.3390/pharmaceutics17111498,https://doi.org/10.3390/pharmaceutics17111498,
both_openalex_crossref,Crossref; OpenAlex,doi:10.1002/pi.6783,1,1,0,<scp>3D</scp> printing of lignin‐based polymeric composites obtained using liquid crystal display as a vat photopolymerization technique,2025,Polymer International,10.1002/pi.6783,https://doi.org/10.1002/pi.6783,
both_openalex_crossref,Crossref; OpenAlex,doi:10.3390/polym16050700,1,1,0,Advances in Additive Manufacturing of Polymer-Fused Deposition Modeling on Textiles: From 3D Printing to Innovative 4D Printing—A Review,2024,Polymers,10.3390/polym16050700,https://doi.org/10.3390/polym16050700,
both_openalex_crossref,Crossref; OpenAlex,doi:10.3390/polym16111510,1,0,1,Multi-Material 3D Printing of Biobased Epoxy Resins,2024,Polymers,10.3390/polym16111510,https://doi.org/10.3390/polym16111510,low_relevance:1
both_openalex_crossref,Crossref; OpenAlex,doi:10.3390/polym18101213,1,1,0,Chemical and Mechanical Evolution of a Volumetric Additive Manufacturing (VAM) Resin Under High-Temperature Storage,2026,Polymers,10.3390/polym18101213,https://doi.org/10.3390/polym18101213,
both_openalex_crossref,Crossref; OpenAlex,doi:10.20944/preprints202512.1643.v1,1,0,1,Design and Application of Stimuli‐Responsive Hydrogels for 4D Printing: A Review of Adaptive Materials in Engineering,2025,Preprints.org,10.20944/preprints202512.1643.v1,https://doi.org/10.20944/preprints202512.1643.v1,low_relevance:1
both_openalex_crossref,Crossref; OpenAlex,doi:10.20944/preprints202507.0978.v1,1,0,1,Frugal Design and AI-Driven Optimization for Open Material Research: a Multi-Extrusion Technology Platform for Direct Ink Writing,2025,Preprints.org,10.20944/preprints202507.0978.v1,https://doi.org/10.20944/preprints202507.0978.v1,low_relevance:1
both_openalex_crossref,Crossref; OpenAlex,doi:10.21606/drs.2026.1046,1,1,0,A hierarchical and ontology-based taxonomy of stimuli–smart materials–transformation effects in 4D printing as a new interactive modality,2026,Proceedings of DRS,10.21606/drs.2026.1046,https://doi.org/10.21606/drs.2026.1046,
both_openalex_crossref,Crossref; OpenAlex,doi:10.58952/zriut202502007a,1,0,1,3D AND 4D PRINTING FOR WASTE REDUCTION AND RESOURCE OPTIMIZATION,2025,Proceedings of International University Travnik,10.58952/zriut202502007a,https://doi.org/10.58952/zriut202502007a,low_relevance:1
both_openalex_crossref,Crossref; OpenAlex,doi:10.1145/3745756.3809241,1,0,1,Building Audio-Visual Digital Twins with Smartphones,2026,"Proceedings of the 24th Annual International Conference on Mobile Systems, Applications and Services",10.1145/3745756.3809241,https://doi.org/10.1145/3745756.3809241,low_relevance:1
both_openalex_crossref,Crossref; OpenAlex,doi:10.3390/pr14111689,1,1,0,Operational Analysis and Strategic Management of Tomographic Volumetric Additive Manufacturing Systems via Discrete Event Simulation,2026,Processes,10.3390/pr14111689,https://doi.org/10.3390/pr14111689,
both_openalex_crossref,Crossref; OpenAlex,doi:10.3390/pr14030571,1,1,0,Optimization of the Design and Manufacturing Processes for Metal Additive Manufacturing Through Digital Twin,2026,Processes,10.3390/pr14030571,https://doi.org/10.3390/pr14030571,
both_openalex_crossref,Crossref; OpenAlex,doi:10.1007/s40964-025-01257-4,1,1,0,Integration of machine learning and digital twin in additive manufacturing of polymeric-based materials and products,2025,Progress in Additive Manufacturing,10.1007/s40964-025-01257-4,https://doi.org/10.1007/s40964-025-01257-4,
both_openalex_crossref,Crossref; OpenAlex,doi:10.1007/s40964-024-00758-y,1,1,0,Using viscoplastic fluid to suppress part sedimentation in volumetric additive manufacturing,2025,Progress in Additive Manufacturing,10.1007/s40964-024-00758-y,https://doi.org/10.1007/s40964-024-00758-y,
both_openalex_crossref,Crossref; OpenAlex,doi:10.1007/s40964-026-01667-y,1,0,1,Build processes for functionally-graded materials via direct-ink write additive manufacturing,2026,Progress in Additive Manufacturing,10.1007/s40964-026-01667-y,https://doi.org/10.1007/s40964-026-01667-y,low_relevance:1
both_openalex_crossref,Crossref; OpenAlex,doi:10.1007/s40964-026-01720-w,1,0,1,Hybrid injection–volumetric additive manufacturing for rapid fabrication of multi-material and encapsulated reinforced structures in low-viscosity resins,2026,Progress in Additive Manufacturing,10.1007/s40964-026-01720-w,https://doi.org/10.1007/s40964-026-01720-w,low_relevance:1
both_openalex_crossref,Crossref; OpenAlex,doi:10.1007/s40964-026-01543-9,1,0,1,"Multi-material glass additive manufacturing: a review of materials, techniques, and integration challenges",2026,Progress in Additive Manufacturing,10.1007/s40964-026-01543-9,https://doi.org/10.1007/s40964-026-01543-9,low_relevance:1
both_openalex_crossref,Crossref; OpenAlex,doi:10.21203/rs.3.rs-3999221/v1,1,1,0,A Novel Path Planning Approach for Non-planar Robotic Additive Manufacturing to Build and Repair the Parts of Cylindrical Geometry.,2024,Research Square,10.21203/rs.3.rs-3999221/v1,https://doi.org/10.21203/rs.3.rs-3999221/v1,
both_openalex_crossref,Crossref; OpenAlex,doi:10.21203/rs.3.rs-4237033/v1,1,0,1,Hybrid Epoxy-Acrylate Resins for Wavelength-Selective Multimaterial 3D Printing,2024,Research Square,10.21203/rs.3.rs-4237033/v1,https://doi.org/10.21203/rs.3.rs-4237033/v1,duplicate_title:1
both_openalex_crossref,Crossref; OpenAlex,doi:10.21203/rs.3.rs-7830129/v1,1,1,0,Build Processes for Functionally-Graded Materials via Direct-Write Additive Manufacturing,2025,Research Square,10.21203/rs.3.rs-7830129/v1,https://doi.org/10.21203/rs.3.rs-7830129/v1,
both_openalex_crossref,Crossref; OpenAlex,doi:10.21203/rs.3.rs-7699256/v1,1,1,0,"Cost–Reliability Trade-offs in Additive Manufacturing Maintenance: A Digital Twin, Kaplan–Meier, and Monte Carlo Approach",2025,Research Square,10.21203/rs.3.rs-7699256/v1,https://doi.org/10.21203/rs.3.rs-7699256/v1,
both_openalex_crossref,Crossref; OpenAlex,doi:10.21203/rs.3.rs-9345215/v1,1,1,0,A Closed-Loop Machine Learning and Digital Twin Framework for the Discovery of High- Performance Solid-State Electrolytes,2026,Research Square,10.21203/rs.3.rs-9345215/v1,https://doi.org/10.21203/rs.3.rs-9345215/v1,
both_openalex_crossref,Crossref; OpenAlex,doi:10.21203/rs.3.rs-3865454/v2,1,0,1,A Digital Twin Approach for Agile Additive Manufacturing of Automotive Components,2026,Research Square,10.21203/rs.3.rs-3865454/v2,https://doi.org/10.21203/rs.3.rs-3865454/v2,low_relevance:1
both_openalex_crossref,Crossref; OpenAlex,doi:10.21203/rs.3.rs-9750606/v1,1,0,1,Autonomous materials discovery through a tabula rasa active learning framework,2026,Research Square,10.21203/rs.3.rs-9750606/v1,https://doi.org/10.21203/rs.3.rs-9750606/v1,low_relevance:1
both_openalex_crossref,Crossref; OpenAlex,doi:10.21203/rs.3.rs-8542145/v1,1,0,1,Physics-driven Digital Twin Based Architecture of Wire Arc Additive Manufacturing Enabled by Fast Surrogate Calculations,2026,Research Square,10.21203/rs.3.rs-8542145/v1,https://doi.org/10.21203/rs.3.rs-8542145/v1,low_relevance:1
both_openalex_crossref,Crossref; OpenAlex,doi:10.21203/rs.3.rs-8564809/v1,1,1,0,Thermally Elongated Thermoplastic Nozzles Unlock Micro-Scale Multimaterial Direct Ink Writing,2026,Research Square,10.21203/rs.3.rs-8564809/v1,https://doi.org/10.21203/rs.3.rs-8564809/v1,
both_openalex_crossref,Crossref; OpenAlex,doi:10.1002/rpm2.70025,1,0,1,Engineering stimuli‐responsive shape‐morphing through high‐resolution 4D printing,2025,Responsive materials,10.1002/rpm2.70025,https://doi.org/10.1002/rpm2.70025,low_relevance:1
both_openalex_crossref,Crossref; OpenAlex,doi:10.1002/rpm2.70039,1,1,0,4D printing of fast‐responsive liquid crystalline elastomers for light‐driven actuators,2026,Responsive materials,10.1002/rpm2.70039,https://doi.org/10.1002/rpm2.70039,
both_openalex_crossref,Crossref; OpenAlex,doi:10.1016/j.rineng.2025.108087,1,0,1,Systematic review of multiscale thermal prediction models for FDM/FFF additive manufacturing: Toward digital twin integration with physics-informed machine learning,2025,Results in Engineering,10.1016/j.rineng.2025.108087,https://doi.org/10.1016/j.rineng.2025.108087,low_relevance:1
both_openalex_crossref,Crossref; OpenAlex,doi:10.1016/j.rineng.2026.110883,1,1,0,A lightweight embedded 3D-printed soft robotic finger powered by SMA artificial muscle,2026,Results in Engineering,10.1016/j.rineng.2026.110883,https://doi.org/10.1016/j.rineng.2026.110883,
both_openalex_crossref,Crossref; OpenAlex,doi:10.1016/j.rineng.2026.111005,1,0,1,Digital twin–ready acceleration of production–scale wire laser additive manufacturing using NVIDIA omniverse,2026,Results in Engineering,10.1016/j.rineng.2026.111005,https://doi.org/10.1016/j.rineng.2026.111005,low_relevance:1
both_openalex_crossref,Crossref; OpenAlex,doi:10.63125/5fdxa722,1,1,0,A COMPREHENSIVE ANALYSIS OF NON-PLANAR TOOLPATH OPTIMIZATION IN MULTI-AXIS 3D PRINTING: EVALUATING THE EFFICIENCY OF CURVED LAYER SLICING STRATEGIES,2025,Review of Applied Science and Technology,10.63125/5fdxa722,https://doi.org/10.63125/5fdxa722,
both_openalex_crossref,Crossref; OpenAlex,doi:10.1007/978-3-032-22607-5_5,1,1,0,Additive Manufacturing with Graded Bio-Polymer Composites,2026,"ROB|ARCH2024 – Robotic Fabrication in Architecture, Art and Design",10.1007/978-3-032-22607-5_5,https://doi.org/10.1007/978-3-032-22607-5_5,
both_openalex_crossref,Crossref; OpenAlex,doi:10.1126/sciadv.adk3854,1,1,0,Melt electrowriting enabled 3D liquid crystal elastomer structures for cross-scale actuators and temperature field sensors,2024,Science Advances,10.1126/sciadv.adk3854,https://doi.org/10.1126/sciadv.adk3854,
both_openalex_crossref,Crossref; OpenAlex,doi:10.1126/sciadv.aeb2289,1,1,0,Spatiotemporally programmed dielectric liquid crystal elastomer: Electro-reversible 3D morphing via inverse 4D printing,2025,Science Advances,10.1126/sciadv.aeb2289,https://doi.org/10.1126/sciadv.aeb2289,
both_openalex_crossref,Crossref; OpenAlex,doi:10.1126/sciadv.aeb2417,1,1,0,Robotic conformal 4D printing of liquid crystal elastomers,2026,Science Advances,10.1126/sciadv.aeb2417,https://doi.org/10.1126/sciadv.aeb2417,
both_openalex_crossref,Crossref; OpenAlex,doi:10.1126/scirobotics.adh4060,1,1,0,3D-printed digital pneumatic logic for the control of soft robotic actuators,2024,Science Robotics,10.1126/scirobotics.adh4060,https://doi.org/10.1126/scirobotics.adh4060,
both_openalex_crossref,Crossref; OpenAlex,doi:10.1038/s41598-025-06269-2,1,0,1,Two-photon polymerization based 4D printing of poly(N-isopropylacrylamide) hydrogel microarchitectures for reversible shape morphing,2025,Scientific Reports,10.1038/s41598-025-06269-2,https://doi.org/10.1038/s41598-025-06269-2,low_relevance:1
both_openalex_crossref,Crossref; OpenAlex,doi:10.1038/s41598-026-58348-7,1,1,0,Digital twin–driven multiscale modelling for real-time defect prediction in metal additive manufacturing,2026,Scientific Reports,10.1038/s41598-026-58348-7,https://doi.org/10.1038/s41598-026-58348-7,
both_openalex_crossref,Crossref; OpenAlex,doi:10.1038/s41598-026-35258-2,1,1,0,Volumetric additive manufacturing of complex geometries around complex inserts,2026,Scientific Reports,10.1038/s41598-026-35258-2,https://doi.org/10.1038/s41598-026-35258-2,
both_openalex_crossref,Crossref; OpenAlex,doi:10.1002/smll.202402356,1,1,0,Volumetric Additive Manufacturing of SiOC by Xolography,2024,Small,10.1002/smll.202402356,https://doi.org/10.1002/smll.202402356,
both_openalex_crossref,Crossref; OpenAlex,doi:10.64229/t20sy660,1,0,1,4D-Printed Shape-Memory Architectures for Biomedical Devices and Morphing Systems,2025,Smart Materials and Engineering Applications,10.64229/t20sy660,https://doi.org/10.64229/t20sy660,low_relevance:1
both_openalex_crossref,Crossref; OpenAlex,doi:10.1088/1361-665x/ad212c,1,0,1,Rigid-flexible coupled origami robots via multimaterial 3D printing,2024,Smart Materials and Structures,10.1088/1361-665x/ad212c,https://doi.org/10.1088/1361-665x/ad212c,low_relevance:1
both_openalex_crossref,Crossref; OpenAlex,doi:10.1089/soro.2023.0134,1,1,0,Fin-Bayes: A Multi-Objective Bayesian Optimization Framework for Soft Robotic Fingers,2024,Soft Robotics,10.1089/soro.2023.0134,https://doi.org/10.1089/soro.2023.0134,
both_openalex_crossref,Crossref; OpenAlex,doi:10.2139/ssrn.5763134,1,0,1,Spatially Programmable 4D Printing of Photoresponsive Liquid Crystal Elastomers for Adaptive Energy Dissipation,2025,SSRN Electronic Journal,10.2139/ssrn.5763134,https://doi.org/10.2139/ssrn.5763134,duplicate_title:1
both_openalex_crossref,Crossref; OpenAlex,doi:10.2139/ssrn.6797269,1,0,1,Digital twin-driven deep reinforcement learning architecture for residual stress-minimized path planning in wire arc additive manufacturing,2026,SSRN Electronic Journal,10.2139/ssrn.6797269,https://doi.org/10.2139/ssrn.6797269,low_relevance:1
both_openalex_crossref,Crossref; OpenAlex,doi:10.2139/ssrn.6270297,1,1,0,Physics-Informed Digital Twin for Melt Pool Prediction and Stability in Laser Powder Bed Fusion of Nitinol,2026,SSRN Electronic Journal,10.2139/ssrn.6270297,https://doi.org/10.2139/ssrn.6270297,
both_openalex_crossref,Crossref; OpenAlex,doi:10.1002/srin.202501158,1,0,1,Mechanical and Microstructural Characterization of AISI 410 Stainless Steel–Inconel 625 Functionally Graded Bimetallic Wall Fabricated by Wire Arc Additive Manufacturing,2026,steel research international,10.1002/srin.202501158,https://doi.org/10.1002/srin.202501158,low_relevance:1
both_openalex_crossref,Crossref; OpenAlex,doi:10.3390/textiles6010010,1,1,0,Fundamentals and Uses of 4D Printing on Textiles,2026,Textiles,10.3390/textiles6010010,https://doi.org/10.3390/textiles6010010,
both_openalex_crossref,Crossref; OpenAlex,doi:10.3390/engproc2026133021,1,0,1,Enhancing Product Design in Electric Aviation Through Digital Twins and Production Feedback Integration,2026,The 15th EASN International Conference on &amp;ldquo;Innovation in Aviation &amp;amp; Space Towards Sustainability Today &amp;amp; Tomorrow&amp;rdquo;,10.3390/engproc2026133021,https://doi.org/10.3390/engproc2026133021,low_relevance:1
both_openalex_crossref,Crossref; OpenAlex,doi:10.3390/engproc2026130007,1,0,1,Digital Twin-Driven Evaluation of 3D-Printed H13 Tool Steel End Mills for Sustainable Machining Applications,2026,The 19th Global Congress on Manufacturing and Management (GCMM 2025),10.3390/engproc2026130007,https://doi.org/10.3390/engproc2026130007,low_relevance:1
both_openalex_crossref,Crossref; OpenAlex,doi:10.1007/s00170-025-17219-7,1,0,1,Accelerating fused filament fabrication FFF optimization with AI-Powered digital twins and High-Fidelity simulations,2026,The International Journal of Advanced Manufacturing Technology,10.1007/s00170-025-17219-7,https://doi.org/10.1007/s00170-025-17219-7,low_relevance:1
both_openalex_crossref,Crossref; OpenAlex,doi:10.1007/s00170-025-17144-9,1,1,0,Reinforced scan: a reinforcement learning enabled optimal laser scan path planning in laser powder bed fusion additive manufacturing,2026,The International Journal of Advanced Manufacturing Technology,10.1007/s00170-025-17144-9,https://doi.org/10.1007/s00170-025-17144-9,
both_openalex_crossref,Crossref; OpenAlex,doi:10.1117/12.3119163,1,1,0,Digital design-driven intelligent additive manufacturing system,2026,Third International Conference on Intelligent Transportation and Smart Cities (ICITSC 2026),10.1117/12.3119163,https://doi.org/10.1117/12.3119163,
both_openalex_crossref,Crossref; OpenAlex,doi:10.4018/979-8-3373-6214-4.ch001,1,0,1,Overview of STEP-NC and Its Role in Advanced Manufacturing,2026,Transforming Manufacturing With STEP-NC,10.4018/979-8-3373-6214-4.ch001,https://doi.org/10.4018/979-8-3373-6214-4.ch001,low_relevance:1
both_openalex_crossref,Crossref; OpenAlex,doi:10.4018/979-8-3373-6214-4.ch003,1,0,1,STEP-NC-Based Framework for Additive Manufacturing Systems,2026,Transforming Manufacturing With STEP-NC,10.4018/979-8-3373-6214-4.ch003,https://doi.org/10.4018/979-8-3373-6214-4.ch003,low_relevance:1
both_openalex_crossref,Crossref; OpenAlex,doi:10.17482/uumfd.1604638,1,1,0,CULTURAL HERITAGE CONSERVATION IN DIGITAL ERA: A REVIEW OF DIGITAL TWIN AND 3D PRINTING APPLICATIONS,2025,Uludağ University Journal of The Faculty of Engineering,10.17482/uumfd.1604638,https://doi.org/10.17482/uumfd.1604638,
both_openalex_crossref,Crossref; OpenAlex,doi:10.31224/4688,1,1,0,3D-printed Multimaterial Microfluidic Transistors,2025,Venue unknown,10.31224/4688,https://doi.org/10.31224/4688,
both_openalex_crossref,Crossref; OpenAlex,doi:10.31224/5471,1,0,1,An Open-Source and Low-Cost Dual Extruder 3D Printer for Macroscale Biotic Materials,2025,Venue unknown,10.31224/5471,https://doi.org/10.31224/5471,duplicate_title:1
both_openalex_crossref,Crossref; OpenAlex,doi:10.36227/techrxiv.175329147.74597084/v1,1,1,0,InFuse: In-Situ Material Injection for 3D Printing,2025,Venue unknown,10.36227/techrxiv.175329147.74597084/v1,https://doi.org/10.36227/techrxiv.175329147.74597084/v1,
both_openalex_crossref,Crossref; OpenAlex,doi:10.36227/techrxiv.176425541.18099212/v1,1,1,0,Machine Learning-Driven Digital Twin Construction for Additive Manufacturing: A Review,2025,Venue unknown,10.36227/techrxiv.176425541.18099212/v1,https://doi.org/10.36227/techrxiv.176425541.18099212/v1,
both_openalex_crossref,Crossref; OpenAlex,doi:10.31224/5307,1,1,0,Multi-Axis FDM 3D Printing,2025,Venue unknown,10.31224/5307,https://doi.org/10.31224/5307,
both_openalex_crossref,Crossref; OpenAlex,doi:10.2172/3001797,1,1,0,White Paper: Scalable Digital Twin Capabilities for Aging and Surveillance of Engineered Systems,2025,Venue unknown,10.2172/3001797,https://doi.org/10.2172/3001797,
both_openalex_crossref,Crossref; OpenAlex,doi:10.20868/upm.thesis.96235,1,0,1,4D printed Nitinol metamaterials: from algorithmic design of textile-based soft-stiff architectures towards next generation medical implants,2026,Venue unknown,10.20868/upm.thesis.96235,https://doi.org/10.20868/upm.thesis.96235,duplicate_title:1
both_openalex_crossref,Crossref; OpenAlex,doi:10.37559/cwp/26/erc/06,1,0,1,Additive Manufacturing of Conventional Military Equipment: Implications for Arms Control and Security,2026,Venue unknown,10.37559/cwp/26/erc/06,https://doi.org/10.37559/cwp/26/erc/06,low_relevance:1
both_openalex_crossref,Crossref; OpenAlex,doi:10.3390/books978-3-7258-7808-6,1,0,1,Advanced Digital Design and Intelligent Manufacturing,2026,Venue unknown,10.3390/books978-3-7258-7808-6,https://doi.org/10.3390/books978-3-7258-7808-6,low_relevance:1
both_openalex_crossref,Crossref; OpenAlex,doi:10.5194/egusphere-2026-628,1,0,1,Causal and uncertainty-aware digital-twin framework for ultra–low-noise geoscientific inertial sensors,2026,Venue unknown,10.5194/egusphere-2026-628,https://doi.org/10.5194/egusphere-2026-628,low_relevance:1
both_openalex_crossref,Crossref; OpenAlex,doi:10.31224/6400,1,1,0,Cold-Spray Repair of Corroded Steel Bridge Girders via an Optimization-Driven Cyber-Physical Workflow and Robotic Deposition Architecture,2026,Venue unknown,10.31224/6400,https://doi.org/10.31224/6400,
both_openalex_crossref,Crossref; OpenAlex,doi:10.31224/6258,1,0,1,Design and Development of Portable ABS Filament Extruder for Desktop FDM Applications,2026,Venue unknown,10.31224/6258,https://doi.org/10.31224/6258,low_relevance:1
both_openalex_crossref,Crossref; OpenAlex,doi:10.2172/3364614,1,1,0,Fabrication of ceramic to metal graded structure for high temperature CSP receiver application using solid state additive manufacturing,2026,Venue unknown,10.2172/3364614,https://doi.org/10.2172/3364614,
both_openalex_crossref,Crossref; OpenAlex,doi:10.21203/rs.3.rs-9785119/v1,1,0,1,Fidelity Metric with 3D Shape Descriptor for Digital Twin Standardization,2026,Venue unknown,10.21203/rs.3.rs-9785119/v1,https://doi.org/10.21203/rs.3.rs-9785119/v1,low_relevance:1
both_openalex_crossref,Crossref; OpenAlex,doi:10.33774/coe-2026-0gzfx,1,1,0,Governing Artificial Intelligence for Energy Planning and Transition: Shared AI Governance for Energy Systems (SAGES) - A briefing note,2026,Venue unknown,10.33774/coe-2026-0gzfx,https://doi.org/10.33774/coe-2026-0gzfx,
both_openalex_crossref,Crossref; OpenAlex,doi:10.36227/techrxiv.177138925.57781587/v1,1,0,1,Modern Machine Learning in Thin Film Device Development,2026,Venue unknown,10.36227/techrxiv.177138925.57781587/v1,https://doi.org/10.36227/techrxiv.177138925.57781587/v1,low_relevance:1
both_openalex_crossref,Crossref; OpenAlex,doi:10.2172/3365093,1,1,0,Process Optimization for Fabricating MgO Ceramics with Vat Photopolymerization Additive Manufacturing,2026,Venue unknown,10.2172/3365093,https://doi.org/10.2172/3365093,
both_openalex_crossref,Crossref; OpenAlex,doi:10.32388/i7spe1,1,0,1,"Review of: ""The Evolution and Future of Pediatric Cardiology""",2026,Venue unknown,10.32388/i7spe1,https://doi.org/10.32388/i7spe1,low_relevance:1
both_openalex_crossref,Crossref; OpenAlex,doi:10.62311/nesx/rb6m-978-81-686966-4-8,1,0,1,Topological-Spectral Cybersecurity Models for Detecting Network Anomalies in Critical Infrastructure,2026,Venue unknown,10.62311/nesx/rb6m-978-81-686966-4-8,https://doi.org/10.62311/nesx/rb6m-978-81-686966-4-8,low_relevance:1
both_openalex_crossref,Crossref; OpenAlex,doi:10.20517/scierxiv202605.0340.v1,1,0,1,"Uncertainty-Aware Physics-Guided Digital Twins for Lithium-Ion Batteries: Toward Integrated Health, Safety, and Fast-Charging Management",2026,Venue unknown,10.20517/scierxiv202605.0340.v1,https://doi.org/10.20517/scierxiv202605.0340.v1,low_relevance:1
both_openalex_crossref,Crossref; OpenAlex,doi:10.2172/3021939,1,1,0,Volumetric Additive Manufacturing of Gradient Composition Glass,2026,Venue unknown,10.2172/3021939,https://doi.org/10.2172/3021939,
both_openalex_crossref,Crossref; OpenAlex,doi:10.1080/17452759.2024.2407473,1,1,0,Occlusion-based model weighting for volumetric additive manufacturing around inserts,2024,Virtual and Physical Prototyping,10.1080/17452759.2024.2407473,https://doi.org/10.1080/17452759.2024.2407473,
both_openalex_crossref,Crossref; OpenAlex,doi:10.1080/17452759.2024.2339368,1,1,0,Unlocking multiscale metallic metamaterials via lithography additive manufacturing,2024,Virtual and Physical Prototyping,10.1080/17452759.2024.2339368,https://doi.org/10.1080/17452759.2024.2339368,
both_openalex_crossref,Crossref; OpenAlex,doi:10.1080/17452759.2025.2499927,1,0,1,4D-Printed fiber-reinforced liquid crystal elastomer composites for multifunctional soft robots with self-heating actuation,2025,Virtual and Physical Prototyping,10.1080/17452759.2025.2499927,https://doi.org/10.1080/17452759.2025.2499927,low_relevance:1
both_openalex_crossref,Crossref; OpenAlex,doi:10.1080/17452759.2024.2444576,1,0,1,Multi-material 4D printing employing stimuli-responsive polymer composites using vat photopolymerization,2025,Virtual and Physical Prototyping,10.1080/17452759.2024.2444576,https://doi.org/10.1080/17452759.2024.2444576,low_relevance:1
both_openalex_crossref,Crossref; OpenAlex,doi:10.1080/17452759.2026.2655508,1,0,1,Five-axis coordinated multi-material simultaneous 3D printing for geometrically conformal multi-material structures,2026,Virtual and Physical Prototyping,10.1080/17452759.2026.2655508,https://doi.org/10.1080/17452759.2026.2655508,low_relevance:1
both_openalex_crossref,Crossref; OpenAlex,doi:10.1080/17452759.2026.2675817,1,0,1,Sharp dual-regime thermal transition driven by bead morphology in metal fused filament fabrication: bead-resolved digital twin analysis,2026,Virtual and Physical Prototyping,10.1080/17452759.2026.2675817,https://doi.org/10.1080/17452759.2026.2675817,low_relevance:1
both_openalex_crossref,Crossref; OpenAlex,doi:10.1080/17452759.2026.2617762,1,1,0,Technological progress and challenges of volumetric additive manufacturing technology,2026,Virtual and Physical Prototyping,10.1080/17452759.2026.2617762,https://doi.org/10.1080/17452759.2026.2617762,
both_openalex_crossref,Crossref; OpenAlex,doi:10.1115/imece-india2025-160285,1,1,0,Towards Support-Free Printing in Extrusion-Based Additive Manufacturing: Path Planning and Process Control,2025,Volume 1: Additive Manufacturing &amp; 3D Printing,10.1115/imece-india2025-160285,https://doi.org/10.1115/imece-india2025-160285,
both_openalex_crossref,Crossref; OpenAlex,doi:10.1115/msec2024-125262,1,0,1,Brief Paper: Evaluating Effects of Ultraviolet Exposure Strategies on Multi-Material Interfaces in Direct Ink Write Additive Manufacturing,2024,Volume 1: Additive Manufacturing; Advanced Materials Manufacturing; Biomanufacturing; Life Cycle Engineering,10.1115/msec2024-125262,https://doi.org/10.1115/msec2024-125262,low_relevance:1
both_openalex_crossref,Crossref; OpenAlex,doi:10.23967/simam.2025.004,1,1,0,Shape Optimization of Thin-Wall Geometries for Layer-Based Direct Deposition Additive Manufacturing,2025,Vth International Conference on Simulation for Additive Manufacturing,10.23967/simam.2025.004,https://doi.org/10.23967/simam.2025.004,
crossref_only,Crossref,doi:10.3390/engproc2024076086,1,0,1,Multi-Material Axial-Flow Impeller with Inconel 718 Laminated on SST 304 by Wire Arc Additive Manufacturing,2024,"1st International Conference on Industrial, Manufacturing, and Process Engineering (ICIMP-2024)",10.3390/engproc2024076086,https://doi.org/10.3390/engproc2024076086,low_relevance:1
crossref_only,Crossref,doi:10.23919/iccas63016.2024.10773302,1,0,1,Enhancing Extrusion Precision and Reliability in Robotic Multi-Axis Additive Manufacturing through Digital Twin Integration,2024,"2024 24th International Conference on Control, Automation and Systems (ICCAS)",10.23919/iccas63016.2024.10773302,https://doi.org/10.23919/iccas63016.2024.10773302,low_relevance:1
crossref_only,Crossref,doi:10.1109/icept63120.2024.10668411,1,0,1,Research on Multi-Material Property Matching for 3D Printing in Electronic Information Packaging Equipment,2024,2024 25th International Conference on Electronic Packaging Technology (ICEPT),10.1109/icept63120.2024.10668411,https://doi.org/10.1109/icept63120.2024.10668411,low_relevance:1
crossref_only,Crossref,doi:10.1109/icac61394.2024.10718858,1,0,1,Sustainable Manufacturing through Digital Multi-Material 3D Printing,2024,2024 29th International Conference on Automation and Computing (ICAC),10.1109/icac61394.2024.10718858,https://doi.org/10.1109/icac61394.2024.10718858,low_relevance:1
crossref_only,Crossref,doi:10.1109/asmc61125.2024.10545457,1,0,1,The Digital Twin Difference - a Blueprint for the Semiconductor Manufacturing Metaverse,2024,2024 35th Annual SEMI Advanced Semiconductor Manufacturing Conference (ASMC),10.1109/asmc61125.2024.10545457,https://doi.org/10.1109/asmc61125.2024.10545457,low_relevance:1
crossref_only,Crossref,doi:10.1109/imitec60221.2024.10851037,1,0,1,IoT Integration and Digital Twin Technology in Smart Manufacturing: Advancements and Prospects,2024,2024 4th International Multidisciplinary Information Technology and Engineering Conference (IMITEC),10.1109/imitec60221.2024.10851037,https://doi.org/10.1109/imitec60221.2024.10851037,low_relevance:1
crossref_only,Crossref,doi:10.1109/aiim64537.2024.10934294,1,0,1,Research and application of digital twin technology in smart city,2024,2024 4th International Symposium on Artificial Intelligence and Intelligent Manufacturing (AIIM),10.1109/aiim64537.2024.10934294,https://doi.org/10.1109/aiim64537.2024.10934294,low_relevance:1
crossref_only,Crossref,doi:10.1109/acai63924.2024.10899482,1,0,1,Path Planning for Multi-Axis Additive Manufacturing Based on Normal Slicing and Helical Strategy,2024,"2024 7th International Conference on Algorithms, Computing and Artificial Intelligence (ACAI)",10.1109/acai63924.2024.10899482,https://doi.org/10.1109/acai63924.2024.10899482,low_relevance:1
crossref_only,Crossref,doi:10.1109/icemce64157.2024.10862094,1,0,1,Research on Defect Prediction of Laser-arc Hybrid Additive Manufacturing Based on Bayesian Optimization XGBoost,2024,"2024 8th International Conference on Electrical, Mechanical and Computer Engineering (ICEMCE)",10.1109/icemce64157.2024.10862094,https://doi.org/10.1109/icemce64157.2024.10862094,low_relevance:1
crossref_only,Crossref,doi:10.1109/aset60340.2024.10708741,1,1,0,Innovating Accessibility: Development of a Low-Cost 3D Printed Soft Robotic Prosthetic Hand with Integrated Metamaterial for Enhanced Sensory Feedback,2024,2024 Advances in Science and Engineering Technology International Conferences (ASET),10.1109/aset60340.2024.10708741,https://doi.org/10.1109/aset60340.2024.10708741,
crossref_only,Crossref,doi:10.2172/2540487,1,0,1,Stereolithographic Additive Manufacturing of Functionally-graded Materials,2024,"2024 AM Cross JOWOG - Albuquerque, New Mexico, United States of America - February - 2024",10.2172/2540487,https://doi.org/10.2172/2540487,low_relevance:1
crossref_only,Crossref,doi:10.1109/case59546.2024.10711607,1,0,1,An Overarching Quality Evaluation Framework for Additive Manufacturing Digital Twin,2024,2024 IEEE 20th International Conference on Automation Science and Engineering (CASE),10.1109/case59546.2024.10711607,https://doi.org/10.1109/case59546.2024.10711607,low_relevance:1
crossref_only,Crossref,doi:10.1109/case59546.2024.10711555,1,0,1,Developing Cognitive Digital Twin for Smart Manufacturing: Methodology and Case Study,2024,2024 IEEE 20th International Conference on Automation Science and Engineering (CASE),10.1109/case59546.2024.10711555,https://doi.org/10.1109/case59546.2024.10711555,low_relevance:1
crossref_only,Crossref,doi:10.1109/case59546.2024.10711510,1,0,1,Investigation on domain adaptation of additive manufacturing monitoring systems to enhance digital twin reusability,2024,2024 IEEE 20th International Conference on Automation Science and Engineering (CASE),10.1109/case59546.2024.10711510,https://doi.org/10.1109/case59546.2024.10711510,low_relevance:1
crossref_only,Crossref,doi:10.1109/indin58382.2024.10774248,1,0,1,Bridging the Gap: Digital Twin Integration and Evaluation in Robotic Multi-Axis Additive Manufacturing,2024,2024 IEEE 22nd International Conference on Industrial Informatics (INDIN),10.1109/indin58382.2024.10774248,https://doi.org/10.1109/indin58382.2024.10774248,low_relevance:1
crossref_only,Crossref,doi:10.1109/powermems63147.2024.10814506,1,0,1,Electromagnetic Micropumps Based on Multi-Material 3D Printing,2024,"2024 IEEE 23rd International Conference on Micro and Miniature Power Systems, Self-Powered Sensors and Energy Autonomous Devices (PowerMEMS)",10.1109/powermems63147.2024.10814506,https://doi.org/10.1109/powermems63147.2024.10814506,low_relevance:1
crossref_only,Crossref,doi:10.1109/robosoft60065.2024.10521960,1,1,0,Toward “S”-Shaped 3D-Printed Soft Robotic Guidewires for Pediatric Patent Ductus Arteriosus Endovascular Interventions,2024,2024 IEEE 7th International Conference on Soft Robotics (RoboSoft),10.1109/robosoft60065.2024.10521960,https://doi.org/10.1109/robosoft60065.2024.10521960,
crossref_only,Crossref,doi:10.1109/aim55361.2024.10637207,1,1,0,A 3D Printed Soft Gripper Featuring Pneumatic Fingers with Local Bending Joints,2024,2024 IEEE International Conference on Advanced Intelligent Mechatronics (AIM),10.1109/aim55361.2024.10637207,https://doi.org/10.1109/aim55361.2024.10637207,
crossref_only,Crossref,doi:10.1109/icra57147.2024.10610016,1,1,0,"Directly 3D Printed, Pneumatically Actuated Multi-Material Robotic Hand",2024,2024 IEEE International Conference on Robotics and Automation (ICRA),10.1109/icra57147.2024.10610016,https://doi.org/10.1109/icra57147.2024.10610016,
crossref_only,Crossref,doi:10.1109/iros58592.2024.10802422,1,0,1,Integrated Electronic Circuitry for Soft Robots using Multi-Material FDM Printing,2024,2024 IEEE/RSJ International Conference on Intelligent Robots and Systems (IROS),10.1109/iros58592.2024.10802422,https://doi.org/10.1109/iros58592.2024.10802422,low_relevance:1
crossref_only,Crossref,doi:10.1109/aixdke63520.2024.00014,1,0,1,NSGA-II in DNN for Interpretable AI Predictions of Melt Pool Geometry in Digital Twin Applications within IoT-Enabled Additive Manufacturing,2024,2024 International Conference on AI x Data and Knowledge Engineering (AIxDKE),10.1109/aixdke63520.2024.00014,https://doi.org/10.1109/aixdke63520.2024.00014,low_relevance:1
crossref_only,Crossref,doi:10.1109/csdgais64098.2024.11064803,1,0,1,"A Comprehensive Review of Digital Twin Technologies for Tool Management in Manufacturing: Trends, Challenges, and Future Directions",2024,2024 International Conference on Smart-Digital-Green Technologies and Artificial Intelligence Sciences (CSDGAIS),10.1109/csdgais64098.2024.11064803,https://doi.org/10.1109/csdgais64098.2024.11064803,low_relevance:1
crossref_only,Crossref,doi:10.1109/smartindustrycon61328.2024.10515756,1,0,1,Architecture of the High-Tech Manufacturing Automation System on the Basis of the Digital Twin,2024,2024 International Russian Smart Industry Conference (SmartIndustryCon),10.1109/smartindustrycon61328.2024.10515756,https://doi.org/10.1109/smartindustrycon61328.2024.10515756,low_relevance:1
crossref_only,Crossref,doi:10.1115/isfa2024-141324,1,0,1,Multi-Fidelity Sensing and Digital Twin System for Automated Monitoring in Cooperative Robotic Additive Manufacturing,2024,2024 International Symposium on Flexible Automation,10.1115/isfa2024-141324,https://doi.org/10.1115/isfa2024-141324,low_relevance:1
crossref_only,Crossref,doi:10.1109/issm64832.2024.10874952,1,0,1,Intermediate Variable Extraction for Digital Twin Modeling in the Semiconductor Manufacturing Process,2024,2024 International Symposium on Semiconductor Manufacturing (ISSM),10.1109/issm64832.2024.10874952,https://doi.org/10.1109/issm64832.2024.10874952,low_relevance:1
crossref_only,Crossref,doi:10.1109/ngdn61651.2024.10744086,1,1,0,Research on DLP 3D printing path planning algorithm based on A*-ACO,2024,2024 Sixth International Conference on Next Generation Data-driven Networks (NGDN),10.1109/ngdn61651.2024.10744086,https://doi.org/10.1109/ngdn61651.2024.10744086,
crossref_only,Crossref,doi:10.1109/dtip62575.2024.10613180,1,0,1,Digital Twin Architecture to Use for Optimizing an AoD-Printing Process,2024,"2024 Symposium on Design, Test, Integration and Packaging of MEMS/MOEMS (DTIP)",10.1109/dtip62575.2024.10613180,https://doi.org/10.1109/dtip62575.2024.10613180,low_relevance:1
crossref_only,Crossref,doi:10.1109/wsc63780.2024.10838898,1,0,1,Digital Twin Calibration for Biological System-of-Systems: Cell Culture Manufacturing Process,2024,2024 Winter Simulation Conference (WSC),10.1109/wsc63780.2024.10838898,https://doi.org/10.1109/wsc63780.2024.10838898,low_relevance:1
crossref_only,Crossref,doi:10.1109/wsc63780.2024.10838771,1,0,1,The Economic Impact of Digital Twin Technology on Manufacturing Systems,2024,2024 Winter Simulation Conference (WSC),10.1109/wsc63780.2024.10838771,https://doi.org/10.1109/wsc63780.2024.10838771,low_relevance:1
crossref_only,Crossref,doi:10.1109/asmc64512.2025.11010422,1,0,1,Implementation &amp; Application of coherent control systems: Digital Twin (high frequency open loop) with R2R (low frequency closed loop),2025,2025 36th Annual SEMI Advanced Semiconductor Manufacturing Conference (ASMC),10.1109/asmc64512.2025.11010422,https://doi.org/10.1109/asmc64512.2025.11010422,low_relevance:1
crossref_only,Crossref,doi:10.1109/ciees66347.2025.11300079,1,0,1,Digital Twin Applications in Industrial Engineering: From Process Optimization to Autonomous Systems,2025,"2025 6th International Conference on Communications, Information, Electronic and Energy Systems (CIEES)",10.1109/ciees66347.2025.11300079,https://doi.org/10.1109/ciees66347.2025.11300079,low_relevance:1
crossref_only,Crossref,doi:10.1109/maim68393.2025.11470095,1,0,1,Simulation and Optimization of an Intelligent Sorting System for Industrial Robots Based on Digital Twin and Reinforcement Learning,2025,2025 6th International Conference on Mechanical Automation and Intelligent Manufacturing (MAIM),10.1109/maim68393.2025.11470095,https://doi.org/10.1109/maim68393.2025.11470095,low_relevance:1
crossref_only,Crossref,doi:10.1109/icmerr64601.2025.10949923,1,0,1,Path Planning Design for Robot Based Non-Planar Additive Manufacturing Case Study: Coronary Stent,2025,2025 9th International Conference on Mechanical Engineering and Robotics Research (ICMERR),10.1109/icmerr64601.2025.10949923,https://doi.org/10.1109/icmerr64601.2025.10949923,low_relevance:1
crossref_only,Crossref,doi:10.1109/case58245.2025.11163898,1,0,1,Video Diffusion based Digital Twin for Large Format Additive Manufacturing,2025,2025 IEEE 21st International Conference on Automation Science and Engineering (CASE),10.1109/case58245.2025.11163898,https://doi.org/10.1109/case58245.2025.11163898,low_relevance:1
crossref_only,Crossref,doi:10.1109/robosoft63089.2025.11020941,1,1,0,"Low-Cost 3D printed, Biocompatible Ionic Polymer Membranes for Soft Actuators",2025,2025 IEEE 8th International Conference on Soft Robotics (RoboSoft),10.1109/robosoft63089.2025.11020941,https://doi.org/10.1109/robosoft63089.2025.11020941,
crossref_only,Crossref,doi:10.1109/robosoft63089.2025.11020895,1,1,0,Soft and Highly-Integrated Optical Fiber Bending Sensors for Proprioception in Multi-Material 3D Printed Fingers,2025,2025 IEEE 8th International Conference on Soft Robotics (RoboSoft),10.1109/robosoft63089.2025.11020895,https://doi.org/10.1109/robosoft63089.2025.11020895,
crossref_only,Crossref,doi:10.1109/robosoft63089.2025.11020838,1,1,0,Viscous Thread Printing (VTP) for Production of Soft Robotic Fingers,2025,2025 IEEE 8th International Conference on Soft Robotics (RoboSoft),10.1109/robosoft63089.2025.11020838,https://doi.org/10.1109/robosoft63089.2025.11020838,
crossref_only,Crossref,doi:10.1109/ames64994.2025.11184376,1,0,1,5-axis Multi-material Desktop Additive Manufacturing of Conformal Antennas,2025,2025 IEEE Additively Manufactured Electronic Systems (AMES),10.1109/ames64994.2025.11184376,https://doi.org/10.1109/ames64994.2025.11184376,low_relevance:1
crossref_only,Crossref,doi:10.1109/eras63351.2025.11135823,1,0,1,Digital Twin Synchronization: Bridging the Sim-RL Agent to a Real-Time Robotic Additive Manufacturing Control,2025,2025 IEEE Engineering Reliable Autonomous Systems (ERAS),10.1109/eras63351.2025.11135823,https://doi.org/10.1109/eras63351.2025.11135823,low_relevance:1
crossref_only,Crossref,doi:10.1109/bigdata66926.2025.11402304,1,0,1,Security Compliance for Smart Manufacturing Using Knowledgegraph Based Digital Twin,2025,2025 IEEE International Conference on Big Data (BigData),10.1109/bigdata66926.2025.11402304,https://doi.org/10.1109/bigdata66926.2025.11402304,low_relevance:1
crossref_only,Crossref,doi:10.1109/ne-iecce64154.2025.11182940,1,0,1,Advancing Industry 4.0 with Cloud-Integrated Cyber-Physical Systems for Optimizing Remote Additive Manufacturing Landscape,2025,2025 IEEE North-East India International Energy Conversion Conference and Exhibition (NE-IECCE),10.1109/ne-iecce64154.2025.11182940,https://doi.org/10.1109/ne-iecce64154.2025.11182940,low_relevance:1
crossref_only,Crossref,doi:10.1109/sensors59705.2025.11331175,1,0,1,A Novel Digital Twin Driven Multi-Camera Edge Computing Sensing System for Additive Manufacturing,2025,2025 IEEE SENSORS,10.1109/sensors59705.2025.11331175,https://doi.org/10.1109/sensors59705.2025.11331175,low_relevance:1
crossref_only,Crossref,doi:10.1109/aim64088.2025.11175704,1,1,0,Artificially Intelligent 3D-Printed Soft Gripper for Ripeness and Stiffness Identification,2025,2025 IEEE/ASME International Conference on Advanced Intelligent Mechatronics (AIM),10.1109/aim64088.2025.11175704,https://doi.org/10.1109/aim64088.2025.11175704,
crossref_only,Crossref,doi:10.1109/icca66035.2025.11430951,1,1,0,Robotic Digital Twins in Smart Manufacturing: Resolving Real-Time Synchronisation Gaps,2025,2025 International Conference on Computer and Applications (ICCA),10.1109/icca66035.2025.11430951,https://doi.org/10.1109/icca66035.2025.11430951,
crossref_only,Crossref,doi:10.1109/mercon67903.2025.11217037,1,1,0,Monolithic 3D-Printed Three-Chamber Pneumatic Soft Gripper for Delicate Bra Cup Manipulation,2025,2025 Moratuwa Engineering Research Conference (MERCon),10.1109/mercon67903.2025.11217037,https://doi.org/10.1109/mercon67903.2025.11217037,
crossref_only,Crossref,doi:10.1109/rivf68649.2025.11365091,1,0,1,Digital Twin-Enhanced Communication Architectures for Malaysia's Smart Manufacturing Sector,2025,2025 RIVF International Conference on Computing and Communication Technologies (RIVF),10.1109/rivf68649.2025.11365091,https://doi.org/10.1109/rivf68649.2025.11365091,low_relevance:1
crossref_only,Crossref,doi:10.1109/nmitcon65824.2025.11188115,1,0,1,An Optimized Hybrid MPCNN Model Using Termite Alate Algorithm for Enhancing FDM 3D Printing Parameters in Multi-Material Fabrication,2025,"2025 Third International Conference on Networks, Multimedia and Information Technology (NMITCON)",10.1109/nmitcon65824.2025.11188115,https://doi.org/10.1109/nmitcon65824.2025.11188115,low_relevance:1
crossref_only,Crossref,doi:10.1109/wsc68292.2025.11339035,1,0,1,Digital Twin Optimization Approach for Flexible Manufacturing System Scheduling,2025,2025 Winter Simulation Conference (WSC),10.1109/wsc68292.2025.11339035,https://doi.org/10.1109/wsc68292.2025.11339035,low_relevance:1
crossref_only,Crossref,doi:10.1109/icat66432.2025.11189288,1,0,1,Vision-Guided Robotic Automation for Materials Informatics: Enabling Autonomous Additive Manufacturing in Self-Driving Laboratories,2025,"2025 XXX International Conference on Information, Communication and Automation Technologies (ICAT)",10.1109/icat66432.2025.11189288,https://doi.org/10.1109/icat66432.2025.11189288,low_relevance:1
crossref_only,Crossref,doi:10.1109/icmtim69588.2026.11526335,1,0,1,MedVision 3D: Transfer Learning–Enabled Automated Bolus Generation via Multi-Material 3D Printing for Precision Radiotherapy,2026,2026 7th International Conference on Mechatronics Technology and Intelligent Manufacturing (ICMTIM),10.1109/icmtim69588.2026.11526335,https://doi.org/10.1109/icmtim69588.2026.11526335,low_relevance:1
crossref_only,Crossref,doi:10.1109/robosoft67810.2026.11522888,1,1,0,3D-Printed Kresling-Origami Soft Actuators Facilitate Drag Reduction by Rotational Penetration for Burrowing,2026,2026 IEEE 9th International Conference on Soft Robotics (RoboSoft),10.1109/robosoft67810.2026.11522888,https://doi.org/10.1109/robosoft67810.2026.11522888,
crossref_only,Crossref,doi:10.1109/robosoft67810.2026.11522918,1,0,1,Multi-material Direct Ink Writing and Embroidery for Stretchable Wearable Sensors,2026,2026 IEEE 9th International Conference on Soft Robotics (RoboSoft),10.1109/robosoft67810.2026.11522918,https://doi.org/10.1109/robosoft67810.2026.11522918,low_relevance:1
crossref_only,Crossref,doi:10.1109/i3ctcon68242.2026.11508070,1,0,1,Human-Digital Twin Symbiosis Using Cognitive AI for Smart Manufacturing,2026,2026 IEEE International Conference for Convergence in Computing Technology (I3CTCON),10.1109/i3ctcon68242.2026.11508070,https://doi.org/10.1109/i3ctcon68242.2026.11508070,low_relevance:1
crossref_only,Crossref,doi:10.1109/icit64854.2026.11490172,1,0,1,A Data-Driven Digital Twin for Predicting Manufacturing Process Efficiency,2026,2026 IEEE International Conference on Industrial Technology (ICIT),10.1109/icit64854.2026.11490172,https://doi.org/10.1109/icit64854.2026.11490172,low_relevance:1
crossref_only,Crossref,doi:10.1109/esci68015.2026.11493378,1,0,1,Digital Twin-Based Real-Time Fault Prediction for Smart Manufacturing,2026,2026 International Conference on Emerging Smart Computing and Informatics (ESCI),10.1109/esci68015.2026.11493378,https://doi.org/10.1109/esci68015.2026.11493378,low_relevance:1
crossref_only,Crossref,doi:10.1109/ima68480.2026.11517804,1,1,0,Digital Twin-Based Quality Inspection and Process Optimization for Production Lines,2026,2026 International Conference on Intelligent Manufacturing and Automation (IMA),10.1109/ima68480.2026.11517804,https://doi.org/10.1109/ima68480.2026.11517804,
crossref_only,Crossref,doi:10.1201/9780367694265-eppmpt127-1,1,0,1,3D and 4D Printing Polymer/Graphene Nanocomposites,2025,3D and 4D Printing Polymer/Graphene Nanocomposites,10.1201/9780367694265-eppmpt127-1,https://doi.org/10.1201/9780367694265-eppmpt127-1,low_relevance:1
crossref_only,Crossref,doi:10.1117/12.3022468,1,1,0,"Additive manufacturing of high performance metalenses, waveguides and metamaterials via direct nanoimprint lithography",2024,3D Printed Optics and Additive Photonic Manufacturing IV,10.1117/12.3022468,https://doi.org/10.1117/12.3022468,
crossref_only,Crossref,doi:10.1117/12.3102077,1,1,0,Single-shot volumetric additive manufacturing via computer-generated holography,2026,3D Printed Optics and Additive Photonic Manufacturing V,10.1117/12.3102077,https://doi.org/10.1117/12.3102077,
crossref_only,Crossref,doi:10.1515/9783111081632-004,1,0,1,4 4D printing of smart thermoplastic composites for online health monitoring,2024,3D Printing,10.1515/9783111081632-004,https://doi.org/10.1515/9783111081632-004,low_relevance:1
crossref_only,Crossref,doi:10.1089/3dp.2023.0125,1,0,1,"4D Printing Technology Based on Magnetic Intelligent Materials: Materials, Processing Processes, and Application",2024,3D Printing and Additive Manufacturing,10.1089/3dp.2023.0125,https://doi.org/10.1089/3dp.2023.0125,low_relevance:1
crossref_only,Crossref,doi:10.1089/3dp.2022.0201,1,0,1,An Intelligent and Efficient Workflow for Path-Oriented 3D Bioprinting of Tubular Scaffolds,2024,3D Printing and Additive Manufacturing,10.1089/3dp.2022.0201,https://doi.org/10.1089/3dp.2022.0201,low_relevance:1
crossref_only,Crossref,doi:10.1089/3dp.2022.0153,1,1,0,"Carbon-Based Piezoresistive Polymer Nanocomposites by Extrusion Additive Manufacturing: Process, Material Design, and Current Progress",2024,3D Printing and Additive Manufacturing,10.1089/3dp.2022.0153,https://doi.org/10.1089/3dp.2022.0153,
crossref_only,Crossref,doi:10.1089/3dp.2023.0165,1,0,1,Characterization of Anisotropic Shape Memory Behavior of Thermoresponsive Components in 4D Printing,2024,3D Printing and Additive Manufacturing,10.1089/3dp.2023.0165,https://doi.org/10.1089/3dp.2023.0165,low_relevance:1
crossref_only,Crossref,doi:10.1089/3dp.2023.0076,1,1,0,Design Aspects in Vat Photopolymerization Additive Manufacturing of Hydrophobic Surfaces,2024,3D Printing and Additive Manufacturing,10.1089/3dp.2023.0076,https://doi.org/10.1089/3dp.2023.0076,
crossref_only,Crossref,doi:10.1089/3dp.2022.0196,1,1,0,Energy Absorption of 3D Printed ABS and TPU Multimaterial Honeycomb Structures,2024,3D Printing and Additive Manufacturing,10.1089/3dp.2022.0196,https://doi.org/10.1089/3dp.2022.0196,
crossref_only,Crossref,doi:10.1089/3dp.2022.0193,1,1,0,Impact of Beam Shape on Print Accuracy in Digital Light Processing Additive Manufacture,2024,3D Printing and Additive Manufacturing,10.1089/3dp.2022.0193,https://doi.org/10.1089/3dp.2022.0193,
crossref_only,Crossref,doi:10.1089/3dp.2021.0313,1,0,1,Investigating the Effect of Design Parameters on the Mechanical Performance of Contact Wave Springs Designed for Additive Manufacturing,2024,3D Printing and Additive Manufacturing,10.1089/3dp.2021.0313,https://doi.org/10.1089/3dp.2021.0313,low_relevance:1
crossref_only,Crossref,doi:10.1089/3dp.2023.0198,1,0,1,"Magnetic Stimulation for Programmed Shape Morphing: Review of Four-Dimensional Printing, Challenges and Opportunities",2024,3D Printing and Additive Manufacturing,10.1089/3dp.2023.0198,https://doi.org/10.1089/3dp.2023.0198,low_relevance:1
crossref_only,Crossref,doi:10.1089/3dp.2022.0235,1,1,0,Optimization of a High Internal Phase Emulsion-Based Resin for Use in Commercial Vat Photopolymerization Additive Manufacturing,2024,3D Printing and Additive Manufacturing,10.1089/3dp.2022.0235,https://doi.org/10.1089/3dp.2022.0235,
crossref_only,Crossref,doi:10.1089/3dp.2022.0132,1,1,0,Photopolymerization-Based Three-Dimensional Ceramic Printing Technology,2024,3D Printing and Additive Manufacturing,10.1089/3dp.2022.0132,https://doi.org/10.1089/3dp.2022.0132,
crossref_only,Crossref,doi:10.1089/3dp.2022.0278,1,1,0,Rapid Continuous 3D Printing via Orthogonal Dual-Color Photoinitiation and Photoinhibition,2024,3D Printing and Additive Manufacturing,10.1089/3dp.2022.0278,https://doi.org/10.1089/3dp.2022.0278,
crossref_only,Crossref,doi:10.1089/3dp.2021.0279,1,1,0,Rapid Volumetric Additive Manufacturing in Solid State: A Demonstration to Produce Water-Content-Dependent Cooling/Heating/Water-Responsive Shape Memory Hydrogels,2024,3D Printing and Additive Manufacturing,10.1089/3dp.2021.0279,https://doi.org/10.1089/3dp.2021.0279,
crossref_only,Crossref,doi:10.1089/3dp.2022.0269,1,1,0,Shape Memory Effect of Four-Dimensional Printed Polylactic Acid-Based Scaffold with Nature-Inspired Structure,2024,3D Printing and Additive Manufacturing,10.1089/3dp.2022.0269,https://doi.org/10.1089/3dp.2022.0269,
crossref_only,Crossref,doi:10.1089/3dp.2022.0242,1,1,0,Soft Self-Regulating Heating Elements for Thermoplastic Elastomer-Based Electronic Skin Applications,2024,3D Printing and Additive Manufacturing,10.1089/3dp.2022.0242,https://doi.org/10.1089/3dp.2022.0242,
crossref_only,Crossref,doi:10.1089/3dp.2023.0210,1,0,1,Surface Structure Modification in Fused Filament Fabrication (FFF) Multi-Material Printing for Medical Applications: Printing of a Hand Prosthesis,2024,3D Printing and Additive Manufacturing,10.1089/3dp.2023.0210,https://doi.org/10.1089/3dp.2023.0210,low_relevance:1
crossref_only,Crossref,doi:10.1089/3dp.2021.0321,1,0,1,The Mechanical Properties of 3D-Printed Polylactic Acid/Polyethylene Terephthalate Glycol Multi-Material Structures Manufactured by Material Extrusion,2024,3D Printing and Additive Manufacturing,10.1089/3dp.2021.0321,https://doi.org/10.1089/3dp.2021.0321,low_relevance:1
crossref_only,Crossref,doi:10.1089/3dp.2023.0126,1,1,0,Thermomechanical Properties of Polyjet Voxel-Printed Parts and the Effect of Percolation,2024,3D Printing and Additive Manufacturing,10.1089/3dp.2023.0126,https://doi.org/10.1089/3dp.2023.0126,
crossref_only,Crossref,doi:10.1089/3dp.2022.0289,1,1,0,Thiol-Acrylate polyHIPEs via Facile Layer-by-Layer Photopolymerization,2024,3D Printing and Additive Manufacturing,10.1089/3dp.2022.0289,https://doi.org/10.1089/3dp.2022.0289,
crossref_only,Crossref,doi:10.1089/3dp.2022.0103,1,1,0,Three-Dimensional Printable Magnetic Microfibers: Development and Characterization for Four-Dimensional Printing,2024,3D Printing and Additive Manufacturing,10.1089/3dp.2022.0103,https://doi.org/10.1089/3dp.2022.0103,
crossref_only,Crossref,doi:10.1089/3dp.2023.0339,1,0,1,Digital Fabrication of Biologically Cemented Spatial Structures,2025,3D Printing and Additive Manufacturing,10.1089/3dp.2023.0339,https://doi.org/10.1089/3dp.2023.0339,low_relevance:1
crossref_only,Crossref,doi:10.1089/3dp.2023.0325,1,1,0,Digital Twin of Fused Filament Fabrication Prints for Finite Element Analysis via G-Code Reverse Engineering,2025,3D Printing and Additive Manufacturing,10.1089/3dp.2023.0325,https://doi.org/10.1089/3dp.2023.0325,
crossref_only,Crossref,doi:10.1089/3dp.2024.0056,1,0,1,Double-Wire Additive Manufacturing Process of Functionally Graded Material by Robotic Arc Welding,2025,3D Printing and Additive Manufacturing,10.1089/3dp.2024.0056,https://doi.org/10.1089/3dp.2024.0056,low_relevance:1
crossref_only,Crossref,doi:10.1089/3dp.2023.0323,1,0,1,Dual-Robot Nonplanar 3D Printing Path Planning and Compensation,2025,3D Printing and Additive Manufacturing,10.1089/3dp.2023.0323,https://doi.org/10.1089/3dp.2023.0323,low_relevance:1
crossref_only,Crossref,doi:10.1089/3dp.2025.0043,1,0,1,Multi-Material Ink Direct Writing System with Material Switching Optimization,2025,3D Printing and Additive Manufacturing,10.1089/3dp.2025.0043,https://doi.org/10.1089/3dp.2025.0043,low_relevance:1
crossref_only,Crossref,doi:10.1089/3dp.2024.0092,1,1,0,Multicycle Characterization of Surface Roughness in Stereolithography-based Additive Manufacturing Using a Methacrylate-based Thermoresponsive Copolymer,2025,3D Printing and Additive Manufacturing,10.1089/3dp.2024.0092,https://doi.org/10.1089/3dp.2024.0092,
crossref_only,Crossref,doi:10.1089/3dp.2024.0059,1,1,0,Quantifying Manufacturability Complexity Index: A Case Study of VAT Photopolymerization Additive Manufacturing,2025,3D Printing and Additive Manufacturing,10.1089/3dp.2024.0059,https://doi.org/10.1089/3dp.2024.0059,
crossref_only,Crossref,doi:10.1177/23297662251388855,1,0,1,Robosense 3.0: CERA III Adaptive Robotic Clay Printing,2025,3D Printing and Additive Manufacturing,10.1177/23297662251388855,https://doi.org/10.1177/23297662251388855,low_relevance:1
crossref_only,Crossref,doi:10.1089/3dp.2023.0356,1,0,1,Toward a Digital Design Framework for the Thermal Tunability of 3D Printed Envelopes,2025,3D Printing and Additive Manufacturing,10.1089/3dp.2023.0356,https://doi.org/10.1089/3dp.2023.0356,low_relevance:1
crossref_only,Crossref,doi:10.1177/23297662251377375,1,1,0,Additive Manufacturing and Mechanical Behaviors of Carbon–Kevlar Intralayer Hybrid Continuous Fiber Composite Corrugated Sandwich Structures,2026,3D Printing and Additive Manufacturing,10.1177/23297662251377375,https://doi.org/10.1177/23297662251377375,
crossref_only,Crossref,doi:10.1089/3dp.2024.0033,1,1,0,Data-Driven Design Space Analysis for Multimaterial Thermoplastic Composites Manufactured by Fused Filament Fabrication,2026,3D Printing and Additive Manufacturing,10.1089/3dp.2024.0033,https://doi.org/10.1089/3dp.2024.0033,
crossref_only,Crossref,doi:10.1177/23297662251390328,1,1,0,Effect of Localized Deformation on Compression Properties of Additively Manufactured Al-Alloy Metamaterials,2026,3D Printing and Additive Manufacturing,10.1177/23297662251390328,https://doi.org/10.1177/23297662251390328,
crossref_only,Crossref,doi:10.4018/979-8-3373-7077-4.ch007,1,0,1,Comparative Evaluation of 3D Point Cloud Tools in Agriculture 5.0 Using Digital Twins,2025,3D Printing and Digital Twins in Smart Agriculture,10.4018/979-8-3373-7077-4.ch007,https://doi.org/10.4018/979-8-3373-7077-4.ch007,low_relevance:1
crossref_only,Crossref,doi:10.4018/979-8-3373-7077-4.ch008,1,1,0,Cybersecurity in Agriculture 5.0,2025,3D Printing and Digital Twins in Smart Agriculture,10.4018/979-8-3373-7077-4.ch008,https://doi.org/10.4018/979-8-3373-7077-4.ch008,
crossref_only,Crossref,doi:10.1515/9783111215112-014,1,0,1,14 Additive manufacturing and 4D printing applications for Industry 4.0-enabled digital biomedical and pharmaceutical sectors,2024,3D Printing Technologies,10.1515/9783111215112-014,https://doi.org/10.1515/9783111215112-014,low_relevance:1
crossref_only,Crossref,doi:10.1515/9783111215112-007,1,0,1,7 Review of 4D printing and materials enabling Industry 4.0 for implementation in manufacturing: an Indian context,2024,3D Printing Technologies,10.1515/9783111215112-007,https://doi.org/10.1515/9783111215112-007,low_relevance:1
crossref_only,Crossref,doi:10.1515/9783111215112-008,1,0,1,8 Processing of smart materials by additive manufacturing and 4D printing,2024,3D Printing Technologies,10.1515/9783111215112-008,https://doi.org/10.1515/9783111215112-008,low_relevance:1
crossref_only,Crossref,doi:10.1515/9783111505190-010,1,0,1,355Chapter 10 3D and 4D printing of biodegradable photopolymers,2025,3D Printing with Light,10.1515/9783111505190-010,https://doi.org/10.1515/9783111505190-010,low_relevance:1
crossref_only,Crossref,doi:10.1201/9781003442363-6,1,0,1,4D Printing,2024,3D/4D Printing of Bioadhesive Pharmaceutical Systems,10.1201/9781003442363-6,https://doi.org/10.1201/9781003442363-6,low_relevance:1
crossref_only,Crossref,doi:10.1108/4dp-06-2025-0014,1,0,1,4D printed hydromorph biocomposites with shape change and force generation properties: progress towards structural actuation,2025,4D Printing,10.1108/4dp-06-2025-0014,https://doi.org/10.1108/4dp-06-2025-0014,low_relevance:1
crossref_only,Crossref,doi:10.1108/4dp-04-2025-0008,1,0,1,4D printing for crack trapping and adaptive damage-tolerant structures,2025,4D Printing,10.1108/4dp-04-2025-0008,https://doi.org/10.1108/4dp-04-2025-0008,low_relevance:1
crossref_only,Crossref,doi:10.1108/4dp-01-2025-0001,1,0,1,4D printing of soft actuators using functionally graded hydrogels with shape-morphing behavior,2025,4D Printing,10.1108/4dp-01-2025-0001,https://doi.org/10.1108/4dp-01-2025-0001,low_relevance:1
crossref_only,Crossref,doi:10.1108/4dp-12-2024-0002,1,0,1,4D printing: reality or myth?,2025,4D Printing,10.1108/4dp-12-2024-0002,https://doi.org/10.1108/4dp-12-2024-0002,low_relevance:1
crossref_only,Crossref,doi:10.1108/4dp-05-2025-006,1,0,1,Editorial: The launch of 4D printing: embracing time in additive manufacturing,2025,4D Printing,10.1108/4dp-05-2025-006,https://doi.org/10.1108/4dp-05-2025-006,low_relevance:1
crossref_only,Crossref,doi:10.1108/4dp-02-2025-0005,1,0,1,Mechanical analysis of composite leaf springs made by 4D printing method,2025,4D Printing,10.1108/4dp-02-2025-0005,https://doi.org/10.1108/4dp-02-2025-0005,low_relevance:1
crossref_only,Crossref,doi:10.1108/4dp-06-2025-0013,1,0,1,Vision-assisted 4D printing of a silicone gripper with integrated sensors and high energy density actuators,2025,4D Printing,10.1108/4dp-06-2025-0013,https://doi.org/10.1108/4dp-06-2025-0013,low_relevance:1
crossref_only,Crossref,doi:10.1108/4dp-02-2025-0004,1,1,0,3D printing on pre-stressed textiles: peel test evaluation of adhesion factors in 4D textiles,2026,4D Printing,10.1108/4dp-02-2025-0004,https://doi.org/10.1108/4dp-02-2025-0004,
crossref_only,Crossref,doi:10.1108/4dp-09-2025-0019,1,0,1,Fabrication of a gradient-in-a-gradient structure in functionally graded polymer composites via additive manufacturing,2026,4D Printing,10.1108/4dp-09-2025-0019,https://doi.org/10.1108/4dp-09-2025-0019,low_relevance:1
crossref_only,Crossref,doi:10.1108/4dp-12-2025-0024,1,0,1,Four-dimensional shape transformation of millet-based food construct,2026,4D Printing,10.1108/4dp-12-2025-0024,https://doi.org/10.1108/4dp-12-2025-0024,low_relevance:1
crossref_only,Crossref,doi:10.1108/4dp-12-2025-0023,1,0,1,Multimaterial 4D printing of adaptive and reconfigurable auxetic metastructures,2026,4D Printing,10.1108/4dp-12-2025-0023,https://doi.org/10.1108/4dp-12-2025-0023,low_relevance:1
crossref_only,Crossref,doi:10.1108/4dp-10-2025-0022,1,0,1,Shape-morphing greenhouse: design of a thermally responsive transparent 4D-printed structure,2026,4D Printing,10.1108/4dp-10-2025-0022,https://doi.org/10.1108/4dp-10-2025-0022,low_relevance:1
crossref_only,Crossref,doi:10.1515/9783111634609-006,1,0,1,118Chapter 6 4D Printing in Tissue Engineering,2026,4D Printing in Healthcare,10.1515/9783111634609-006,https://doi.org/10.1515/9783111634609-006,low_relevance:1
crossref_only,Crossref,doi:10.1515/9783111634609-007,1,0,1,142Chapter 7 4D Printing in Stimuli-Responsive Materials,2026,4D Printing in Healthcare,10.1515/9783111634609-007,https://doi.org/10.1515/9783111634609-007,low_relevance:1
crossref_only,Crossref,doi:10.1515/9783111634609-008,1,0,1,174Chapter 8 Hydrogel-Based 4D Printing,2026,4D Printing in Healthcare,10.1515/9783111634609-008,https://doi.org/10.1515/9783111634609-008,low_relevance:1
crossref_only,Crossref,doi:10.1515/9783111634609-009,1,0,1,199Chapter 9 4D Printing in Cardiac Health,2026,4D Printing in Healthcare,10.1515/9783111634609-009,https://doi.org/10.1515/9783111634609-009,low_relevance:1
crossref_only,Crossref,doi:10.1515/9783111634609-001,1,0,1,1Chapter 1 4D Printing in Biomedical Engineering: Introduction and Fundamental Concepts,2026,4D Printing in Healthcare,10.1515/9783111634609-001,https://doi.org/10.1515/9783111634609-001,low_relevance:1
crossref_only,Crossref,doi:10.1515/9783111634609-002,1,0,1,32Chapter 2 4D Printing in Healthcare of Smart Materials,2026,4D Printing in Healthcare,10.1515/9783111634609-002,https://doi.org/10.1515/9783111634609-002,low_relevance:1
crossref_only,Crossref,doi:10.1515/9783111634609-003,1,0,1,56Chapter 3 4D Printing in Healthcare of Biological Fabrications,2026,4D Printing in Healthcare,10.1515/9783111634609-003,https://doi.org/10.1515/9783111634609-003,low_relevance:1
crossref_only,Crossref,doi:10.1515/9783111634609-004,1,0,1,76Chapter 4 4D Printing in Orthopedic Medicine,2026,4D Printing in Healthcare,10.1515/9783111634609-004,https://doi.org/10.1515/9783111634609-004,low_relevance:1
crossref_only,Crossref,doi:10.1515/9783111634609-005,1,0,1,94Chapter 5 4D Printing in Dentistry (Odontology),2026,4D Printing in Healthcare,10.1515/9783111634609-005,https://doi.org/10.1515/9783111634609-005,low_relevance:1
crossref_only,Crossref,doi:10.1016/b978-0-443-21518-6.00004-1,1,0,1,3D to 4D printing: Perspective and development,2024,4D Printing of Composites,10.1016/b978-0-443-21518-6.00004-1,https://doi.org/10.1016/b978-0-443-21518-6.00004-1,low_relevance:1
crossref_only,Crossref,doi:10.1016/b978-0-443-21518-6.00001-6,1,0,1,"4D printing of composites: Challenges, opportunities, and paths to commercialization",2024,4D Printing of Composites,10.1016/b978-0-443-21518-6.00001-6,https://doi.org/10.1016/b978-0-443-21518-6.00001-6,low_relevance:1
crossref_only,Crossref,doi:10.1016/b978-0-443-21518-6.00009-0,1,0,1,4D printing of composites—Avenues for the future,2024,4D Printing of Composites,10.1016/b978-0-443-21518-6.00009-0,https://doi.org/10.1016/b978-0-443-21518-6.00009-0,low_relevance:1
crossref_only,Crossref,doi:10.1515/9783110668544-002,1,0,1,Chapter 2 Differences between regular 4D printing (4DP) and 4D printing of composites (4DPC),2024,4D Printing of Composites,10.1515/9783110668544-002,https://doi.org/10.1515/9783110668544-002,low_relevance:1
crossref_only,Crossref,doi:10.1515/9783110668544-003,1,0,1,Chapter 3 Procedure for 4D printing of composites,2024,4D Printing of Composites,10.1515/9783110668544-003,https://doi.org/10.1515/9783110668544-003,low_relevance:1
crossref_only,Crossref,doi:10.1515/9783110668544-004,1,0,1,Chapter 4 Nonlinear aspects of the shape transformation of composite structures made by 4D printing of composites,2024,4D Printing of Composites,10.1515/9783110668544-004,https://doi.org/10.1515/9783110668544-004,low_relevance:1
crossref_only,Crossref,doi:10.1016/b978-0-443-21518-6.00003-x,1,0,1,Direct 4D printing of composite materials,2024,4D Printing of Composites,10.1016/b978-0-443-21518-6.00003-x,https://doi.org/10.1016/b978-0-443-21518-6.00003-x,low_relevance:1
crossref_only,Crossref,doi:10.1016/b978-0-443-21518-6.00008-9,1,0,1,Mathematical/simulation studies of composite 4D printing,2024,4D Printing of Composites,10.1016/b978-0-443-21518-6.00008-9,https://doi.org/10.1016/b978-0-443-21518-6.00008-9,low_relevance:1
crossref_only,Crossref,doi:10.1016/b978-0-443-21518-6.00006-5,1,0,1,Meta-structures 4D printing of thermoplastic composites for smart microscale bioengineering,2024,4D Printing of Composites,10.1016/b978-0-443-21518-6.00006-5,https://doi.org/10.1016/b978-0-443-21518-6.00006-5,low_relevance:1
crossref_only,Crossref,doi:10.1016/b978-0-443-21518-6.00005-3,1,0,1,Multi-materials/hybrid composite 4D printing,2024,4D Printing of Composites,10.1016/b978-0-443-21518-6.00005-3,https://doi.org/10.1016/b978-0-443-21518-6.00005-3,low_relevance:1
crossref_only,Crossref,doi:10.1016/b978-0-443-21518-6.00002-8,1,0,1,Social and economic aspects of 4D printing,2024,4D Printing of Composites,10.1016/b978-0-443-21518-6.00002-8,https://doi.org/10.1016/b978-0-443-21518-6.00002-8,low_relevance:1
crossref_only,Crossref,doi:10.1002/9781394305285.ch5,1,0,1,Expanding Avenues in 4D Printing Technology,2025,4D Printing of Foods,10.1002/9781394305285.ch5,https://doi.org/10.1002/9781394305285.ch5,low_relevance:1
crossref_only,Crossref,doi:10.1002/9781394305285.ch4,1,0,1,Fundamentals of 4D Printing Technology,2025,4D Printing of Foods,10.1002/9781394305285.ch4,https://doi.org/10.1002/9781394305285.ch4,low_relevance:1
crossref_only,Crossref,doi:10.1002/9781394305285.ch7,1,0,1,Stimuli in 4D Printing of Foods,2025,4D Printing of Foods,10.1002/9781394305285.ch7,https://doi.org/10.1002/9781394305285.ch7,low_relevance:1
crossref_only,Crossref,doi:10.1002/9781394213795.ch9,1,0,1,4D Printing Applications in Photonics,2025,4D Printing Technology,10.1002/9781394213795.ch9,https://doi.org/10.1002/9781394213795.ch9,low_relevance:1
crossref_only,Crossref,doi:10.1002/9781394213795.ch7,1,0,1,4D Printing in Micro/Nano Scale,2025,4D Printing Technology,10.1002/9781394213795.ch7,https://doi.org/10.1002/9781394213795.ch7,low_relevance:1
crossref_only,Crossref,doi:10.1002/9781394213795.ch5,1,0,1,4D Printing of Polymers,2025,4D Printing Technology,10.1002/9781394213795.ch5,https://doi.org/10.1002/9781394213795.ch5,low_relevance:1
crossref_only,Crossref,doi:10.1002/9781394213795.ch4,1,0,1,From 3D Printing to 4D Printing,2025,4D Printing Technology,10.1002/9781394213795.ch4,https://doi.org/10.1002/9781394213795.ch4,low_relevance:1
crossref_only,Crossref,doi:10.1002/9781394213795.ch10,1,0,1,"Methods, Materials, Shape Programming, and Applications of 4D Printing",2025,4D Printing Technology,10.1002/9781394213795.ch10,https://doi.org/10.1002/9781394213795.ch10,low_relevance:1
crossref_only,Crossref,doi:10.1002/9781394213795.ch6,1,0,1,Polymer Blends and Reinforcements in 4D Printing,2025,4D Printing Technology,10.1002/9781394213795.ch6,https://doi.org/10.1002/9781394213795.ch6,low_relevance:1
crossref_only,Crossref,doi:10.1515/9783111592657-012,1,0,1,201Chapter 12 On metal-based 5D printing possibilities for the development of functionally graded materials,2026,5D Printing,10.1515/9783111592657-012,https://doi.org/10.1515/9783111592657-012,low_relevance:1
crossref_only,Crossref,doi:10.23967/eccomas.2024.299,1,1,0,Modeling of 3D Printed Soft Pneumatic Actuators,2024,9th European Congress on Computational Methods in Applied Sciences and Engineering,10.23967/eccomas.2024.299,https://doi.org/10.23967/eccomas.2024.299,
crossref_only,Crossref,doi:10.1002/9781394354047.ch12,1,0,1,Description of Hardware‐in‐Loop Digital Twin Platform Requirements for Industrial Process,2025,A Hardware‐in‐Loop Digital Twin Approach for Intelligent Optimization of Municipal Solid Waste Incineration,10.1002/9781394354047.ch12,https://doi.org/10.1002/9781394354047.ch12,low_relevance:1
crossref_only,Crossref,doi:10.32996/agjcsts.2024.3.1.4,1,0,1,AI-Driven Digital Twin Frameworks for Predictive Maintenance and Process Optimization in Smart Battery Manufacturing for Electric Vehicles,2024,Academica Global: Journal of Computer Science and Technology Studies,10.32996/agjcsts.2024.3.1.4,https://doi.org/10.32996/agjcsts.2024.3.1.4,low_relevance:1
crossref_only,Crossref,doi:10.1145/3665662.3673256,1,0,1,Demonstration of AcceloPrint: Fabricating Accelerometers with Multi-Material 3D Printing,2024,ACM Symposium on Computational Fabrication,10.1145/3665662.3673256,https://doi.org/10.1145/3665662.3673256,low_relevance:1
crossref_only,Crossref,doi:10.1145/3777457,1,0,1,Graph Deviation Network for Anomaly Detection and Localization in Additive Manufacturing Systems,2026,ACM Transactions on Cyber-Physical Systems,10.1145/3777457,https://doi.org/10.1145/3777457,low_relevance:1
crossref_only,Crossref,doi:10.1145/3687924,1,1,0,Inverse Rendering for Tomographic Volumetric Additive Manufacturing,2024,ACM Transactions on Graphics,10.1145/3687924,https://doi.org/10.1145/3687924,
crossref_only,Crossref,doi:10.1145/3805805,1,0,1,Evaluating Digital Twin Visualizations for Safety and Trust in Robot-Assisted Dressing,2026,ACM Transactions on Human-Robot Interaction,10.1145/3805805,https://doi.org/10.1145/3805805,low_relevance:1
crossref_only,Crossref,doi:10.1021/acsabm.4c00223,1,0,1,Engineered Living Structures with Shape-Morphing Capability Enabled by 4D Printing with Functional Bacteria,2024,ACS Applied Bio Materials,10.1021/acsabm.4c00223,https://doi.org/10.1021/acsabm.4c00223,low_relevance:1
crossref_only,Crossref,doi:10.1021/acsaenm.4c00764,1,0,1,A Co-extrusion Additive Manufacturing Process with Mixer Nozzle to Dynamically Control Blowing Agent Content and Print Functionally Graded Foams,2025,ACS Applied Engineering Materials,10.1021/acsaenm.4c00764,https://doi.org/10.1021/acsaenm.4c00764,low_relevance:1
crossref_only,Crossref,doi:10.1021/acsami.4c16614,1,0,1,Scalable Accelerated Materials Discovery of Sustainable Polysaccharide-Based Hydrogels by Autonomous Experimentation and Collaborative Learning,2024,ACS Applied Materials &amp; Interfaces,10.1021/acsami.4c16614,https://doi.org/10.1021/acsami.4c16614,low_relevance:1
crossref_only,Crossref,doi:10.1021/acsami.6c00142,1,1,0,Multimaterial Digital Light Processing 3D Printing of Self-Sensing and Thermoresponsive Soft Actuators,2026,ACS Applied Materials &amp; Interfaces,10.1021/acsami.6c00142,https://doi.org/10.1021/acsami.6c00142,
crossref_only,Crossref,doi:10.1021/acscentsci.5c01624,1,0,1,Accelerated Emergence of Self-Driving Laboratories for Accelerating Materials Discovery,2026,ACS Central Science,10.1021/acscentsci.5c01624,https://doi.org/10.1021/acscentsci.5c01624,low_relevance:1
crossref_only,Crossref,doi:10.1021/acsnano.4c17504,1,0,1,A Self-Driving Lab for Nano- and Advanced Materials Synthesis,2025,ACS Nano,10.1021/acsnano.4c17504,https://doi.org/10.1021/acsnano.4c17504,duplicate_title:1
crossref_only,Crossref,doi:10.1021/acsphotonics.4c01007,1,1,0,Two-Photon Polymerization 4D Printing Magnetic Probe on a Fiber for Magnetic Vector Measurement,2024,ACS Photonics,10.1021/acsphotonics.4c01007,https://doi.org/10.1021/acsphotonics.4c01007,
crossref_only,Crossref,doi:10.1016/j.actaastro.2023.11.016,1,0,1,Self-deployable hinges for monolithic space structures using multi-material additive manufacturing,2024,Acta Astronautica,10.1016/j.actaastro.2023.11.016,https://doi.org/10.1016/j.actaastro.2023.11.016,low_relevance:1
crossref_only,Crossref,doi:10.22306/asim.v11i1.118,1,0,1,A case study of using Solidworks software to simulate an assembly for 3D printing and creating a digital twin of Wlkata robots in laboratory conditions,2025,Acta Simulatio,10.22306/asim.v11i1.118,https://doi.org/10.22306/asim.v11i1.118,low_relevance:1
crossref_only,Crossref,doi:10.3390/act13070249,1,0,1,Research on Additive Manufacturing Path Planning of a Six-Degree-of-Freedom Manipulator,2024,Actuators,10.3390/act13070249,https://doi.org/10.3390/act13070249,low_relevance:1
crossref_only,Crossref,doi:10.1016/j.addma.2024.104177,1,1,0,3D vat photopolymerization printing of hydrophilic silicone-based microfluidic devices and the effect of cellulose nanocrystals as additives for improved printing accuracy,2024,Additive Manufacturing,10.1016/j.addma.2024.104177,https://doi.org/10.1016/j.addma.2024.104177,
crossref_only,Crossref,doi:10.1016/j.addma.2024.104417,1,1,0,Achieving high geometric fidelity in vat photopolymerization additive manufacturing through liquid surface support,2024,Additive Manufacturing,10.1016/j.addma.2024.104417,https://doi.org/10.1016/j.addma.2024.104417,
crossref_only,Crossref,doi:10.1016/j.addma.2023.103945,1,0,1,"Additive manufacturing of functionally graded foams: Material extrusion process design, part design, and mechanical testing",2024,Additive Manufacturing,10.1016/j.addma.2023.103945,https://doi.org/10.1016/j.addma.2023.103945,low_relevance:1
crossref_only,Crossref,doi:10.1016/j.addma.2024.104314,1,1,0,Continuous 3D printing of metal structures using ultrafast mask video projection initiated vat photopolymerization,2024,Additive Manufacturing,10.1016/j.addma.2024.104314,https://doi.org/10.1016/j.addma.2024.104314,
crossref_only,Crossref,doi:10.1016/j.addma.2024.104052,1,0,1,Corrigendum to “Thermal conductivity of three-dimensional multi-material core-shell filament structures obtained by material extrusion” [Addit. Manuf. (2024) 104018],2024,Additive Manufacturing,10.1016/j.addma.2024.104052,https://doi.org/10.1016/j.addma.2024.104052,low_relevance:1
crossref_only,Crossref,doi:10.1016/j.addma.2023.103930,1,1,0,Dual-vat photopolymerization 3D printing of vitrimers,2024,Additive Manufacturing,10.1016/j.addma.2023.103930,https://doi.org/10.1016/j.addma.2023.103930,
crossref_only,Crossref,doi:10.1016/j.addma.2024.104456,1,1,0,Effective post-cleaning strategy for vat photopolymerization 3D printed complex-structured polymer-derived ceramics,2024,Additive Manufacturing,10.1016/j.addma.2024.104456,https://doi.org/10.1016/j.addma.2024.104456,
crossref_only,Crossref,doi:10.1016/j.addma.2024.104350,1,1,0,Elucidating the mechanism of overcuring in microchannels fabricated via vat photopolymerization (VPP) for precise microfluidic chip printing,2024,Additive Manufacturing,10.1016/j.addma.2024.104350,https://doi.org/10.1016/j.addma.2024.104350,
crossref_only,Crossref,doi:10.1016/j.addma.2024.104117,1,0,1,Functionally graded triply periodic minimal surface scaffold of HA-Al2O3 via Vat photopolymerization 3D printing,2024,Additive Manufacturing,10.1016/j.addma.2024.104117,https://doi.org/10.1016/j.addma.2024.104117,low_relevance:1
crossref_only,Crossref,doi:10.1016/j.addma.2023.103929,1,1,0,High temperature vat photopolymerization 3D printing of fully bio-based composites: Green vegetable oil epoxy matrix &amp; bio-derived filler powder,2024,Additive Manufacturing,10.1016/j.addma.2023.103929,https://doi.org/10.1016/j.addma.2023.103929,
crossref_only,Crossref,doi:10.1016/j.addma.2024.104351,1,1,0,"High-precision and Large-Scale Vat Photopolymerization Printing based on ""Spatial-Pixel Integration Compensation"" method",2024,Additive Manufacturing,10.1016/j.addma.2024.104351,https://doi.org/10.1016/j.addma.2024.104351,
crossref_only,Crossref,doi:10.1016/j.addma.2024.104497,1,0,1,High-precision inkjet 3D printing of curved multi-material structures: Morphology evolution and optimization,2024,Additive Manufacturing,10.1016/j.addma.2024.104497,https://doi.org/10.1016/j.addma.2024.104497,low_relevance:1
crossref_only,Crossref,doi:10.1016/j.addma.2023.103950,1,0,1,Improving mechanical performance in material extrusion parts via optimized toolpath planning,2024,Additive Manufacturing,10.1016/j.addma.2023.103950,https://doi.org/10.1016/j.addma.2023.103950,low_relevance:1
crossref_only,Crossref,doi:10.1016/j.addma.2024.104324,1,1,0,Innovative 3D printing of mechanoluminescent composites: Vat photopolymerization meets machine learning,2024,Additive Manufacturing,10.1016/j.addma.2024.104324,https://doi.org/10.1016/j.addma.2024.104324,
crossref_only,Crossref,doi:10.1016/j.addma.2024.104424,1,0,1,Optical tomography by laser line scanning and digital twinning for in-process inspection of lattice structures in material extrusion,2024,Additive Manufacturing,10.1016/j.addma.2024.104424,https://doi.org/10.1016/j.addma.2024.104424,low_relevance:1
crossref_only,Crossref,doi:10.1016/j.addma.2024.104257,1,1,0,Optimize projected mask images for improving three-dimensional printing accuracy for digital light processing based vat photopolymerization,2024,Additive Manufacturing,10.1016/j.addma.2024.104257,https://doi.org/10.1016/j.addma.2024.104257,
crossref_only,Crossref,doi:10.1016/j.addma.2024.104204,1,1,0,Physics-constrained multi-objective bayesian optimization to accelerate 3d printing of thermoplastics,2024,Additive Manufacturing,10.1016/j.addma.2024.104204,https://doi.org/10.1016/j.addma.2024.104204,
crossref_only,Crossref,doi:10.1016/j.addma.2024.104235,1,0,1,Programmable ceramic 4D printing via multi-material vat photopolymerization,2024,Additive Manufacturing,10.1016/j.addma.2024.104235,https://doi.org/10.1016/j.addma.2024.104235,low_relevance:1
crossref_only,Crossref,doi:10.1016/j.addma.2024.104240,1,1,0,Selection strategy of curing depth for vat photopolymerization 3D printing of Al2O3 ceramics,2024,Additive Manufacturing,10.1016/j.addma.2024.104240,https://doi.org/10.1016/j.addma.2024.104240,
crossref_only,Crossref,doi:10.1016/j.addma.2024.104119,1,1,0,Uniform rate debinding for Si3N4 vat photopolymerization 3D printing green parts using a specific-stage stepwise heating process,2024,Additive Manufacturing,10.1016/j.addma.2024.104119,https://doi.org/10.1016/j.addma.2024.104119,
crossref_only,Crossref,doi:10.1016/j.addma.2024.104071,1,1,0,"Vat photopolymerization 3D printing of yttria-stabilized ZrO2 ceramics: effects of a sintering additive (Na2O – 2SiO2), biocompatibility, and osteointegration",2024,Additive Manufacturing,10.1016/j.addma.2024.104071,https://doi.org/10.1016/j.addma.2024.104071,
crossref_only,Crossref,doi:10.1016/j.addma.2024.104239,1,1,0,Vat photopolymerization 3D printing SiBCN ceramic metamaterials with strong electromagnetic wave absorption,2024,Additive Manufacturing,10.1016/j.addma.2024.104239,https://doi.org/10.1016/j.addma.2024.104239,
crossref_only,Crossref,doi:10.1016/j.addma.2024.104443,1,1,0,Vat photopolymerization based digital light processing 3D printing hydrogels in biomedical fields: Key parameters and perspective,2024,Additive Manufacturing,10.1016/j.addma.2024.104443,https://doi.org/10.1016/j.addma.2024.104443,
crossref_only,Crossref,doi:10.1016/j.addma.2024.104372,1,1,0,Vat photopolymerization of polymer composites with printing-direction-independent properties,2024,Additive Manufacturing,10.1016/j.addma.2024.104372,https://doi.org/10.1016/j.addma.2024.104372,
crossref_only,Crossref,doi:10.1016/j.addma.2025.104639,1,0,1,A mapping-based graded infill structure design method and continuous printing path planning,2025,Additive Manufacturing,10.1016/j.addma.2025.104639,https://doi.org/10.1016/j.addma.2025.104639,low_relevance:1
crossref_only,Crossref,doi:10.1016/j.addma.2025.104960,1,0,1,A skeletal line-based printing path planning method for continuous fiber reinforced composite structures,2025,Additive Manufacturing,10.1016/j.addma.2025.104960,https://doi.org/10.1016/j.addma.2025.104960,low_relevance:1
crossref_only,Crossref,doi:10.1016/j.addma.2025.104662,1,0,1,Automated toolpath design of 3D concrete printing structural components,2025,Additive Manufacturing,10.1016/j.addma.2025.104662,https://doi.org/10.1016/j.addma.2025.104662,low_relevance:1
crossref_only,Crossref,doi:10.1016/j.addma.2025.104703,1,1,0,Complex shaped Al2O3/YAG/ZrO2 eutectic ceramics with excellent high temperature mechanical properties printed by vat photopolymerization,2025,Additive Manufacturing,10.1016/j.addma.2025.104703,https://doi.org/10.1016/j.addma.2025.104703,
crossref_only,Crossref,doi:10.1016/j.addma.2025.104977,1,1,0,Cycloaliphatic epoxy-functionalized polysiloxanes for UV-mask 3D printing via cationic photopolymerization,2025,Additive Manufacturing,10.1016/j.addma.2025.104977,https://doi.org/10.1016/j.addma.2025.104977,
crossref_only,Crossref,doi:10.1016/j.addma.2025.104795,1,1,0,Evolution of debinding and sintering of a silica-based ceramic using vat photopolymerization additive manufacturing,2025,Additive Manufacturing,10.1016/j.addma.2025.104795,https://doi.org/10.1016/j.addma.2025.104795,
crossref_only,Crossref,doi:10.1016/j.addma.2025.104726,1,1,0,Flashing light curing strategy for shape fidelity improvement in photopolymerization-based ceramic additive manufacturing,2025,Additive Manufacturing,10.1016/j.addma.2025.104726,https://doi.org/10.1016/j.addma.2025.104726,
crossref_only,Crossref,doi:10.1016/j.addma.2025.104706,1,1,0,Freeze-dried silver nanowire based resin formulation for vat photopolymerization 3D printing of stretchable and electrically conductive nanocomposites,2025,Additive Manufacturing,10.1016/j.addma.2025.104706,https://doi.org/10.1016/j.addma.2025.104706,
crossref_only,Crossref,doi:10.1016/j.addma.2025.104691,1,1,0,Hydrophilic silicone-based ink derived from amphiphilic siloxane oligomers for the vat photopolymerization printing of embedded-channel fluidic devices,2025,Additive Manufacturing,10.1016/j.addma.2025.104691,https://doi.org/10.1016/j.addma.2025.104691,
crossref_only,Crossref,doi:10.1016/j.addma.2025.104863,1,1,0,Magnetic beneficiation – A novel approach to facilitate additive manufacturing of lunar regolith ceramics by vat photopolymerization,2025,Additive Manufacturing,10.1016/j.addma.2025.104863,https://doi.org/10.1016/j.addma.2025.104863,
crossref_only,Crossref,doi:10.1016/j.addma.2025.104890,1,0,1,Multi-material printing of 3D heterogeneous structures with embedded microscale conductive features for electromagnetic function,2025,Additive Manufacturing,10.1016/j.addma.2025.104890,https://doi.org/10.1016/j.addma.2025.104890,low_relevance:1
crossref_only,Crossref,doi:10.1016/j.addma.2025.105008,1,0,1,Multi-material top-down vat photopolymerization 3D printing based on liquid surface supported printing,2025,Additive Manufacturing,10.1016/j.addma.2025.105008,https://doi.org/10.1016/j.addma.2025.105008,low_relevance:1
crossref_only,Crossref,doi:10.1016/j.addma.2025.104930,1,0,1,Multi-wavelength centrifugal processing enables 3D printing of functionally graded medical devices: Construction and validation of mechanically tunable orthodontic aligners,2025,Additive Manufacturing,10.1016/j.addma.2025.104930,https://doi.org/10.1016/j.addma.2025.104930,low_relevance:1
crossref_only,Crossref,doi:10.1016/j.addma.2025.104945,1,1,0,Novel 3D printed BaTiO3-based ceramics with high PTC effect via vat photopolymerization and vacuum infiltration,2025,Additive Manufacturing,10.1016/j.addma.2025.104945,https://doi.org/10.1016/j.addma.2025.104945,
crossref_only,Crossref,doi:10.1016/j.addma.2025.104776,1,1,0,Vat photopolymerization 3D printed SiOC-based metamaterials with triply periodic minimal surface: Microwave absorption and load-bearing properties,2025,Additive Manufacturing,10.1016/j.addma.2025.104776,https://doi.org/10.1016/j.addma.2025.104776,
crossref_only,Crossref,doi:10.1016/j.addma.2025.104740,1,1,0,Warpage correction for vat photopolymerization 3D printing,2025,Additive Manufacturing,10.1016/j.addma.2025.104740,https://doi.org/10.1016/j.addma.2025.104740,
crossref_only,Crossref,doi:10.1016/j.addma.2026.105108,1,1,0,Printing force analysis in FDM-based 4D printing of singular lines: A numerical and experimental study,2026,Additive Manufacturing,10.1016/j.addma.2026.105108,https://doi.org/10.1016/j.addma.2026.105108,
crossref_only,Crossref,doi:10.1016/j.addma.2026.105187,1,0,1,Reinforcement learning-based path planning method for 3D printing of continuous fiber reinforced thermoplastic composites,2026,Additive Manufacturing,10.1016/j.addma.2026.105187,https://doi.org/10.1016/j.addma.2026.105187,low_relevance:1
crossref_only,Crossref,doi:10.1201/9781003484325-8,1,1,0,Multimaterial 3D Printing of Metamaterials,2024,Additive Manufacturing for Advance Applications,10.1201/9781003484325-8,https://doi.org/10.1201/9781003484325-8,
crossref_only,Crossref,doi:10.1016/j.amf.2024.200158,1,1,0,Development of Ceramic 3D/4D Printing in China,2024,Additive Manufacturing Frontiers,10.1016/j.amf.2024.200158,https://doi.org/10.1016/j.amf.2024.200158,
crossref_only,Crossref,doi:10.1016/j.amf.2024.200186,1,0,1,Additive Manufacturing of Silicon Carbide Microwave-Absorbing Metamaterials,2025,Additive Manufacturing Frontiers,10.1016/j.amf.2024.200186,https://doi.org/10.1016/j.amf.2024.200186,low_relevance:1
crossref_only,Crossref,doi:10.1016/j.amf.2025.200202,1,0,1,Design and Additive Manufacturing of Metamaterial – Enabling Structure-Driven Material Properties,2025,Additive Manufacturing Frontiers,10.1016/j.amf.2025.200202,https://doi.org/10.1016/j.amf.2025.200202,low_relevance:1
crossref_only,Crossref,doi:10.1016/j.amf.2025.200219,1,0,1,Multi-Area Vibration Precision Laying Process in Multi-Material 3D Sand Printing,2025,Additive Manufacturing Frontiers,10.1016/j.amf.2025.200219,https://doi.org/10.1016/j.amf.2025.200219,low_relevance:1
crossref_only,Crossref,doi:10.1016/j.amf.2026.200294,1,1,0,Advancements and future potential of volumetric additive manufacturing in dental applications,2026,Additive Manufacturing Frontiers,10.1016/j.amf.2026.200294,https://doi.org/10.1016/j.amf.2026.200294,
crossref_only,Crossref,doi:10.1016/j.amf.2026.200353,1,1,0,Suppressing part warpage in large-area Vat photopolymerization (VPP) printing: A structure-process co-optimization strategy,2026,Additive Manufacturing Frontiers,10.1016/j.amf.2026.200353,https://doi.org/10.1016/j.amf.2026.200353,
crossref_only,Crossref,doi:10.1016/j.addlet.2024.100216,1,0,1,Additive manufacturing of NiTi architected metamaterials,2024,Additive Manufacturing Letters,10.1016/j.addlet.2024.100216,https://doi.org/10.1016/j.addlet.2024.100216,low_relevance:1
crossref_only,Crossref,doi:10.1016/j.addlet.2023.100187,1,0,1,Powder sheets additive manufacturing: Principles and capabilities for multi-material printing,2024,Additive Manufacturing Letters,10.1016/j.addlet.2023.100187,https://doi.org/10.1016/j.addlet.2023.100187,low_relevance:1
crossref_only,Crossref,doi:10.1016/j.addlet.2024.100209,1,1,0,Towards microwave volumetric additive manufacturing: Generation of a computational multi-physics model for localized curing,2024,Additive Manufacturing Letters,10.1016/j.addlet.2024.100209,https://doi.org/10.1016/j.addlet.2024.100209,
crossref_only,Crossref,doi:10.1016/j.addlet.2024.100193,1,1,0,Vat photopolymerization additive manufacturing process modeling: a thermal-chemical coupling approach informed by in-situ and ex-situ characterization data,2024,Additive Manufacturing Letters,10.1016/j.addlet.2024.100193,https://doi.org/10.1016/j.addlet.2024.100193,
crossref_only,Crossref,doi:10.1016/j.addlet.2025.100278,1,1,0,Enhancing dental model accuracy through optimized vat photopolymerization additive manufacturing parameters,2025,Additive Manufacturing Letters,10.1016/j.addlet.2025.100278,https://doi.org/10.1016/j.addlet.2025.100278,
crossref_only,Crossref,doi:10.1016/j.addlet.2025.100274,1,0,1,Influence of the laser strategy on bi-metallic interfaces printed via multi-material laser-based powder bed fusion,2025,Additive Manufacturing Letters,10.1016/j.addlet.2025.100274,https://doi.org/10.1016/j.addlet.2025.100274,duplicate_title:1
crossref_only,Crossref,doi:10.1016/j.addlet.2025.100286,1,1,0,Multimaterial 3D printing of structured surfaces for increased hydrophobicity of biocomposite materials,2025,Additive Manufacturing Letters,10.1016/j.addlet.2025.100286,https://doi.org/10.1016/j.addlet.2025.100286,
crossref_only,Crossref,doi:10.1016/j.addlet.2025.100353,1,0,1,Adaptive-binder-aggregate mixing (ABAM): Concept for extrusion-based multi-material 3D concrete printing,2026,Additive Manufacturing Letters,10.1016/j.addlet.2025.100353,https://doi.org/10.1016/j.addlet.2025.100353,low_relevance:1
crossref_only,Crossref,doi:10.1016/b978-0-443-33395-8.00011-2,1,1,0,Additive manufacturing of functionally graded magnetic materials,2025,Additive Manufacturing of Magnetic Materials,10.1016/b978-0-443-33395-8.00011-2,https://doi.org/10.1016/b978-0-443-33395-8.00011-2,
crossref_only,Crossref,doi:10.1016/b978-0-443-33500-6.00003-0,1,1,0,3D printing of multimaterial structures and their impact on sustainability,2026,Additive Manufacturing of Smart Multifunctional Materials and Structures,10.1016/b978-0-443-33500-6.00003-0,https://doi.org/10.1016/b978-0-443-33500-6.00003-0,
crossref_only,Crossref,doi:10.1016/b978-0-443-28808-1.00012-9,1,0,1,4D imaging assisted 4D printing for bone regeneration applications,2025,Additive Manufacturing Solutions for Advanced Veterinary Practice,10.1016/b978-0-443-28808-1.00012-9,https://doi.org/10.1016/b978-0-443-28808-1.00012-9,low_relevance:1
crossref_only,Crossref,doi:10.1016/b978-0-443-16144-5.00015-6,1,1,0,Hybrid metal additive manufacturing for complex multimaterial component fabrication,2025,Additively Manufactured Smart Materials and Structures,10.1016/b978-0-443-16144-5.00015-6,https://doi.org/10.1016/b978-0-443-16144-5.00015-6,
crossref_only,Crossref,doi:10.1002/aenm.202506803,1,0,1,Smart Exploration of Perovskite Photovoltaics: From AI Driven Discovery to Autonomous Laboratories,2026,Advanced Energy Materials,10.1002/aenm.202506803,https://doi.org/10.1002/aenm.202506803,low_relevance:1
crossref_only,Crossref,doi:10.1002/adem.202402567,1,0,1,An Integrated MATLAB Code for Homogenization‐Based Topology Optimization and Generating Functionally Graded Surface Lattices for Additive Manufacturing,2025,Advanced Engineering Materials,10.1002/adem.202402567,https://doi.org/10.1002/adem.202402567,low_relevance:1
crossref_only,Crossref,doi:10.1002/adem.202501603,1,1,0,Highly Stable Low‐Temperature Phosphate Glass as a Platform for Multimaterial 3D Printing of Integrated Functional Microfluidic Devices,2025,Advanced Engineering Materials,10.1002/adem.202501603,https://doi.org/10.1002/adem.202501603,
crossref_only,Crossref,doi:10.1002/adem.202501811,1,1,0,"Vat Photopolymerization Additive Manufacturing for Advanced Ceramics: Techniques, Multimaterial Strategies, and Applications",2026,Advanced Engineering Materials,10.1002/adem.202501811,https://doi.org/10.1002/adem.202501811,
crossref_only,Crossref,doi:10.1117/12.2691770,1,1,0,Acrylate-based photoresins for high quality parts made by volumetric additive manufacturing,2024,Advanced Fabrication Technologies for Micro/Nano Optics and Photonics XVII,10.1117/12.2691770,https://doi.org/10.1117/12.2691770,
crossref_only,Crossref,doi:10.1117/12.3008910,1,1,0,Electronic alignment in volumetric additive manufacturing,2024,Advanced Fabrication Technologies for Micro/Nano Optics and Photonics XVII,10.1117/12.3008910,https://doi.org/10.1117/12.3008910,
crossref_only,Crossref,doi:10.1117/12.3008459,1,1,0,Generalized projection optimization model for tomographic volumetric additive manufacturing,2024,Advanced Fabrication Technologies for Micro/Nano Optics and Photonics XVII,10.1117/12.3008459,https://doi.org/10.1117/12.3008459,
crossref_only,Crossref,doi:10.1117/12.3008523,1,1,0,Quantitative phase imaging for volumetric additive manufacturing,2024,Advanced Fabrication Technologies for Micro/Nano Optics and Photonics XVII,10.1117/12.3008523,https://doi.org/10.1117/12.3008523,
crossref_only,Crossref,doi:10.1117/12.3008445,1,1,0,Roll-to-roll tomographic volumetric additive manufacturing for continuous production of microstructures on long flexible substrates,2024,Advanced Fabrication Technologies for Micro/Nano Optics and Photonics XVII,10.1117/12.3008445,https://doi.org/10.1117/12.3008445,
crossref_only,Crossref,doi:10.1117/12.3047687,1,1,0,High dimensionality volumetric additive manufacturing,2025,Advanced Fabrication Technologies for Micro/Nano Optics and Photonics XVIII,10.1117/12.3047687,https://doi.org/10.1117/12.3047687,
crossref_only,Crossref,doi:10.1117/12.3047764,1,1,0,Quantifying limits imposed by occlusions in volumetric additive manufacturing,2025,Advanced Fabrication Technologies for Micro/Nano Optics and Photonics XVIII,10.1117/12.3047764,https://doi.org/10.1117/12.3047764,
crossref_only,Crossref,doi:10.1002/adfm.202410908,1,0,1,Direct Ink Write 3D Printing of Fully Dense and Functionally Graded Liquid Metal Elastomer Foams,2024,Advanced Functional Materials,10.1002/adfm.202410908,https://doi.org/10.1002/adfm.202410908,low_relevance:1
crossref_only,Crossref,doi:10.1002/adfm.202470270,1,0,1,Direct Ink Write 3D Printing of Fully Dense and Functionally Graded Liquid Metal Elastomer Foams (Adv. Funct. Mater. 46/2024),2024,Advanced Functional Materials,10.1002/adfm.202470270,https://doi.org/10.1002/adfm.202470270,low_relevance:1
crossref_only,Crossref,doi:10.1002/adfm.202470051,1,0,1,Reprogrammable 4D Printed Liquid Crystal Elastomer Photoactuators by Means of Light‐Reversible Perylene Diimide Radicals (Adv. Funct. Mater. 9/2024),2024,Advanced Functional Materials,10.1002/adfm.202470051,https://doi.org/10.1002/adfm.202470051,low_relevance:1
crossref_only,Crossref,doi:10.1002/adfm.202526924,1,0,1,Machine Learning‐Assisted Inverse Design of 3D Shape Morphing in Liquid Crystal Elastomer Composite Strips,2026,Advanced Functional Materials,10.1002/adfm.202526924,https://doi.org/10.1002/adfm.202526924,low_relevance:1
crossref_only,Crossref,doi:10.1002/aidi.202500188,1,1,0,Automated Alignment Powered by Computer Vision Streamlines the Two‐Photon Polymerization‐Based Micro 3D Printing of Multiscale and Multimaterial Structures,2025,Advanced Intelligent Discovery,10.1002/aidi.202500188,https://doi.org/10.1002/aidi.202500188,
crossref_only,Crossref,doi:10.1002/aidi.202400037,1,0,1,Autonomous Intuition for Advanced Manufacturing Systems: Benefits and Tradeoffs of Presampling for Autonomous Parameterization,2025,Advanced Intelligent Discovery,10.1002/aidi.202400037,https://doi.org/10.1002/aidi.202400037,low_relevance:1
crossref_only,Crossref,doi:10.1002/aidi.202500138,1,0,1,FastCat: Autonomous Discovery of Multielement Layered Double Hydroxide Alloy Catalysts for Alkaline Oxygen Evolution Reaction,2025,Advanced Intelligent Discovery,10.1002/aidi.202500138,https://doi.org/10.1002/aidi.202500138,low_relevance:1
crossref_only,Crossref,doi:10.1002/aisy.202400057,1,1,0,3D‐Printed Mechano‐Optic Force Sensor for Soft Robotic Gripper Enabled by Programmable Structural Metamaterials,2024,Advanced Intelligent Systems,10.1002/aisy.202400057,https://doi.org/10.1002/aisy.202400057,
crossref_only,Crossref,doi:10.1002/aisy.202400022,1,1,0,Reconstructing Soft Robotic Touch via In‐Finger Vision,2024,Advanced Intelligent Systems,10.1002/aisy.202400022,https://doi.org/10.1002/aisy.202400022,
crossref_only,Crossref,doi:10.1002/aisy.202500430,1,1,0,Toward More Autonomous Soft Robots: Development and Characterization of a 3D‐Printed Pneumatic Contact Sensor for a Six‐Legged Soft Robotic Walker,2026,Advanced Intelligent Systems,10.1002/aisy.202500430,https://doi.org/10.1002/aisy.202500430,
crossref_only,Crossref,doi:10.1002/aisy.70218,1,0,1,Toward More Autonomous Soft Robots: Development and Characterization of a 3D‐Printed Pneumatic Contact Sensor for a Six‐Legged Soft Robotic Walker,2026,Advanced Intelligent Systems,10.1002/aisy.70218,https://doi.org/10.1002/aisy.70218,duplicate_title:1
crossref_only,Crossref,doi:10.32971/als.2024.021,1,0,1,Real-time supplier selection using digital twin technology: an Analytic Hierarchy Process-based optimization approach,2024,Advanced Logistic Systems - Theory and Practice,10.32971/als.2024.021,https://doi.org/10.32971/als.2024.021,low_relevance:1
crossref_only,Crossref,doi:10.1002/adma.202409789,1,0,1,4D Printing Hybrid Soft Robots Enabled by Shape‐Transformable Liquid Metal Nanoparticles,2024,Advanced Materials,10.1002/adma.202409789,https://doi.org/10.1002/adma.202409789,low_relevance:1
crossref_only,Crossref,doi:10.1002/adma.202414209,1,0,1,Digital Light Process 3D Printing of Magnetically Aligned Liquid Crystalline Elastomer Free–forms,2024,Advanced Materials,10.1002/adma.202414209,https://doi.org/10.1002/adma.202414209,low_relevance:1
crossref_only,Crossref,doi:10.1002/adma.202410661,1,0,1,Engineered Shape‐Morphing Transitions in Hydrogels Through Suspension Bath Printing of Temperature‐Responsive Granular Hydrogel Inks,2024,Advanced Materials,10.1002/adma.202410661,https://doi.org/10.1002/adma.202410661,low_relevance:1
crossref_only,Crossref,doi:10.1002/adma.202402517,1,1,0,Fully 3D‐Printed Miniature Soft Hydraulic Actuators with Shape Memory Effect for Morphing and Manipulation,2024,Advanced Materials,10.1002/adma.202402517,https://doi.org/10.1002/adma.202402517,
crossref_only,Crossref,doi:10.1002/adma.202314204,1,1,0,"Toward Multiscale, Multimaterial 3D Printing",2024,Advanced Materials,10.1002/adma.202314204,https://doi.org/10.1002/adma.202314204,
crossref_only,Crossref,doi:10.1002/adma.202407599,1,1,0,Voxel Interface Control in Multimaterial Extrusion 3D Printing,2024,Advanced Materials,10.1002/adma.202407599,https://doi.org/10.1002/adma.202407599,
crossref_only,Crossref,doi:10.1002/adma.202507057,1,0,1,Closed‐Loop and Sustainable 4D Printing of Multi‐Stimuli‐Responsive Sulfur‐Rich Polymer Composites for Autonomous Task Execution,2025,Advanced Materials,10.1002/adma.202507057,https://doi.org/10.1002/adma.202507057,low_relevance:1
crossref_only,Crossref,doi:10.1002/adma.71106,1,0,1,Closed‐Loop and Sustainable 4D Printing of Multi‐Stimuli‐Responsive Sulfur‐Rich Polymer Composites for Autonomous Task Execution (Adv. Mater. 44/2025),2025,Advanced Materials,10.1002/adma.71106,https://doi.org/10.1002/adma.71106,low_relevance:1
crossref_only,Crossref,doi:10.1002/adma.202515941,1,1,0,Materials Informatics: Emergence to Autonomous Discovery in the Age of AI,2026,Advanced Materials,10.1002/adma.202515941,https://doi.org/10.1002/adma.202515941,
crossref_only,Crossref,doi:10.1002/adma.202519790,1,0,1,Navigating Ternary Doping in Li‐ion Cathodes With Closed‐Loop Multi‐Objective Bayesian Optimization,2026,Advanced Materials,10.1002/adma.202519790,https://doi.org/10.1002/adma.202519790,low_relevance:1
crossref_only,Crossref,doi:10.1002/adma.202510141,1,1,0,Rotational Multimaterial 3D Printing of Soft Robotic Matter With Embedded Asymmetrical Pneumatics,2026,Advanced Materials,10.1002/adma.202510141,https://doi.org/10.1002/adma.202510141,
crossref_only,Crossref,doi:10.1002/adma.202523664,1,1,0,Wavelength‐Dependent 3D Printing: Introducing 3D Printed Action Plots,2026,Advanced Materials,10.1002/adma.202523664,https://doi.org/10.1002/adma.202523664,
crossref_only,Crossref,doi:10.35534/amsm.2024.10003,1,0,1,Knowledge-data Collaborated Digital Twin Model of Papermaking Process,2024,Advanced Materials &amp; Sustainable Manufacturing,10.35534/amsm.2024.10003,https://doi.org/10.35534/amsm.2024.10003,low_relevance:1
crossref_only,Crossref,doi:10.35534/amsm.2023.10003,1,0,1,Knowledge-data Collaborated Digital Twin Model of Papermaking Process,2024,Advanced Materials &amp; Sustainable Manufacturing,10.35534/amsm.2023.10003,https://doi.org/10.35534/amsm.2023.10003,low_relevance:1
crossref_only,Crossref,doi:10.1002/admt.202400005,1,0,1,Advective Assembler‐Enhanced Support Bath Rotational Direct Ink Writing,2024,Advanced Materials Technologies,10.1002/admt.202400005,https://doi.org/10.1002/admt.202400005,low_relevance:1
crossref_only,Crossref,doi:10.1002/admt.202401992,1,1,0,Direct Assembly of Multilayered Core–Shell Structured Composites for Self‐Sensing and Soft Robotic Fingers,2025,Advanced Materials Technologies,10.1002/admt.202401992,https://doi.org/10.1002/admt.202401992,
crossref_only,Crossref,doi:10.1002/admt.202500621,1,1,0,Dynamic Fluid‐Assisted Continuous Multimaterial 3D Printing for Seamless Gradient Structures,2025,Advanced Materials Technologies,10.1002/admt.202500621,https://doi.org/10.1002/admt.202500621,
crossref_only,Crossref,doi:10.1002/admt.70217,1,1,0,Dynamic Fluid‐Assisted Continuous Multimaterial 3D Printing for Seamless Gradient Structures (Adv. Mater. Technol. 15/2025),2025,Advanced Materials Technologies,10.1002/admt.70217,https://doi.org/10.1002/admt.70217,
crossref_only,Crossref,doi:10.1002/admt.71023,1,0,1,Active Learning‐Driven Inkless Additive Nanomanufacturing for Printed Electronics,2026,Advanced Materials Technologies,10.1002/admt.71023,https://doi.org/10.1002/admt.71023,low_relevance:1
crossref_only,Crossref,doi:10.1002/admt.202600001,1,1,0,Carbon‐Regulated DLP 3D Printing of Hyperbranched Polysiloxane‐Derived Ceramic Metamaterials for Broadband Microwave Absorption,2026,Advanced Materials Technologies,10.1002/admt.202600001,https://doi.org/10.1002/admt.202600001,
crossref_only,Crossref,doi:10.1002/admt.202502554,1,0,1,Cholesteric Liquid Crystal Elastomer Patterns Prepared Using a Photochromic Liquid Crystal Mixture,2026,Advanced Materials Technologies,10.1002/admt.202502554,https://doi.org/10.1002/admt.202502554,low_relevance:1
crossref_only,Crossref,doi:10.1002/admt.202500904,1,0,1,Direct Ink Writing 3D Printing of Recyclable and Thermally Stable Vitrimers,2026,Advanced Materials Technologies,10.1002/admt.202500904,https://doi.org/10.1002/admt.202500904,low_relevance:1
crossref_only,Crossref,doi:10.1002/admt.202502447,1,1,0,Flexible 3D Multi‐Material Printing beyond Layer‐by‐Layer Constraints via Sequential Multi‐Printer Fabrication,2026,Advanced Materials Technologies,10.1002/admt.202502447,https://doi.org/10.1002/admt.202502447,
crossref_only,Crossref,doi:10.1002/admt.202502312,1,0,1,Regulation Strategies for Extruded Filament in Material Extrusion Additive Manufacturing: A Review and Perspective,2026,Advanced Materials Technologies,10.1002/admt.202502312,https://doi.org/10.1002/admt.202502312,low_relevance:1
crossref_only,Crossref,doi:10.1016/j.apmate.2026.100415,1,1,0,Multimaterial 3D printing of high-strength metal-cermet inert anodes for aluminum electrolysis via interface-structure design,2026,Advanced Powder Materials,10.1016/j.apmate.2026.100415,https://doi.org/10.1016/j.apmate.2026.100415,
crossref_only,Crossref,doi:10.1002/advs.202405487,1,1,0,Fabrication of High‐Density Microarchitected Tungsten via DLP 3D Printing,2024,Advanced Science,10.1002/advs.202405487,https://doi.org/10.1002/advs.202405487,
crossref_only,Crossref,doi:10.1002/advs.202470149,1,0,1,Photochemically Induced Propulsion of a 4D Printed Liquid Crystal Elastomer Biomimetic Swimmer (Adv. Sci. 25/2024),2024,Advanced Science,10.1002/advs.202470149,https://doi.org/10.1002/advs.202470149,low_relevance:1
crossref_only,Crossref,doi:10.1002/advs.202402385,1,1,0,Volumetric Additive Manufacturing of Dicyclopentadiene by Solid‐State Photopolymerization,2024,Advanced Science,10.1002/advs.202402385,https://doi.org/10.1002/advs.202402385,
crossref_only,Crossref,doi:10.1002/advs.202415159,1,1,0,In Situ Control of Reactive Mesogens Alignment During 3D Printing by Two‐Photon Lithography,2025,Advanced Science,10.1002/advs.202415159,https://doi.org/10.1002/advs.202415159,
crossref_only,Crossref,doi:10.1002/advs.76045,1,1,0,In‐Process Magnetization for 3D Printing of Magnetorheological Elastomer with Heterogeneous Magnetic Profile for Anisotropic Actuation,2026,Advanced Science,10.1002/advs.76045,https://doi.org/10.1002/advs.76045,
crossref_only,Crossref,doi:10.1002/advs.202513208,1,1,0,Multimaterial 3D Printing of Soft and Stretchable Electronics,2026,Advanced Science,10.1002/advs.202513208,https://doi.org/10.1002/advs.202513208,
crossref_only,Crossref,doi:10.1007/978-981-96-7450-3_6,1,0,1,Stimulus-Responsive Biocompatible Nanocomposites in Medicine and 4D Printing,2025,Advanced Structured Materials,10.1007/978-981-96-7450-3_6,https://doi.org/10.1007/978-981-96-7450-3_6,low_relevance:1
crossref_only,Crossref,doi:10.1201/9781003557715-15,1,0,1,Medical Devices Made with 4D Printing,2025,Advanced Technologies for Sustainable Biomedical Applications,10.1201/9781003557715-15,https://doi.org/10.1201/9781003557715-15,low_relevance:1
crossref_only,Crossref,doi:10.1016/b978-0-443-24861-0.00011-3,1,0,1,4D printing in the medical sector: current trends and future narrative,2025,Advances in 3D and 4D Printing of Medical Robots and Devices,10.1016/b978-0-443-24861-0.00011-3,https://doi.org/10.1016/b978-0-443-24861-0.00011-3,low_relevance:1
crossref_only,Crossref,doi:10.1016/b978-0-443-24861-0.00006-x,1,0,1,4D printing: an overview of medical and biomedical applications,2025,Advances in 3D and 4D Printing of Medical Robots and Devices,10.1016/b978-0-443-24861-0.00006-x,https://doi.org/10.1016/b978-0-443-24861-0.00006-x,low_relevance:1
crossref_only,Crossref,doi:10.1016/b978-0-443-24861-0.00005-8,1,0,1,Smart materials for flexible devices: 3D and 4D printing with electromagnetic stimuli-responsive capabilities,2025,Advances in 3D and 4D Printing of Medical Robots and Devices,10.1016/b978-0-443-24861-0.00005-8,https://doi.org/10.1016/b978-0-443-24861-0.00005-8,low_relevance:1
crossref_only,Crossref,doi:10.4018/978-1-6684-5638-5.ch013,1,0,1,Functionally Graded Materials in Additive Manufacturing,2024,Advances in Chemical and Materials Engineering,10.4018/978-1-6684-5638-5.ch013,https://doi.org/10.4018/978-1-6684-5638-5.ch013,low_relevance:1
crossref_only,Crossref,doi:10.1016/j.cis.2025.103690,1,1,0,Nanoparticle-enhanced vat photopolymerization in additive manufacturing,2026,Advances in Colloid and Interface Science,10.1016/j.cis.2025.103690,https://doi.org/10.1016/j.cis.2025.103690,
crossref_only,Crossref,doi:10.4018/979-8-3373-2883-6.ch005,1,0,1,Nanomaterials Discovery Using AI-Based Technology Accelerators,2025,Advances in Computational Intelligence and Robotics,10.4018/979-8-3373-2883-6.ch005,https://doi.org/10.4018/979-8-3373-2883-6.ch005,low_relevance:1
crossref_only,Crossref,doi:10.4018/979-8-2600-0298-8.ch007,1,0,1,Robotic Systems and LLM Algorithms for Transforming Manufacturing Into Smart Autonomous Ecosystem,2026,Advances in Computational Intelligence and Robotics,10.4018/979-8-2600-0298-8.ch007,https://doi.org/10.4018/979-8-2600-0298-8.ch007,low_relevance:1
crossref_only,Crossref,doi:10.3934/acse.2024010,1,0,1,Deep neural operator enabled digital twin modeling for additive manufacturing,2024,Advances in Computational Science and Engineering,10.3934/acse.2024010,https://doi.org/10.3934/acse.2024010,low_relevance:1
crossref_only,Crossref,doi:10.1016/j.advengsoft.2024.103754,1,0,1,Path planning in additive manufacturing with multi-robot collaboration based on structural primitive partitioning,2024,Advances in Engineering Software,10.1016/j.advengsoft.2024.103754,https://doi.org/10.1016/j.advengsoft.2024.103754,low_relevance:1
crossref_only,Crossref,doi:10.1016/j.advengsoft.2023.103544,1,0,1,Stress-based continuous planar path planning for additive manufacturing,2024,Advances in Engineering Software,10.1016/j.advengsoft.2023.103544,https://doi.org/10.1016/j.advengsoft.2023.103544,low_relevance:1
crossref_only,Crossref,doi:10.1016/j.aime.2026.100185,1,0,1,Adaptive path planning for additive manufacturing via convex decomposition and partial-contour-guided hatching,2026,Advances in Industrial and Manufacturing Engineering,10.1016/j.aime.2026.100185,https://doi.org/10.1016/j.aime.2026.100185,low_relevance:1
crossref_only,Crossref,doi:10.31399/asm.cp.am-epri-2024p0723,1,0,1,Weldability Evaluation of Computationally Designed Filler Wires for Wire-Arc Additive Manufacturing of Functionally Graded Materials in Harsh Service Environments,2024,Advances in Materials Technology for Power Plants,10.31399/asm.cp.am-epri-2024p0723,https://doi.org/10.31399/asm.cp.am-epri-2024p0723,low_relevance:1
crossref_only,Crossref,doi:10.3390/aerospace11020134,1,0,1,Shape Morphing of 4D-Printed Polylactic Acid Structures under Thermal Stimuli: An Experimental and Finite Element Analysis,2024,Aerospace,10.3390/aerospace11020134,https://doi.org/10.3390/aerospace11020134,low_relevance:1
crossref_only,Crossref,doi:10.54941/ahfe1005153,1,1,0,On the manufacturing of potted electrical connectors with 3D printing resin: an unobtrusive workflow,2024,AHFE International,10.54941/ahfe1005153,https://doi.org/10.54941/ahfe1005153,
crossref_only,Crossref,doi:10.5772/acrt20250181,1,1,0,Accessible Six-DOF Clay-Printing Platform Using a 3D-Printed Robotic Arm,2026,"AI, Computer Science and Robotics Technology",10.5772/acrt20250181,https://doi.org/10.5772/acrt20250181,
crossref_only,Crossref,doi:10.2514/6.2026-2122,1,1,0,From Physical Realm to Digital Twin: An Additive Manufacturing Approach to Digital Twin Testbed Development,2026,AIAA SCITECH 2026 Forum,10.2514/6.2026-2122,https://doi.org/10.2514/6.2026-2122,
crossref_only,Crossref,doi:10.21467/proceedings.7.4.4,1,0,1,Hybrid Digital Twin Framework with Meta-Learning and Reinforcement Learning for Nonlinear Manufacturing Systems,2025,AIJR Proceedings,10.21467/proceedings.7.4.4,https://doi.org/10.21467/proceedings.7.4.4,low_relevance:1
crossref_only,Crossref,doi:10.21467/proceedings.7.4.7,1,1,0,Smart Pharma TwinNet: AI-Driven Digital Twin Networks for Smart Pharmaceutical Manufacturing with Industrial IoT,2025,AIJR Proceedings,10.21467/proceedings.7.4.7,https://doi.org/10.21467/proceedings.7.4.7,
crossref_only,Crossref,doi:10.1063/5.0215022,1,0,1,Multi-material fused filament fabrication: Effect of printing parameters on part distortion,2024,AIP Conference Proceedings,10.1063/5.0215022,https://doi.org/10.1063/5.0215022,low_relevance:1
crossref_only,Crossref,doi:10.1063/5.0262179,1,0,1,Advances in additive manufacturing of functionally graded materials with tailored mechanical and thermal properties,2025,AIP Conference Proceedings,10.1063/5.0262179,https://doi.org/10.1063/5.0262179,low_relevance:1
crossref_only,Crossref,doi:10.1063/12.0043552,1,0,1,Current status of research on FDM 3D printing to reduce material wastage during multi-material changeovers,2026,AIP Conference Proceedings,10.1063/12.0043552,https://doi.org/10.1063/12.0043552,low_relevance:1
crossref_only,Crossref,doi:10.1063/5.0322064,1,0,1,Embracing the future of manufacturing (integrating cyber-physical systems in manufacturing),2026,AIP Conference Proceedings,10.1063/5.0322064,https://doi.org/10.1063/5.0322064,low_relevance:1
crossref_only,Crossref,doi:10.1063/12.0043549,1,0,1,Research status of 3D printing technology for multi-material and functionally graded materials,2026,AIP Conference Proceedings,10.1063/12.0043549,https://doi.org/10.1063/12.0043549,low_relevance:1
crossref_only,Crossref,doi:10.36922/ijocta025360152,1,0,1,A fuzzy–digital twin optimization framework for simultaneous management of waste and energy consumption in sustainable manufacturing,2025,An International Journal of Optimization and Control: Theories &amp; Applications (IJOCTA),10.36922/ijocta025360152,https://doi.org/10.36922/ijocta025360152,low_relevance:1
crossref_only,Crossref,doi:10.1002/ange.202421162,1,0,1,4D Printing of Liquid Crystal Emulsions for Smart Structures with Multiple Functionalities,2025,Angewandte Chemie,10.1002/ange.202421162,https://doi.org/10.1002/ange.202421162,low_relevance:1
crossref_only,Crossref,doi:10.1002/ange.202523022,1,0,1,Non‐Radical Photocured 3D Printing of Liquid Crystal Elastomers,2026,Angewandte Chemie,10.1002/ange.202523022,https://doi.org/10.1002/ange.202523022,low_relevance:1
crossref_only,Crossref,doi:10.1002/anie.202421162,1,0,1,4D Printing of Liquid Crystal Emulsions for Smart Structures with Multiple Functionalities,2025,Angewandte Chemie International Edition,10.1002/anie.202421162,https://doi.org/10.1002/anie.202421162,low_relevance:1
crossref_only,Crossref,doi:10.1002/anie.202523022,1,0,1,Non‐Radical Photocured 3D Printing of Liquid Crystal Elastomers,2026,Angewandte Chemie International Edition,10.1002/anie.202523022,https://doi.org/10.1002/anie.202523022,low_relevance:1
crossref_only,Crossref,doi:10.1016/j.apacoust.2024.110269,1,0,1,Additive manufacturing of functionally graded foams for acoustic insulation and absorption,2025,Applied Acoustics,10.1016/j.apacoust.2024.110269,https://doi.org/10.1016/j.apacoust.2024.110269,low_relevance:1
crossref_only,Crossref,doi:10.54254/2755-2721/2026.bj31476,1,0,1,The Application of Additive Manufacturing Technology in Automotive Component Design Optimization,2026,Applied and Computational Engineering,10.54254/2755-2721/2026.bj31476,https://doi.org/10.54254/2755-2721/2026.bj31476,low_relevance:1
crossref_only,Crossref,doi:10.1016/j.apenergy.2025.127281,1,0,1,A digital twin framework for intelligent electric vehicle charging optimization in smart manufacturing systems,2026,Applied Energy,10.1016/j.apenergy.2025.127281,https://doi.org/10.1016/j.apenergy.2025.127281,low_relevance:1
crossref_only,Crossref,doi:10.1016/j.apmt.2023.102010,1,0,1,Stress concentration targeted reinforcement using multi-material based 3D printing,2024,Applied Materials Today,10.1016/j.apmt.2023.102010,https://doi.org/10.1016/j.apmt.2023.102010,low_relevance:1
crossref_only,Crossref,doi:10.1016/j.apmt.2026.103308,1,1,0,4D printing with shape memory polymers and composites: A comprehensive review,2026,Applied Materials Today,10.1016/j.apmt.2026.103308,https://doi.org/10.1016/j.apmt.2026.103308,
crossref_only,Crossref,doi:10.1063/5.0307420,1,1,0,3D printed soft robotic arm with integrated tool-transfer channels enables diverse interventional functions,2026,Applied Physics Reviews,10.1063/5.0307420,https://doi.org/10.1063/5.0307420,
crossref_only,Crossref,doi:10.3390/app14093607,1,1,0,Assessment of the Development Performance of Additive Manufacturing VPP Parts Using Digital Light Processing (DLP) and Liquid Crystal Display (LCD) Technologies,2024,Applied Sciences,10.3390/app14093607,https://doi.org/10.3390/app14093607,
crossref_only,Crossref,doi:10.3390/app14156835,1,0,1,Designing Digital Twin with IoT and AI in Warehouse to Support Optimization and Safety in Engineer-to-Order Manufacturing Process for Prefabricated Building Products,2024,Applied Sciences,10.3390/app14156835,https://doi.org/10.3390/app14156835,duplicate_title:1
crossref_only,Crossref,doi:10.3390/app14167161,1,1,0,Tribological Analysis of Fused Filament Fabrication PETG Parts Coated with IGUS,2024,Applied Sciences,10.3390/app14167161,https://doi.org/10.3390/app14167161,
crossref_only,Crossref,doi:10.3390/app151810222,1,1,0,Digital Twin-Driven Sorting System for 3D Printing Farm,2025,Applied Sciences,10.3390/app151810222,https://doi.org/10.3390/app151810222,
crossref_only,Crossref,doi:10.3390/app15052576,1,1,0,Parallel Fin Ray Soft Gripper with Embedded Mechano-Optical Force Sensor,2025,Applied Sciences,10.3390/app15052576,https://doi.org/10.3390/app15052576,
crossref_only,Crossref,doi:10.3390/app16041865,1,0,1,Digital Twin Framework for Cutterhead Design and Assembly Process Simulation Optimization for TBM,2026,Applied Sciences,10.3390/app16041865,https://doi.org/10.3390/app16041865,low_relevance:1
crossref_only,Crossref,doi:10.11129/9783955536510-025,1,0,1,3.5 Multi-Material 3D-Printing,2025,Architected Structures,10.11129/9783955536510-025,https://doi.org/10.11129/9783955536510-025,low_relevance:1
crossref_only,Crossref,doi:10.5604/01.3001.0055.4326,1,0,1,Review on multi-material 3D printing via FDM: insights into mechanical performance and printing parameters,2025,Archives of Materials Science and Engineering,10.5604/01.3001.0055.4326,https://doi.org/10.5604/01.3001.0055.4326,low_relevance:1
crossref_only,Crossref,doi:10.24425/amm.2024.150902,1,1,0,Controlling Dilution in Multilayer Welding for Additive Manufacturing,2024,Archives of Metallurgy and Materials,10.24425/amm.2024.150902,https://doi.org/10.24425/amm.2024.150902,
crossref_only,Crossref,doi:10.1201/9781003534761-7,1,0,1,Artificial intelligence for smart manufacturing using digital twin technology,2024,Artificial Intelligence based Solutions for Industrial Applications,10.1201/9781003534761-7,https://doi.org/10.1201/9781003534761-7,low_relevance:1
crossref_only,Crossref,doi:10.1002/9781394287420.ch19,1,0,1,Sensors and Digital Twin Application in Healthcare Facilities Management,2024,Artificial Intelligence‐Enabled Blockchain Technology and Digital Twin for Smart Hospitals,10.1002/9781394287420.ch19,https://doi.org/10.1002/9781394287420.ch19,low_relevance:1
crossref_only,Crossref,doi:10.1002/9781394303601.ch8,1,1,0,Blockchain Based Digital Twin for Smart Manufacturing,2024,Artificial Intelligence‐Enabled Digital Twin for Smart Manufacturing,10.1002/9781394303601.ch8,https://doi.org/10.1002/9781394303601.ch8,
crossref_only,Crossref,doi:10.1002/9781394303601.ch12,1,1,0,Data Analytics and Visualization in Smart Manufacturing Using AI‐Based Digital Twins,2024,Artificial Intelligence‐Enabled Digital Twin for Smart Manufacturing,10.1002/9781394303601.ch12,https://doi.org/10.1002/9781394303601.ch12,
crossref_only,Crossref,doi:10.1002/9781394303601.ch7,1,1,0,Digital Twins Tools and Technologies in Smart Manufacturing,2024,Artificial Intelligence‐Enabled Digital Twin for Smart Manufacturing,10.1002/9781394303601.ch7,https://doi.org/10.1002/9781394303601.ch7,
crossref_only,Crossref,doi:10.1002/9781394303601.ch21,1,1,0,Digital Twin‐Enabled Smart Manufacturing,2024,Artificial Intelligence‐Enabled Digital Twin for Smart Manufacturing,10.1002/9781394303601.ch21,https://doi.org/10.1002/9781394303601.ch21,
crossref_only,Crossref,doi:10.1002/9781394303601.ch11,1,1,0,Role of AI and Digital Twin in Smart Manufacturing,2024,Artificial Intelligence‐Enabled Digital Twin for Smart Manufacturing,10.1002/9781394303601.ch11,https://doi.org/10.1002/9781394303601.ch11,
crossref_only,Crossref,doi:10.1002/9781394303601.ch5,1,1,0,Use Cases of Digital Twin in Smart Manufacturing,2024,Artificial Intelligence‐Enabled Digital Twin for Smart Manufacturing,10.1002/9781394303601.ch5,https://doi.org/10.1002/9781394303601.ch5,
crossref_only,Crossref,doi:10.1115/ssdm2025-152347,1,1,0,Fabrication and Testing of 3D Printed SMA Wire Embedded Thermoplastic Polyurethane Actuator,2025,"ASME 2025 Aerospace Structures, Structural Dynamics, and Materials Conference",10.1115/ssdm2025-152347,https://doi.org/10.1115/ssdm2025-152347,
crossref_only,Crossref,doi:10.1115/smasis2025-167480,1,0,1,High-Performance Thin PLA/TPU Composites for Reconfigurable 4D Structures via Multi-Material 3D Printing,2025,"ASME 2025 Conference on Smart Materials, Adaptive Structures and Intelligent Systems",10.1115/smasis2025-167480,https://doi.org/10.1115/smasis2025-167480,low_relevance:1
crossref_only,Crossref,doi:10.1115/1.4064142,1,1,0,Effect of Filament Color and Fused Deposition Modeling/Fused Filament Fabrication Process on the Development of Bistability in Switchable Bistable Squares,2024,ASME Open Journal of Engineering,10.1115/1.4064142,https://doi.org/10.1115/1.4064142,
crossref_only,Crossref,doi:10.1115/1.889114_ch7,1,0,1,"Nanostructured Multi-Material Alloys Synthesised through Hybrid Additive manufacturing/severe Plastic Deformation Approach: Process, Microstructures, Properties, and Opportunities",2026,"Atomic and Near-atomic Scale Additive Manufacturing Processes: Progress, Challenges, and Circular Economy",10.1115/1.889114_ch7,https://doi.org/10.1115/1.889114_ch7,low_relevance:1
crossref_only,Crossref,doi:10.1007/s38311-024-1936-1,1,0,1,Multi-material Functional Integration with Combined DED Additive Manufacturing Processes,2024,ATZ worldwide,10.1007/s38311-024-1936-1,https://doi.org/10.1007/s38311-024-1936-1,low_relevance:1
crossref_only,Crossref,doi:10.2478/aoj-2025-0003,1,0,1,New horizons in dentistry and orthodontics with 4D printing technologies 4D printing and orthodontics,2025,Australasian Orthodontic Journal,10.2478/aoj-2025-0003,https://doi.org/10.2478/aoj-2025-0003,low_relevance:1
crossref_only,Crossref,doi:10.1016/j.autcon.2026.107051,1,1,0,3D-to-4D printing technologies in construction: Roadmap review of current status and potential applications,2026,Automation in Construction,10.1016/j.autcon.2026.107051,https://doi.org/10.1016/j.autcon.2026.107051,
crossref_only,Crossref,doi:10.1016/j.autcon.2025.106706,1,1,0,Data-informed Digital Twin for large-scale 3D printing in construction,2026,Automation in Construction,10.1016/j.autcon.2025.106706,https://doi.org/10.1016/j.autcon.2025.106706,
crossref_only,Crossref,doi:10.36652/0869-4931-2026-80-1-29-34,1,1,0,Digital twin modeling features for smart manufacturing,2026,Automation Modern Techologies,10.36652/0869-4931-2026-80-1-29-34,https://doi.org/10.36652/0869-4931-2026-80-1-29-34,
crossref_only,Crossref,doi:10.1007/s43684-024-00082-w,1,0,1,Point clouds to as-built two-node wireframe digital twin: a novel method to support autonomous robotic inspection,2024,Autonomous Intelligent Systems,10.1007/s43684-024-00082-w,https://doi.org/10.1007/s43684-024-00082-w,low_relevance:1
crossref_only,Crossref,doi:10.1088/1758-5090/ad30c4,1,0,1,Surface slicing and toolpath planning for in-situ bioprinting of skin implants,2024,Biofabrication,10.1088/1758-5090/ad30c4,https://doi.org/10.1088/1758-5090/ad30c4,low_relevance:1
crossref_only,Crossref,doi:10.1007/978-981-97-5456-4_5,1,0,1,Additive Manufacturing of Functionally Graded Porous Scaffolds for Bone Implant Applications,2024,Biomedical Materials for Multi-functional Applications,10.1007/978-981-97-5456-4_5,https://doi.org/10.1007/978-981-97-5456-4_5,low_relevance:1
crossref_only,Crossref,doi:10.1201/9781003507390-7,1,0,1,Blockchain Implementation in IoT-Digital Twin-Based Crop Production,2025,Blockchain and Digital Twin Applications in Smart Agriculture,10.1201/9781003507390-7,https://doi.org/10.1201/9781003507390-7,low_relevance:1
crossref_only,Crossref,doi:10.1201/9781003507390-8,1,0,1,Digital Twin Applications in the Agriculture and Farming Domain,2025,Blockchain and Digital Twin Applications in Smart Agriculture,10.1201/9781003507390-8,https://doi.org/10.1201/9781003507390-8,low_relevance:1
crossref_only,Crossref,doi:10.1201/9781003507390-2,1,0,1,Smart Agriculture and Digital Twins,2025,Blockchain and Digital Twin Applications in Smart Agriculture,10.1201/9781003507390-2,https://doi.org/10.1201/9781003507390-2,low_relevance:1
crossref_only,Crossref,doi:10.1016/b978-0-443-30300-5.00012-9,1,0,1,Blockchain based system for healthcare digital twin,2025,Blockchain and Digital Twin for Smart Healthcare,10.1016/b978-0-443-30300-5.00012-9,https://doi.org/10.1016/b978-0-443-30300-5.00012-9,low_relevance:1
crossref_only,Crossref,doi:10.1016/b978-0-443-30300-5.00024-5,1,0,1,Blockchain technology for secure digital twin data management,2025,Blockchain and Digital Twin for Smart Healthcare,10.1016/b978-0-443-30300-5.00024-5,https://doi.org/10.1016/b978-0-443-30300-5.00024-5,low_relevance:1
crossref_only,Crossref,doi:10.1016/b978-0-443-30300-5.00017-8,1,0,1,Digital twin for smart wireless sensor networks,2025,Blockchain and Digital Twin for Smart Healthcare,10.1016/b978-0-443-30300-5.00017-8,https://doi.org/10.1016/b978-0-443-30300-5.00017-8,low_relevance:1
crossref_only,Crossref,doi:10.1016/b978-0-443-34226-4.00017-4,1,0,1,Blockchain-based digital twin management architecture for Internet of Medical Things Networks,2025,Blockchain and Digital Twin for Smart Hospitals,10.1016/b978-0-443-34226-4.00017-4,https://doi.org/10.1016/b978-0-443-34226-4.00017-4,low_relevance:1
crossref_only,Crossref,doi:10.1016/b978-0-443-34226-4.00022-8,1,0,1,Cloud computing- and digital twin-based monitoring framework for healthcare applications,2025,Blockchain and Digital Twin for Smart Hospitals,10.1016/b978-0-443-34226-4.00022-8,https://doi.org/10.1016/b978-0-443-34226-4.00022-8,low_relevance:1
crossref_only,Crossref,doi:10.1016/b978-0-443-34226-4.00014-9,1,0,1,Digital twin application in healthcare facilities management,2025,Blockchain and Digital Twin for Smart Hospitals,10.1016/b978-0-443-34226-4.00014-9,https://doi.org/10.1016/b978-0-443-34226-4.00014-9,low_relevance:1
crossref_only,Crossref,doi:10.1016/b978-0-443-34226-4.00004-6,1,0,1,Digital twin–based healthcare facilities management,2025,Blockchain and Digital Twin for Smart Hospitals,10.1016/b978-0-443-34226-4.00004-6,https://doi.org/10.1016/b978-0-443-34226-4.00004-6,low_relevance:1
crossref_only,Crossref,doi:10.1016/b978-0-443-34226-4.00026-5,1,0,1,Enhancing hospital operations efficiency through digital twin technology,2025,Blockchain and Digital Twin for Smart Hospitals,10.1016/b978-0-443-34226-4.00026-5,https://doi.org/10.1016/b978-0-443-34226-4.00026-5,low_relevance:1
crossref_only,Crossref,doi:10.4018/979-8-3373-8177-0.ch002,1,0,1,Secure and Intelligent Smart Hospitals,2026,Blockchain and Digital Twins for Smart Hospital Infrastructures,10.4018/979-8-3373-8177-0.ch002,https://doi.org/10.4018/979-8-3373-8177-0.ch002,low_relevance:1
crossref_only,Crossref,doi:10.5151/sigradi2023-28,1,0,1,4D Printing onto Textile: Fabrication and Design Process of Bistable 4D textiles,2024,Blucher Design Proceedings,10.5151/sigradi2023-28,https://doi.org/10.5151/sigradi2023-28,low_relevance:1
crossref_only,Crossref,doi:10.3390/buildings15173055,1,0,1,"Correction: Mao et al. Fused Space in Architecture via Multi-Material 3D Printing Using Recycled Plastic: Design, Fabrication, and Application. Buildings 2025, 15, 2588",2025,Buildings,10.3390/buildings15173055,https://doi.org/10.3390/buildings15173055,low_relevance:1
crossref_only,Crossref,doi:10.3390/buildings15152588,1,0,1,"Fused Space in Architecture via Multi-Material 3D Printing Using Recycled Plastic: Design, Fabrication, and Application",2025,Buildings,10.3390/buildings15152588,https://doi.org/10.3390/buildings15152588,low_relevance:1
crossref_only,Crossref,doi:10.3390/buildings16112048,1,0,1,Operationalising Digital Circularity: A Critical Systematic Review of Artificial Intelligence Applications to Material and Digital Product Passports,2026,Buildings,10.3390/buildings16112048,https://doi.org/10.3390/buildings16112048,low_relevance:1
crossref_only,Crossref,doi:10.2478/bipcm-2025-0040,1,0,1,A Systematic Analysis of the Multi-Material FFF 3D Printing Process for Biodegradable Polymers,2025,Bulletin of the Polytechnic Institute of Iași. Machine constructions Section,10.2478/bipcm-2025-0040,https://doi.org/10.2478/bipcm-2025-0040,low_relevance:1
crossref_only,Crossref,doi:10.14733/cadconfp.2025.24-28,1,1,0,Additive Manufacturing of Composites: A Framework for Digital Twin-driven Lifecycle Management,2025,CAD'25,10.14733/cadconfp.2025.24-28,https://doi.org/10.14733/cadconfp.2025.24-28,
crossref_only,Crossref,doi:10.1080/00084433.2026.2635285,1,0,1,Emerging trends in additive manufacturing of shape memory and stimuli-responsive materials: 3D and 4D printing technologies explored – a critical review,2026,Canadian Metallurgical Quarterly,10.1080/00084433.2026.2635285,https://doi.org/10.1080/00084433.2026.2635285,low_relevance:1
crossref_only,Crossref,doi:10.1016/j.cemconcomp.2025.106361,1,0,1,Multi-material 3D concrete printing: Automated hybrid reinforcements using textile and strain-hardening cementitious composites,2026,Cement and Concrete Composites,10.1016/j.cemconcomp.2025.106361,https://doi.org/10.1016/j.cemconcomp.2025.106361,low_relevance:1
crossref_only,Crossref,doi:10.1016/j.ceramint.2024.10.006,1,1,0,Versatile binder system as enabler for multi-material additive manufacturing of ceramics by vat photopolymerization,2024,Ceramics International,10.1016/j.ceramint.2024.10.006,https://doi.org/10.1016/j.ceramint.2024.10.006,
crossref_only,Crossref,doi:10.1016/j.ceramint.2025.10.360,1,0,1,"Improvement on hardness, wear and corrosion properties of functionally graded material fabricated using ZrO2+SiO2 hybrid ceramic particles reinforced in AA6061 alloy through hybrid additive manufacturing",2025,Ceramics International,10.1016/j.ceramint.2025.10.360,https://doi.org/10.1016/j.ceramint.2025.10.360,low_relevance:1
crossref_only,Crossref,doi:10.1016/j.ceramint.2025.08.016,1,1,0,Preparation of high performance translucent alumina based on vat photopolymerization additive manufacturing,2025,Ceramics International,10.1016/j.ceramint.2025.08.016,https://doi.org/10.1016/j.ceramint.2025.08.016,
crossref_only,Crossref,doi:10.1016/j.ceramint.2025.03.248,1,1,0,Properties of zirconia-doped hydroxyapatite ceramics prepared by vat photopolymerization additive manufacturing technology and microwave sintering,2025,Ceramics International,10.1016/j.ceramint.2025.03.248,https://doi.org/10.1016/j.ceramint.2025.03.248,
crossref_only,Crossref,doi:10.1016/j.ceramint.2026.01.207,1,0,1,Fabrication and characterisation of Al2O3–ZrO2 functionally graded ceramics via DLP-based additive manufacturing,2026,Ceramics International,10.1016/j.ceramint.2026.01.207,https://doi.org/10.1016/j.ceramint.2026.01.207,low_relevance:1
crossref_only,Crossref,doi:10.1016/j.chempr.2026.103082,1,0,1,Visualizing 4D printing through vibration-induced emission,2026,Chem,10.1016/j.chempr.2026.103082,https://doi.org/10.1016/j.chempr.2026.103082,low_relevance:1
crossref_only,Crossref,doi:10.1039/d4cc03549f,1,1,0,3D-printed photothermal-responsive shape-memory polymer for soft robotic applications,2024,Chemical Communications,10.1039/d4cc03549f,https://doi.org/10.1039/d4cc03549f,
crossref_only,Crossref,doi:10.1016/j.cej.2024.155140,1,0,1,Photo/thermal dual-responsive azobenzene-based photosensitive resin for 4D printing,2024,Chemical Engineering Journal,10.1016/j.cej.2024.155140,https://doi.org/10.1016/j.cej.2024.155140,low_relevance:1
crossref_only,Crossref,doi:10.1016/j.cej.2025.169326,1,0,1,Coaxial multi-material photocurable 3D printing of water retaining and anti-swelling hydrogel sensors for reliable air/underwater applications,2025,Chemical Engineering Journal,10.1016/j.cej.2025.169326,https://doi.org/10.1016/j.cej.2025.169326,low_relevance:1
crossref_only,Crossref,doi:10.1016/j.cej.2025.165268,1,0,1,Electrode-integrated 4D printing enables hydrogel shape morphing: A critical breakthrough for bio-inspired actuators,2025,Chemical Engineering Journal,10.1016/j.cej.2025.165268,https://doi.org/10.1016/j.cej.2025.165268,low_relevance:1
crossref_only,Crossref,doi:10.1016/j.cej.2025.166446,1,0,1,Microscale 4D PRinting-templated In-situ Nanoparticle Synthesis (PRINS) technique for modular shape-morphing microrobots,2025,Chemical Engineering Journal,10.1016/j.cej.2025.166446,https://doi.org/10.1016/j.cej.2025.166446,low_relevance:1
crossref_only,Crossref,doi:10.1016/j.cej.2025.171686,1,0,1,4D printing of a bioadhesive shape memory elastomer,2026,Chemical Engineering Journal,10.1016/j.cej.2025.171686,https://doi.org/10.1016/j.cej.2025.171686,low_relevance:1
crossref_only,Crossref,doi:10.1021/acs.chemrev.4c00070,1,0,1,"4D Printing: A Comprehensive Review of Technologies, Materials, Stimuli, Design, and Emerging Applications",2025,Chemical Reviews,10.1021/acs.chemrev.4c00070,https://doi.org/10.1021/acs.chemrev.4c00070,low_relevance:1
crossref_only,Crossref,doi:10.1039/d4sc03527e,1,1,0,Two- and three-photon processes during photopolymerization in 3D laser printing,2024,Chemical Science,10.1039/d4sc03527e,https://doi.org/10.1039/d4sc03527e,
crossref_only,Crossref,doi:10.1007/s10118-025-3460-1,1,0,1,Additive Manufacturing of Functionally Graded Lattice Structures for Personalized Below-Knee Prosthetic Dampers,2026,Chinese Journal of Polymer Science,10.1007/s10118-025-3460-1,https://doi.org/10.1007/s10118-025-3460-1,low_relevance:1
crossref_only,Crossref,doi:10.1360/csb-2025-5141,1,1,0,In-situ heterogeneous bilayer membrane micro-actuator based on two-photon polymerization 4D printing technology,2025,Chinese Science Bulletin,10.1360/csb-2025-5141,https://doi.org/10.1360/csb-2025-5141,
crossref_only,Crossref,doi:10.1016/j.cirp.2026.04.092,1,0,1,From natural language to RL formulation: a digital twin–centered optimization framework for manufacturing systems,2026,CIRP Annals,10.1016/j.cirp.2026.04.092,https://doi.org/10.1016/j.cirp.2026.04.092,low_relevance:1
crossref_only,Crossref,doi:10.1016/j.cirpj.2024.01.005,1,0,1,Digital twin assisted intelligent machining process monitoring and control,2024,CIRP Journal of Manufacturing Science and Technology,10.1016/j.cirpj.2024.01.005,https://doi.org/10.1016/j.cirpj.2024.01.005,low_relevance:1
crossref_only,Crossref,doi:10.1016/j.cirpj.2024.02.002,1,0,1,Microstructural and mechanical properties examination of SS316L-Cu functionally graded material fabricated by wire arc additive manufacturing,2024,CIRP Journal of Manufacturing Science and Technology,10.1016/j.cirpj.2024.02.002,https://doi.org/10.1016/j.cirpj.2024.02.002,low_relevance:1
crossref_only,Crossref,doi:10.1016/j.cirpj.2025.07.001,1,0,1,Multi-material laser powder bed fusion (MM-LPBF) additive manufacturing of dual-phase heterostructure steel,2025,CIRP Journal of Manufacturing Science and Technology,10.1016/j.cirpj.2025.07.001,https://doi.org/10.1016/j.cirpj.2025.07.001,low_relevance:1
crossref_only,Crossref,doi:10.1016/j.cirpj.2025.09.009,1,0,1,Multi-material laser powder bed fusion additive manufacturing of a bimodal laminate heterostructure with Cu-base and Ni-base alloys,2025,CIRP Journal of Manufacturing Science and Technology,10.1016/j.cirpj.2025.09.009,https://doi.org/10.1016/j.cirpj.2025.09.009,low_relevance:1
crossref_only,Crossref,doi:10.1016/j.cirpj.2025.11.010,1,0,1,Speed-controlled printing strategy for functionally graded TPMS structures: A process optimization perspective,2026,CIRP Journal of Manufacturing Science and Technology,10.1016/j.cirpj.2025.11.010,https://doi.org/10.1016/j.cirpj.2025.11.010,low_relevance:1
crossref_only,Crossref,doi:10.47760/cognizance.2025.v05i01.002,1,0,1,Closed-Loop Manufacturing with AI-Enabled Digital Twin Systems,2025,Cognizance Journal of Multidisciplinary Studies,10.47760/cognizance.2025.v05i01.002,https://doi.org/10.47760/cognizance.2025.v05i01.002,low_relevance:1
crossref_only,Crossref,doi:10.1007/978-3-031-68435-7_20,1,0,1,"Enhancing Smart Manufacturing Systems: A Digital Twin Approach Employing Simulation, Flexible Robots and Additive Manufacturing Technologies",2024,Communications in Computer and Information Science,10.1007/978-3-031-68435-7_20,https://doi.org/10.1007/978-3-031-68435-7_20,low_relevance:1
crossref_only,Crossref,doi:10.1016/j.compstruct.2025.119614,1,1,0,Photopolymerization additive manufacturing of highly stretchable CNT nanocomposites for 3D-architectured sensor applications,2025,Composite Structures,10.1016/j.compstruct.2025.119614,https://doi.org/10.1016/j.compstruct.2025.119614,
crossref_only,Crossref,doi:10.1016/j.compstruct.2026.120395,1,0,1,Multi-strategy integrated general toolpath planning framework for continuous fiber-reinforced polymer additive manufacturing,2026,Composite Structures,10.1016/j.compstruct.2026.120395,https://doi.org/10.1016/j.compstruct.2026.120395,low_relevance:1
crossref_only,Crossref,doi:10.1016/j.compositesb.2024.111529,1,0,1,A novel microwave assisted multi-material 3D printing strategy to architect lamellar piezoelectric generators for intelligent sensing,2024,Composites Part B: Engineering,10.1016/j.compositesb.2024.111529,https://doi.org/10.1016/j.compositesb.2024.111529,low_relevance:1
crossref_only,Crossref,doi:10.1016/j.compositesb.2025.112373,1,0,1,Multi-material 3D printing of continuous carbon fibre reinforced thermoset composites with tailored fibre paths and bespoke conforming thermoplastic moulds,2025,Composites Part B: Engineering,10.1016/j.compositesb.2025.112373,https://doi.org/10.1016/j.compositesb.2025.112373,low_relevance:1
crossref_only,Crossref,doi:10.1016/j.compositesb.2025.112218,1,0,1,Multi-material 4D printing and 3D patterned metallization enables smart architectures,2025,Composites Part B: Engineering,10.1016/j.compositesb.2025.112218,https://doi.org/10.1016/j.compositesb.2025.112218,low_relevance:1
crossref_only,Crossref,doi:10.1016/j.compositesb.2026.113388,1,0,1,Multifactor-constrained path planning method for high-quality additive manufacturing of continuous fiber-reinforced composites thin-walled structures,2026,Composites Part B: Engineering,10.1016/j.compositesb.2026.113388,https://doi.org/10.1016/j.compositesb.2026.113388,low_relevance:1
crossref_only,Crossref,doi:10.1016/j.jcomc.2025.100634,1,1,0,Strain and damage sensing performance of functionally graded nanocomposite lattices enabled by DLP 3D printing,2025,Composites Part C: Open Access,10.1016/j.jcomc.2025.100634,https://doi.org/10.1016/j.jcomc.2025.100634,
crossref_only,Crossref,doi:10.1016/j.jcomc.2025.100680,1,0,1,4D printing of bio-composite tailored for NIR-light responsivity using liquid crystal display technique and its recovery modeling using central composite design,2026,Composites Part C: Open Access,10.1016/j.jcomc.2025.100680,https://doi.org/10.1016/j.jcomc.2025.100680,low_relevance:1
crossref_only,Crossref,doi:10.1016/j.compscitech.2025.111047,1,0,1,4D printing of shape memory polymer composites via glass fiber-regulated shape morphing,2025,Composites Science and Technology,10.1016/j.compscitech.2025.111047,https://doi.org/10.1016/j.compscitech.2025.111047,low_relevance:1
crossref_only,Crossref,doi:10.1016/b978-0-323-96020-5.00127-8,1,0,1,Comprehensive review on 4D printing using powder bed fusion,2024,Comprehensive Materials Processing,10.1016/b978-0-323-96020-5.00127-8,https://doi.org/10.1016/b978-0-323-96020-5.00127-8,low_relevance:1
crossref_only,Crossref,doi:10.1016/b978-0-323-96020-5.00146-1,1,0,1,Multi-material 3D printing of smart composites,2024,Comprehensive Materials Processing,10.1016/b978-0-323-96020-5.00146-1,https://doi.org/10.1016/b978-0-323-96020-5.00146-1,low_relevance:1
crossref_only,Crossref,doi:10.1016/b978-0-323-96020-5.00082-0,1,0,1,Multi-material 3D printing using DMLS,2024,Comprehensive Materials Processing,10.1016/b978-0-323-96020-5.00082-0,https://doi.org/10.1016/b978-0-323-96020-5.00082-0,low_relevance:1
crossref_only,Crossref,doi:10.1007/978-981-99-8405-3_29,1,1,0,A ‘Human-In-The-Loop’ Workflow for Realizing Taihu Rocks,2024,Computational Design and Robotic Fabrication,10.1007/978-981-99-8405-3_29,https://doi.org/10.1007/978-981-99-8405-3_29,
crossref_only,Crossref,doi:10.1007/978-981-99-8405-3_20,1,1,0,Designing a Systematic Experiment to Investigate the Effect of Ambient Smell on Human Emotions in the Indoor Space; Introducing a Mixed-Method Approach,2024,Computational Design and Robotic Fabrication,10.1007/978-981-99-8405-3_20,https://doi.org/10.1007/978-981-99-8405-3_20,
crossref_only,Crossref,doi:10.1007/978-981-99-8405-3_43,1,1,0,ISOMORPHISM Stylized Translations of 2D Prototype in Additive Clay Printing,2024,Computational Design and Robotic Fabrication,10.1007/978-981-99-8405-3_43,https://doi.org/10.1007/978-981-99-8405-3_43,
crossref_only,Crossref,doi:10.1007/978-981-99-8405-3_40,1,1,0,Slack Pack: Fabrication System for the Dual Robotic Winding of Spatial Fiber Structures,2024,Computational Design and Robotic Fabrication,10.1007/978-981-99-8405-3_40,https://doi.org/10.1007/978-981-99-8405-3_40,
crossref_only,Crossref,doi:10.1007/978-981-99-8405-3_42,1,1,0,Translucent Tectonics: Lightweight Floor Slab System Based on FDM Manufacturing,2024,Computational Design and Robotic Fabrication,10.1007/978-981-99-8405-3_42,https://doi.org/10.1007/978-981-99-8405-3_42,
crossref_only,Crossref,doi:10.1007/978-981-96-3433-0_30,1,1,0,Adjacencies of the Real: Scholastic Construction in the Twenty First Century,2025,Computational Design and Robotic Fabrication,10.1007/978-981-96-3433-0_30,https://doi.org/10.1007/978-981-96-3433-0_30,
crossref_only,Crossref,doi:10.1007/978-981-96-3433-0_44,1,1,0,Assisting Refined Urban Management: Building an Evaluation Framework of Data Mapping Rate Towards Digital Twin City Platform,2025,Computational Design and Robotic Fabrication,10.1007/978-981-96-3433-0_44,https://doi.org/10.1007/978-981-96-3433-0_44,
crossref_only,Crossref,doi:10.1007/978-981-96-3433-0_37,1,1,0,Energy-Efficient Optimization of Digital Twin Air Handling Unit (AHU) Systems Based on Indoor People Counting: Case Study,2025,Computational Design and Robotic Fabrication,10.1007/978-981-96-3433-0_37,https://doi.org/10.1007/978-981-96-3433-0_37,
crossref_only,Crossref,doi:10.1007/978-981-96-3433-0_11,1,1,0,Moss Columns: Symbiosis Through 3D Printing Technologies,2025,Computational Design and Robotic Fabrication,10.1007/978-981-96-3433-0_11,https://doi.org/10.1007/978-981-96-3433-0_11,
crossref_only,Crossref,doi:10.1016/j.commatsci.2025.114094,1,1,0,Myna: Connecting powder bed fusion build data to simulation tools for digital twin applications,2025,Computational Materials Science,10.1016/j.commatsci.2025.114094,https://doi.org/10.1016/j.commatsci.2025.114094,
crossref_only,Crossref,doi:10.1201/9781003399322-14,1,0,1,Research on the Construction of Papermaking process Model based on Digital Twin,2025,Computational Techniques for Smart Manufacturing in Industry 5.0,10.1201/9781003399322-14,https://doi.org/10.1201/9781003399322-14,low_relevance:1
crossref_only,Crossref,doi:10.14733/cadaps.2026.101-122,1,0,1,Additive Manufacturing of Composites: A Framework for Digital Twin-driven Lifecycle Management,2025,Computer-Aided Design and Applications,10.14733/cadaps.2026.101-122,https://doi.org/10.14733/cadaps.2026.101-122,duplicate_title:1
crossref_only,Crossref,doi:10.3390/computers13040100,1,0,1,"Digital Twin and 3D Digital Twin: Concepts, Applications, and Challenges in Industry 4.0 for Digital Twin",2024,Computers,10.3390/computers13040100,https://doi.org/10.3390/computers13040100,low_relevance:1
crossref_only,Crossref,doi:10.3390/computers14060221,1,1,0,Reducing Delivery Times by Utilising On-Site Wire Arc Additive Manufacturing with Digital-Twin Methods,2025,Computers,10.3390/computers14060221,https://doi.org/10.3390/computers14060221,
crossref_only,Crossref,doi:10.1016/j.cie.2024.110164,1,0,1,WITHDRAWN: Digital twin-driven machining process for multi-process irregular-shaped parts manufacturing,2024,Computers &amp; Industrial Engineering,10.1016/j.cie.2024.110164,https://doi.org/10.1016/j.cie.2024.110164,low_relevance:1
crossref_only,Crossref,doi:10.1016/j.cose.2025.104557,1,0,1,"Security of cyber-physical Additive Manufacturing supply chain: Survey, attack taxonomy and solutions",2025,Computers &amp; Security,10.1016/j.cose.2025.104557,https://doi.org/10.1016/j.cose.2025.104557,low_relevance:1
crossref_only,Crossref,doi:10.1016/j.compstruc.2024.107632,1,0,1,Simultaneous optimization of topology and bi-material distribution of three-dimensional structures for addressing local heat accumulation in layer-upon-layer additive manufacturing process,2025,Computers &amp; Structures,10.1016/j.compstruc.2024.107632,https://doi.org/10.1016/j.compstruc.2024.107632,low_relevance:1
crossref_only,Crossref,doi:10.1016/j.compind.2025.104332,1,1,0,A sensor-integrated digital twin framework for molten pool monitoring of laser powder bed fusion,2025,Computers in Industry,10.1016/j.compind.2025.104332,https://doi.org/10.1016/j.compind.2025.104332,
crossref_only,Crossref,doi:10.1061/9780784485262.136,1,1,0,Novel Digital Twin Architecture for 3D Concrete Printing in the AEC Industry,2024,Construction Research Congress 2024,10.1061/9780784485262.136,https://doi.org/10.1061/9780784485262.136,
crossref_only,Crossref,doi:10.1007/s41693-024-00145-7,1,0,1,"Vision-based sensing and digital twin technologies in conformal 3D concrete printing: exploring operational accuracy, adaptability, and scalability, and investigating monitoring capabilities in large-scale applications",2025,Construction Robotics,10.1007/s41693-024-00145-7,https://doi.org/10.1007/s41693-024-00145-7,low_relevance:1
crossref_only,Crossref,doi:10.1049/pbme028e_ch7,1,0,1,Research on Digital Twin-based safety teaching model in digital manufacturing: a new pathway for integrated vocational education,2025,Creating Smart and Safe Manufacturing Environments,10.1049/pbme028e_ch7,https://doi.org/10.1049/pbme028e_ch7,low_relevance:1
crossref_only,Crossref,doi:10.1021/acs.cgd.5c00858,1,0,1,Mesomorphic Behavior of Novel Photopolymerizable Carbazole Liquid Crystals and Photocuring for 4D Printing,2025,Crystal Growth &amp; Design,10.1021/acs.cgd.5c00858,https://doi.org/10.1021/acs.cgd.5c00858,low_relevance:1
crossref_only,Crossref,doi:10.1201/9781003559993-7,1,0,1,An open architecture for cyber-physical systems 2.0 From a holonic perspective for application in sustainable manufacturing,2024,Cyber Physical System 2.0,10.1201/9781003559993-7,https://doi.org/10.1201/9781003559993-7,low_relevance:1
crossref_only,Crossref,doi:10.1201/9781003559993-6,1,0,1,Enabling smart manufacturing through cloud computing and cyber-physical systems,2024,Cyber Physical System 2.0,10.1201/9781003559993-6,https://doi.org/10.1201/9781003559993-6,low_relevance:1
crossref_only,Crossref,doi:10.34133/cbsystems.0406,1,1,0,Ergonomic Insect Headgear and Abdominal Buckle with Surface Stimulators Manufactured via Multimaterial 3D Printing: Snap-and-Secure Installation of Noninvasive Sensory Stimulators for Cyborg Insects,2025,Cyborg and Bionic Systems,10.34133/cbsystems.0406,https://doi.org/10.34133/cbsystems.0406,
crossref_only,Crossref,doi:10.1201/9781003480860-11,1,0,1,Use Cases of Digital Twin in Smart Manufacturing,2024,Data Analytics and Artificial Intelligence for Predictive Maintenance in Smart Manufacturing,10.1201/9781003480860-11,https://doi.org/10.1201/9781003480860-11,duplicate_title:1
crossref_only,Crossref,doi:10.1016/j.desal.2024.117768,1,0,1,3D-printable liquid metal ink for shape-morphing solar evaporator via programmable “freeze-printing” strategy,2024,Desalination,10.1016/j.desal.2024.117768,https://doi.org/10.1016/j.desal.2024.117768,low_relevance:1
crossref_only,Crossref,doi:10.3390/designs8060106,1,0,1,4D Printing: Research Focuses and Prospects,2024,Designs,10.3390/designs8060106,https://doi.org/10.3390/designs8060106,low_relevance:1
crossref_only,Crossref,doi:10.3390/designs9050107,1,0,1,3D-Printed Prosthetic Solutions for Dogs: Integrating Computational Design and Additive Manufacturing,2025,Designs,10.3390/designs9050107,https://doi.org/10.3390/designs9050107,low_relevance:1
crossref_only,Crossref,doi:10.1039/d4dd00059e,1,1,0,Autonomous laboratories for accelerated materials discovery: a community survey and practical insights,2024,Digital Discovery,10.1039/d4dd00059e,https://doi.org/10.1039/d4dd00059e,
crossref_only,Crossref,doi:10.1039/d4dd00411f,1,1,0,Democratizing self-driving labs: advances in low-cost 3D printing for laboratory automation,2025,Digital Discovery,10.1039/d4dd00411f,https://doi.org/10.1039/d4dd00411f,
crossref_only,Crossref,doi:10.1039/d5dd00336a,1,0,1,Commit: Digital pipette: open hardware for liquid transfer in self-driving laboratories,2026,Digital Discovery,10.1039/d5dd00336a,https://doi.org/10.1039/d5dd00336a,low_relevance:1
crossref_only,Crossref,doi:10.1039/d5dd00479a,1,0,1,InSpecLearn4SDL: interpretable spectral features predict conductivity in self-driving doped conjugated polymer labs,2026,Digital Discovery,10.1039/d5dd00479a,https://doi.org/10.1039/d5dd00479a,low_relevance:1
crossref_only,Crossref,doi:10.1039/d5dd00516g,1,1,0,SALSA: a low-cost self-driving lab modular add-on for salt solubility assessment for battery electrolytes,2026,Digital Discovery,10.1039/d5dd00516g,https://doi.org/10.1039/d5dd00516g,
crossref_only,Crossref,doi:10.1007/978-3-031-91500-0_34,1,0,1,Digital Twins for Process Understanding and Optimization,2026,Digital Manufacturing in Industry 5.0,10.1007/978-3-031-91500-0_34,https://doi.org/10.1007/978-3-031-91500-0_34,low_relevance:1
crossref_only,Crossref,doi:10.1201/9781003518198-4,1,0,1,"Multi-Material Vat Photopolymerization 3D Printing: A Brief Review of Technology, Design, and Process",2025,Digital Product Design and Manufacturing,10.1201/9781003518198-4,https://doi.org/10.1201/9781003518198-4,low_relevance:1
crossref_only,Crossref,doi:10.62306/dwsfqaeeoimatha,1,0,1,Digital twin simulation for quality and efficiency evaluation on industrial manufacturing: A Theoretical Analysis,2025,Digital Science,10.62306/dwsfqaeeoimatha,https://doi.org/10.62306/dwsfqaeeoimatha,low_relevance:1
crossref_only,Crossref,doi:10.12688/digitaltwin.17807.2,1,0,1,Digital Twins along the product lifecycle: A systematic literature review of applications in manufacturing,2024,Digital Twin,10.12688/digitaltwin.17807.2,https://doi.org/10.12688/digitaltwin.17807.2,low_relevance:1
crossref_only,Crossref,doi:10.12688/digitaltwin.17931.1,1,0,1,Is it possible to develop a digital twin for noise monitoring in manufacturing?,2024,Digital Twin,10.12688/digitaltwin.17931.1,https://doi.org/10.12688/digitaltwin.17931.1,low_relevance:1
crossref_only,Crossref,doi:10.1080/27525783.2025.2534822,1,0,1,A digital twin for manufacturing with direct energy deposition: a stellarator inner vessel case study,2025,Digital Twin,10.1080/27525783.2025.2534822,https://doi.org/10.1080/27525783.2025.2534822,low_relevance:1
crossref_only,Crossref,doi:10.12688/digitaltwin.17971.2,1,0,1,Application of digital twin for industrial process control: A case study of gauge-looper-tension optimized control in strip hot rolling,2025,Digital Twin,10.12688/digitaltwin.17971.2,https://doi.org/10.12688/digitaltwin.17971.2,low_relevance:1
crossref_only,Crossref,doi:10.1080/27525783.2025.2592382,1,0,1,Developing a calibrated physics-based digital twin for construction vehicles,2025,Digital Twin,10.1080/27525783.2025.2592382,https://doi.org/10.1080/27525783.2025.2592382,low_relevance:1
crossref_only,Crossref,doi:10.1080/27525783.2026.2620942,1,1,0,Digital twin is revolutionising manufacturing industry,2025,Digital Twin,10.1080/27525783.2026.2620942,https://doi.org/10.1080/27525783.2026.2620942,
crossref_only,Crossref,doi:10.1080/27525783.2025.2496645,1,0,1,Digital twins in manufacturing: a taxonomy for manufacturing applications,2025,Digital Twin,10.1080/27525783.2025.2496645,https://doi.org/10.1080/27525783.2025.2496645,low_relevance:1
crossref_only,Crossref,doi:10.1080/27525783.2025.2598085,1,0,1,"Dynamic physics-based digital twin for supervisory, condition monitoring and fault diagnosis of industrial turboshaft engines",2025,Digital Twin,10.1080/27525783.2025.2598085,https://doi.org/10.1080/27525783.2025.2598085,low_relevance:1
crossref_only,Crossref,doi:10.1080/27525783.2025.2529171,1,0,1,"Integrative modelling of SSPC for digital twin applications: coupling electromagnetic, thermal, and mechanical fields",2025,Digital Twin,10.1080/27525783.2025.2529171,https://doi.org/10.1080/27525783.2025.2529171,low_relevance:1
crossref_only,Crossref,doi:10.12688/digitaltwin.17931.2,1,0,1,Is it possible to develop a digital twin for noise monitoring in manufacturing?,2025,Digital Twin,10.12688/digitaltwin.17931.2,https://doi.org/10.12688/digitaltwin.17931.2,low_relevance:1
crossref_only,Crossref,doi:10.1080/27525783.2025.2533863,1,1,0,Machine learning and digital twin assisted temperature prediction during additive manufacturing process,2025,Digital Twin,10.1080/27525783.2025.2533863,https://doi.org/10.1080/27525783.2025.2533863,
crossref_only,Crossref,doi:10.1080/27525783.2025.2591981,1,0,1,Motor fault digital twin modelling and data generation,2025,Digital Twin,10.1080/27525783.2025.2591981,https://doi.org/10.1080/27525783.2025.2591981,low_relevance:1
crossref_only,Crossref,doi:10.12688/digitaltwin.17446.1,1,0,1,Spatial-temporal data analysis of digital twin,2025,Digital Twin,10.12688/digitaltwin.17446.1,https://doi.org/10.12688/digitaltwin.17446.1,low_relevance:1
crossref_only,Crossref,doi:10.1080/27525783.2025.2565246,1,1,0,Systematic selection framework for digital twin development environments in smart manufacturing,2025,Digital Twin,10.1080/27525783.2025.2565246,https://doi.org/10.1080/27525783.2025.2565246,
crossref_only,Crossref,doi:10.12688/digitaltwin.17599.3,1,0,1,The development of a digital twin concept system,2025,Digital Twin,10.12688/digitaltwin.17599.3,https://doi.org/10.12688/digitaltwin.17599.3,low_relevance:1
crossref_only,Crossref,doi:10.1080/27525783.2026.2649426,1,0,1,A digital twin approach for vibration prediction of converter transformers,2026,Digital Twin,10.1080/27525783.2026.2649426,https://doi.org/10.1080/27525783.2026.2649426,low_relevance:1
crossref_only,Crossref,doi:10.1080/27525783.2025.2545236,1,0,1,A review: digital twin application in bridge fire engineering and management,2026,Digital Twin,10.1080/27525783.2025.2545236,https://doi.org/10.1080/27525783.2025.2545236,low_relevance:1
crossref_only,Crossref,doi:10.1080/27525783.2026.2654843,1,0,1,Advancing digital twins for sustainable and smart construction practices: a systematic review,2026,Digital Twin,10.1080/27525783.2026.2654843,https://doi.org/10.1080/27525783.2026.2654843,low_relevance:1
crossref_only,Crossref,doi:10.1080/27525783.2026.2644045,1,0,1,Developing a digital twin framework and smart sensors gateway for monitoring soil and environmental conditions to detect anomalies and to predict crop health,2026,Digital Twin,10.1080/27525783.2026.2644045,https://doi.org/10.1080/27525783.2026.2644045,low_relevance:1
crossref_only,Crossref,doi:10.1080/27525783.2026.2618303,1,0,1,Developing the systemic digital twin of an industrial enterprise with Σ,2026,Digital Twin,10.1080/27525783.2026.2618303,https://doi.org/10.1080/27525783.2026.2618303,low_relevance:1
crossref_only,Crossref,doi:10.1080/27525783.2026.2622705,1,1,0,Digital twin for early-stage fault detection in a hybrid manufacturing cell,2026,Digital Twin,10.1080/27525783.2026.2622705,https://doi.org/10.1080/27525783.2026.2622705,
crossref_only,Crossref,doi:10.1080/27525783.2025.2533858,1,0,1,Digital twin in railway industry: a bibliometric analysis and systematic review,2026,Digital Twin,10.1080/27525783.2025.2533858,https://doi.org/10.1080/27525783.2025.2533858,low_relevance:1
crossref_only,Crossref,doi:10.1080/27525783.2026.2682042,1,0,1,Digital twin-based optimal design method for industrial vibration isolation equipment,2026,Digital Twin,10.1080/27525783.2026.2682042,https://doi.org/10.1080/27525783.2026.2682042,low_relevance:1
crossref_only,Crossref,doi:10.1080/27525783.2026.2641390,1,0,1,Digital twin: science or engineering?,2026,Digital Twin,10.1080/27525783.2026.2641390,https://doi.org/10.1080/27525783.2026.2641390,low_relevance:1
crossref_only,Crossref,doi:10.1080/27525783.2026.2674370,1,0,1,Integrating Digital Twin technology in Quality 5.0 and operational excellence: a Fuzzy COPRAS and Monte Carlo uncertainty simulation approach,2026,Digital Twin,10.1080/27525783.2026.2674370,https://doi.org/10.1080/27525783.2026.2674370,low_relevance:1
crossref_only,Crossref,doi:10.1080/27525783.2026.2618294,1,0,1,Semantic interoperability for digital twin-driven product development: a maturity model approach,2026,Digital Twin,10.1080/27525783.2026.2618294,https://doi.org/10.1080/27525783.2026.2618294,low_relevance:1
crossref_only,Crossref,doi:10.1080/27525783.2026.2614885,1,0,1,The digital twin-enabled deformation prediction and control methodologies for thin-walled parts in intelligent manufacturing: a review,2026,Digital Twin,10.1080/27525783.2026.2614885,https://doi.org/10.1080/27525783.2026.2614885,low_relevance:1
crossref_only,Crossref,doi:10.1201/9781003507000-7,1,0,1,Web-based BIM-GIS integration workflows for making cities' digital twin 3D models,2024,Digital Twin Adoption and BIM-GIS Implementation,10.1201/9781003507000-7,https://doi.org/10.1201/9781003507000-7,low_relevance:1
crossref_only,Crossref,doi:10.1016/b978-0-443-30076-9.00024-8,1,0,1,Application of digital twin technology for disaster management in smart cities,2025,Digital Twin and Blockchain for Sensor Networks in Smart Cities,10.1016/b978-0-443-30076-9.00024-8,https://doi.org/10.1016/b978-0-443-30076-9.00024-8,low_relevance:1
crossref_only,Crossref,doi:10.1016/b978-0-443-30076-9.00014-5,1,0,1,Digital twin for construction industry,2025,Digital Twin and Blockchain for Sensor Networks in Smart Cities,10.1016/b978-0-443-30076-9.00014-5,https://doi.org/10.1016/b978-0-443-30076-9.00014-5,low_relevance:1
crossref_only,Crossref,doi:10.1016/b978-0-443-30076-9.00015-7,1,0,1,Digital Twin technologies in enhancing supply chain resilience,2025,Digital Twin and Blockchain for Sensor Networks in Smart Cities,10.1016/b978-0-443-30076-9.00015-7,https://doi.org/10.1016/b978-0-443-30076-9.00015-7,low_relevance:1
crossref_only,Crossref,doi:10.1016/b978-0-443-30076-9.00010-8,1,0,1,Role of blockchain and digital twin technologies in modern smart grids,2025,Digital Twin and Blockchain for Sensor Networks in Smart Cities,10.1016/b978-0-443-30076-9.00010-8,https://doi.org/10.1016/b978-0-443-30076-9.00010-8,low_relevance:1
crossref_only,Crossref,doi:10.1016/b978-0-443-30076-9.00023-6,1,0,1,Role of digital twin and blockchain for personal security,2025,Digital Twin and Blockchain for Sensor Networks in Smart Cities,10.1016/b978-0-443-30076-9.00023-6,https://doi.org/10.1016/b978-0-443-30076-9.00023-6,low_relevance:1
crossref_only,Crossref,doi:10.1016/b978-0-443-30076-9.00026-1,1,0,1,Smart cities with digital twin systems for disaster management,2025,Digital Twin and Blockchain for Sensor Networks in Smart Cities,10.1016/b978-0-443-30076-9.00026-1,https://doi.org/10.1016/b978-0-443-30076-9.00026-1,low_relevance:1
crossref_only,Crossref,doi:10.1002/9781394303564.ch9,1,0,1,Blockchain and Digital Twin for Smart Grid,2024,Digital Twin and Blockchain for Smart Cities,10.1002/9781394303564.ch9,https://doi.org/10.1002/9781394303564.ch9,low_relevance:1
crossref_only,Crossref,doi:10.1002/9781394303564.ch8,1,0,1,Blockchain‐Based Secure Digital Twin Framework for Smart Healthy City,2024,Digital Twin and Blockchain for Smart Cities,10.1002/9781394303564.ch8,https://doi.org/10.1002/9781394303564.ch8,low_relevance:1
crossref_only,Crossref,doi:10.1002/9781394303564.ch14,1,0,1,Digital Twin Consensus for Blockchain‐Enabled Intelligent Transportation Systems in Smart Cities,2024,Digital Twin and Blockchain for Smart Cities,10.1002/9781394303564.ch14,https://doi.org/10.1002/9781394303564.ch14,low_relevance:1
crossref_only,Crossref,doi:10.1002/9781394303564.ch25,1,0,1,Digital Twin for Smart City Resilience and Solutions,2024,Digital Twin and Blockchain for Smart Cities,10.1002/9781394303564.ch25,https://doi.org/10.1002/9781394303564.ch25,low_relevance:1
crossref_only,Crossref,doi:10.1002/9781394303564.ch5,1,0,1,Integration of Digital Twin and Blockchain for Smart Cities,2024,Digital Twin and Blockchain for Smart Cities,10.1002/9781394303564.ch5,https://doi.org/10.1002/9781394303564.ch5,low_relevance:1
crossref_only,Crossref,doi:10.4018/979-8-2600-1669-5.ch004,1,0,1,Conceptual Foundations of Digital Twin-Enabled Smart and Resilient Homes,2026,Digital Twin Applications and Cognitive Enterprise Transformation Across Industries,10.4018/979-8-2600-1669-5.ch004,https://doi.org/10.4018/979-8-2600-1669-5.ch004,low_relevance:1
crossref_only,Crossref,doi:10.4018/979-8-2600-1669-5.ch005,1,0,1,Resilient Smart Buildings Using Adaptive Digital Twin Frameworks,2026,Digital Twin Applications and Cognitive Enterprise Transformation Across Industries,10.4018/979-8-2600-1669-5.ch005,https://doi.org/10.4018/979-8-2600-1669-5.ch005,low_relevance:1
crossref_only,Crossref,doi:10.1201/9781003469612-9,1,0,1,Comprehensive Study of Digital Twin in Smart and Customized Healthcare,2024,Digital Twin Technology and Applications,10.1201/9781003469612-9,https://doi.org/10.1201/9781003469612-9,low_relevance:1
crossref_only,Crossref,doi:10.62311/nesx/905773,1,1,0,Smart Manufacturing with Digital Twins: Real-Time Optimization and Process Innovation,2024,Digital Twin Technology in Manufacturing: Tools for Real-Time Process Optimization,10.62311/nesx/905773,https://doi.org/10.62311/nesx/905773,
crossref_only,Crossref,doi:10.1016/b978-0-443-34174-8.00025-9,1,1,0,Digital twins toward smart manufacturing,2025,"Digital Twin, Blockchain, and Sensor Networks in the Healthy and Mobile City",10.1016/b978-0-443-34174-8.00025-9,https://doi.org/10.1016/b978-0-443-34174-8.00025-9,
crossref_only,Crossref,doi:10.4018/979-8-2600-1674-9.ch012,1,0,1,Understanding the Dynamics of Lifelong Learning Under Uncertainty Using a Digital Twin Approach Combined With Fuzzy Multi-Objective Optimization,2026,Digital Twin-Driven Lifelong Learning Systems,10.4018/979-8-2600-1674-9.ch012,https://doi.org/10.4018/979-8-2600-1674-9.ch012,low_relevance:1
crossref_only,Crossref,doi:10.1201/9781003610151-13,1,0,1,Predictive Maintenance of Machine Tools Using Digital Twin,2025,Digital Twinning for Discrete Manufacturing,10.1201/9781003610151-13,https://doi.org/10.1201/9781003610151-13,low_relevance:1
crossref_only,Crossref,doi:10.1201/9781003610151-17,1,0,1,Roles of Digital Twin in Wireless Networks,2025,Digital Twinning for Discrete Manufacturing,10.1201/9781003610151-17,https://doi.org/10.1201/9781003610151-17,low_relevance:1
crossref_only,Crossref,doi:10.1016/b978-0-443-45573-5.00033-1,1,0,1,Enhancing automation and manufacturing with digital twin systems,2026,Digital Twins,10.1016/b978-0-443-45573-5.00033-1,https://doi.org/10.1016/b978-0-443-45573-5.00033-1,low_relevance:1
crossref_only,Crossref,doi:10.1049/dgt2.70014,1,0,1,From Smart Cities to Manufacturing: A Comprehensive Study on Digital Twin Applications and Barrier,2025,Digital Twins and Applications,10.1049/dgt2.70014,https://doi.org/10.1049/dgt2.70014,low_relevance:1
crossref_only,Crossref,doi:10.1002/9781394195336.ch3,1,0,1,Decision Support System for Digital Twin‐based Smart Manufacturing Systems and Design in Industry 5.0,2024,Digital Twins in Industrial Production and Smart Manufacturing,10.1002/9781394195336.ch3,https://doi.org/10.1002/9781394195336.ch3,low_relevance:1
crossref_only,Crossref,doi:10.1002/9781394195336.ch6,1,0,1,Digital Twin for Sustainable Development of Intelligent Manufacturing,2024,Digital Twins in Industrial Production and Smart Manufacturing,10.1002/9781394195336.ch6,https://doi.org/10.1002/9781394195336.ch6,low_relevance:1
crossref_only,Crossref,doi:10.1002/9781394195336.ch16,1,0,1,Digital Twin in Aerospace Industry and Aerospace Transformation Through Industry 4.0 Technologies,2024,Digital Twins in Industrial Production and Smart Manufacturing,10.1002/9781394195336.ch16,https://doi.org/10.1002/9781394195336.ch16,low_relevance:1
crossref_only,Crossref,doi:10.1002/9781394195336.ch11,1,0,1,Smart Manufacturing with a<scp>Digital Twin</scp>–Driven<scp>Cyber‐physical</scp>System: Case Study and Application Scenario,2024,Digital Twins in Industrial Production and Smart Manufacturing,10.1002/9781394195336.ch11,https://doi.org/10.1002/9781394195336.ch11,low_relevance:1
crossref_only,Crossref,doi:10.1117/12.3050858,1,0,1,Digital twin modelling for 3D-printed composite structures manufactured by fused filament fabrication method: mesoscale geometry simulation,2025,"Digital Twins, AI, and NDE for Industry Applications and Energy Systems 2025",10.1117/12.3050858,https://doi.org/10.1117/12.3050858,low_relevance:1
crossref_only,Crossref,doi:10.1007/s43621-026-03456-7,1,0,1,Identifying sustainability barriers to 4D printing adoption in manufacturing using a hesitant fuzzy DEMATEL approach,2026,Discover Sustainability,10.1007/s43621-026-03456-7,https://doi.org/10.1007/s43621-026-03456-7,low_relevance:1
crossref_only,Crossref,doi:10.1002/9781394411320.ch3,1,0,1,AI and Digital Twin for Smart Cities,2025,Driving Innovation through AI and Digital Twin for 6G Powered Sustainable Ultra Smart Cities,10.1002/9781394411320.ch3,https://doi.org/10.1002/9781394411320.ch3,low_relevance:1
crossref_only,Crossref,doi:10.1002/9781394411320.ch1,1,0,1,Navigating Artificial Intelligence and Digital Twin for Smart Cities,2025,Driving Innovation through AI and Digital Twin for 6G Powered Sustainable Ultra Smart Cities,10.1002/9781394411320.ch1,https://doi.org/10.1002/9781394411320.ch1,low_relevance:1
crossref_only,Crossref,doi:10.1002/9781394411320.ch4,1,0,1,Security Solutions for Smart Cities Using Digital Twin,2025,Driving Innovation through AI and Digital Twin for 6G Powered Sustainable Ultra Smart Cities,10.1002/9781394411320.ch4,https://doi.org/10.1002/9781394411320.ch4,low_relevance:1
crossref_only,Crossref,doi:10.1002/9781394411320.ch7,1,0,1,Toward Smart Healthcare in Digital Twin Featuring AI for Innovation in Smart Cities and Sustainability,2025,Driving Innovation through AI and Digital Twin for 6G Powered Sustainable Ultra Smart Cities,10.1002/9781394411320.ch7,https://doi.org/10.1002/9781394411320.ch7,low_relevance:1
crossref_only,Crossref,doi:10.1002/9781394411320.ch8,1,0,1,Toward Smart Healthcare in Digital Twin for 6G‐Powered Sustainable Ultra‐Smart Cities,2025,Driving Innovation through AI and Digital Twin for 6G Powered Sustainable Ultra Smart Cities,10.1002/9781394411320.ch8,https://doi.org/10.1002/9781394411320.ch8,low_relevance:1
crossref_only,Crossref,doi:10.1002/9781394411320.ch10,1,0,1,Toward Smart Healthcare in the Digital Twin Ecosystem,2025,Driving Innovation through AI and Digital Twin for 6G Powered Sustainable Ultra Smart Cities,10.1002/9781394411320.ch10,https://doi.org/10.1002/9781394411320.ch10,low_relevance:1
crossref_only,Crossref,doi:10.1117/12.3090718,1,0,1,Open collaborative AI platform to support process optimization for semiconductor industry with digital twin,2026,DTCO and Computational Patterning V,10.1117/12.3090718,https://doi.org/10.1117/12.3090718,low_relevance:1
crossref_only,Crossref,doi:10.52152/d11346,1,1,0,APPLICATION OF 3D PRINTING IN THE PRODUCTION OF MULTIMATERIAL HOLLOW POLYMERIC PARTS,2025,DYNA,10.52152/d11346,https://doi.org/10.52152/d11346,
crossref_only,Crossref,doi:10.52842/conf.ecaade.2024.1.381,1,1,0,Multi-material Gradient Additive Manufacturing: A data-driven performative design approach to multi-materiality through robotic fabrication,2024,eCAADe proceedings,10.52842/conf.ecaade.2024.1.381,https://doi.org/10.52842/conf.ecaade.2024.1.381,
crossref_only,Crossref,doi:10.52842/conf.ecaade.2025.2.313,1,0,1,Radiolaria Stool Series Design: Synergistic integration of computational design and additive manufacturing,2025,eCAADe proceedings,10.52842/conf.ecaade.2025.2.313,https://doi.org/10.52842/conf.ecaade.2025.2.313,low_relevance:1
crossref_only,Crossref,doi:10.3390/electronics13040802,1,0,1,A Digital Twin Platform Integrating Process Parameter Simulation Solution for Intelligent Manufacturing,2024,Electronics,10.3390/electronics13040802,https://doi.org/10.3390/electronics13040802,low_relevance:1
crossref_only,Crossref,doi:10.3390/electronics13173550,1,0,1,Digital Twins in 3D Printing Processes Using Artificial Intelligence,2024,Electronics,10.3390/electronics13173550,https://doi.org/10.3390/electronics13173550,low_relevance:1
crossref_only,Crossref,doi:10.3390/electronics14173499,1,1,0,Optimizing Robotic Disassembly-Assembly Line Balancing with Directional Switching Time via an Improved Q(λ) Algorithm in IoT-Enabled Smart Manufacturing,2025,Electronics,10.3390/electronics14173499,https://doi.org/10.3390/electronics14173499,
crossref_only,Crossref,doi:10.1117/12.3082259,1,0,1,"Infrared DLP for high-speed 3D printing: enabling new materials, closed-loop control, and digital twins",2026,Emerging Digital Micromirror Device-based Systems and Applications XVIII,10.1117/12.3082259,https://doi.org/10.1117/12.3082259,low_relevance:1
crossref_only,Crossref,doi:10.1016/b978-0-443-33645-4.00004-8,1,0,1,Integrating Digital Twin Technology with Lean Six Sigma for sustainable manufacturing practices,2026,Emerging Trends in Manufacturing Technologies,10.1016/b978-0-443-33645-4.00004-8,https://doi.org/10.1016/b978-0-443-33645-4.00004-8,low_relevance:1
crossref_only,Crossref,doi:10.1016/b978-0-443-33645-4.00014-0,1,0,1,Path planning strategies for six-axis industrial robot manipulators in wire arc additive manufacturing and polishing,2026,Emerging Trends in Manufacturing Technologies,10.1016/b978-0-443-33645-4.00014-0,https://doi.org/10.1016/b978-0-443-33645-4.00014-0,low_relevance:1
crossref_only,Crossref,doi:10.1016/j.enconman.2026.121186,1,0,1,Energy modeling and performance of volumetric 3D printing for multi-material efficient production,2026,Energy Conversion and Management,10.1016/j.enconman.2026.121186,https://doi.org/10.1016/j.enconman.2026.121186,low_relevance:1
crossref_only,Crossref,doi:10.47191/etj/v9i10.27,1,0,1,Detection of Cyber-Physical Attacks in Additive Manufacturing: An LSTM-Based Autoencoder Method Utilizing Reconstruction Error Analysis from Side-Channel Monitoring,2024,Engineering and Technology Journal,10.47191/etj/v9i10.27,https://doi.org/10.47191/etj/v9i10.27,low_relevance:1
crossref_only,Crossref,doi:10.1108/ec-10-2025-1127,1,0,1,Optimization of path planning for reinforcing panel structures using directed energy deposition additive manufacturing process,2026,Engineering Computations,10.1108/ec-10-2025-1127,https://doi.org/10.1108/ec-10-2025-1127,low_relevance:1
crossref_only,Crossref,doi:10.1007/978-3-032-09656-2_6,1,0,1,Anomaly Detection in Integrated Flexible Manufacturing Systems: Addressing Class Imbalance with Machine Learning Techniques in Cyber-Physical Systems,2026,Engineering Cyber-Physical Systems and Critical Infrastructures,10.1007/978-3-032-09656-2_6,https://doi.org/10.1007/978-3-032-09656-2_6,low_relevance:1
crossref_only,Crossref,doi:10.1201/9781003395072-17,1,0,1,"Digital Product Definition, Drawings, 3D PMI and the Digital Twin",2025,Engineering Drawing and Product Manufacturing Information with 3D Models,10.1201/9781003395072-17,https://doi.org/10.1201/9781003395072-17,low_relevance:1
crossref_only,Crossref,doi:10.1007/978-981-96-4214-4_17,1,0,1,Multifunctional Polymer Nanocomposites for 3D and 4D Printing: Idea of 6D Printing,2025,Engineering Materials,10.1007/978-981-96-4214-4_17,https://doi.org/10.1007/978-981-96-4214-4_17,low_relevance:1
crossref_only,Crossref,doi:10.1007/978-981-96-4214-4_7,1,0,1,Polymer-Graphene and Graphene Oxide Nanocomposites by Using 3D and 4D Printing for Multifunctional Applications,2025,Engineering Materials,10.1007/978-981-96-4214-4_7,https://doi.org/10.1007/978-981-96-4214-4_7,low_relevance:1
crossref_only,Crossref,doi:10.1080/0305215x.2024.2434201,1,0,1,An optimization-centric review on integrating artificial intelligence and digital twin technologies in manufacturing,2025,Engineering Optimization,10.1080/0305215x.2024.2434201,https://doi.org/10.1080/0305215x.2024.2434201,low_relevance:1
crossref_only,Crossref,doi:10.1088/2631-8695/ad82a4,1,0,1,A comprehensive review of wire arc additive manufacturing for metallic functionally graded materials,2024,Engineering Research Express,10.1088/2631-8695/ad82a4,https://doi.org/10.1088/2631-8695/ad82a4,low_relevance:1
crossref_only,Crossref,doi:10.1088/2631-8695/ad8ff6,1,1,0,"Design, optimization, simulation, and implementation of a 3D printed soft robotic peristaltic pump",2024,Engineering Research Express,10.1088/2631-8695/ad8ff6,https://doi.org/10.1088/2631-8695/ad8ff6,
crossref_only,Crossref,doi:10.36922/esam025180010,1,0,1,Multi-material additive manufacturing of metals: A review of structures and mechanical characteristics,2025,Engineering Science in Additive Manufacturing,10.36922/esam025180010,https://doi.org/10.36922/esam025180010,low_relevance:1
crossref_only,Crossref,doi:10.36922/esam026080004,1,1,0,Dual-wavelength photoinhibition-aided vat photopolymerization (PinVPP) of bio-based polymers and functional hydrogels,2026,Engineering Science in Additive Manufacturing,10.36922/esam026080004,https://doi.org/10.36922/esam026080004,
crossref_only,Crossref,doi:10.1016/j.engstruct.2025.120459,1,0,1,"4D printing of dual-stage curing ink for graded functional materials and direct, robust, integrated shape morphing",2025,Engineering Structures,10.1016/j.engstruct.2025.120459,https://doi.org/10.1016/j.engstruct.2025.120459,low_relevance:1
crossref_only,Crossref,doi:10.3390/e27010020,1,0,1,Lattice Boltzmann Modeling of Additive Manufacturing of Functionally Graded Materials,2024,Entropy,10.3390/e27010020,https://doi.org/10.3390/e27010020,low_relevance:1
crossref_only,Crossref,doi:10.1051/epjconf/202430903024,1,1,0,SwissVAMyKnife.jl: An open-source package for tomographic volumetric additive manufacturing,2024,EPJ Web of Conferences,10.1051/epjconf/202430903024,https://doi.org/10.1051/epjconf/202430903024,
crossref_only,Crossref,doi:10.24136/eq.3557,1,0,1,"Digital twin-based virtual factory and cyber-physical production systems, collaborative autonomous robotic and networked manufacturing technologies, and enterprise and business intelligence algorithms for industrial metaverse",2025,Equilibrium. Quarterly Journal of Economics and Economic Policy,10.24136/eq.3557,https://doi.org/10.24136/eq.3557,low_relevance:1
crossref_only,Crossref,doi:10.59499/ep256767602,1,0,1,Multi-material Metal Additive Manufacturing Approaches Based On Binder Jetting And Co-sintering,2025,Euro PM2025 Proceedings,10.59499/ep256767602,https://doi.org/10.59499/ep256767602,low_relevance:1
crossref_only,Crossref,doi:10.1016/j.eurpolymj.2024.112988,1,0,1,4D printing and programming of continuous fibre-reinforced shape memory polymer composites,2024,European Polymer Journal,10.1016/j.eurpolymj.2024.112988,https://doi.org/10.1016/j.eurpolymj.2024.112988,low_relevance:1
crossref_only,Crossref,doi:10.1016/j.eurpolymj.2024.113581,1,0,1,4D printing of pH-responsive bilayer with programmable shape-shifting behaviour,2025,European Polymer Journal,10.1016/j.eurpolymj.2024.113581,https://doi.org/10.1016/j.eurpolymj.2024.113581,low_relevance:1
crossref_only,Crossref,doi:10.1016/j.eurpolymj.2024.113651,1,0,1,4D printing of self-healing and shape-memory hydrogels sensitive to body temperature,2025,European Polymer Journal,10.1016/j.eurpolymj.2024.113651,https://doi.org/10.1016/j.eurpolymj.2024.113651,low_relevance:1
crossref_only,Crossref,doi:10.31031/eme.2026.06.000641,1,0,1,"Design and Fabrication of a Monolithic, Sensorized Soft Robotic Gripper using Multi-Material PolyJet Additive Manufacturing",2026,Evolutions in Mechanical Engineering,10.31031/eme.2026.06.000641,https://doi.org/10.31031/eme.2026.06.000641,low_relevance:1
crossref_only,Crossref,doi:10.1080/17425247.2025.2466772,1,0,1,4D printing biological stimuli-responsive hydrogels for tissue engineering and localized drug delivery applications – part 1,2025,Expert Opinion on Drug Delivery,10.1080/17425247.2025.2466772,https://doi.org/10.1080/17425247.2025.2466772,low_relevance:1
crossref_only,Crossref,doi:10.1080/17425247.2025.2466768,1,0,1,4D printing chemical stimuli-responsive hydrogels for tissue engineering and localized drug delivery applications – part 2,2025,Expert Opinion on Drug Delivery,10.1080/17425247.2025.2466768,https://doi.org/10.1080/17425247.2025.2466768,low_relevance:1
crossref_only,Crossref,doi:10.1016/j.eswa.2025.128574,1,0,1,A Virtually assisted digital twin enabled object detection in smart industrial manufacturing,2025,Expert Systems with Applications,10.1016/j.eswa.2025.128574,https://doi.org/10.1016/j.eswa.2025.128574,low_relevance:1
crossref_only,Crossref,doi:10.1016/j.eswa.2024.125618,1,0,1,Competitive multi-task Bayesian optimization with an application in hyperparameter tuning of additive manufacturing,2025,Expert Systems with Applications,10.1016/j.eswa.2024.125618,https://doi.org/10.1016/j.eswa.2024.125618,low_relevance:1
crossref_only,Crossref,doi:10.1016/b978-0-443-24132-1.00006-5,1,1,0,Digital twin for smart factory: Usage of digital twin to reduce manufacturing defects,2025,Exploring the Metaverse,10.1016/b978-0-443-24132-1.00006-5,https://doi.org/10.1016/b978-0-443-24132-1.00006-5,
crossref_only,Crossref,doi:10.1088/2058-8585/ade5b8,1,1,0,3D printing by direct ink writing (DIW) of UV-curable elastomers with embedded sensors for soft robotic and flexible electronic applications,2025,Flexible and Printed Electronics,10.1088/2058-8585/ade5b8,https://doi.org/10.1088/2058-8585/ade5b8,
crossref_only,Crossref,doi:10.1016/j.fbio.2024.104112,1,0,1,Personalized transformation of 3D printing for traditional multi-material food with stuffing：A review,2024,Food Bioscience,10.1016/j.fbio.2024.104112,https://doi.org/10.1016/j.fbio.2024.104112,low_relevance:1
crossref_only,Crossref,doi:10.1016/j.foodhyd.2025.111964,1,0,1,Printability and interfacial performance of emulsion gels and bigels in multi-material dual and coaxial food 3D printing,2026,Food Hydrocolloids,10.1016/j.foodhyd.2025.111964,https://doi.org/10.1016/j.foodhyd.2025.111964,low_relevance:1
crossref_only,Crossref,doi:10.1016/j.foodres.2024.114712,1,0,1,"State of the art, challenges, and future prospects for the multi-material 3D printing of plant-based meat",2024,Food Research International,10.1016/j.foodres.2024.114712,https://doi.org/10.1016/j.foodres.2024.114712,low_relevance:1
crossref_only,Crossref,doi:10.1016/b978-0-443-43896-7.00015-7,1,0,1,Digital twin for short video streaming optimization,2026,Foundations of Digital Twins,10.1016/b978-0-443-43896-7.00015-7,https://doi.org/10.1016/b978-0-443-43896-7.00015-7,low_relevance:1
crossref_only,Crossref,doi:10.1117/12.3066926,1,0,1,Digital twin and reinforcement learning-based additive manufacturing optimization,2025,Fourth International Conference on Electronic Information Engineering and Data Processing (EIEDP 2025),10.1117/12.3066926,https://doi.org/10.1117/12.3066926,low_relevance:1
crossref_only,Crossref,doi:10.71465/fias621,1,1,0,Process Optimization in Smart Manufacturing via Data-Driven Approaches and Digital Twin Simulations,2026,Frontiers in Interdisciplinary Applied Science,10.71465/fias621,https://doi.org/10.71465/fias621,
crossref_only,Crossref,doi:10.3389/fmech.2026.1774457,1,1,0,Inverse modeling and design of additively manufactured hybrid acoustic metamaterials for low-frequency absorption,2026,Frontiers in Mechanical Engineering,10.3389/fmech.2026.1774457,https://doi.org/10.3389/fmech.2026.1774457,
crossref_only,Crossref,doi:10.3389/fnuen.2025.1603437,1,0,1,Role of additive manufacturing in developing functionally graded materials for nuclear applications,2025,Frontiers in Nuclear Engineering,10.3389/fnuen.2025.1603437,https://doi.org/10.3389/fnuen.2025.1603437,low_relevance:1
crossref_only,Crossref,doi:10.1016/b978-0-443-29071-8.00010-6,1,0,1,"4D printing of fat analogs: inks, structures, and applications",2026,Future Fat Alternatives,10.1016/b978-0-443-29071-8.00010-6,https://doi.org/10.1016/b978-0-443-29071-8.00010-6,low_relevance:1
crossref_only,Crossref,doi:10.1016/j.fufo.2024.100376,1,0,1,Multi-material Direct Ink Writing 3D Food Printing using Multi-channel Nozzle,2024,Future Foods,10.1016/j.fufo.2024.100376,https://doi.org/10.1016/j.fufo.2024.100376,low_relevance:1
crossref_only,Crossref,doi:10.3390/gels12050382,1,0,1,In Situ Programming of Shape-Morphing Hydrogels via Vat Photopolymerization for 4D Bioprinting,2026,Gels,10.3390/gels12050382,https://doi.org/10.3390/gels12050382,low_relevance:1
crossref_only,Crossref,doi:10.3390/gels12020123,1,0,1,Multi-Material Extrusion-Based 3D Printing of Hybrid Scaffolds for Tissue Engineering Application,2026,Gels,10.3390/gels12020123,https://doi.org/10.3390/gels12020123,low_relevance:1
crossref_only,Crossref,doi:10.1007/978-3-031-47316-6_5,1,0,1,Business Case for Digital Twin of a Process Plant,2024,Generation and Update of a Digital Twin in a Process Plant,10.1007/978-3-031-47316-6_5,https://doi.org/10.1007/978-3-031-47316-6_5,low_relevance:1
crossref_only,Crossref,doi:10.1007/978-3-031-47316-6_11,1,0,1,Correction to: Generation and Update of a Digital Twin in a Process,2024,Generation and Update of a Digital Twin in a Process Plant,10.1007/978-3-031-47316-6_11,https://doi.org/10.1007/978-3-031-47316-6_11,low_relevance:1
crossref_only,Crossref,doi:10.1007/978-3-031-47316-6_9,1,0,1,Creation of a New Offering: Digital Twin as a Service,2024,Generation and Update of a Digital Twin in a Process Plant,10.1007/978-3-031-47316-6_9,https://doi.org/10.1007/978-3-031-47316-6_9,low_relevance:1
crossref_only,Crossref,doi:10.1007/978-3-031-47316-6_10,1,0,1,Digital Twin: Conclusion and Future Trends in Process Plants,2024,Generation and Update of a Digital Twin in a Process Plant,10.1007/978-3-031-47316-6_10,https://doi.org/10.1007/978-3-031-47316-6_10,low_relevance:1
crossref_only,Crossref,doi:10.1007/978-3-031-47316-6_7,1,0,1,Implementation of a Digital Twin of a Process Plant,2024,Generation and Update of a Digital Twin in a Process Plant,10.1007/978-3-031-47316-6_7,https://doi.org/10.1007/978-3-031-47316-6_7,low_relevance:1
crossref_only,Crossref,doi:10.1007/978-3-031-47316-6_1,1,0,1,Introduction to the Digital Twin of a Process Plant,2024,Generation and Update of a Digital Twin in a Process Plant,10.1007/978-3-031-47316-6_1,https://doi.org/10.1007/978-3-031-47316-6_1,low_relevance:1
crossref_only,Crossref,doi:10.1007/978-3-031-47316-6_3,1,0,1,Literature Review to Digital Twin of a Process Plant,2024,Generation and Update of a Digital Twin in a Process Plant,10.1007/978-3-031-47316-6_3,https://doi.org/10.1007/978-3-031-47316-6_3,low_relevance:1
crossref_only,Crossref,doi:10.1007/978-3-031-47316-6_8,1,0,1,Practical Application of Digital Twin of a Process Plant,2024,Generation and Update of a Digital Twin in a Process Plant,10.1007/978-3-031-47316-6_8,https://doi.org/10.1007/978-3-031-47316-6_8,low_relevance:1
crossref_only,Crossref,doi:10.1007/978-3-031-47316-6_2,1,0,1,Requirements and Process Design for Digital Twin of a Process Plant,2024,Generation and Update of a Digital Twin in a Process Plant,10.1007/978-3-031-47316-6_2,https://doi.org/10.1007/978-3-031-47316-6_2,low_relevance:1
crossref_only,Crossref,doi:10.1007/978-3-031-47316-6_6,1,0,1,Solution Approach for Digital Twin of a Process Plant,2024,Generation and Update of a Digital Twin in a Process Plant,10.1007/978-3-031-47316-6_6,https://doi.org/10.1007/978-3-031-47316-6_6,low_relevance:1
crossref_only,Crossref,doi:10.1016/j.giant.2024.100331,1,0,1,3D printing of reprogrammable liquid crystal elastomers with exchangeable boronic ester bonds,2024,Giant,10.1016/j.giant.2024.100331,https://doi.org/10.1016/j.giant.2024.100331,low_relevance:1
crossref_only,Crossref,doi:10.69979/3041-0843.25.04.068,1,0,1,Research on the Application of Digital Twin Technology in Full-Process Visualization and Collaborative Optimization of Supply Chains,2025,Global vision research,10.69979/3041-0843.25.04.068,https://doi.org/10.69979/3041-0843.25.04.068,low_relevance:1
crossref_only,Crossref,doi:10.1039/d6gc00136j,1,1,0,"Metal-free, scalable synthesis of degradable polyester resins for high-resolution DLP 3D printing
                    <i>via</i>
                    organoboron-catalyzed ROCOP",2026,Green Chemistry,10.1039/d6gc00136j,https://doi.org/10.1039/d6gc00136j,
crossref_only,Crossref,doi:10.20517/gmo.2024.120501,1,1,0,Review: application of green manufacturing processes in precision machining of automotive components,2025,Green Manufacturing Open,10.20517/gmo.2024.120501,https://doi.org/10.20517/gmo.2024.120501,
crossref_only,Crossref,doi:10.1201/9781003425724-55,1,0,1,Digital Twin in Smart Grid,2024,Handbook of Digital Twins,10.1201/9781003425724-55,https://doi.org/10.1201/9781003425724-55,low_relevance:1
crossref_only,Crossref,doi:10.1007/978-981-19-2797-3_26-1,1,0,1,4D Printing of Liquid Metals,2024,Handbook of Liquid Metals,10.1007/978-981-19-2797-3_26-1,https://doi.org/10.1007/978-981-19-2797-3_26-1,low_relevance:1
crossref_only,Crossref,doi:10.1007/978-981-97-1614-2_26,1,0,1,4D Printing of Liquid Metals,2024,Handbook of Liquid Metals,10.1007/978-981-97-1614-2_26,https://doi.org/10.1007/978-981-97-1614-2_26,low_relevance:1
crossref_only,Crossref,doi:10.3390/hardware3010002,1,1,0,Volumetric Additive Manufacturing: Ushering in a New Era of Fabrication,2025,Hardware,10.3390/hardware3010002,https://doi.org/10.3390/hardware3010002,
crossref_only,Crossref,doi:10.1016/j.heliyon.2024.e25722,1,0,1,Augmented reality-assisted cloud additive manufacturing with digital twin technology for multi-stakeholder value Co-creation in product innovation,2024,Heliyon,10.1016/j.heliyon.2024.e25722,https://doi.org/10.1016/j.heliyon.2024.e25722,low_relevance:1
crossref_only,Crossref,doi:10.17350/hjse19030000360,1,0,1,Fabrication of Functionally Graded Porous Materials via Additive Manufacturing and Investigation of  Compressive Behavior,2025,Hittite Journal of Science and Engineering,10.17350/hjse19030000360,https://doi.org/10.17350/hjse19030000360,low_relevance:1
crossref_only,Crossref,doi:10.1007/978-3-031-82170-7_11,1,0,1,Digital Twin-Enabled Assistance for Human-Centric Assembly,2025,Human-Centric Smart Manufacturing Towards Industry 5.0,10.1007/978-3-031-82170-7_11,https://doi.org/10.1007/978-3-031-82170-7_11,low_relevance:1
crossref_only,Crossref,doi:10.1007/978-3-031-82170-7_3,1,1,0,Human Digital Twin in Human-Centric Smart Manufacturing,2025,Human-Centric Smart Manufacturing Towards Industry 5.0,10.1007/978-3-031-82170-7_3,https://doi.org/10.1007/978-3-031-82170-7_3,
crossref_only,Crossref,doi:10.1007/978-3-031-82170-7_8,1,0,1,Human-Oriented Production Safety Control Technology of Digital Twin Workshop,2025,Human-Centric Smart Manufacturing Towards Industry 5.0,10.1007/978-3-031-82170-7_8,https://doi.org/10.1007/978-3-031-82170-7_8,low_relevance:1
crossref_only,Crossref,doi:10.1007/978-3-031-82170-7_13,1,0,1,Human–robot Collaboration Empowered by Digital Twin and Knowledge Graph in an Intelligent Assembly System,2025,Human-Centric Smart Manufacturing Towards Industry 5.0,10.1007/978-3-031-82170-7_13,https://doi.org/10.1007/978-3-031-82170-7_13,low_relevance:1
crossref_only,Crossref,doi:10.1007/978-3-031-82170-7_7,1,0,1,Towards Digital Twin for Human Skeleton in Smart Manufacturing with Predictive Modelling,2025,Human-Centric Smart Manufacturing Towards Industry 5.0,10.1007/978-3-031-82170-7_7,https://doi.org/10.1007/978-3-031-82170-7_7,low_relevance:1
crossref_only,Crossref,doi:10.52202/083075-0039,1,1,0,Demonstration and Analysis of Volumetric Additive Manufacturing Via Sub-Orbital Spaceflight Testing,2025,IAF Microgravity Sciences and Processes Symposium,10.52202/083075-0039,https://doi.org/10.52202/083075-0039,
crossref_only,Crossref,doi:10.52202/078370-0051,1,0,1,Multi-Material 3D Printing of a Magnetron,2024,IAF Space Power Symposium,10.52202/078370-0051,https://doi.org/10.52202/078370-0051,low_relevance:1
crossref_only,Crossref,doi:10.1109/access.2024.3450869,1,0,1,Digital Twin-Based Optimization of Operational Parameters for Cluster Tools in Semiconductor Manufacturing,2024,IEEE Access,10.1109/access.2024.3450869,https://doi.org/10.1109/access.2024.3450869,low_relevance:1
crossref_only,Crossref,doi:10.1109/access.2025.3551332,1,0,1,A Digital Twin Framework With Bayesian Optimization and Deep Learning for Semiconductor Process Control,2025,IEEE Access,10.1109/access.2025.3551332,https://doi.org/10.1109/access.2025.3551332,low_relevance:1
crossref_only,Crossref,doi:10.1109/access.2025.3568002,1,0,1,A Digital Twin Framework With Meta- and Transfer Learning for Scalable Multi-Machine Modeling and Optimization in Semiconductor Manufacturing,2025,IEEE Access,10.1109/access.2025.3568002,https://doi.org/10.1109/access.2025.3568002,low_relevance:1
crossref_only,Crossref,doi:10.3390/engproc2026128048,1,0,1,Optimization of Tool Path Planning in Additive Manufacturing Using Euler Transformation,2026,IEEE ICCBE 2025,10.3390/engproc2026128048,https://doi.org/10.3390/engproc2026128048,low_relevance:1
crossref_only,Crossref,doi:10.1109/tla.2024.10620386,1,0,1,Digital Twin Implementation for an Additive Manufacturing Robotic Cell based on the ISO 23247 Standard,2024,IEEE Latin America Transactions,10.1109/tla.2024.10620386,https://doi.org/10.1109/tla.2024.10620386,low_relevance:1
crossref_only,Crossref,doi:10.1109/lra.2024.3416795,1,1,0,Soft Robotic Proprioception Enhancement via 3D-Printed Differential Optical Waveguide Design,2024,IEEE Robotics and Automation Letters,10.1109/lra.2024.3416795,https://doi.org/10.1109/lra.2024.3416795,
crossref_only,Crossref,doi:10.1109/lra.2025.3648604,1,1,0,Soft 3D-Printed Endoskeleton for Precise Tendon Routing in Soft Robotics,2026,IEEE Robotics and Automation Letters,10.1109/lra.2025.3648604,https://doi.org/10.1109/lra.2025.3648604,
crossref_only,Crossref,doi:10.1109/tase.2025.3650620,1,0,1,A Digital Twin Framework With Deep Feature Extraction and Gaussian Process for Multi-Objective Optimization in Semiconductor Manufacturing,2026,IEEE Transactions on Automation Science and Engineering,10.1109/tase.2025.3650620,https://doi.org/10.1109/tase.2025.3650620,low_relevance:1
crossref_only,Crossref,doi:10.1109/tase.2025.3579689,1,0,1,Digital Genealogy: AIGC-Driven Evolution of Digital Twin for Future Smart Manufacturing,2026,IEEE Transactions on Automation Science and Engineering,10.1109/tase.2025.3579689,https://doi.org/10.1109/tase.2025.3579689,low_relevance:1
crossref_only,Crossref,doi:10.1109/tii.2026.3674787,1,0,1,A Hybrid Distorted Coordinate System and Bilayer TSP Optimization for Toolpath Planning in Wire-Arc Additive Manufacturing,2026,IEEE Transactions on Industrial Informatics,10.1109/tii.2026.3674787,https://doi.org/10.1109/tii.2026.3674787,low_relevance:1
crossref_only,Crossref,doi:10.1049/cim2.12111,1,0,1,Digital twin‐based virtual commissioning for evaluation and validation of a reconfigurable process line,2024,IET Collaborative Intelligent Manufacturing,10.1049/cim2.12111,https://doi.org/10.1049/cim2.12111,low_relevance:1
crossref_only,Crossref,doi:10.1049/icp.2025.1357,1,0,1,Digital twin: an augmented reality based additive manufacturing system,2025,IET Conference Proceedings,10.1049/icp.2025.1357,https://doi.org/10.1049/icp.2025.1357,low_relevance:1
crossref_only,Crossref,doi:10.1049/icp.2026.0528,1,0,1,AI-driven digital twins for smart manufacturing: a closed-loop framework for adaptive structural optimisation,2026,IET Conference Proceedings,10.1049/icp.2026.0528,https://doi.org/10.1049/icp.2026.0528,low_relevance:1
crossref_only,Crossref,doi:10.1016/j.ifacol.2025.01.106,1,0,1,Digital Twin Design and Cross Process Model Transfer for Additive Manufacturing,2024,IFAC-PapersOnLine,10.1016/j.ifacol.2025.01.106,https://doi.org/10.1016/j.ifacol.2025.01.106,low_relevance:1
crossref_only,Crossref,doi:10.1016/j.ifacol.2024.09.215,1,0,1,Information Flow in Digital Twin for “Detection to Repair” of Defects Using Additive Manufacturing,2024,IFAC-PapersOnLine,10.1016/j.ifacol.2024.09.215,https://doi.org/10.1016/j.ifacol.2024.09.215,low_relevance:1
crossref_only,Crossref,doi:10.1080/24725854.2024.2312905,1,0,1,Deep Gaussian process for enhanced Bayesian optimization and its application in additive manufacturing,2025,IISE Transactions,10.1080/24725854.2024.2312905,https://doi.org/10.1080/24725854.2024.2312905,low_relevance:1
crossref_only,Crossref,doi:10.21428/70cb44c5.c80118f8,1,1,0,"An Open-Sourced, Community-Driven Volumetric Additive Manufacturing Printer and Post-Processor",2025,IJAMM,10.21428/70cb44c5.c80118f8,https://doi.org/10.21428/70cb44c5.c80118f8,
crossref_only,Crossref,doi:10.21494/iste.op.2024.1227,1,0,1,Moisture-Responsive Cellulose For 4D Printing,2024,Incertitudes et fiabilité des systèmes multiphysiques,10.21494/iste.op.2024.1227,https://doi.org/10.21494/iste.op.2024.1227,low_relevance:1
crossref_only,Crossref,doi:10.5772/intechopen.1007310,1,0,1,4D Printing-3D Printing of Smart Materials,2024,Industrial Engineering and Management,10.5772/intechopen.1007310,https://doi.org/10.5772/intechopen.1007310,low_relevance:1
crossref_only,Crossref,doi:10.5772/intechopen.1007405,1,0,1,Integrating Aesthetics and Robotic Additive Manufacturing in Artistic Design,2024,Industrial Engineering and Management,10.5772/intechopen.1007405,https://doi.org/10.5772/intechopen.1007405,low_relevance:1
crossref_only,Crossref,doi:10.1201/9781003614470-16,1,0,1,AI-Blockchain-IoT-Cloud Computing-Digital Twin,2025,Industrial Robotics in Smart Manufacturing,10.1201/9781003614470-16,https://doi.org/10.1201/9781003614470-16,low_relevance:1
crossref_only,Crossref,doi:10.1201/9781003470861-5,1,0,1,Cyber-physical system for advanced manufacturing,2025,Industry 4.0 for Manufacturing Systems,10.1201/9781003470861-5,https://doi.org/10.1201/9781003470861-5,low_relevance:1
crossref_only,Crossref,doi:10.1201/9781003473886-13,1,1,0,Artificial Intelligence (AI)-Enabled Digital Twin Technology in Smart Manufacturing,2024,"Industry 4.0, Smart Manufacturing, and Industrial Engineering",10.1201/9781003473886-13,https://doi.org/10.1201/9781003473886-13,
crossref_only,Crossref,doi:10.1201/9781003473886-6,1,1,0,Use of Digital Twin and Internet of Vehicles Technologies for Smart Electric Vehicles in the Manufacturing Industry,2024,"Industry 4.0, Smart Manufacturing, and Industrial Engineering",10.1201/9781003473886-6,https://doi.org/10.1201/9781003473886-6,
crossref_only,Crossref,doi:10.31449/inf.v49i37.9695,1,0,1,Dynamic Optimization of the Full-link Process of Unified Production Architecture Based on Digital Twin Technology,2025,Informatica,10.31449/inf.v49i37.9695,https://doi.org/10.31449/inf.v49i37.9695,low_relevance:1
crossref_only,Crossref,doi:10.3390/info17020195,1,0,1,Closed-Loop Digital Twin for Energy-Efficient Scheduling in Food Manufacturing Systems,2026,Information,10.3390/info17020195,https://doi.org/10.3390/info17020195,low_relevance:1
crossref_only,Crossref,doi:10.1016/b978-0-443-28820-3.00014-7,1,0,1,3D/4D printing of electromagnetic field-assisted multifunctional polymer composites,2026,Innovations in Advanced Materials and Manufacturing,10.1016/b978-0-443-28820-3.00014-7,https://doi.org/10.1016/b978-0-443-28820-3.00014-7,low_relevance:1
crossref_only,Crossref,doi:10.1016/j.ifset.2024.103901,1,1,0,Multimaterial 3D printing of plant protein-based material,2025,Innovative Food Science &amp; Emerging Technologies,10.1016/j.ifset.2024.103901,https://doi.org/10.1016/j.ifset.2024.103901,
crossref_only,Crossref,doi:10.1016/j.ifset.2025.104087,1,0,1,Novel coaxial 3D printing for future foods: Multi-material structuring for functional and sustainable resource innovation,2025,Innovative Food Science &amp; Emerging Technologies,10.1016/j.ifset.2025.104087,https://doi.org/10.1016/j.ifset.2025.104087,low_relevance:1
crossref_only,Crossref,doi:10.1007/978-3-662-69327-8_15,1,0,1,Additive Manufacturing of Metallic Multi-Material Parts: Local Conductivity Adjustment through Functionally Graded Material Transitions of 316L and CuCrZr,2025,Innovative Produktentwicklung durch additive Fertigung,10.1007/978-3-662-69327-8_15,https://doi.org/10.1007/978-3-662-69327-8_15,low_relevance:1
crossref_only,Crossref,doi:10.70593/978-93-49910-35-5_5,1,0,1,Autonomous logistics and intelligent material flow in large-scale manufacturing facilities,2025,"Intelligent Industry Ecosystems and Manufacturing Renaissance: Designing Autonomous Production, Supply Orchestration, and Connected Retail Infrastructure",10.70593/978-93-49910-35-5_5,https://doi.org/10.70593/978-93-49910-35-5_5,low_relevance:1
crossref_only,Crossref,doi:10.1201/9781003480822-8,1,0,1,Remaining Useful Life Prediction for Aircraft Structures Toward Digital Twin Ecosystem,2025,Intelligent Machinery Fault Diagnostics and Prognostics,10.1201/9781003480822-8,https://doi.org/10.1201/9781003480822-8,low_relevance:1
crossref_only,Crossref,doi:10.1201/9781032630748-4,1,0,1,Digital Twin Technology Use Cases in Intelligent Manufacturing,2024,Intelligent Manufacturing and Industry 4.0,10.1201/9781032630748-4,https://doi.org/10.1201/9781032630748-4,low_relevance:1
crossref_only,Crossref,doi:10.1201/9781032630748-9,1,0,1,Implementation of Intelligent Manufacturing Using Cyber-Physical Systems,2024,Intelligent Manufacturing and Industry 4.0,10.1201/9781032630748-9,https://doi.org/10.1201/9781032630748-9,low_relevance:1
crossref_only,Crossref,doi:10.1201/9781003406105-14,1,0,1,A Hybrid Machine Learning Approach for Intrusion Detection in Cyber-Physical Manufacturing Systems,2024,Intelligent Security Solutions for Cyber-Physical Systems,10.1201/9781003406105-14,https://doi.org/10.1201/9781003406105-14,low_relevance:1
crossref_only,Crossref,doi:10.55041/ijsrem32147,1,1,0,DESIGN AND PRINTING OF HELICAL GEAR WITH RESIN 3D PRINTING MACHINE,2024,INTERANTIONAL JOURNAL OF SCIENTIFIC RESEARCH IN ENGINEERING AND MANAGEMENT,10.55041/ijsrem32147,https://doi.org/10.55041/ijsrem32147,
crossref_only,Crossref,doi:10.71086/iajse/v11i3/iajse1155,1,0,1,Digital Twin Technology for Real-Time Monitoring and Control in Smart Manufacturing,2024,International Academic Journal of Science and Engineering,10.71086/iajse/v11i3/iajse1155,https://doi.org/10.71086/iajse/v11i3/iajse1155,low_relevance:1
crossref_only,Crossref,doi:10.1117/12.3114225,1,0,1,Applications and challenges of digital twin technology in smart manufacturing,2026,International Conference on Computer Application and Information Security (ICCAIS 2025),10.1117/12.3114225,https://doi.org/10.1117/12.3114225,low_relevance:1
crossref_only,Crossref,doi:10.36948/ijfmr.2025.v07i03.46785,1,0,1,Development of a Digital Twin Framework for Predictive Maintenance in Smart Manufacturing Environments,2025,International Journal For Multidisciplinary Research,10.36948/ijfmr.2025.v07i03.46785,https://doi.org/10.36948/ijfmr.2025.v07i03.46785,low_relevance:1
crossref_only,Crossref,doi:10.46519/ij3dptdi.1452734,1,1,0,AN INDUSTRIAL APPLICATION OF DIGITAL TWIN FOR A SMART FACTORY MODEL USING COPPELIASIM,2024,International Journal of 3D Printing Technologies and Digital Industry,10.46519/ij3dptdi.1452734,https://doi.org/10.46519/ij3dptdi.1452734,
crossref_only,Crossref,doi:10.46519/ij3dptdi.1349314,1,1,0,CHARACTERIZATION OF 3D PRINTED CONDUCTIVE FLEXIBLE MATERIALS FOR SOFT ROBOTIC APPLICATIONS,2024,International Journal of 3D Printing Technologies and Digital Industry,10.46519/ij3dptdi.1349314,https://doi.org/10.46519/ij3dptdi.1349314,
crossref_only,Crossref,doi:10.1016/j.ijadhadh.2025.104074,1,0,1,Analysis of the interface properties of multi-material fused filament fabricated (FFF) printed polymer composite structures,2025,International Journal of Adhesion and Adhesives,10.1016/j.ijadhadh.2025.104074,https://doi.org/10.1016/j.ijadhadh.2025.104074,low_relevance:1
crossref_only,Crossref,doi:10.14569/ijacsa.2024.01504100,1,0,1,Optimization Method for Digital Twin Manufacturing System Based on NSGA-II,2024,International Journal of Advanced Computer Science and Applications,10.14569/ijacsa.2024.01504100,https://doi.org/10.14569/ijacsa.2024.01504100,low_relevance:1
crossref_only,Crossref,doi:10.1111/ijac.70130,1,0,1,Multi‐material additive manufacturing of functionally graded ultra‐high temperature ceramics via active in‐line mixing,2026,International Journal of Applied Ceramic Technology,10.1111/ijac.70130,https://doi.org/10.1111/ijac.70130,low_relevance:1
crossref_only,Crossref,doi:10.54660/ijaiet.2024.5.1.58-65,1,0,1,Digital Twin-Enabled Real-Time Quality Monitoring in Metal Additive Manufacturing Processes,2024,International Journal of Artificial Intelligence Engineering and Transformation,10.54660/ijaiet.2024.5.1.58-65,https://doi.org/10.54660/ijaiet.2024.5.1.58-65,low_relevance:1
crossref_only,Crossref,doi:10.1016/j.ijbiomac.2025.148576,1,1,0,3D-printed biodegradable soft robotic actuators using gelatin-gellan composite natural gel for sustainable and safe food automation,2025,International Journal of Biological Macromolecules,10.1016/j.ijbiomac.2025.148576,https://doi.org/10.1016/j.ijbiomac.2025.148576,
crossref_only,Crossref,doi:10.1016/j.ijbiomac.2025.145652,1,0,1,Biopolymer-based 4D printing: Achieving heightened printability and shape morphing with composites of alginate and calcium ion-infused 2D vermiculite,2025,International Journal of Biological Macromolecules,10.1016/j.ijbiomac.2025.145652,https://doi.org/10.1016/j.ijbiomac.2025.145652,low_relevance:1
crossref_only,Crossref,doi:10.1108/ijcst-01-2024-0017,1,0,1,Development of a dedicated process simulator for the digital twin in apparel manufacturing: a case study,2024,International Journal of Clothing Science and Technology,10.1108/ijcst-01-2024-0017,https://doi.org/10.1108/ijcst-01-2024-0017,low_relevance:1
crossref_only,Crossref,doi:10.1080/0951192x.2024.2314787,1,1,0,Digital twin-based reinforcement learning framework: application to autonomous mobile robot dispatching,2024,International Journal of Computer Integrated Manufacturing,10.1080/0951192x.2024.2314787,https://doi.org/10.1080/0951192x.2024.2314787,
crossref_only,Crossref,doi:10.1080/0951192x.2025.2544550,1,1,0,A digital twin approach for online reconfiguration of robotic manufacturing systems toward plug-and-produce,2025,International Journal of Computer Integrated Manufacturing,10.1080/0951192x.2025.2544550,https://doi.org/10.1080/0951192x.2025.2544550,
crossref_only,Crossref,doi:10.1080/0951192x.2025.2511105,1,0,1,A digital twin optimization method for complex product workshop scheduling with abnormal events,2025,International Journal of Computer Integrated Manufacturing,10.1080/0951192x.2025.2511105,https://doi.org/10.1080/0951192x.2025.2511105,low_relevance:1
crossref_only,Crossref,doi:10.1080/0951192x.2025.2461034,1,0,1,Digital twin of micro-milling process for micro-tool wear,2025,International Journal of Computer Integrated Manufacturing,10.1080/0951192x.2025.2461034,https://doi.org/10.1080/0951192x.2025.2461034,low_relevance:1
crossref_only,Crossref,doi:10.1080/0951192x.2025.2599550,1,0,1,Green dynamic scheduling optimization and visual monitoring system for micro-hole drilling production line based on digital twin,2025,International Journal of Computer Integrated Manufacturing,10.1080/0951192x.2025.2599550,https://doi.org/10.1080/0951192x.2025.2599550,low_relevance:1
crossref_only,Crossref,doi:10.1080/0951192x.2024.2387775,1,0,1,State of the art and future directions of digital twin-enabled smart assembly automation in discrete manufacturing industries,2025,International Journal of Computer Integrated Manufacturing,10.1080/0951192x.2024.2387775,https://doi.org/10.1080/0951192x.2024.2387775,low_relevance:1
crossref_only,Crossref,doi:10.1080/0951192x.2025.2564781,1,0,1,Digital twin modelling and its evaluation method of the robotic disassembly process,2026,International Journal of Computer Integrated Manufacturing,10.1080/0951192x.2025.2564781,https://doi.org/10.1080/0951192x.2025.2564781,low_relevance:1
crossref_only,Crossref,doi:10.1080/0951192x.2026.2626922,1,0,1,Digital twin–enabled hybrid scheduling framework for multi-product cellular manufacturing systems,2026,International Journal of Computer Integrated Manufacturing,10.1080/0951192x.2026.2626922,https://doi.org/10.1080/0951192x.2026.2626922,low_relevance:1
crossref_only,Crossref,doi:10.1080/0951192x.2025.2452615,1,0,1,Virtual reality integration and credible traceability management method of transformer coil manufacturing process based on industrial internet and digital twin,2026,International Journal of Computer Integrated Manufacturing,10.1080/0951192x.2025.2452615,https://doi.org/10.1080/0951192x.2025.2452615,low_relevance:1
crossref_only,Crossref,doi:10.1007/s12555-025-0046-1,1,0,1,Smart Manufacturing Innovation Through the Integration of Digital Twin and IoT Energy Management,2025,"International Journal of Control, Automation and Systems",10.1007/s12555-025-0046-1,https://doi.org/10.1007/s12555-025-0046-1,low_relevance:1
crossref_only,Crossref,doi:10.63282/3050-922x.ijeret-v5i1p104,1,0,1,Digital Twin Technology for Integration and Optimization of Manufacturing Systems,2024,International Journal of Emerging Research in Engineering and Technology,10.63282/3050-922x.ijeret-v5i1p104,https://doi.org/10.63282/3050-922x.ijeret-v5i1p104,low_relevance:1
crossref_only,Crossref,doi:10.14445/22315381/ijett-v72i1p114,1,0,1,Toward the Implementation of Digital Twin for Assessing the Ergonomic Aspects on Manufacturing Process,2024,International Journal of Engineering Trends and Technology,10.14445/22315381/ijett-v72i1p114,https://doi.org/10.14445/22315381/ijett-v72i1p114,low_relevance:1
crossref_only,Crossref,doi:10.1088/2631-7990/ad4a2c,1,1,0,"Digital light processing based multimaterial 3D printing: challenges, solutions and perspectives",2024,International Journal of Extreme Manufacturing,10.1088/2631-7990/ad4a2c,https://doi.org/10.1088/2631-7990/ad4a2c,
crossref_only,Crossref,doi:10.1088/2631-7990/adebbf,1,1,0,Sparse-view irradiation processing volumetric additive manufacturing,2025,International Journal of Extreme Manufacturing,10.1088/2631-7990/adebbf,https://doi.org/10.1088/2631-7990/adebbf,
crossref_only,Crossref,doi:10.1016/j.ijfatigue.2025.108819,1,0,1,Fatigue crack propagation in functionally graded bi-material steel obtained through wire-arc additive manufacturing,2025,International Journal of Fatigue,10.1016/j.ijfatigue.2025.108819,https://doi.org/10.1016/j.ijfatigue.2025.108819,low_relevance:1
crossref_only,Crossref,doi:10.25236/ijfet.2025.070213,1,0,1,Research progress and prospect of additive manufacturing technology for the preparation of functionally graded materials,2025,International Journal of Frontiers in Engineering Technology,10.25236/ijfet.2025.070213,https://doi.org/10.25236/ijfet.2025.070213,low_relevance:1
crossref_only,Crossref,doi:10.24867/ijiem-401,1,0,1,Digital Twin-Enabled Thermal Energy Management System for Sustainable Manufacturing Process Optimization,2026,International Journal of Industrial Engineering and Management,10.24867/ijiem-401,https://doi.org/10.24867/ijiem-401,low_relevance:1
crossref_only,Crossref,doi:10.35631/ijirev.619002,1,1,0,PHOTOPOLYMERIZATION ADDITIVE MANUFACTURING FOR MICROMOLD APPLICATION: A SYSTEMATIC REVIEW,2024,International Journal of Innovation and Industrial Revolution,10.35631/ijirev.619002,https://doi.org/10.35631/ijirev.619002,
crossref_only,Crossref,doi:10.1016/j.ijlmm.2024.06.004,1,0,1,Exploring the integration of digital twin and additive manufacturing technologies,2024,International Journal of Lightweight Materials and Manufacture,10.1016/j.ijlmm.2024.06.004,https://doi.org/10.1016/j.ijlmm.2024.06.004,low_relevance:1
crossref_only,Crossref,doi:10.1007/s12289-024-01811-5,1,0,1,Multiscale numerical modeling of large-format additive manufacturing processes using carbon fiber reinforced polymer for digital twin applications,2024,International Journal of Material Forming,10.1007/s12289-024-01811-5,https://doi.org/10.1007/s12289-024-01811-5,low_relevance:1
crossref_only,Crossref,doi:10.1016/j.ijmecsci.2023.108734,1,0,1,Inverse design of multi-material gyroid structures made by additive manufacturing,2024,International Journal of Mechanical Sciences,10.1016/j.ijmecsci.2023.108734,https://doi.org/10.1016/j.ijmecsci.2023.108734,low_relevance:1
crossref_only,Crossref,doi:10.7763/ijmo.2025.v15.871,1,0,1,Optimization of the Production Process through Digital Twin Simulation,2025,International Journal of Modeling and Optimization,10.7763/ijmo.2025.v15.871,https://doi.org/10.7763/ijmo.2025.v15.871,low_relevance:1
crossref_only,Crossref,doi:10.11594/ijmaber.05.03.13,1,0,1,"After 3D Printing, What's Next: Discovering Scientific Trends of 4D Printing",2024,International Journal of Multidisciplinary: Applied Business and Education Research,10.11594/ijmaber.05.03.13,https://doi.org/10.11594/ijmaber.05.03.13,low_relevance:1
crossref_only,Crossref,doi:10.1007/s40684-025-00803-3,1,0,1,"Correction: Functionally Graded Metallic Materials Via Additive Manufacturing: Research Progress on Processing, Challenges, and Applications",2026,International Journal of Precision Engineering and Manufacturing-Green Technology,10.1007/s40684-025-00803-3,https://doi.org/10.1007/s40684-025-00803-3,low_relevance:1
crossref_only,Crossref,doi:10.1007/s40684-025-00766-5,1,0,1,"Functionally Graded Metallic Materials Via Additive Manufacturing: Research Progress on Processing, Challenges, and Applications",2026,International Journal of Precision Engineering and Manufacturing-Green Technology,10.1007/s40684-025-00766-5,https://doi.org/10.1007/s40684-025-00766-5,low_relevance:1
crossref_only,Crossref,doi:10.1016/j.ijpvp.2026.105845,1,0,1,Microstructure and corrosion of SS316L–IN718 functionally graded structure deposited using twin-wire gas tungsten arc-based wire and arc additive manufacturing,2026,International Journal of Pressure Vessels and Piping,10.1016/j.ijpvp.2026.105845,https://doi.org/10.1016/j.ijpvp.2026.105845,low_relevance:1
crossref_only,Crossref,doi:10.35940/ijrte.b8113.13020724,1,0,1,"Digital Twin: Applications, Implementation and ROI In Printing Industry",2024,International Journal of Recent Technology and Engineering (IJRTE),10.35940/ijrte.b8113.13020724,https://doi.org/10.35940/ijrte.b8113.13020724,low_relevance:1
crossref_only,Crossref,doi:10.55041/ijsrem51767,1,0,1,Digital Twin Technology for Predictive Maintenance in Manufacturing: A Smart Industry 4.0 Approach,2025,INTERNATIONAL JOURNAL OF SCIENTIFIC RESEARCH IN ENGINEERING AND MANAGEMENT,10.55041/ijsrem51767,https://doi.org/10.55041/ijsrem51767,low_relevance:1
crossref_only,Crossref,doi:10.56830/ijsie202602,1,0,1,Smart Manufacturing and the Operator’s Digital Double: Modeling Cognitive Load Through a Psychosocial Digital Twin,2026,International Journal of Sustainability and Innovation in Engineering,10.56830/ijsie202602,https://doi.org/10.56830/ijsie202602,low_relevance:1
crossref_only,Crossref,doi:10.1007/s12008-026-02532-6,1,0,1,AI-optimized design of hybrid functionally graded metal matrix composites for additive manufacturing and multifunctional engineering applications,2026,International Journal on Interactive Design and Manufacturing (IJIDeM),10.1007/s12008-026-02532-6,https://doi.org/10.1007/s12008-026-02532-6,low_relevance:1
crossref_only,Crossref,doi:10.1177/09506608251354889,1,0,1,High performance realization of functionally graded materials based on integrated optimal design and additive manufacturing: A review,2025,International Materials Reviews,10.1177/09506608251354889,https://doi.org/10.1177/09506608251354889,low_relevance:1
crossref_only,Crossref,doi:10.3390/proceedings2026136011,1,1,0,Additive Manufacturing of Wood-Based Polymer Composites Fabricated Using Vat Photopolymerization for Design Applications,2025,IOCPS 2025,10.3390/proceedings2026136011,https://doi.org/10.3390/proceedings2026136011,
crossref_only,Crossref,doi:10.60078/2992-877x-2025-vol3-iss12-pp170-178,1,0,1,ENERGETIKA SOHASIDA RAQAMLI IQTISODIYOTNING SHAKLLANISHI: SMART GRID VA  DIGITAL TWIN TEXNOLOGIYALARI ASOSIDA TAHLIL,2025,Iqtisodiy taraqqiyot va tahlil,10.60078/2992-877x-2025-vol3-iss12-pp170-178,https://doi.org/10.60078/2992-877x-2025-vol3-iss12-pp170-178,low_relevance:1
crossref_only,Crossref,doi:10.66865/bdb53m45,1,0,1,"Digital Twin in Smart Manufacturing: A Systematic Literature Review on Predictive Decision-Making, Industrial Sustainability, and Process Optimization",2026,JADI (Jurnal Teknik Industri),10.66865/bdb53m45,https://doi.org/10.66865/bdb53m45,low_relevance:1
crossref_only,Crossref,doi:10.1007/s42791-024-00090-0,1,1,0,Continuous liquid interface production (CLIP): a new paradigm in photopolymerization-based additive manufacturing,2024,JMST Advances,10.1007/s42791-024-00090-0,https://doi.org/10.1007/s42791-024-00090-0,
crossref_only,Crossref,doi:10.1007/s42791-024-00089-7,1,1,0,Three-dimensional photopolymerization additive manufacturing technology based on two-photon polymerization,2024,JMST Advances,10.1007/s42791-024-00089-7,https://doi.org/10.1007/s42791-024-00089-7,
crossref_only,Crossref,doi:10.26599/jac.2025.9221140,1,0,1,Flashing digital light processing based functionally graded additive manufacturing of zirconia dental crowns with simultaneous color and translucency gradation,2025,Journal of Advanced Ceramics,10.26599/jac.2025.9221140,https://doi.org/10.26599/jac.2025.9221140,low_relevance:1
crossref_only,Crossref,doi:10.1016/j.jajp.2023.100174,1,0,1,Experimental evaluation of T-peel strength on functionally graded Al5083 and HDPE tri-laminated composites fabricated by colding-assisted friction stir additive manufacturing,2024,Journal of Advanced Joining Processes,10.1016/j.jajp.2023.100174,https://doi.org/10.1016/j.jajp.2023.100174,low_relevance:1
crossref_only,Crossref,doi:10.1016/j.jajp.2024.100194,1,0,1,Wire arc additive manufacturing of functionally graded carbon steel - stainless steel 316L - Inconel 625: Microstructural characterization and mechanical behavior,2024,Journal of Advanced Joining Processes,10.1016/j.jajp.2024.100194,https://doi.org/10.1016/j.jajp.2024.100194,low_relevance:1
crossref_only,Crossref,doi:10.1142/s0219686725500015,1,0,1,Hybrid Physical-Virtual Digital Twin System for Additive Manufacturing,2025,Journal of Advanced Manufacturing Systems,10.1142/s0219686725500015,https://doi.org/10.1142/s0219686725500015,low_relevance:1
crossref_only,Crossref,doi:10.1016/j.jallcom.2024.175725,1,0,1,Metallurgical and mechanical properties of trimetallic functionally graded material fabricated by wire arc additive manufacturing,2024,Journal of Alloys and Compounds,10.1016/j.jallcom.2024.175725,https://doi.org/10.1016/j.jallcom.2024.175725,low_relevance:1
crossref_only,Crossref,doi:10.1016/j.jallcom.2024.176971,1,0,1,Tailoring the coefficient of thermal expansion in a functionally graded material: Al alloyed with Ti-6Al-4V using additive manufacturing,2024,Journal of Alloys and Compounds,10.1016/j.jallcom.2024.176971,https://doi.org/10.1016/j.jallcom.2024.176971,low_relevance:1
crossref_only,Crossref,doi:10.4236/jamp.2025.1312245,1,0,1,Research on Biomimetic Additive Manufacturing Technology Based on Digital Twin,2025,Journal of Applied Mathematics and Physics,10.4236/jamp.2025.1312245,https://doi.org/10.4236/jamp.2025.1312245,low_relevance:1
crossref_only,Crossref,doi:10.47363/jaicc/icmlaids2026/2026(5)20,1,0,1,Agentic AI for Advanced Manufacturing: Autonomous Robotic Planning and 3D Simulation for Next-Generation Production Systems,2026,Journal of Artificial Intelligence &amp; Cloud Computing,10.47363/jaicc/icmlaids2026/2026(5)20,https://doi.org/10.47363/jaicc/icmlaids2026/2026%285%2920,low_relevance:1
crossref_only,Crossref,doi:10.3390/jcs9110588,1,0,1,Multi-Material Fused Filament Fabrication of TPU Composite Honeycombs Featuring Out-of-Plane Gradient Stiffness,2025,Journal of Composites Science,10.3390/jcs9110588,https://doi.org/10.3390/jcs9110588,low_relevance:1
crossref_only,Crossref,doi:10.3390/jcs9100534,1,0,1,Wire-Based Additive Manufacturing of Multi-Material Structures: A Review,2025,Journal of Composites Science,10.3390/jcs9100534,https://doi.org/10.3390/jcs9100534,low_relevance:1
crossref_only,Crossref,doi:10.54097/40ftw337,1,0,1,Multi-Material 3D Printing and Computational Design in Pharmaceutical Tablet Manufacturing,2024,Journal of Computer Science and Artificial Intelligence,10.54097/40ftw337,https://doi.org/10.54097/40ftw337,low_relevance:1
crossref_only,Crossref,doi:10.1115/1.4069213,1,0,1,Time-Optimal Trajectory Planning for Task-Space Path Tracking With Velocity Uniformity in Digital Light Processing Multi-Material Printing,2025,Journal of Computing and Information Science in Engineering,10.1115/1.4069213,https://doi.org/10.1115/1.4069213,low_relevance:1
crossref_only,Crossref,doi:10.62915/2472-2707.1201,1,1,0,Digital Twin and Cybersecurity in Additive Manufacturing,2024,"Journal of Cybersecurity Education, Research and Practice",10.62915/2472-2707.1201,https://doi.org/10.62915/2472-2707.1201,
crossref_only,Crossref,doi:10.1080/09544828.2025.2508121,1,0,1,Design of a variable stiffness soft gripper for flexible manufacturing with reinforced structure by multi-material 3D printing,2025,Journal of Engineering Design,10.1080/09544828.2025.2508121,https://doi.org/10.1080/09544828.2025.2508121,low_relevance:1
crossref_only,Crossref,doi:10.1080/09544828.2025.2552096,1,0,1,Engineering design perspectives on additive manufacturing path planning: from geometric principles to function-driven optimisation,2026,Journal of Engineering Design,10.1080/09544828.2025.2552096,https://doi.org/10.1080/09544828.2025.2552096,low_relevance:1
crossref_only,Crossref,doi:10.3390/jfb16060207,1,1,0,A 3D-Printed Anatomical Pancreas Model for Robotic-Assisted Minimally Invasive Surgery,2025,Journal of Functional Biomaterials,10.3390/jfb16060207,https://doi.org/10.3390/jfb16060207,
crossref_only,Crossref,doi:10.63630/jfdo.13.1,1,0,1,Robust-Fuzzy Optimization Model for Personalized Digital Advertising with a Digital Twin and Cognitive Intelligence Approach,2025,Journal of Future Digital Optimization,10.63630/jfdo.13.1,https://doi.org/10.63630/jfdo.13.1,low_relevance:1
crossref_only,Crossref,doi:10.1093/jhps/hnaf069.213,1,0,1,EP79 Multi-Material 3D-Printed Hip Joint Model With Labral Seal for Surgical Planning,2025,Journal of Hip Preservation Surgery,10.1093/jhps/hnaf069.213,https://doi.org/10.1093/jhps/hnaf069.213,low_relevance:1
crossref_only,Crossref,doi:10.1016/j.jii.2024.100563,1,0,1,Online distortion simulation using generative machine learning models: A step toward digital twin of metallic additive manufacturing,2024,Journal of Industrial Information Integration,10.1016/j.jii.2024.100563,https://doi.org/10.1016/j.jii.2024.100563,low_relevance:1
crossref_only,Crossref,doi:10.1007/s10845-024-02389-0,1,0,1, A cyber-physical production system for autonomous part quality control in polymer additive manufacturing material extrusion process,2024,Journal of Intelligent Manufacturing,10.1007/s10845-024-02389-0,https://doi.org/10.1007/s10845-024-02389-0,low_relevance:1
crossref_only,Crossref,doi:10.1007/s10845-025-02689-z,1,0,1,A digital twin-based neutrosophic multi-objective optimization model for smart supply chains in the food industry,2025,Journal of Intelligent Manufacturing,10.1007/s10845-025-02689-z,https://doi.org/10.1007/s10845-025-02689-z,low_relevance:1
crossref_only,Crossref,doi:10.1007/s10845-025-02591-8,1,0,1,Agentic manufacturing system = digital twin + manufacturing,2025,Journal of Intelligent Manufacturing,10.1007/s10845-025-02591-8,https://doi.org/10.1007/s10845-025-02591-8,low_relevance:1
crossref_only,Crossref,doi:10.1007/s10845-024-02501-4,1,1,0,Deep convolutional neural network object net model based cognitive digital twin for trust in human–robot collaborative manufacturing,2025,Journal of Intelligent Manufacturing,10.1007/s10845-024-02501-4,https://doi.org/10.1007/s10845-024-02501-4,
crossref_only,Crossref,doi:10.1007/s10845-024-02366-7,1,0,1,Digital twin-driven smelting process management method for converter steelmaking,2025,Journal of Intelligent Manufacturing,10.1007/s10845-024-02366-7,https://doi.org/10.1007/s10845-024-02366-7,low_relevance:1
crossref_only,Crossref,doi:10.1007/s10845-025-02728-9,1,1,0,Digital twin-enabled real-time control for robot arm-based manufacturing via reinforcement learning,2025,Journal of Intelligent Manufacturing,10.1007/s10845-025-02728-9,https://doi.org/10.1007/s10845-025-02728-9,
crossref_only,Crossref,doi:10.1007/s10845-024-02353-y,1,0,1,In-process surface quality monitoring of the slender workpiece machining with digital twin approach,2025,Journal of Intelligent Manufacturing,10.1007/s10845-024-02353-y,https://doi.org/10.1007/s10845-024-02353-y,low_relevance:1
crossref_only,Crossref,doi:10.1007/s10845-024-02340-3,1,0,1,"Intelligent factory layout design framework through collaboration between optimization, simulation, and digital twin",2025,Journal of Intelligent Manufacturing,10.1007/s10845-024-02340-3,https://doi.org/10.1007/s10845-024-02340-3,low_relevance:1
crossref_only,Crossref,doi:10.1007/s10845-023-02229-7,1,1,0,Multi-agent cooperative swarm learning for dynamic layout optimisation of reconfigurable robotic assembly cells based on digital twin,2025,Journal of Intelligent Manufacturing,10.1007/s10845-023-02229-7,https://doi.org/10.1007/s10845-023-02229-7,
crossref_only,Crossref,doi:10.1007/s10845-025-02578-5,1,1,0,A planning and execution framework for robotic assembly with deformable objects using a centralized database based on the Rαβγ categorization,2026,Journal of Intelligent Manufacturing,10.1007/s10845-025-02578-5,https://doi.org/10.1007/s10845-025-02578-5,
crossref_only,Crossref,doi:10.1007/s10845-025-02642-0,1,1,0,Artificial intelligence augmented digital twin for improving the machinability in a robotic carbon fiber reinforced plastics machining process,2026,Journal of Intelligent Manufacturing,10.1007/s10845-025-02642-0,https://doi.org/10.1007/s10845-025-02642-0,
crossref_only,Crossref,doi:10.1007/s10845-025-02787-y,1,0,1,Hybrid genetic algorithm and digital twin for OEE optimization for industrial robots,2026,Journal of Intelligent Manufacturing,10.1007/s10845-025-02787-y,https://doi.org/10.1007/s10845-025-02787-y,low_relevance:1
crossref_only,Crossref,doi:10.1007/s10845-025-02626-0,1,0,1,Integrating digital twin models into continuous carbon fiber-reinforced nylon additive manufacturing for process parameters verification and anomaly detection,2026,Journal of Intelligent Manufacturing,10.1007/s10845-025-02626-0,https://doi.org/10.1007/s10845-025-02626-0,low_relevance:1
crossref_only,Crossref,doi:10.1007/s10845-026-02879-3,1,1,0,Quasi-real-time digital twin for robotic assembly: a physics-based multi-fidelity framework,2026,Journal of Intelligent Manufacturing,10.1007/s10845-026-02879-3,https://doi.org/10.1007/s10845-026-02879-3,
crossref_only,Crossref,doi:10.1108/jimse-10-2023-0008,1,0,1,Process-based modeling of energy consumption for multi-material FDM 3D printing,2024,Journal of Intelligent Manufacturing and Special Equipment,10.1108/jimse-10-2023-0008,https://doi.org/10.1108/jimse-10-2023-0008,low_relevance:1
crossref_only,Crossref,doi:10.1177/1045389x251332442,1,1,0,Multimaterial additive manufacturing through grayscale digital light processing 3D printing,2025,Journal of Intelligent Material Systems and Structures,10.1177/1045389x251332442,https://doi.org/10.1177/1045389x251332442,
crossref_only,Crossref,doi:10.3390/jmmp8050214,1,0,1,Development and Application of Digital Twin Control in Flexible Manufacturing Systems,2024,Journal of Manufacturing and Materials Processing,10.3390/jmmp8050214,https://doi.org/10.3390/jmmp8050214,low_relevance:1
crossref_only,Crossref,doi:10.3390/jmmp8030102,1,0,1,Digital Twin Modeling for Smart Injection Molding,2024,Journal of Manufacturing and Materials Processing,10.3390/jmmp8030102,https://doi.org/10.3390/jmmp8030102,low_relevance:1
crossref_only,Crossref,doi:10.3390/jmmp9120400,1,0,1,A Bidirectional Digital Twin System for Adaptive Manufacturing,2025,Journal of Manufacturing and Materials Processing,10.3390/jmmp9120400,https://doi.org/10.3390/jmmp9120400,low_relevance:1
crossref_only,Crossref,doi:10.3390/jmmp9090312,1,0,1,Computational Design and Additive Manufacturing of 3D-Printed Prosthetics for Enhanced Mobility and Performance,2025,Journal of Manufacturing and Materials Processing,10.3390/jmmp9090312,https://doi.org/10.3390/jmmp9090312,low_relevance:1
crossref_only,Crossref,doi:10.1016/j.jmapro.2024.09.022,1,0,1,Digital twin for weld pool evolution by data-physics integrated driving,2024,Journal of Manufacturing Processes,10.1016/j.jmapro.2024.09.022,https://doi.org/10.1016/j.jmapro.2024.09.022,low_relevance:1
crossref_only,Crossref,doi:10.1016/j.jmapro.2024.01.068,1,0,1,Digital twin-driven life health monitoring for motorized spindle,2024,Journal of Manufacturing Processes,10.1016/j.jmapro.2024.01.068,https://doi.org/10.1016/j.jmapro.2024.01.068,low_relevance:1
crossref_only,Crossref,doi:10.1016/j.jmapro.2023.12.011,1,0,1,Spherical path planning for multi axis support free additive manufacturing of truss structures,2024,Journal of Manufacturing Processes,10.1016/j.jmapro.2023.12.011,https://doi.org/10.1016/j.jmapro.2023.12.011,low_relevance:1
crossref_only,Crossref,doi:10.1016/j.jmapro.2024.03.001,1,1,0,Wire arc additive manufacturing: A review on digital twinning and visualization process,2024,Journal of Manufacturing Processes,10.1016/j.jmapro.2024.03.001,https://doi.org/10.1016/j.jmapro.2024.03.001,
crossref_only,Crossref,doi:10.1016/j.jmapro.2025.09.072,1,0,1,Curved layering and path planning of continuous fiber composites based on multi-direction slicing for robotic additive manufacturing,2025,Journal of Manufacturing Processes,10.1016/j.jmapro.2025.09.072,https://doi.org/10.1016/j.jmapro.2025.09.072,low_relevance:1
crossref_only,Crossref,doi:10.1016/j.jmapro.2025.09.016,1,0,1,Sequential pool-based batch-mode active learning based on weighted uncertainty difference sampling for automated warping detection in additive manufacturing,2025,Journal of Manufacturing Processes,10.1016/j.jmapro.2025.09.016,https://doi.org/10.1016/j.jmapro.2025.09.016,low_relevance:1
crossref_only,Crossref,doi:10.1016/j.jmapro.2025.03.061,1,0,1,Strengthening mechanical performance with machine learning-assisted toolpath planning for additive manufacturing of continuous fiber reinforced polymer composites,2025,Journal of Manufacturing Processes,10.1016/j.jmapro.2025.03.061,https://doi.org/10.1016/j.jmapro.2025.03.061,low_relevance:1
crossref_only,Crossref,doi:10.1016/j.jmapro.2026.04.013,1,0,1,A comprehensive overview of metallic multi-material additive manufacturing using laser-based and Electron-based methods,2026,Journal of Manufacturing Processes,10.1016/j.jmapro.2026.04.013,https://doi.org/10.1016/j.jmapro.2026.04.013,low_relevance:1
crossref_only,Crossref,doi:10.1016/j.jmapro.2025.12.021,1,0,1,Autonomous parameter exploration in thermoplastic material-extrusion additive manufacturing using Bayesian optimization with intermediate features,2026,Journal of Manufacturing Processes,10.1016/j.jmapro.2025.12.021,https://doi.org/10.1016/j.jmapro.2025.12.021,low_relevance:1
crossref_only,Crossref,doi:10.1016/j.jmapro.2026.04.051,1,0,1,Digital twin-driven dimensional prediction and quality monitoring system for aluminum alloy die forging process,2026,Journal of Manufacturing Processes,10.1016/j.jmapro.2026.04.051,https://doi.org/10.1016/j.jmapro.2026.04.051,low_relevance:1
crossref_only,Crossref,doi:10.1016/j.jmapro.2026.04.001,1,0,1,Functionally graded additive manufacturing of copper/aluminum wick structures by hot-pressing for enhanced thermal performance,2026,Journal of Manufacturing Processes,10.1016/j.jmapro.2026.04.001,https://doi.org/10.1016/j.jmapro.2026.04.001,low_relevance:1
crossref_only,Crossref,doi:10.1016/j.jmapro.2026.03.053,1,0,1,Gravity-aware path planning for robotic wire arc additive manufacturing on complex surfaces based on vector field topology,2026,Journal of Manufacturing Processes,10.1016/j.jmapro.2026.03.053,https://doi.org/10.1016/j.jmapro.2026.03.053,low_relevance:1
crossref_only,Crossref,doi:10.1115/1.4066125,1,1,0,"Additive Manufacturing of Tough Silicone Via Large-Scale, High-Viscosity Vat Photopolymerization",2024,Journal of Manufacturing Science and Engineering,10.1115/1.4066125,https://doi.org/10.1115/1.4066125,
crossref_only,Crossref,doi:10.1115/1.4067616,1,0,1,Adaptive Robot Motion Planning for Smart Manufacturing Based on Digital Twin and Bayesian Optimization-Enhanced Reinforcement Learning,2025,Journal of Manufacturing Science and Engineering,10.1115/1.4067616,https://doi.org/10.1115/1.4067616,low_relevance:1
crossref_only,Crossref,doi:10.1016/j.jmsy.2024.10.016,1,1,0,A digital twin framework for anomaly detection in industrial robot system based on multiple physics-informed hybrid convolutional autoencoder,2024,Journal of Manufacturing Systems,10.1016/j.jmsy.2024.10.016,https://doi.org/10.1016/j.jmsy.2024.10.016,
crossref_only,Crossref,doi:10.1016/j.jmsy.2024.09.007,1,0,1,A general mathematic model framework for assembly process driven digital twin of assembly precision,2024,Journal of Manufacturing Systems,10.1016/j.jmsy.2024.09.007,https://doi.org/10.1016/j.jmsy.2024.09.007,low_relevance:1
crossref_only,Crossref,doi:10.1016/j.jmsy.2024.09.006,1,1,0,Blockchain-based cloud-edge collaborative data management for human-robot collaboration digital twin system,2024,Journal of Manufacturing Systems,10.1016/j.jmsy.2024.09.006,https://doi.org/10.1016/j.jmsy.2024.09.006,
crossref_only,Crossref,doi:10.1016/j.jmsy.2024.08.004,1,0,1,Digital twin and blockchain-enabled trusted optimal-state synchronized control approach for distributed smart manufacturing system in social manufacturing,2024,Journal of Manufacturing Systems,10.1016/j.jmsy.2024.08.004,https://doi.org/10.1016/j.jmsy.2024.08.004,low_relevance:1
crossref_only,Crossref,doi:10.1016/j.jmsy.2024.05.012,1,0,1,Extending the Digital Twin Ecosystem: A real-time Digital Twin of a LinuxCNC-controlled subtractive manufacturing machine,2024,Journal of Manufacturing Systems,10.1016/j.jmsy.2024.05.012,https://doi.org/10.1016/j.jmsy.2024.05.012,low_relevance:1
crossref_only,Crossref,doi:10.1016/j.jmsy.2024.04.015,1,1,0,Service oriented digital twin for additive manufacturing process,2024,Journal of Manufacturing Systems,10.1016/j.jmsy.2024.04.015,https://doi.org/10.1016/j.jmsy.2024.04.015,
crossref_only,Crossref,doi:10.1016/j.jmsy.2024.10.024,1,1,0,Simulation-based Digital Twin for enhancing human-robot collaboration in assembly systems,2024,Journal of Manufacturing Systems,10.1016/j.jmsy.2024.10.024,https://doi.org/10.1016/j.jmsy.2024.10.024,
crossref_only,Crossref,doi:10.1016/j.jmsy.2024.04.023,1,1,0,Towards a digital twin framework in additive manufacturing: Machine learning and bayesian optimization for time series process optimization,2024,Journal of Manufacturing Systems,10.1016/j.jmsy.2024.04.023,https://doi.org/10.1016/j.jmsy.2024.04.023,
crossref_only,Crossref,doi:10.1016/j.jmsy.2025.02.014,1,1,0,A dynamic task allocation framework for human-robot collaborative assembly based on digital twin and IGA-TS,2025,Journal of Manufacturing Systems,10.1016/j.jmsy.2025.02.014,https://doi.org/10.1016/j.jmsy.2025.02.014,
crossref_only,Crossref,doi:10.1016/j.jmsy.2025.09.013,1,1,0,A unified V-shaped digital twin modeling paradigm of aircraft assembly systems for improving modeling accuracy and assembly quality,2025,Journal of Manufacturing Systems,10.1016/j.jmsy.2025.09.013,https://doi.org/10.1016/j.jmsy.2025.09.013,
crossref_only,Crossref,doi:10.1016/j.jmsy.2024.12.009,1,0,1,An intelligent monitoring system for robotic milling process based on transfer learning and digital twin,2025,Journal of Manufacturing Systems,10.1016/j.jmsy.2024.12.009,https://doi.org/10.1016/j.jmsy.2024.12.009,low_relevance:1
crossref_only,Crossref,doi:10.1016/j.jmsy.2025.08.009,1,0,1,Cerebrum twin: A 6D semantic digital twin of multi-lobe digital brain functions for human-centric Industry 5.0,2025,Journal of Manufacturing Systems,10.1016/j.jmsy.2025.08.009,https://doi.org/10.1016/j.jmsy.2025.08.009,low_relevance:1
crossref_only,Crossref,doi:10.1016/j.jmsy.2025.01.005,1,1,0,Digital twin technology in modern machining: A comprehensive review of research on machining errors,2025,Journal of Manufacturing Systems,10.1016/j.jmsy.2025.01.005,https://doi.org/10.1016/j.jmsy.2025.01.005,
crossref_only,Crossref,doi:10.1016/j.jmsy.2025.09.001,1,1,0,Digital twin-based framework for an efficient execution of CPPS reconfiguration through human–robot collaboration,2025,Journal of Manufacturing Systems,10.1016/j.jmsy.2025.09.001,https://doi.org/10.1016/j.jmsy.2025.09.001,
crossref_only,Crossref,doi:10.1016/j.jmsy.2025.09.009,1,0,1,Digital twin-driven staged error prediction and compensation framework for the whole process of robotic machining,2025,Journal of Manufacturing Systems,10.1016/j.jmsy.2025.09.009,https://doi.org/10.1016/j.jmsy.2025.09.009,low_relevance:1
crossref_only,Crossref,doi:10.1016/j.jmsy.2025.03.022,1,0,1,IIoT-enabled digital twin for legacy and smart factory machines with LLM integration,2025,Journal of Manufacturing Systems,10.1016/j.jmsy.2025.03.022,https://doi.org/10.1016/j.jmsy.2025.03.022,low_relevance:1
crossref_only,Crossref,doi:10.1016/j.jmsy.2024.12.016,1,0,1,Intelligent path planning algorithm system for printed display manufacturing using graph convolutional neural network and reinforcement learning,2025,Journal of Manufacturing Systems,10.1016/j.jmsy.2024.12.016,https://doi.org/10.1016/j.jmsy.2024.12.016,low_relevance:1
crossref_only,Crossref,doi:10.1016/j.jmsy.2025.07.004,1,0,1,Mixed-model product disassembly sequence optimization based on cognitive digital twin,2025,Journal of Manufacturing Systems,10.1016/j.jmsy.2025.07.004,https://doi.org/10.1016/j.jmsy.2025.07.004,low_relevance:1
crossref_only,Crossref,doi:10.1016/j.jmsy.2025.07.018,1,0,1,Multi-fidelity digital twin based optimization for aircraft overhaul shop scheduling,2025,Journal of Manufacturing Systems,10.1016/j.jmsy.2025.07.018,https://doi.org/10.1016/j.jmsy.2025.07.018,low_relevance:1
crossref_only,Crossref,doi:10.1016/j.jmsy.2025.03.009,1,0,1,Real-time decision-making for Digital Twin in additive manufacturing with Model Predictive Control using time-series deep neural networks,2025,Journal of Manufacturing Systems,10.1016/j.jmsy.2025.03.009,https://doi.org/10.1016/j.jmsy.2025.03.009,low_relevance:1
crossref_only,Crossref,doi:10.1016/j.jmsy.2025.07.015,1,0,1,RMDTs: Process-oriented function-triggered robotic milling digital twin system for service-expansion,2025,Journal of Manufacturing Systems,10.1016/j.jmsy.2025.07.015,https://doi.org/10.1016/j.jmsy.2025.07.015,low_relevance:1
crossref_only,Crossref,doi:10.1016/j.jmsy.2026.01.012,1,1,0,Automated extraction of comprehensive digital twin models for smart manufacturing systems,2026,Journal of Manufacturing Systems,10.1016/j.jmsy.2026.01.012,https://doi.org/10.1016/j.jmsy.2026.01.012,
crossref_only,Crossref,doi:10.1016/j.jmsy.2026.02.012,1,0,1,Corrigendum to “Automated extraction of comprehensive digital twin models for smart manufacturing systems” [J. Manuf. Syst. 85 (2026) 287–306],2026,Journal of Manufacturing Systems,10.1016/j.jmsy.2026.02.012,https://doi.org/10.1016/j.jmsy.2026.02.012,low_relevance:1
crossref_only,Crossref,doi:10.1016/j.jmsy.2026.02.013,1,0,1,From insight to action: Embodied multi-agent system integrating vision language model for digital twin-assisted human-robot collaborative assembly,2026,Journal of Manufacturing Systems,10.1016/j.jmsy.2026.02.013,https://doi.org/10.1016/j.jmsy.2026.02.013,low_relevance:1
crossref_only,Crossref,doi:10.1016/j.jmsy.2026.04.024,1,1,0,Welding robot digital twin and precision degradation prediction based on physics-informed neural networks,2026,Journal of Manufacturing Systems,10.1016/j.jmsy.2026.04.024,https://doi.org/10.1016/j.jmsy.2026.04.024,
crossref_only,Crossref,doi:10.55546/jmm.1753727,1,1,0,Manufacturing-Aware Benchmark for Additive Manufacturing Design Optimization,2026,Journal of Materials and Mechatronics: A,10.55546/jmm.1753727,https://doi.org/10.55546/jmm.1753727,
crossref_only,Crossref,doi:10.1039/d5ta01299f,1,0,1,4D printing of programmable liquid–vapor phase change composites for multi-responsive flexible actuators,2025,Journal of Materials Chemistry A,10.1039/d5ta01299f,https://doi.org/10.1039/d5ta01299f,low_relevance:1
crossref_only,Crossref,doi:10.1007/s11665-025-11538-2,1,0,1,Functionally Graded Materials Fabrication Using Wire Arc Additive Manufacturing: A Review of Recent Research Progress,2025,Journal of Materials Engineering and Performance,10.1007/s11665-025-11538-2,https://doi.org/10.1007/s11665-025-11538-2,low_relevance:1
crossref_only,Crossref,doi:10.1007/s11665-024-09136-9,1,0,1,Investigation of Frictional Deformation on Mechanical and Metallurgical Properties of Ni-based Functionally Graded Materials Developed by Wire and Arc Additive Manufacturing,2025,Journal of Materials Engineering and Performance,10.1007/s11665-024-09136-9,https://doi.org/10.1007/s11665-024-09136-9,low_relevance:1
crossref_only,Crossref,doi:10.1007/s11665-025-12468-9,1,0,1,Characterization and Testing of Functionally Graded Material (SS 347-SS 316L) Fabricated through Wire Arc Additive Manufacturing,2026,Journal of Materials Engineering and Performance,10.1007/s11665-025-12468-9,https://doi.org/10.1007/s11665-025-12468-9,low_relevance:1
crossref_only,Crossref,doi:10.1007/s11665-025-12786-y,1,0,1,Hybrid ANN-GTO-Based Optimization of Tensile Strength in Layer-by-Layer ABS–PETG Multi-material FDM Composites,2026,Journal of Materials Engineering and Performance,10.1007/s11665-025-12786-y,https://doi.org/10.1007/s11665-025-12786-y,low_relevance:1
crossref_only,Crossref,doi:10.1016/j.jmatprotec.2024.118364,1,0,1,End-to-end path planning for homogeneous temperature fields in additive manufacturing,2024,Journal of Materials Processing Technology,10.1016/j.jmatprotec.2024.118364,https://doi.org/10.1016/j.jmatprotec.2024.118364,low_relevance:1
crossref_only,Crossref,doi:10.1016/j.jmatprotec.2025.118834,1,0,1,Real-time interface monitoring and active focusing for high-fidelity multi-material DLP 3D printing,2025,Journal of Materials Processing Technology,10.1016/j.jmatprotec.2025.118834,https://doi.org/10.1016/j.jmatprotec.2025.118834,low_relevance:1
crossref_only,Crossref,doi:10.1016/j.jmrt.2024.10.197,1,0,1,3D printing of biomimetic liquid crystal elastomers with enhanced energy absorption capacities,2024,Journal of Materials Research and Technology,10.1016/j.jmrt.2024.10.197,https://doi.org/10.1016/j.jmrt.2024.10.197,low_relevance:1
crossref_only,Crossref,doi:10.1016/j.jmrt.2023.12.268,1,0,1,A functionally graded material from stainless steel 304 to Fe–40Al fabricated by dual wire arc additive manufacturing,2024,Journal of Materials Research and Technology,10.1016/j.jmrt.2023.12.268,https://doi.org/10.1016/j.jmrt.2023.12.268,low_relevance:1
crossref_only,Crossref,doi:10.1016/j.jmrt.2024.07.191,1,0,1,Additive manufacturing of functionally graded stellite6/17-4 PH fabricated via direct laser deposition,2024,Journal of Materials Research and Technology,10.1016/j.jmrt.2024.07.191,https://doi.org/10.1016/j.jmrt.2024.07.191,low_relevance:1
crossref_only,Crossref,doi:10.1016/j.jmrt.2024.08.188,1,0,1,Composition design and mechanical properties of B4C/Al-Zn-Mg-Cu functionally graded materials prepared by laser additive manufacturing,2024,Journal of Materials Research and Technology,10.1016/j.jmrt.2024.08.188,https://doi.org/10.1016/j.jmrt.2024.08.188,low_relevance:1
crossref_only,Crossref,doi:10.1016/j.jmrt.2025.09.159,1,0,1,Insights into microstructural evolution in functionally graded additive manufacturing of IN625–CuCrZr alloys: A CALPHAD-based thermodynamic analysis and experimental study on the role of metastable miscibility gap,2025,Journal of Materials Research and Technology,10.1016/j.jmrt.2025.09.159,https://doi.org/10.1016/j.jmrt.2025.09.159,low_relevance:1
crossref_only,Crossref,doi:10.1016/j.jmrt.2025.05.075,1,0,1,Research on functionally graded bimetallic material of nickel-aluminum bronze/Hastelloy C-276 fabricated via cold metal transfer additive manufacturing,2025,Journal of Materials Research and Technology,10.1016/j.jmrt.2025.05.075,https://doi.org/10.1016/j.jmrt.2025.05.075,low_relevance:1
crossref_only,Crossref,doi:10.1016/j.jmst.2026.03.007,1,1,0,Achieving strong interfacial bonding and temperature-responsive actuation in multi-material additive manufacturing through bio-inspired interlocking structures,2026,Journal of Materials Science &amp; Technology,10.1016/j.jmst.2026.03.007,https://doi.org/10.1016/j.jmst.2026.03.007,
crossref_only,Crossref,doi:10.47134/jme.v1i1.2191,1,0,1,Akurasi Dimensi Komponen Multi-material Hasil  Manufaktur Digital Light Processing (DLP) 3D Printing,2024,Journal of Mechanical Engineering,10.47134/jme.v1i1.2191,https://doi.org/10.47134/jme.v1i1.2191,low_relevance:1
crossref_only,Crossref,doi:10.3901/jme.2024.21.275,1,0,1,Multi-layer Flexible and Stretchable Electronics Integrated Manufacturing Method and Application Research Based on Multi-material 3D Printing,2024,Journal of Mechanical Engineering,10.3901/jme.2024.21.275,https://doi.org/10.3901/jme.2024.21.275,low_relevance:1
crossref_only,Crossref,doi:10.3901/jme.2025.15.385,1,0,1,Digital Twin Modeling and Distributed Virtual Collaboration Method of Human-centric Smart Manufacturing System in the Context of Industrial Metauniverse,2025,Journal of Mechanical Engineering,10.3901/jme.2025.15.385,https://doi.org/10.3901/jme.2025.15.385,low_relevance:1
crossref_only,Crossref,doi:10.3901/jme.2025.15.021,1,0,1,Research and Application Progress of Human Motion Digital Twin for Human-centric Smart Manufacturing,2025,Journal of Mechanical Engineering,10.3901/jme.2025.15.021,https://doi.org/10.3901/jme.2025.15.021,low_relevance:1
crossref_only,Crossref,doi:10.1115/1.4069976,1,0,1,OrigaMatic: A Computational Workflow for Multi-Material Design Bridging Thick-Panel Origami and Additive Manufacturing,2026,Journal of Mechanisms and Robotics,10.1115/1.4069976,https://doi.org/10.1115/1.4069976,low_relevance:1
crossref_only,Crossref,doi:10.1016/j.molliq.2024.125553,1,0,1,"Stimuli-responsive materials for 4D Printing: Mechanical, Manufacturing, and Biomedical Applications",2024,Journal of Molecular Liquids,10.1016/j.molliq.2024.125553,https://doi.org/10.1016/j.molliq.2024.125553,low_relevance:1
crossref_only,Crossref,doi:10.1007/s12247-026-10563-5,1,0,1,Shape-Morphing 4D Printing Technologies for Controlled Oral Drug Delivery: a Patent-Based Review,2026,Journal of Pharmaceutical Innovation,10.1007/s12247-026-10563-5,https://doi.org/10.1007/s12247-026-10563-5,low_relevance:1
crossref_only,Crossref,doi:10.1088/1742-6596/2716/1/012034,1,0,1,Characterizing the shape-morphing behaviour of 4D printed PLA structures,2024,Journal of Physics: Conference Series,10.1088/1742-6596/2716/1/012034,https://doi.org/10.1088/1742-6596/2716/1/012034,low_relevance:1
crossref_only,Crossref,doi:10.1088/2515-7639/ade73e,1,0,1,"AMMap tool for additive manufacturing design, alloy discovery, and path planning",2025,Journal of Physics: Materials,10.1088/2515-7639/ade73e,https://doi.org/10.1088/2515-7639/ade73e,low_relevance:1
crossref_only,Crossref,doi:10.32604/jpm.2025.065269,1,1,0,3D Printed Hydrogels for Soft Robotic Applications,2025,Journal of Polymer Materials,10.32604/jpm.2025.065269,https://doi.org/10.32604/jpm.2025.065269,
crossref_only,Crossref,doi:10.1016/j.jpowsour.2026.240445,1,1,0,"4D printing strategies for adaptive flexible supercapacitors: Materials design, mechanisms and electrochemical performance",2026,Journal of Power Sources,10.1016/j.jpowsour.2026.240445,https://doi.org/10.1016/j.jpowsour.2026.240445,
crossref_only,Crossref,doi:10.63125/m7zdfp94,1,0,1,Resilient Smart Manufacturing Systems Using Predictive Analytics and Digital Twin Technologies,2025,Journal of Sustainable Development and Policy,10.63125/m7zdfp94,https://doi.org/10.63125/m7zdfp94,low_relevance:1
crossref_only,Crossref,doi:10.47941/jts.2143,1,1,0,Digital Twin Technology for Smart Manufacturing,2024,Journal of Technology and Systems,10.47941/jts.2143,https://doi.org/10.47941/jts.2143,
crossref_only,Crossref,doi:10.21608/jtcps.2024.258193.1249,1,0,1,4D Printing of Stimuli-Responsive Materials,2024,"Journal of Textiles, Coloration and Polymer Science",10.21608/jtcps.2024.258193.1249,https://doi.org/10.21608/jtcps.2024.258193.1249,low_relevance:1
crossref_only,Crossref,doi:10.1111/jace.19653,1,0,1,"Direct additive manufacturing of Al
                    <sub>2</sub>
                    O
                    <sub>3</sub>
                    –TiCp functionally graded ceramics by laser‐directed energy deposition",2024,Journal of the American Ceramic Society,10.1111/jace.19653,https://doi.org/10.1111/jace.19653,low_relevance:1
crossref_only,Crossref,doi:10.1111/jace.70419,1,0,1,Bending strength of density‐controlled alumina fabricated by direct ink writing,2026,Journal of the American Ceramic Society,10.1111/jace.70419,https://doi.org/10.1111/jace.70419,low_relevance:1
crossref_only,Crossref,doi:10.1016/j.jeurceramsoc.2024.05.080,1,1,0,Vat photopolymerization based Photoinhibition aided Ceramic additive manufacturing (PinCAM),2024,Journal of the European Ceramic Society,10.1016/j.jeurceramsoc.2024.05.080,https://doi.org/10.1016/j.jeurceramsoc.2024.05.080,
crossref_only,Crossref,doi:10.1177/08927057251332788,1,1,0,A workflow for designing stiffness-optimized structures in the context of additive manufacturing of endless fiber-reinforced composites,2025,Journal of Thermoplastic Composite Materials,10.1177/08927057251332788,https://doi.org/10.1177/08927057251332788,
crossref_only,Crossref,doi:10.1177/08927057261441528,1,1,0,Optimization of FDM printing parameters for high-speed fabrication of PLA-ABS Bi-layer laminate structures,2026,Journal of Thermoplastic Composite Materials,10.1177/08927057261441528,https://doi.org/10.1177/08927057261441528,
crossref_only,Crossref,doi:10.4028/p-jwor8x,1,0,1,Optimization of Lightweight Components through Hybrid Topology Optimization and Generative Design in Additive Manufacturing,2025,Key Engineering Materials,10.4028/p-jwor8x,https://doi.org/10.4028/p-jwor8x,low_relevance:1
crossref_only,Crossref,doi:10.1002/lpor.71200,1,1,0,Bayesian Optimization of Grayscale Patterns for Layer‐Height Accuracy in Projection Multi‐Photon 3D Printing,2026,Laser &amp; Photonics Reviews,10.1002/lpor.71200,https://doi.org/10.1002/lpor.71200,
crossref_only,Crossref,doi:10.1117/12.3009698,1,0,1,Multi-material printing from one solution by varying laser parameters,2024,Laser 3D Manufacturing XI,10.1117/12.3009698,https://doi.org/10.1117/12.3009698,low_relevance:1
crossref_only,Crossref,doi:10.1117/12.3001274,1,1,0,Unveiling the potential of multimaterial laser-based powder bed fusion processes: a novel approach for enhancing design freedom in multimaterial additive manufacturing,2024,Laser 3D Manufacturing XI,10.1117/12.3001274,https://doi.org/10.1117/12.3001274,
crossref_only,Crossref,doi:10.1117/12.3043502,1,1,0,Bayesian optimization with Gaussian-process-based active machine learning for projection multi-photon 3D printing,2025,Laser 3D Manufacturing XII,10.1117/12.3043502,https://doi.org/10.1117/12.3043502,
crossref_only,Crossref,doi:10.1117/12.3040656,1,0,1,Flow dynamics of multi-material exchange in two-photon absorption 3D printing,2025,Laser 3D Manufacturing XII,10.1117/12.3040656,https://doi.org/10.1117/12.3040656,low_relevance:1
crossref_only,Crossref,doi:10.1117/12.3079498,1,0,1,"Reconfigurable robotic vat photopolymerization manufacturing system for continuous, multi-material 3D printing",2026,Laser 3D Manufacturing XIII,10.1117/12.3079498,https://doi.org/10.1117/12.3079498,low_relevance:1
crossref_only,Crossref,doi:10.1117/12.3079656,1,1,0,Volumetric additive manufacturing of a laser diode collimator lens with xolography,2026,Laser 3D Manufacturing XIII,10.1117/12.3079656,https://doi.org/10.1117/12.3079656,
crossref_only,Crossref,doi:10.1117/12.3002763,1,0,1,3D multi-material printing with light: advanced digital light processing and femtosecond laser stereolithography,2024,Laser Applications in Microelectronic and Optoelectronic Manufacturing (LAMOM) XXIX,10.1117/12.3002763,https://doi.org/10.1117/12.3002763,low_relevance:1
crossref_only,Crossref,doi:10.1007/978-981-97-8654-1_63,1,0,1,Robot-Based 3d Printing: Digital Twin-Driven Motion Planning Platform,2024,Lecture Notes in Electrical Engineering,10.1007/978-981-97-8654-1_63,https://doi.org/10.1007/978-981-97-8654-1_63,low_relevance:1
crossref_only,Crossref,doi:10.1007/978-3-031-74485-3_42,1,0,1,Advancing Digital Twin-Based Virtual Part Inspection in Additive Manufacturing: Systematic Literature Review of Virtual Inspection Methods in FFF,2024,Lecture Notes in Mechanical Engineering,10.1007/978-3-031-74485-3_42,https://doi.org/10.1007/978-3-031-74485-3_42,low_relevance:1
crossref_only,Crossref,doi:10.1007/978-981-95-0063-5_18,1,0,1,Advancements and Challenges in Multi-material Additive Manufacturing (MMAM) with Machine Learning Integration,2025,Lecture Notes in Mechanical Engineering,10.1007/978-981-95-0063-5_18,https://doi.org/10.1007/978-981-95-0063-5_18,low_relevance:1
crossref_only,Crossref,doi:10.1007/978-981-96-1647-3_5,1,0,1,Design and Optimization of a Heat Sink for Multi-Material Co-Extrusion in Additive Manufacturing,2025,Lecture Notes in Mechanical Engineering,10.1007/978-981-96-1647-3_5,https://doi.org/10.1007/978-981-96-1647-3_5,low_relevance:1
crossref_only,Crossref,doi:10.1007/978-3-031-99501-9_8,1,0,1,Towards Digital Twin in Additive Manufacturing: A Multi-fidelity Approach for Enhancing LPBF Process Modeling with In-situ Data,2025,Lecture Notes in Mechanical Engineering,10.1007/978-3-031-99501-9_8,https://doi.org/10.1007/978-3-031-99501-9_8,low_relevance:1
crossref_only,Crossref,doi:10.1007/978-3-032-05610-8_13,1,0,1,Digital Twin for Automated Post-processing Chain in Additive Manufacturing,2026,Lecture Notes in Mechanical Engineering,10.1007/978-3-032-05610-8_13,https://doi.org/10.1007/978-3-032-05610-8_13,low_relevance:1
crossref_only,Crossref,doi:10.1007/978-981-95-2543-0_18,1,0,1,Noninvasive Digital Twin for Pedagogical Purposes in Digital Manufacturing,2026,Lecture Notes in Mechanical Engineering,10.1007/978-981-95-2543-0_18,https://doi.org/10.1007/978-981-95-2543-0_18,low_relevance:1
crossref_only,Crossref,doi:10.1007/978-3-032-09427-8_7,1,1,0,Design and Analysis of 3D Printed Soft Grippers,2025,Lecture Notes in Networks and Systems,10.1007/978-3-032-09427-8_7,https://doi.org/10.1007/978-3-032-09427-8_7,
crossref_only,Crossref,doi:10.33042/2079-424x.2026.65.1.01,1,0,1,Intelligent Digital Twin-Based Control of Filament Winding Processes on CNC Machines,2026,Lighting Engineering &amp; Power Engineering,10.33042/2079-424x.2026.65.1.01,https://doi.org/10.33042/2079-424x.2026.65.1.01,low_relevance:1
crossref_only,Crossref,doi:10.1080/02678292.2025.2499853,1,0,1,Thermal responses of 3D-printed liquid crystal elastomer microcubes,2025,Liquid Crystals,10.1080/02678292.2025.2499853,https://doi.org/10.1080/02678292.2025.2499853,low_relevance:1
crossref_only,Crossref,doi:10.1002/ls.1716,1,0,1,Additive Manufacturing of Composite Materials and Functionally Graded Structures Using Archerfish Hunting Technique,2024,Lubrication Science,10.1002/ls.1716,https://doi.org/10.1002/ls.1716,low_relevance:1
crossref_only,Crossref,doi:10.3390/machines12110785,1,0,1,Digital Twin for Flexible Manufacturing Systems and Optimization Through Simulation: A Case Study,2024,Machines,10.3390/machines12110785,https://doi.org/10.3390/machines12110785,low_relevance:1
crossref_only,Crossref,doi:10.3390/machines13060481,1,0,1,Data-Driven Digital Twin Framework for Predictive Maintenance of Smart Manufacturing Systems,2025,Machines,10.3390/machines13060481,https://doi.org/10.3390/machines13060481,low_relevance:1
crossref_only,Crossref,doi:10.3390/machines13010037,1,0,1,Digital Twin Framework Using Real-Time Asset Tracking for Smart Flexible Manufacturing System,2025,Machines,10.3390/machines13010037,https://doi.org/10.3390/machines13010037,low_relevance:1
crossref_only,Crossref,doi:10.3390/machines13111021,1,0,1,"Research Review on Workshop Scheduling for Intelligent Manufacturing: Digital Twin Modeling, Optimization Algorithm, and System Architecture",2025,Machines,10.3390/machines13111021,https://doi.org/10.3390/machines13111021,low_relevance:1
crossref_only,Crossref,doi:10.1002/mame.202300428,1,1,0,Analyzing the Influence of Multimaterial 3D Printing and Postprocessing on Mechanical and Tribological Characteristics,2024,Macromolecular Materials and Engineering,10.1002/mame.202300428,https://doi.org/10.1002/mame.202300428,
crossref_only,Crossref,doi:10.1002/marc.202470023,1,0,1,A Molecular Rheology Dynamics Study on 3D Printing of Liquid Crystal Elastomers,2024,Macromolecular Rapid Communications,10.1002/marc.202470023,https://doi.org/10.1002/marc.202470023,low_relevance:1
crossref_only,Crossref,doi:10.1002/marc.202500414,1,0,1,Dual‐Stimuli Responsive and Sustainable PLA/APHA/TPU Blend for 4D Printing,2025,Macromolecular Rapid Communications,10.1002/marc.202500414,https://doi.org/10.1002/marc.202500414,low_relevance:1
crossref_only,Crossref,doi:10.58830/ozgur.pub770.c3180,1,0,1,"Fused Deposition Modeling (FDM): Theory, Application, and Innovative Approaches",2025,Makine Mühendisliğinde Yenilikçi İmalat Teknolojileri ve Malzeme Bilimi,10.58830/ozgur.pub770.c3180,https://doi.org/10.58830/ozgur.pub770.c3180,low_relevance:1
crossref_only,Crossref,doi:10.1016/j.mfglet.2024.09.142,1,0,1,An adaptable Digital Twin model for manufacturing,2024,Manufacturing Letters,10.1016/j.mfglet.2024.09.142,https://doi.org/10.1016/j.mfglet.2024.09.142,low_relevance:1
crossref_only,Crossref,doi:10.1016/j.mfglet.2024.09.152,1,1,0,Synchronization evaluation of digital twin for a robotic assembly system using computer vision,2024,Manufacturing Letters,10.1016/j.mfglet.2024.09.152,https://doi.org/10.1016/j.mfglet.2024.09.152,
crossref_only,Crossref,doi:10.1016/j.mfglet.2024.10.001,1,0,1,The use of digital twin for mobile robot swarm task allocation,2024,Manufacturing Letters,10.1016/j.mfglet.2024.10.001,https://doi.org/10.1016/j.mfglet.2024.10.001,low_relevance:1
crossref_only,Crossref,doi:10.1016/j.mfglet.2025.06.149,1,1,0,A cognitive digital twin modeling method of robotic production line,2025,Manufacturing Letters,10.1016/j.mfglet.2025.06.149,https://doi.org/10.1016/j.mfglet.2025.06.149,
crossref_only,Crossref,doi:10.1016/j.mfglet.2025.06.140,1,0,1,A cyber-physical machine tool concept for education and workforce training in CNC machining,2025,Manufacturing Letters,10.1016/j.mfglet.2025.06.140,https://doi.org/10.1016/j.mfglet.2025.06.140,low_relevance:1
crossref_only,Crossref,doi:10.1016/j.mfglet.2025.06.133,1,0,1,A physics-informed neural network framework for decomposition and path planning in multi-laser additive manufacturing,2025,Manufacturing Letters,10.1016/j.mfglet.2025.06.133,https://doi.org/10.1016/j.mfglet.2025.06.133,low_relevance:1
crossref_only,Crossref,doi:10.1016/j.mfglet.2025.06.179,1,0,1,A systematic review of Digital Twin (DT) and virtual learning environments (VLE) for smart manufacturing education,2025,Manufacturing Letters,10.1016/j.mfglet.2025.06.179,https://doi.org/10.1016/j.mfglet.2025.06.179,low_relevance:1
crossref_only,Crossref,doi:10.1016/j.mfglet.2025.06.147,1,0,1,Bridging the gap between discrete event simulation and digital twin: A manufacturing case study☆☆,2025,Manufacturing Letters,10.1016/j.mfglet.2025.06.147,https://doi.org/10.1016/j.mfglet.2025.06.147,low_relevance:1
crossref_only,Crossref,doi:10.1016/j.mfglet.2025.06.191,1,0,1,Digital Twin-driven carbon emissions management in manufacturing,2025,Manufacturing Letters,10.1016/j.mfglet.2025.06.191,https://doi.org/10.1016/j.mfglet.2025.06.191,low_relevance:1
crossref_only,Crossref,doi:10.1016/j.mfglet.2025.10.002,1,0,1,Integrating feminist pedagogy into manufacturing education: a digital twin-based teaching module,2025,Manufacturing Letters,10.1016/j.mfglet.2025.10.002,https://doi.org/10.1016/j.mfglet.2025.10.002,low_relevance:1
crossref_only,Crossref,doi:10.1016/j.mfglet.2025.06.018,1,0,1,Scheduling in Industry 4.0: A Digital Twin-based approach for scheduling and smart Material-Handling Considerations,2025,Manufacturing Letters,10.1016/j.mfglet.2025.06.018,https://doi.org/10.1016/j.mfglet.2025.06.018,low_relevance:1
crossref_only,Crossref,doi:10.1016/j.mfglet.2025.06.201,1,0,1,Shear strength at the interface between polylactic-acid and thermoplastic polyurethane layers processed with multi-material additive manufacturing,2025,Manufacturing Letters,10.1016/j.mfglet.2025.06.201,https://doi.org/10.1016/j.mfglet.2025.06.201,low_relevance:1
crossref_only,Crossref,doi:10.1016/j.mfglet.2025.11.008,1,0,1,Functionally graded materials fabricated through fused deposition modelling technique-mechanical property evaluation and failure mechanism,2026,Manufacturing Letters,10.1016/j.mfglet.2025.11.008,https://doi.org/10.1016/j.mfglet.2025.11.008,low_relevance:1
crossref_only,Crossref,doi:10.1201/9781003504825-5,1,1,0,Carbon Footprint Reduction Strategies Using Digital Twin Integration Strategy,2026,Manufacturing Process Optimization for Sustainable Development Using Digital Twin Applications,10.1201/9781003504825-5,https://doi.org/10.1201/9781003504825-5,
crossref_only,Crossref,doi:10.1201/9781003504825-6,1,1,0,Challenges in Implementing Digital Twin Solutions in Manufacturing,2026,Manufacturing Process Optimization for Sustainable Development Using Digital Twin Applications,10.1201/9781003504825-6,https://doi.org/10.1201/9781003504825-6,
crossref_only,Crossref,doi:10.1201/9781003504825-10,1,1,0,Digital Twin–CPS Synergy in Manufacturing,2026,Manufacturing Process Optimization for Sustainable Development Using Digital Twin Applications,10.1201/9781003504825-10,https://doi.org/10.1201/9781003504825-10,
crossref_only,Crossref,doi:10.1201/9781003504825-2,1,1,0,Integration of Digital Twin Technology into Intelligent Manufacturing Systems for Enhancing Sustainability in Industry 4.0,2026,Manufacturing Process Optimization for Sustainable Development Using Digital Twin Applications,10.1201/9781003504825-2,https://doi.org/10.1201/9781003504825-2,
crossref_only,Crossref,doi:10.1201/9781003504825-7,1,1,0,Life Cycle Assessment (LCA) Integration and Environmental Impact Modelling of Digital Twin,2026,Manufacturing Process Optimization for Sustainable Development Using Digital Twin Applications,10.1201/9781003504825-7,https://doi.org/10.1201/9781003504825-7,
crossref_only,Crossref,doi:10.1201/9781003504825-4,1,1,0,Optimization of Manufacturing Processes Using Digital Twin/Cyber-Physical System,2026,Manufacturing Process Optimization for Sustainable Development Using Digital Twin Applications,10.1201/9781003504825-4,https://doi.org/10.1201/9781003504825-4,
crossref_only,Crossref,doi:10.1201/9781003504825-8,1,1,0,Predicting the Future of Sustainable Manufacturing with Digital Twin Systems,2026,Manufacturing Process Optimization for Sustainable Development Using Digital Twin Applications,10.1201/9781003504825-8,https://doi.org/10.1201/9781003504825-8,
crossref_only,Crossref,doi:10.1201/9781003504825-1,1,1,0,Role of Digital Twins in Industry 4.0 and Its Significance for Sustainable Development,2026,Manufacturing Process Optimization for Sustainable Development Using Digital Twin Applications,10.1201/9781003504825-1,https://doi.org/10.1201/9781003504825-1,
crossref_only,Crossref,doi:10.1201/9781003504825-9,1,1,0,Synergy between Digital Twin and Cyber-Physical System in Manufacturing,2026,Manufacturing Process Optimization for Sustainable Development Using Digital Twin Applications,10.1201/9781003504825-9,https://doi.org/10.1201/9781003504825-9,
crossref_only,Crossref,doi:10.1051/mfreview/2024015,1,0,1,A comprehensive review on human–robot collaboration remanufacturing towards uncertain and dynamic disassembly,2024,Manufacturing Review,10.1051/mfreview/2024015,https://doi.org/10.1051/mfreview/2024015,low_relevance:1
crossref_only,Crossref,doi:10.1051/mfreview/2024010,1,0,1,Design of a material sorting digital twin system based on NX MCD,2024,Manufacturing Review,10.1051/mfreview/2024010,https://doi.org/10.1051/mfreview/2024010,low_relevance:1
crossref_only,Crossref,doi:10.3390/ma17143398,1,1,0,Additive Manufacturing-Enabled Advanced Design and Process Strategies for Multi-Functional Lattice Structures,2024,Materials,10.3390/ma17143398,https://doi.org/10.3390/ma17143398,
crossref_only,Crossref,doi:10.3390/ma17184545,1,0,1,"Functionally Graded Materials and Structures: Unified Approach by Optimal Design, Metal Additive Manufacturing, and Image-Based Characterization",2024,Materials,10.3390/ma17184545,https://doi.org/10.3390/ma17184545,low_relevance:1
crossref_only,Crossref,doi:10.3390/ma17153673,1,0,1,Machine Learning for Additive Manufacturing of Functionally Graded Materials,2024,Materials,10.3390/ma17153673,https://doi.org/10.3390/ma17153673,low_relevance:1
crossref_only,Crossref,doi:10.3390/ma18081820,1,0,1,A Systematic Review of Innovative Advances in Multi-Material Additive Manufacturing: Implications for Architecture and Construction,2025,Materials,10.3390/ma18081820,https://doi.org/10.3390/ma18081820,low_relevance:1
crossref_only,Crossref,doi:10.3390/ma18184370,1,0,1,Possibilities and Principles of Formation of Functionally Graded Ceramic Armor by Additive Manufacturing,2025,Materials,10.3390/ma18184370,https://doi.org/10.3390/ma18184370,low_relevance:1
crossref_only,Crossref,doi:10.3390/ma19061115,1,0,1,Mechanical Nitriding of Titanium and Its Alloys as a Feedstock for the Additive Manufacturing of Functionally Graded Materials,2026,Materials,10.3390/ma19061115,https://doi.org/10.3390/ma19061115,low_relevance:1
crossref_only,Crossref,doi:10.1016/j.matdes.2024.112915,1,0,1,Axisymmetric non-planar slicing and path planning strategy for robot-based additive manufacturing,2024,Materials &amp; Design,10.1016/j.matdes.2024.112915,https://doi.org/10.1016/j.matdes.2024.112915,low_relevance:1
crossref_only,Crossref,doi:10.1016/j.matdes.2024.113086,1,0,1,"Big data, machine learning, and digital twin assisted additive manufacturing: A review",2024,Materials &amp; Design,10.1016/j.matdes.2024.113086,https://doi.org/10.1016/j.matdes.2024.113086,low_relevance:1
crossref_only,Crossref,doi:10.1016/j.matdes.2024.112710,1,0,1,Functionally graded multi-morphology lattice structures as an optimized sandwich core via digital light processing additive manufacturing,2024,Materials &amp; Design,10.1016/j.matdes.2024.112710,https://doi.org/10.1016/j.matdes.2024.112710,low_relevance:1
crossref_only,Crossref,doi:10.1016/j.matdes.2025.114539,1,0,1,Capillarity-assisted rapid multi-material 3D printing of heterogeneous objects,2025,Materials &amp; Design,10.1016/j.matdes.2025.114539,https://doi.org/10.1016/j.matdes.2025.114539,low_relevance:1
crossref_only,Crossref,doi:10.1016/j.matdes.2025.114394,1,0,1,Fabrication of self-sensing soft robots via multi-material digital light processing 3D printing of hydrogels,2025,Materials &amp; Design,10.1016/j.matdes.2025.114394,https://doi.org/10.1016/j.matdes.2025.114394,low_relevance:1
crossref_only,Crossref,doi:10.1016/j.matdes.2025.113688,1,0,1,Interfacial adhesion between dissimilar thermoplastics fabricated via material extrusion-based multi-material additive manufacturing,2025,Materials &amp; Design,10.1016/j.matdes.2025.113688,https://doi.org/10.1016/j.matdes.2025.113688,low_relevance:1
crossref_only,Crossref,doi:10.1016/j.matdes.2025.114589,1,1,0,Pellet-based 3D printing of soft thermoplastic elastomeric membranes for soft robotic applications,2025,Materials &amp; Design,10.1016/j.matdes.2025.114589,https://doi.org/10.1016/j.matdes.2025.114589,
crossref_only,Crossref,doi:10.1016/j.matdes.2025.114870,1,0,1,Residual stress control in large-format additive manufacturing of polylactic acid via a digital twin and in-operando imaging,2025,Materials &amp; Design,10.1016/j.matdes.2025.114870,https://doi.org/10.1016/j.matdes.2025.114870,low_relevance:1
crossref_only,Crossref,doi:10.1016/j.matdes.2025.114700,1,0,1,Topology optimization of 3D-printed material architectures: Testing toolpath consideration in design,2025,Materials &amp; Design,10.1016/j.matdes.2025.114700,https://doi.org/10.1016/j.matdes.2025.114700,low_relevance:1
crossref_only,Crossref,doi:10.1016/j.matdes.2025.114688,1,0,1,Water-Responsive hydroplastic 4D printing with programmable shape morphing and locking,2025,Materials &amp; Design,10.1016/j.matdes.2025.114688,https://doi.org/10.1016/j.matdes.2025.114688,low_relevance:1
crossref_only,Crossref,doi:10.1016/j.matdes.2026.115961,1,0,1,An efficient closed-loop design framework for additive manufacturing of multiphysical metamaterials,2026,Materials &amp; Design,10.1016/j.matdes.2026.115961,https://doi.org/10.1016/j.matdes.2026.115961,low_relevance:1
crossref_only,Crossref,doi:10.1039/d5ma01130b,1,1,0,Microfluidic-mixer assisted 3D printing of functionally graded multimaterial hydrogels for engineering complex tissue interfaces,2026,Materials Advances,10.1039/d5ma01130b,https://doi.org/10.1039/d5ma01130b,
crossref_only,Crossref,doi:10.1039/d6ma00166a,1,1,0,Strategies for vat photopolymerization additive manufacturing of metals and ceramics,2026,Materials Advances,10.1039/d6ma00166a,https://doi.org/10.1039/d6ma00166a,
crossref_only,Crossref,doi:10.1080/10426914.2025.2586498,1,0,1,"Digital twin–enabled model predictive control in additive manufacturing: critical review, research challenges, and future directions",2026,Materials and Manufacturing Processes,10.1080/10426914.2025.2586498,https://doi.org/10.1080/10426914.2025.2586498,low_relevance:1
crossref_only,Crossref,doi:10.1080/10426914.2026.2622025,1,1,0,Eliminating striations in volumetric additive manufacturing via low-temperature processing,2026,Materials and Manufacturing Processes,10.1080/10426914.2026.2622025,https://doi.org/10.1080/10426914.2026.2622025,
crossref_only,Crossref,doi:10.1016/j.matchar.2024.114697,1,0,1,Design optimization for defect-free AISI 316 L/IN718 functionally graded materials produced by laser additive manufacturing,2025,Materials Characterization,10.1016/j.matchar.2024.114697,https://doi.org/10.1016/j.matchar.2024.114697,low_relevance:1
crossref_only,Crossref,doi:10.1039/d5mh01984b,1,1,0,Toward self-driving laboratory 2.0 for chemistry and materials discovery,2026,Materials Horizons,10.1039/d5mh01984b,https://doi.org/10.1039/d5mh01984b,
crossref_only,Crossref,doi:10.1016/j.matlet.2023.135395,1,0,1,Functionally graded deposition of dissimilar steel (316LSi and ER70S-6) fabricated through twin-wire arc additive manufacturing,2024,Materials Letters,10.1016/j.matlet.2023.135395,https://doi.org/10.1016/j.matlet.2023.135395,low_relevance:1
crossref_only,Crossref,doi:10.1088/2053-1591/ae2f29,1,0,1,Experimental investigation of an aluminium-based functionally graded material fabricated by friction stir additive manufacturing,2026,Materials Research Express,10.1088/2053-1591/ae2f29,https://doi.org/10.1088/2053-1591/ae2f29,low_relevance:1
crossref_only,Crossref,doi:10.21741/9781644903131-31,1,0,1,Machine learning application for optimization of laser directed energy deposition process for aerospace component rapid prototyping in additive manufacturing,2024,Materials Research Proceedings,10.21741/9781644903131-31,https://doi.org/10.21741/9781644903131-31,low_relevance:1
crossref_only,Crossref,doi:10.21741/9781644903377-25,1,0,1,Optimization of the CNC machining process using digital twins,2024,Materials Research Proceedings,10.21741/9781644903377-25,https://doi.org/10.21741/9781644903377-25,low_relevance:1
crossref_only,Crossref,doi:10.21741/9781644903438-4,1,0,1,Exploring multi-material structures: An overview of arc additive manufacturing,2025,Materials Research Proceedings,10.21741/9781644903438-4,https://doi.org/10.21741/9781644903438-4,low_relevance:1
crossref_only,Crossref,doi:10.21741/9781644903735-65,1,0,1,"Field-driven design of functionally graded TPMS-based 3D printed sandwich structures: Modeling, printing and testing",2025,Materials Research Proceedings,10.21741/9781644903735-65,https://doi.org/10.21741/9781644903735-65,low_relevance:1
crossref_only,Crossref,doi:10.21741/9781644903599-30,1,0,1,Framework for determining and simulating tensile properties of smart composite FDM printed parts,2025,Materials Research Proceedings,10.21741/9781644903599-30,https://doi.org/10.21741/9781644903599-30,low_relevance:1
crossref_only,Crossref,doi:10.21741/9781644903735-16,1,1,0,Physics-based model for dot geometry prediction in dot-by-dot wire arc additive manufacturing,2025,Materials Research Proceedings,10.21741/9781644903735-16,https://doi.org/10.21741/9781644903735-16,
crossref_only,Crossref,doi:10.1016/j.msea.2024.146298,1,0,1,Effects of ultrasonic treatment on mechanical properties and microstructure of stainless steel 308L and Inconel 718 functionally graded materials fabricated via double-wire arc additive manufacturing,2024,Materials Science and Engineering: A,10.1016/j.msea.2024.146298,https://doi.org/10.1016/j.msea.2024.146298,low_relevance:1
crossref_only,Crossref,doi:10.1016/j.msea.2025.148034,1,0,1,Fracture behaviour of functionally graded bi-material interface produced by wire arc additive manufacturing,2025,Materials Science and Engineering: A,10.1016/j.msea.2025.148034,https://doi.org/10.1016/j.msea.2025.148034,low_relevance:1
crossref_only,Crossref,doi:10.1016/j.msea.2026.150197,1,1,0,Active learning-guided design of TiB2-reinforced 316L stainless steel via additive manufacturing: Process optimization and experimental validation,2026,Materials Science and Engineering: A,10.1016/j.msea.2026.150197,https://doi.org/10.1016/j.msea.2026.150197,
crossref_only,Crossref,doi:10.1016/j.mseb.2025.118205,1,0,1,Reversible 4D printing behavior of a single-layer elastomer strip additively manufactured from smart material filaments (SMFs) varying pH and thickness,2025,Materials Science and Engineering: B,10.1016/j.mseb.2025.118205,https://doi.org/10.1016/j.mseb.2025.118205,low_relevance:1
crossref_only,Crossref,doi:10.1016/j.mser.2025.101071,1,0,1,"3D/4D printing of stimuli-responsive polymers in biomedical engineering: Materials, stimulations, and applications",2025,Materials Science and Engineering: R: Reports,10.1016/j.mser.2025.101071,https://doi.org/10.1016/j.mser.2025.101071,low_relevance:1
crossref_only,Crossref,doi:10.1016/j.mser.2026.101231,1,0,1,Bio-inspired 4D printing: From multi-dimensional and multi-type shape morphing to applications,2026,Materials Science and Engineering: R: Reports,10.1016/j.mser.2026.101231,https://doi.org/10.1016/j.mser.2026.101231,low_relevance:1
crossref_only,Crossref,doi:10.36922/msam.5022,1,0,1,Functionally graded TPMS gyroid structures for additive manufacturing of non-pneumatic tires,2024,Materials Science in Additive Manufacturing,10.36922/msam.5022,https://doi.org/10.36922/msam.5022,low_relevance:1
crossref_only,Crossref,doi:10.36922/msam.3571,1,0,1,Multi-material structures of Ti6Al4V and Ti6Al4V-B4C through directed energy deposition-based additive manufacturing,2024,Materials Science in Additive Manufacturing,10.36922/msam.3571,https://doi.org/10.36922/msam.3571,low_relevance:1
crossref_only,Crossref,doi:10.36922/msam025200031,1,0,1,Ceramic additive manufacturing via vat photopolymerization,2025,Materials Science in Additive Manufacturing,10.36922/msam025200031,https://doi.org/10.36922/msam025200031,low_relevance:1
crossref_only,Crossref,doi:10.36922/msam025130018,1,0,1,Disinfection efficiency and its impact on the mechanical properties of multi-material mouthguards fabricated via fused filament fabrication,2025,Materials Science in Additive Manufacturing,10.36922/msam025130018,https://doi.org/10.36922/msam025130018,low_relevance:1
crossref_only,Crossref,doi:10.36922/msam025220045,1,0,1,"Microstructure, phase evolution, and properties of laser powder bed fusion-fabricated Ni50Ti50/Ni-rich NiTi multi-material structures",2025,Materials Science in Additive Manufacturing,10.36922/msam025220045,https://doi.org/10.36922/msam025220045,low_relevance:1
crossref_only,Crossref,doi:10.1016/j.mtcomm.2024.109147,1,0,1,4D printing of lattice structures to test their behavior by repetitive shape processing cycles,2024,Materials Today Communications,10.1016/j.mtcomm.2024.109147,https://doi.org/10.1016/j.mtcomm.2024.109147,low_relevance:1
crossref_only,Crossref,doi:10.1016/j.mtcomm.2023.107883,1,1,0,Digital twin temperature field prediction of laser powder bed fusion through proper orthogonal decomposition with radial basis function,2024,Materials Today Communications,10.1016/j.mtcomm.2023.107883,https://doi.org/10.1016/j.mtcomm.2023.107883,
crossref_only,Crossref,doi:10.1016/j.mtcomm.2024.109274,1,0,1,Functionally graded Tribaloy™ T800 and austenitic stainless steel by laser additive manufacturing,2024,Materials Today Communications,10.1016/j.mtcomm.2024.109274,https://doi.org/10.1016/j.mtcomm.2024.109274,low_relevance:1
crossref_only,Crossref,doi:10.1016/j.mtcomm.2023.107889,1,0,1,Material extrusion of metals: Enabling multi-material alloys in additive manufacturing,2024,Materials Today Communications,10.1016/j.mtcomm.2023.107889,https://doi.org/10.1016/j.mtcomm.2023.107889,low_relevance:1
crossref_only,Crossref,doi:10.1016/j.mtcomm.2024.109953,1,0,1,Recent progress on additive manufacturing of steel-based functionally graded materials,2024,Materials Today Communications,10.1016/j.mtcomm.2024.109953,https://doi.org/10.1016/j.mtcomm.2024.109953,low_relevance:1
crossref_only,Crossref,doi:10.1016/j.mtcomm.2024.108879,1,0,1,Thermally and magnetically responsive single layer bioinspired soft actuator with patterned structure obtained by direct ink writing,2024,Materials Today Communications,10.1016/j.mtcomm.2024.108879,https://doi.org/10.1016/j.mtcomm.2024.108879,low_relevance:1
crossref_only,Crossref,doi:10.1016/j.mtcomm.2025.114206,1,0,1,4D printing technique and applications of photocurable shape memory polymers,2025,Materials Today Communications,10.1016/j.mtcomm.2025.114206,https://doi.org/10.1016/j.mtcomm.2025.114206,low_relevance:1
crossref_only,Crossref,doi:10.1016/j.mtcomm.2025.113160,1,1,0,Vat photopolymerization additive manufacturing of B4C/Al composites,2025,Materials Today Communications,10.1016/j.mtcomm.2025.113160,https://doi.org/10.1016/j.mtcomm.2025.113160,
crossref_only,Crossref,doi:10.1016/j.matpr.2023.03.044,1,0,1,A review on additive manufacturing of SS-Ni multi-material fabrication,2024,Materials Today: Proceedings,10.1016/j.matpr.2023.03.044,https://doi.org/10.1016/j.matpr.2023.03.044,low_relevance:1
crossref_only,Crossref,doi:10.1016/j.matpr.2024.01.006,1,0,1,"A state-of-the-art review of 4D printing techniques, stimuli activated materials and future perspectives",2024,Materials Today: Proceedings,10.1016/j.matpr.2024.01.006,https://doi.org/10.1016/j.matpr.2024.01.006,low_relevance:1
crossref_only,Crossref,doi:10.1016/j.matpr.2022.11.440,1,0,1,Methodology for FDM 4D printing with thermo-responsive SMPs,2024,Materials Today: Proceedings,10.1016/j.matpr.2022.11.440,https://doi.org/10.1016/j.matpr.2022.11.440,low_relevance:1
crossref_only,Crossref,doi:10.4018/979-8-3373-5473-6.ch006,1,0,1,The Fourth Dimension Transforming Manufacturing With 4D Printing,2025,"Materials, Techniques, and Ecological Impact of Sustainable Prototyping",10.4018/979-8-3373-5473-6.ch006,https://doi.org/10.4018/979-8-3373-5473-6.ch006,low_relevance:1
crossref_only,Crossref,doi:10.1016/j.matt.2023.10.031,1,0,1,Embedded 3D printing of microstructured multi-material composites,2024,Matter,10.1016/j.matt.2023.10.031,https://doi.org/10.1016/j.matt.2023.10.031,low_relevance:1
crossref_only,Crossref,doi:10.1007/978-3-031-59257-7_34,1,0,1,Multi-axis Additive Manufacturing: Development of Slicer and Toolpath for 2.5D/3D/5D Printing,2024,Mechanisms and Machine Science,10.1007/978-3-031-59257-7_34,https://doi.org/10.1007/978-3-031-59257-7_34,low_relevance:1
crossref_only,Crossref,doi:10.26650/b/t3.2024.40.030,1,1,0,Developments in 4D Printing Technology: Usage Areas in Health Industry,2024,Medical Informatics IV,10.26650/b/t3.2024.40.030,https://doi.org/10.26650/b/t3.2024.40.030,
crossref_only,Crossref,doi:10.1016/b978-0-323-95733-5.00026-0,1,1,0,Prosthetic rehabilitation applications case study 10—Advanced auricular prosthesis development by 3D modeling and multimaterial printing,2024,Medical Modeling,10.1016/b978-0-323-95733-5.00026-0,https://doi.org/10.1016/b978-0-323-95733-5.00026-0,
crossref_only,Crossref,doi:10.1007/s11663-025-03696-4,1,0,1,Enhancing the Tensile Properties of Inconel 625/TC4 Functionally Graded Materials Prepared by Dual-Wire Arc Additive Manufacturing via Compositional Gradient,2025,Metallurgical and Materials Transactions B,10.1007/s11663-025-03696-4,https://doi.org/10.1007/s11663-025-03696-4,low_relevance:1
crossref_only,Crossref,doi:10.3390/met16050467,1,0,1,"An Overview of the Benefits, Drawbacks and Strategies Used for the Fabrication of 316L Stainless Steel and Inconel 625 Functionally Graded Materials Using Wire Arc Additive Manufacturing",2026,Metals,10.3390/met16050467,https://doi.org/10.3390/met16050467,low_relevance:1
crossref_only,Crossref,doi:10.1016/j.metadv.2026.01.008,1,0,1,"4D printing of shape memory alloy metamaterials: Mechanisms, structures, and applications",2026,Metals Advances,10.1016/j.metadv.2026.01.008,https://doi.org/10.1016/j.metadv.2026.01.008,low_relevance:1
crossref_only,Crossref,doi:10.3390/mi15010158,1,1,0,A Computational Evaluation of Minimum Feature Size in Projection Two-Photon Lithography for Rapid Sub-100 nm Additive Manufacturing,2024,Micromachines,10.3390/mi15010158,https://doi.org/10.3390/mi15010158,
crossref_only,Crossref,doi:10.1038/s41378-025-00920-8,1,1,0,Gecko-inspired soft actuators for wafer handling via overcuring-induced anisotropic microstructures in DLP 3D printing,2025,Microsystems &amp; Nanoengineering,10.1038/s41378-025-00920-8,https://doi.org/10.1038/s41378-025-00920-8,
crossref_only,Crossref,doi:10.4018/979-8-3373-0533-2.ch015,1,0,1,An In-Depth Examination of 4D Food Printing Technology,2025,"Modeling, Analysis, and Control of 3D Printing Processes",10.4018/979-8-3373-0533-2.ch015,https://doi.org/10.4018/979-8-3373-0533-2.ch015,low_relevance:1
crossref_only,Crossref,doi:10.3390/modelling5040105,1,0,1,Path Planning Method for Wire-Based Additive Manufacturing Processes,2024,Modelling,10.3390/modelling5040105,https://doi.org/10.3390/modelling5040105,low_relevance:1
crossref_only,Crossref,doi:10.1016/b978-0-443-15286-3.00007-2,1,0,1,Toolpath considerations for hybrid additive manufacturing,2024,Motion and Path Planning for Additive Manufacturing,10.1016/b978-0-443-15286-3.00007-2,https://doi.org/10.1016/b978-0-443-15286-3.00007-2,low_relevance:1
crossref_only,Crossref,doi:10.1557/s43579-024-00631-7,1,1,0,Direct ink writing of silicone elastomers to fabricate microfluidic devices and soft robots,2024,MRS Communications,10.1557/s43579-024-00631-7,https://doi.org/10.1557/s43579-024-00631-7,
crossref_only,Crossref,doi:10.1016/b978-0-443-29228-6.00004-9,1,0,1,3D printing of functionally graded materials: Overcoming challenges and expanding applications,2025,Multi-material Additive Manufacturing,10.1016/b978-0-443-29228-6.00004-9,https://doi.org/10.1016/b978-0-443-29228-6.00004-9,low_relevance:1
crossref_only,Crossref,doi:10.1016/b978-0-443-29228-6.00019-0,1,0,1,Application of artificial intelligence in multimaterial additive manufacturing,2025,Multi-material Additive Manufacturing,10.1016/b978-0-443-29228-6.00019-0,https://doi.org/10.1016/b978-0-443-29228-6.00019-0,low_relevance:1
crossref_only,Crossref,doi:10.1016/b978-0-443-29228-6.00015-3,1,0,1,Biocompatibility and biomedical engineering of multimaterial additive manufacturing,2025,Multi-material Additive Manufacturing,10.1016/b978-0-443-29228-6.00015-3,https://doi.org/10.1016/b978-0-443-29228-6.00015-3,low_relevance:1
crossref_only,Crossref,doi:10.1016/b978-0-443-29228-6.00012-8,1,0,1,Challenges and critical issues of various multimaterials for additive manufacturing,2025,Multi-material Additive Manufacturing,10.1016/b978-0-443-29228-6.00012-8,https://doi.org/10.1016/b978-0-443-29228-6.00012-8,low_relevance:1
crossref_only,Crossref,doi:10.1016/b978-0-443-29228-6.00013-x,1,0,1,Laser-based multimaterial additive manufacturing,2025,Multi-material Additive Manufacturing,10.1016/b978-0-443-29228-6.00013-x,https://doi.org/10.1016/b978-0-443-29228-6.00013-x,low_relevance:1
crossref_only,Crossref,doi:10.1016/b978-0-443-29228-6.00006-2,1,0,1,Methods and materials for novel multimaterial additive manufacturing,2025,Multi-material Additive Manufacturing,10.1016/b978-0-443-29228-6.00006-2,https://doi.org/10.1016/b978-0-443-29228-6.00006-2,low_relevance:1
crossref_only,Crossref,doi:10.1016/b978-0-443-29228-6.00016-5,1,0,1,Multi-material additive manufacturing and future scope and expected progress,2025,Multi-material Additive Manufacturing,10.1016/b978-0-443-29228-6.00016-5,https://doi.org/10.1016/b978-0-443-29228-6.00016-5,low_relevance:1
crossref_only,Crossref,doi:10.1016/b978-0-443-29228-6.00007-4,1,0,1,Multi-material additive manufacturing methods and materials,2025,Multi-material Additive Manufacturing,10.1016/b978-0-443-29228-6.00007-4,https://doi.org/10.1016/b978-0-443-29228-6.00007-4,low_relevance:1
crossref_only,Crossref,doi:10.1016/b978-0-443-29228-6.00011-6,1,0,1,Multimaterial 3D bioprinting,2025,Multi-material Additive Manufacturing,10.1016/b978-0-443-29228-6.00011-6,https://doi.org/10.1016/b978-0-443-29228-6.00011-6,low_relevance:1
crossref_only,Crossref,doi:10.1016/b978-0-443-29228-6.00010-4,1,0,1,Multimaterial 3D-printed polymers,2025,Multi-material Additive Manufacturing,10.1016/b978-0-443-29228-6.00010-4,https://doi.org/10.1016/b978-0-443-29228-6.00010-4,low_relevance:1
crossref_only,Crossref,doi:10.1016/b978-0-443-29228-6.00005-0,1,0,1,Multimaterial additive manufacturing methods and materials,2025,Multi-material Additive Manufacturing,10.1016/b978-0-443-29228-6.00005-0,https://doi.org/10.1016/b978-0-443-29228-6.00005-0,low_relevance:1
crossref_only,Crossref,doi:10.1016/b978-0-443-29228-6.00009-8,1,0,1,Multimaterial additive manufacturing of metals and alloys,2025,Multi-material Additive Manufacturing,10.1016/b978-0-443-29228-6.00009-8,https://doi.org/10.1016/b978-0-443-29228-6.00009-8,low_relevance:1
crossref_only,Crossref,doi:10.1016/b978-0-443-29228-6.00008-6,1,0,1,Multimaterial additive manufacturing of polymers,2025,Multi-material Additive Manufacturing,10.1016/b978-0-443-29228-6.00008-6,https://doi.org/10.1016/b978-0-443-29228-6.00008-6,low_relevance:1
crossref_only,Crossref,doi:10.1016/b978-0-443-29228-6.00014-1,1,0,1,Multimaterial additive manufacturing of sensors and actuators,2025,Multi-material Additive Manufacturing,10.1016/b978-0-443-29228-6.00014-1,https://doi.org/10.1016/b978-0-443-29228-6.00014-1,low_relevance:1
crossref_only,Crossref,doi:10.32562/mkk.2025.3-4.3,1,0,1,Defence Industry Applications for Multi-Material Additive Manufacturing,2025,Műszaki Katonai Közlöny,10.32562/mkk.2025.3-4.3,https://doi.org/10.32562/mkk.2025.3-4.3,low_relevance:1
crossref_only,Crossref,doi:10.1016/j.nanoen.2025.111593,1,0,1,Multi-material co-extrusion for precise 3D printing of miniaturized wearable TENG sensors,2026,Nano Energy,10.1016/j.nanoen.2025.111593,https://doi.org/10.1016/j.nanoen.2025.111593,low_relevance:1
crossref_only,Crossref,doi:10.26599/nr.2026.94908644,1,1,0,Architecting nanoconfined multiphase gels as a reprocessable and multistimuli-responsive 4D printing platform,2026,Nano Research,10.26599/nr.2026.94908644,https://doi.org/10.26599/nr.2026.94908644,
crossref_only,Crossref,doi:10.62441/nano-ntp.v20i6.39,1,0,1,Advancements in Wire Arc Additive Manufacturing of Functionally Graded Materials: Optimizing Compositional Gradients and Mechanical Performance: An Overview,2024,Nanotechnology Perceptions,10.62441/nano-ntp.v20i6.39,https://doi.org/10.62441/nano-ntp.v20i6.39,low_relevance:1
crossref_only,Crossref,doi:10.62441/nano-ntp.v20is12.15,1,0,1,Insights into Functionally Graded Materials Fabricated by Wire Arc Additive Manufacturing: A Comprehensive Review,2024,Nanotechnology Perceptions,10.62441/nano-ntp.v20is12.15,https://doi.org/10.62441/nano-ntp.v20is12.15,low_relevance:1
crossref_only,Crossref,doi:10.1038/s41467-024-45465-y,1,0,1,Author Correction: 3D-printed liquid metal polymer composites as NIR-responsive 4D printing soft robot,2024,Nature Communications,10.1038/s41467-024-45465-y,https://doi.org/10.1038/s41467-024-45465-y,low_relevance:1
crossref_only,Crossref,doi:10.1038/s43588-024-00669-6,1,0,1,Computational challenges in additive manufacturing for metamaterials design,2024,Nature Computational Science,10.1038/s43588-024-00669-6,https://doi.org/10.1038/s43588-024-00669-6,low_relevance:1
crossref_only,Crossref,doi:10.1038/s41578-025-00809-y,1,1,0,Multimaterial extrusion 3D printing printheads,2025,Nature Reviews Materials,10.1038/s41578-025-00809-y,https://doi.org/10.1038/s41578-025-00809-y,
crossref_only,Crossref,doi:10.18523/2617-3808.2025.8.132-137,1,1,0,Optimization of 3D Printing Laboratory Digital Twin Sensors Selection and Placement Based on Genetic Algorithms,2025,NaUKMA Research Papers. Computer Science,10.18523/2617-3808.2025.8.132-137,https://doi.org/10.18523/2617-3808.2025.8.132-137,
crossref_only,Crossref,doi:10.1016/j.nxmate.2026.102118,1,0,1,Polymer-based functionally graded multi-material additive manufacturing via material extrusion: Interfacial mechanisms and gradient design strategies,2026,Next Materials,10.1016/j.nxmate.2026.102118,https://doi.org/10.1016/j.nxmate.2026.102118,low_relevance:1
crossref_only,Crossref,doi:10.4018/979-8-3373-4287-0.ch013,1,0,1,Integrating Generative AI and Digital Twin Technologies for Smart Fabrication and Autonomous Manufacturing Workflows,2025,Next-Generation Electronic Textiles and Conductive Materials for Smart Wearables,10.4018/979-8-3373-4287-0.ch013,https://doi.org/10.4018/979-8-3373-4287-0.ch013,low_relevance:1
crossref_only,Crossref,doi:10.1038/s44334-024-00005-w,1,0,1,Multi-material vat photopolymerization 3D printing: a review of mechanisms and applications,2024,npj Advanced Manufacturing,10.1038/s44334-024-00005-w,https://doi.org/10.1038/s44334-024-00005-w,low_relevance:1
crossref_only,Crossref,doi:10.1038/s44334-025-00028-x,1,0,1,Rapid data acquisition and machine learning-assisted composition design of functionally graded alloys via wire arc additive manufacturing,2025,npj Advanced Manufacturing,10.1038/s44334-025-00028-x,https://doi.org/10.1038/s44334-025-00028-x,low_relevance:1
crossref_only,Crossref,doi:10.1038/s41524-025-01828-7,1,0,1,Autonomous closed-loop exploration of composition-spread films for the anomalous Hall effect,2025,npj Computational Materials,10.1038/s41524-025-01828-7,https://doi.org/10.1038/s41524-025-01828-7,low_relevance:1
crossref_only,Crossref,doi:10.1016/j.oceram.2024.100615,1,1,0,Densification and rheological behaviors of 8YSZ powders for Vat photopolymerization-based additive manufacturing,2024,Open Ceramics,10.1016/j.oceram.2024.100615,https://doi.org/10.1016/j.oceram.2024.100615,
crossref_only,Crossref,doi:10.1016/j.oceram.2024.100705,1,1,0,Development of aluminum oxide slurries for additive manufacturing by Bayesian optimization,2024,Open Ceramics,10.1016/j.oceram.2024.100705,https://doi.org/10.1016/j.oceram.2024.100705,
crossref_only,Crossref,doi:10.1016/j.oceram.2025.100775,1,0,1,"Corrigendum to “Multi-material functionally graded additive manufacturing of zirconia ceramic: A systematic review” [Open Ceramics, Volume 21 (2025), 100741]",2025,Open Ceramics,10.1016/j.oceram.2025.100775,https://doi.org/10.1016/j.oceram.2025.100775,low_relevance:1
crossref_only,Crossref,doi:10.1016/j.oceram.2025.100741,1,0,1,Multi-material functionally graded additive manufacturing of zirconia ceramic: A systematic review,2025,Open Ceramics,10.1016/j.oceram.2025.100741,https://doi.org/10.1016/j.oceram.2025.100741,low_relevance:1
crossref_only,Crossref,doi:10.1364/dh.2024.w5b.5,1,1,0,HoloTile for Volumetric Additive Manufacturing,2024,Optica Digital Holography and Three-Dimensional Imaging 2024 (DH),10.1364/dh.2024.w5b.5,https://doi.org/10.1364/dh.2024.w5b.5,
crossref_only,Crossref,doi:10.1016/j.optlastec.2025.113781,1,0,1,Study on the microstructure and properties of TC4-Cu functionally graded alloy fabricated by laser wire-powder synchronous additive manufacturing,2025,Optics &amp; Laser Technology,10.1016/j.optlastec.2025.113781,https://doi.org/10.1016/j.optlastec.2025.113781,low_relevance:1
crossref_only,Crossref,doi:10.1364/oe.544010,1,1,0,Intensity-coupled multi-beam phase retrieval for holographic volumetric additive manufacturing,2024,Optics Express,10.1364/oe.544010,https://doi.org/10.1364/oe.544010,
crossref_only,Crossref,doi:10.1364/oe.525826,1,1,0,Two-color 3D printing for reduction in femtosecond laser printing power,2024,Optics Express,10.1364/oe.525826,https://doi.org/10.1364/oe.525826,
crossref_only,Crossref,doi:10.1364/oe.521322,1,1,0,Wave optical model for tomographic volumetric additive manufacturing,2024,Optics Express,10.1364/oe.521322,https://doi.org/10.1364/oe.521322,
crossref_only,Crossref,doi:10.1364/oe.540200,1,1,0,Detection and correction of misalignment for high fidelity volumetric additive manufacturing,2025,Optics Express,10.1364/oe.540200,https://doi.org/10.1364/oe.540200,
crossref_only,Crossref,doi:10.1007/s11081-026-10098-1,1,0,1,Multi-material structural optimization for additive manufacturing based on a phase field approach,2026,Optimization and Engineering,10.1007/s11081-026-10098-1,https://doi.org/10.1007/s11081-026-10098-1,low_relevance:1
crossref_only,Crossref,doi:10.1364/prj.519652,1,1,0,Terahertz sensing with a 3D meta-absorbing chip based on two-photon polymerization printing,2024,Photonics Research,10.1364/prj.519652,https://doi.org/10.1364/prj.519652,
crossref_only,Crossref,doi:10.1108/prt-10-2025-0110,1,1,0,"Functional inks for 3D printing: a review of materials, rheology and industrial applications",2025,Pigment &amp; Resin Technology,10.1108/prt-10-2025-0110,https://doi.org/10.1108/prt-10-2025-0110,
crossref_only,Crossref,doi:10.14314/polimery.2024.11.4,1,0,1,Application of cyber-physical systems for additive manufacturing of polymer products,2024,Polimery,10.14314/polimery.2024.11.4,https://doi.org/10.14314/polimery.2024.11.4,low_relevance:1
crossref_only,Crossref,doi:10.1556/606.2025.01511,1,1,0,Digital twin model for performance analysis and manufacturing process optimization,2026,Pollack Periodica,10.1556/606.2025.01511,https://doi.org/10.1556/606.2025.01511,
crossref_only,Crossref,doi:10.1016/j.polymer.2024.127252,1,0,1,4D printing of biobased shape memory sandwich structures,2024,Polymer,10.1016/j.polymer.2024.127252,https://doi.org/10.1016/j.polymer.2024.127252,low_relevance:1
crossref_only,Crossref,doi:10.1016/j.polymer.2025.129066,1,0,1,4D printing of shape-memory fluorescent liquid crystal hydrogels,2025,Polymer,10.1016/j.polymer.2025.129066,https://doi.org/10.1016/j.polymer.2025.129066,low_relevance:1
crossref_only,Crossref,doi:10.1016/j.polymer.2025.128868,1,1,0,Advancing green additive manufacturing: Epoxidized vegetable oils for room-temperature photopolymerization 3D printing,2025,Polymer,10.1016/j.polymer.2025.128868,https://doi.org/10.1016/j.polymer.2025.128868,
crossref_only,Crossref,doi:10.1016/j.polymer.2026.130199,1,0,1,Analysis and characterization of influence of PLA printing parameters on 4D printing retention time under thermal stimulus,2026,Polymer,10.1016/j.polymer.2026.130199,https://doi.org/10.1016/j.polymer.2026.130199,low_relevance:1
crossref_only,Crossref,doi:10.1039/d5py00603a,1,1,0,A thiol-functional amine synergist as a co-initiator for DLP 3D printing applications,2025,Polymer Chemistry,10.1039/d5py00603a,https://doi.org/10.1039/d5py00603a,
crossref_only,Crossref,doi:10.1002/pc.71100,1,0,1,Non‐Planar Slicing and Inverse‐Projection Path Planning for Three‐Axis Coordinated Additive Manufacturing of Continuous Fiber Composites,2026,Polymer Composites,10.1002/pc.71100,https://doi.org/10.1002/pc.71100,low_relevance:1
crossref_only,Crossref,doi:10.1080/15583724.2024.2427184,1,0,1,4D Printing of Physical Stimuli-Responsive Hydrogels for Localized Drug Delivery and Tissue Engineering,2025,Polymer Reviews,10.1080/15583724.2024.2427184,https://doi.org/10.1080/15583724.2024.2427184,low_relevance:1
crossref_only,Crossref,doi:10.1016/j.polymertesting.2024.108366,1,0,1,Investigation of the bonding behavior between thermosets and thermoplastic elastomers in multi-material additive manufacturing,2024,Polymer Testing,10.1016/j.polymertesting.2024.108366,https://doi.org/10.1016/j.polymertesting.2024.108366,low_relevance:1
crossref_only,Crossref,doi:10.3390/polym16172434,1,1,0,Polymer Matrix Nanocomposites Fabricated with Copper Nanoparticles and Photopolymer Resin via Vat Photopolymerization Additive Manufacturing,2024,Polymers,10.3390/polym16172434,https://doi.org/10.3390/polym16172434,
crossref_only,Crossref,doi:10.3390/polym17131800,1,0,1,Additive Manufacturing of Thermoset Elastomer–Thermoplastic Composites Using Dual-Extrusion Printing,2025,Polymers,10.3390/polym17131800,https://doi.org/10.3390/polym17131800,low_relevance:1
crossref_only,Crossref,doi:10.3390/polym17233236,1,0,1,An Euler Graph-Based Path Planning Method for Additive Manufacturing Thin-Walled Cellular Structures of Continuous Fiber-Reinforced Thermoplastic Composites,2025,Polymers,10.3390/polym17233236,https://doi.org/10.3390/polym17233236,low_relevance:1
crossref_only,Crossref,doi:10.3390/polym17162215,1,0,1,Digital Twin-Enabled Extrusion Control for High-Fidelity Printing of Polymers,2025,Polymers,10.3390/polym17162215,https://doi.org/10.3390/polym17162215,low_relevance:1
crossref_only,Crossref,doi:10.3390/polym17101354,1,1,0,Influence of Resin Composition on the Photopolymerization of Zirconia Ceramics Fabricated by Digital Light Processing Additive Manufacturing,2025,Polymers,10.3390/polym17101354,https://doi.org/10.3390/polym17101354,
crossref_only,Crossref,doi:10.3390/polym18091019,1,1,0,Recent Advances in Additively Manufactured Polymeric Structures for Mechanical Energy Absorption,2026,Polymers,10.3390/polym18091019,https://doi.org/10.3390/polym18091019,
crossref_only,Crossref,doi:10.26678/abcm.cobef2025.cof25-0213,1,1,0,Design and Fabrication of 3D-Printed Molds for Silicone Soft Grippers For Robotic Applications,2025,Procceedings of the 13th Brazilian Congress on Manufacturing Engineering,10.26678/abcm.cobef2025.cof25-0213,https://doi.org/10.26678/abcm.cobef2025.cof25-0213,
crossref_only,Crossref,doi:10.1016/j.procir.2024.05.099,1,1,0,Design and manufacturing of integrated fluidic channels in glass parts by vat-photopolymerization additive manufacturing,2024,Procedia CIRP,10.1016/j.procir.2024.05.099,https://doi.org/10.1016/j.procir.2024.05.099,
crossref_only,Crossref,doi:10.1016/j.procir.2024.10.001,1,0,1,Erratum to 'Material-tailored tool inserts for injection moulding using material extrusion multi-material Additive Manufacturing' [Procedia CIRP 124 (2024) 231-234],2024,Procedia CIRP,10.1016/j.procir.2024.10.001,https://doi.org/10.1016/j.procir.2024.10.001,low_relevance:1
crossref_only,Crossref,doi:10.1016/j.procir.2024.08.106,1,0,1,Material-tailored tool inserts for injection moulding using material extrusion multi-material Additive Manufacturing,2024,Procedia CIRP,10.1016/j.procir.2024.08.106,https://doi.org/10.1016/j.procir.2024.08.106,low_relevance:1
crossref_only,Crossref,doi:10.1016/j.procir.2024.07.027,1,0,1,Reflective optical mirror group assembly process optimization method based on accurate digital twin,2024,Procedia CIRP,10.1016/j.procir.2024.07.027,https://doi.org/10.1016/j.procir.2024.07.027,low_relevance:1
crossref_only,Crossref,doi:10.1016/j.procir.2023.09.231,1,0,1,Towards a surrogate spatiotemporal model of additive manufacturing for digital twin-based process control,2024,Procedia CIRP,10.1016/j.procir.2023.09.231,https://doi.org/10.1016/j.procir.2023.09.231,low_relevance:1
crossref_only,Crossref,doi:10.1016/j.procir.2024.10.054,1,1,0,Towards Scarless Support Removal in Vat Photopolymerization Additive Manufacturing for Mass Manufacturing of Precision Components,2024,Procedia CIRP,10.1016/j.procir.2024.10.054,https://doi.org/10.1016/j.procir.2024.10.054,
crossref_only,Crossref,doi:10.1016/j.procir.2025.02.211,1,0,1,A knowledge graph-based operational data representation method of digital twin shop-floor towards smart manufacturing,2025,Procedia CIRP,10.1016/j.procir.2025.02.211,https://doi.org/10.1016/j.procir.2025.02.211,low_relevance:1
crossref_only,Crossref,doi:10.1016/j.procir.2025.02.194,1,0,1,Digital Twin Driven Quality Control in Smart Mobile Factories: A Framework in Precast Manufacturing,2025,Procedia CIRP,10.1016/j.procir.2025.02.194,https://doi.org/10.1016/j.procir.2025.02.194,low_relevance:1
crossref_only,Crossref,doi:10.1016/j.procir.2025.01.014,1,1,0,"Lithography-based additive manufacturing of steel metamaterials: effect of sintering temperature on shape distortion, microstructure and mechanical properties",2025,Procedia CIRP,10.1016/j.procir.2025.01.014,https://doi.org/10.1016/j.procir.2025.01.014,
crossref_only,Crossref,doi:10.1016/j.procir.2025.01.018,1,1,0,Sintering-based lithography metal additive manufacturing of chiral mechanical metamaterials with a twist,2025,Procedia CIRP,10.1016/j.procir.2025.01.018,https://doi.org/10.1016/j.procir.2025.01.018,
crossref_only,Crossref,doi:10.1016/j.procir.2026.01.152,1,0,1,Digital Twin and Demand Response – Sustainable Tools for Quality and Energy Consumption Optimization in Manufacturing,2026,Procedia CIRP,10.1016/j.procir.2026.01.152,https://doi.org/10.1016/j.procir.2026.01.152,low_relevance:1
crossref_only,Crossref,doi:10.1016/j.procir.2026.05.329,1,0,1,Digital Twin Prototype for an Automated Post-Processing Chain in Additive Manufacturing,2026,Procedia CIRP,10.1016/j.procir.2026.05.329,https://doi.org/10.1016/j.procir.2026.05.329,low_relevance:1
crossref_only,Crossref,doi:10.1016/j.procir.2026.05.276,1,0,1,"IWK 5X –An Open-Source Multi-Axis, Multi-Material 3D Printer for Material Extrusion",2026,Procedia CIRP,10.1016/j.procir.2026.05.276,https://doi.org/10.1016/j.procir.2026.05.276,low_relevance:1
crossref_only,Crossref,doi:10.1016/j.procs.2025.05.160,1,0,1,Optimization and scheduling of intelligent manufacturing workshop based on digital twin technology,2025,Procedia Computer Science,10.1016/j.procs.2025.05.160,https://doi.org/10.1016/j.procs.2025.05.160,low_relevance:1
crossref_only,Crossref,doi:10.1016/j.procs.2026.05.030,1,1,0,Optimization of Mechanical Manufacturing Process Based on Digital Twin Technology,2026,Procedia Computer Science,10.1016/j.procs.2026.05.030,https://doi.org/10.1016/j.procs.2026.05.030,
crossref_only,Crossref,doi:10.63438/leij4384,1,0,1,A manufacturing process digital twin network addressing  business added value,2025,Proceedings &amp; Highlights -Emerging Tech Conference Edge Intelligence 2022,10.63438/leij4384,https://doi.org/10.63438/leij4384,low_relevance:1
crossref_only,Crossref,doi:10.35199/norddesign2024.19,1,0,1,Digital Twin in Architectural Design Process: Foetal Twin Test Kit,2024,Proceedings of NordDesign 2024,10.35199/norddesign2024.19,https://doi.org/10.35199/norddesign2024.19,low_relevance:1
crossref_only,Crossref,doi:10.21012/fc12.1140,1,0,1,Multi-material printing to simultaneously enhance interlayer and flexural performance in 3D concrete printing,2025,Proceedings of the 12th International Conference on Fracture Mechanics for Concrete and Concrete Structures,10.21012/fc12.1140,https://doi.org/10.21012/fc12.1140,low_relevance:1
crossref_only,Crossref,doi:10.5220/0013459200003970,1,1,0,Digital Twin Concept for a Novel Aerosol-on-Demand Jet-Printing System,2025,"Proceedings of the 15th International Conference on Simulation and Modeling Methodologies, Technologies and Applications",10.5220/0013459200003970,https://doi.org/10.5220/0013459200003970,
crossref_only,Crossref,doi:10.64920/icbi25049,1,0,1,"SYSTEMATIC LITERATURE REVIEW ON DIGITAL TWIN-ENABLED PROCESS OPTIMISATION IN LARGE-SCALE APPAREL MANUFACTURING: FRAMEWORKS, FACTORS, AND APPLICATIONS IN DEVELOPING ECONOMIES",2025,Proceedings of the 16th International Conference on Business and Information (ICBI) - 2025,10.64920/icbi25049,https://doi.org/10.64920/icbi25049,low_relevance:1
crossref_only,Crossref,doi:10.1145/3756423.3756560,1,0,1,A Study on the Application of Artificial Intelligence in Digital Twin Monitoring of Building Structural Health,2025,Proceedings of the 2025 International Conference on Artificial Intelligence and Smart Manufacturing,10.1145/3756423.3756560,https://doi.org/10.1145/3756423.3756560,low_relevance:1
crossref_only,Crossref,doi:10.1145/3756423.3756532,1,0,1,Application Practice of AI Empowered Digital Twin Smart Campus Scene Design,2025,Proceedings of the 2025 International Conference on Artificial Intelligence and Smart Manufacturing,10.1145/3756423.3756532,https://doi.org/10.1145/3756423.3756532,low_relevance:1
crossref_only,Crossref,doi:10.1145/3756423.3756495,1,0,1,Research and Development of Key Technologies for Digital Twin Intelligent Production Line System,2025,Proceedings of the 2025 International Conference on Artificial Intelligence and Smart Manufacturing,10.1145/3756423.3756495,https://doi.org/10.1145/3756423.3756495,low_relevance:1
crossref_only,Crossref,doi:10.1145/3756423.3756494,1,0,1,Research on digital twin method of four-axis robotic arm,2025,Proceedings of the 2025 International Conference on Artificial Intelligence and Smart Manufacturing,10.1145/3756423.3756494,https://doi.org/10.1145/3756423.3756494,low_relevance:1
crossref_only,Crossref,doi:10.1145/3756423.3756455,1,0,1,Research on the virtual simulation system of intelligent manufacturing production line teaching based on digital twin,2025,Proceedings of the 2025 International Conference on Artificial Intelligence and Smart Manufacturing,10.1145/3756423.3756455,https://doi.org/10.1145/3756423.3756455,low_relevance:1
crossref_only,Crossref,doi:10.1145/3772318.3791317,1,0,1,Xspine: Integrating Motion Sensing Capability into Dynamic Structures Using Multi-material FDM 3D Printing,2026,Proceedings of the 2026 CHI Conference on Human Factors in Computing Systems,10.1145/3772318.3791317,https://doi.org/10.1145/3772318.3791317,low_relevance:1
crossref_only,Crossref,doi:10.5220/0013944900003982,1,1,0,Automated Computational Workflow for the Parametric Design and Optimization of a 3D-Printed Fin Ray Effect Soft Robotic Finger,2025,"Proceedings of the 22nd International Conference on Informatics in Control, Automation and Robotics",10.5220/0013944900003982,https://doi.org/10.5220/0013944900003982,
crossref_only,Crossref,doi:10.26678/abcm.cobem2023.cob2023-0208,1,0,1,Development of a Digital Twin for a Robotic Additive Manufacturing System Based on Laser Metal Deposition (LMD) Process,2025,Proceedings of the 27th International Congress of Mechanical Engineering,10.26678/abcm.cobem2023.cob2023-0208,https://doi.org/10.26678/abcm.cobem2023.cob2023-0208,low_relevance:1
crossref_only,Crossref,doi:10.26678/abcm.cobem2025.cob2025-0519,1,1,0,Vat photopolymerization of 316L stainless steel: anisotropy analysis in metal additive manufacturing,2025,Proceedings of the 28th International Congress of Mechanical Engineering,10.26678/abcm.cobem2025.cob2025-0519,https://doi.org/10.26678/abcm.cobem2025.cob2025-0519,
crossref_only,Crossref,doi:10.1145/3746237.3746292,1,0,1,Reconstruction of the Etemenanki temple tower in Babylon using digital twin and additive manufacturing,2025,Proceedings of the 30th International Conference on 3D Web Technology,10.1145/3746237.3746292,https://doi.org/10.1145/3746237.3746292,low_relevance:1
crossref_only,Crossref,doi:10.5220/0013547700004664,1,0,1,Algorithm Optimization and Verification of Transmission Line Digital Twin and Physical Model,2025,Proceedings of the 3rd International Conference on Futuristic Technology,10.5220/0013547700004664,https://doi.org/10.5220/0013547700004664,low_relevance:1
crossref_only,Crossref,doi:10.46620/ursiaprasc25/mooq4873,1,0,1,3D/4D Printing Multi-Material and Shape-Memory Devices for Wireless Electronics,2025,Proceedings of the 7th URSI Asia-Pacific RadioScience Conference – AP-RASC 2025,10.46620/ursiaprasc25/mooq4873,https://doi.org/10.46620/ursiaprasc25/mooq4873,low_relevance:1
crossref_only,Crossref,doi:10.1145/3706599.3720059,1,0,1,AcceloPrint: Fabricating Customizable Accelerometers with Multi-Material 3D Printing,2025,Proceedings of the Extended Abstracts of the CHI Conference on Human Factors in Computing Systems,10.1145/3706599.3720059,https://doi.org/10.1145/3706599.3720059,low_relevance:1
crossref_only,Crossref,doi:10.1145/3706599.3719935,1,1,0,EasyFDM: AI-Assisted Multimaterial 3D Printing with Text and Image Representation,2025,Proceedings of the Extended Abstracts of the CHI Conference on Human Factors in Computing Systems,10.1145/3706599.3719935,https://doi.org/10.1145/3706599.3719935,
crossref_only,Crossref,doi:10.1177/14644207241262183,1,0,1,Manufacturing and behavioral analysis of functionally graded material fabricated via wire arc additive manufacturing,2025,"Proceedings of the Institution of Mechanical Engineers, Part L: Journal of Materials: Design and Applications",10.1177/14644207241262183,https://doi.org/10.1177/14644207241262183,low_relevance:1
crossref_only,Crossref,doi:10.46254/gc02.20240078,1,0,1,Exploration of Multi-Material 3D Printing Techniques For Complex Mechanical Components,2024,Proceedings of the International Conference on Industrial Engineering and Operations Management,10.46254/gc02.20240078,https://doi.org/10.46254/gc02.20240078,low_relevance:1
crossref_only,Crossref,doi:10.46254/na10.20250128,1,0,1,Enhancing Manufacturing Efficiency Through Digital Twin Implementation,2025,Proceedings of the International Conference on Industrial Engineering and Operations Management,10.46254/na10.20250128,https://doi.org/10.46254/na10.20250128,low_relevance:1
crossref_only,Crossref,doi:10.1145/3721238.3730708,1,0,1,Color Matching and Biomimicry for Multi-Material Dental 3D Printing,2025,Proceedings of the Special Interest Group on Computer Graphics and Interactive Techniques Conference Conference Papers,10.1145/3721238.3730708,https://doi.org/10.1145/3721238.3730708,low_relevance:1
crossref_only,Crossref,doi:10.1007/s41660-024-00478-4,1,0,1,Innovative Horizons for Sustainable Smart Energy: Exploring the Synergy of 5G and Digital Twin Technologies,2025,Process Integration and Optimization for Sustainability,10.1007/s41660-024-00478-4,https://doi.org/10.1007/s41660-024-00478-4,low_relevance:1
crossref_only,Crossref,doi:10.1016/j.psep.2025.107345,1,0,1,Research on optimization method of coal mine safety investment driven by digital twin-enabled INFO-SVR,2025,Process Safety and Environmental Protection,10.1016/j.psep.2025.107345,https://doi.org/10.1016/j.psep.2025.107345,low_relevance:1
crossref_only,Crossref,doi:10.3390/pr12010211,1,0,1,"Digital Twin Enabled Process Development, Optimization and Control in Lyophilization for Enhanced Biopharmaceutical Production",2024,Processes,10.3390/pr12010211,https://doi.org/10.3390/pr12010211,low_relevance:1
crossref_only,Crossref,doi:10.3390/pr12061062,1,0,1,Digital Twin Implementation in Additive Manufacturing: A Comprehensive Review,2024,Processes,10.3390/pr12061062,https://doi.org/10.3390/pr12061062,low_relevance:1
crossref_only,Crossref,doi:10.3390/pr13082335,1,0,1,Digital-Twin-Enabled Process Monitoring for a Robotic Additive Manufacturing Cell Using Wire-Based Laser Metal Deposition,2025,Processes,10.3390/pr13082335,https://doi.org/10.3390/pr13082335,low_relevance:1
crossref_only,Crossref,doi:10.3390/pr14121873,1,0,1,Digital Twin Technology for TIDES Process Development and Manufacturing,2026,Processes,10.3390/pr14121873,https://doi.org/10.3390/pr14121873,low_relevance:1
crossref_only,Crossref,doi:10.1080/21693277.2025.2507954,1,0,1,Digital twin driven factory and production planning (FPP),2025,Production &amp; Manufacturing Research,10.1080/21693277.2025.2507954,https://doi.org/10.1080/21693277.2025.2507954,low_relevance:1
crossref_only,Crossref,doi:10.1007/s40964-024-00582-4,1,0,1,A preliminary study on multi-material fused filament fabrication of an embedded strain gauge for low-cost real-time monitoring of part strain,2024,Progress in Additive Manufacturing,10.1007/s40964-024-00582-4,https://doi.org/10.1007/s40964-024-00582-4,low_relevance:1
crossref_only,Crossref,doi:10.1007/s40964-023-00562-0,1,1,0,Characterizing photopolymer resins for high-temperature vat photopolymerization,2024,Progress in Additive Manufacturing,10.1007/s40964-023-00562-0,https://doi.org/10.1007/s40964-023-00562-0,
crossref_only,Crossref,doi:10.1007/s40964-024-00617-w,1,0,1,Factors affecting interface bonding in multi-material additive manufacturing,2024,Progress in Additive Manufacturing,10.1007/s40964-024-00617-w,https://doi.org/10.1007/s40964-024-00617-w,low_relevance:1
crossref_only,Crossref,doi:10.1007/s40964-024-00570-8,1,0,1,Investigating enhanced interfacial adhesion in multi-material filament 3D printing: a comparative study of t and Mickey Mouse geometries,2024,Progress in Additive Manufacturing,10.1007/s40964-024-00570-8,https://doi.org/10.1007/s40964-024-00570-8,low_relevance:1
crossref_only,Crossref,doi:10.1007/s40964-024-00578-0,1,0,1,Microscopic evaluation of polymer–polymer interfaces in multi-material additive manufacturing,2024,Progress in Additive Manufacturing,10.1007/s40964-024-00578-0,https://doi.org/10.1007/s40964-024-00578-0,low_relevance:1
crossref_only,Crossref,doi:10.1007/s40964-024-00926-0,1,0,1,A bi-material FDM system with reinforced mixing and cooling for uniform material mixing and broad functionality,2025,Progress in Additive Manufacturing,10.1007/s40964-024-00926-0,https://doi.org/10.1007/s40964-024-00926-0,low_relevance:1
crossref_only,Crossref,doi:10.1007/s40964-024-00726-6,1,0,1,A novel framework for identification of cyber-physical attacks in additive manufacturing,2025,Progress in Additive Manufacturing,10.1007/s40964-024-00726-6,https://doi.org/10.1007/s40964-024-00726-6,low_relevance:1
crossref_only,Crossref,doi:10.1007/s40964-024-00746-2,1,0,1,A TSP-based continuous path planning for additive manufacturing of concrete,2025,Progress in Additive Manufacturing,10.1007/s40964-024-00746-2,https://doi.org/10.1007/s40964-024-00746-2,low_relevance:1
crossref_only,Crossref,doi:10.1007/s40964-025-01163-9,1,0,1,An interlaced toolpath strategy for void reduction in material extrusion additive manufacturing,2025,Progress in Additive Manufacturing,10.1007/s40964-025-01163-9,https://doi.org/10.1007/s40964-025-01163-9,low_relevance:1
crossref_only,Crossref,doi:10.1007/s40964-025-01221-2,1,0,1,Cohesive zone modeling to predict multi-material additive manufacturing interfaces behavior,2025,Progress in Additive Manufacturing,10.1007/s40964-025-01221-2,https://doi.org/10.1007/s40964-025-01221-2,low_relevance:1
crossref_only,Crossref,doi:10.1007/s40964-025-01274-3,1,0,1,Computational design of 3D printed flexible Voronoi lattices,2025,Progress in Additive Manufacturing,10.1007/s40964-025-01274-3,https://doi.org/10.1007/s40964-025-01274-3,low_relevance:1
crossref_only,Crossref,doi:10.1007/s40964-025-01209-y,1,0,1,"Design, additive manufacturing, and machine learning prediction of multi-material diamond TPMS structure for improved mechanical performance",2025,Progress in Additive Manufacturing,10.1007/s40964-025-01209-y,https://doi.org/10.1007/s40964-025-01209-y,low_relevance:1
crossref_only,Crossref,doi:10.1007/s40964-024-00823-6,1,0,1,Development of ferritic–austenitic functionally graded structure via twin wire arc additive manufacturing route,2025,Progress in Additive Manufacturing,10.1007/s40964-024-00823-6,https://doi.org/10.1007/s40964-024-00823-6,low_relevance:1
crossref_only,Crossref,doi:10.1007/s40964-024-00723-9,1,1,0,Development of high-precision Fresnel lenses for alcohol sensing using vat photopolymerization additive manufacturing,2025,Progress in Additive Manufacturing,10.1007/s40964-024-00723-9,https://doi.org/10.1007/s40964-024-00723-9,
crossref_only,Crossref,doi:10.1007/s40964-025-01227-w,1,0,1,Digital twin-driven real-time optimization of layer-specific surface roughness in FDM 3D printing,2025,Progress in Additive Manufacturing,10.1007/s40964-025-01227-w,https://doi.org/10.1007/s40964-025-01227-w,low_relevance:1
crossref_only,Crossref,doi:10.1007/s40964-025-01220-3,1,1,0,Hybrid framework for assessing additive manufacturing complexity index: integration of analytical hierarchy process and machine learning for VAT photopolymerization,2025,Progress in Additive Manufacturing,10.1007/s40964-025-01220-3,https://doi.org/10.1007/s40964-025-01220-3,
crossref_only,Crossref,doi:10.1007/s40964-025-01326-8,1,1,0,Minimizing stress concentrations through material optimization with grayscale vat photopolymerization,2025,Progress in Additive Manufacturing,10.1007/s40964-025-01326-8,https://doi.org/10.1007/s40964-025-01326-8,
crossref_only,Crossref,doi:10.1007/s40964-025-01080-x,1,0,1,Multi-material additive manufacturing of Yoshimura origami triangulated cylinder,2025,Progress in Additive Manufacturing,10.1007/s40964-025-01080-x,https://doi.org/10.1007/s40964-025-01080-x,low_relevance:1
crossref_only,Crossref,doi:10.1007/s40964-025-00978-w,1,0,1,Quality assurance via a cyber physical system of a PBF-LB/M machine,2025,Progress in Additive Manufacturing,10.1007/s40964-025-00978-w,https://doi.org/10.1007/s40964-025-00978-w,low_relevance:1
crossref_only,Crossref,doi:10.1007/s40964-025-01112-6,1,0,1,Recent developments in the field of additive manufacturing of ceramic-based multi-material components open the door to highly functionalized components,2025,Progress in Additive Manufacturing,10.1007/s40964-025-01112-6,https://doi.org/10.1007/s40964-025-01112-6,low_relevance:1
crossref_only,Crossref,doi:10.1007/s40964-025-00988-8,1,1,0,Towards a digital twin of extrusion-based additive manufacturing: an experimentally validated numerical model of ironing process,2025,Progress in Additive Manufacturing,10.1007/s40964-025-00988-8,https://doi.org/10.1007/s40964-025-00988-8,
crossref_only,Crossref,doi:10.1007/s40964-026-01669-w,1,1,0,A fuzzy AHP-based additive manufacturing complexity index for optimizing VAT photopolymerization designs,2026,Progress in Additive Manufacturing,10.1007/s40964-026-01669-w,https://doi.org/10.1007/s40964-026-01669-w,
crossref_only,Crossref,doi:10.1007/s40964-025-01363-3,1,0,1,A voxelization method for multi-color and multi-material 3D printing models based on slice-to-volume reconstruction,2026,Progress in Additive Manufacturing,10.1007/s40964-025-01363-3,https://doi.org/10.1007/s40964-025-01363-3,low_relevance:1
crossref_only,Crossref,doi:10.1007/s40964-025-01405-w,1,0,1,Additive manufacturing of Fe–Cr–Co magnet structures with a functionally graded chemical composition,2026,Progress in Additive Manufacturing,10.1007/s40964-025-01405-w,https://doi.org/10.1007/s40964-025-01405-w,low_relevance:1
crossref_only,Crossref,doi:10.1007/s40964-025-01399-5,1,0,1,"Design, testing and manufacturing of a metal–metal functionally graded material (SS316L-Cu) using wire arc additive manufacturing",2026,Progress in Additive Manufacturing,10.1007/s40964-025-01399-5,https://doi.org/10.1007/s40964-025-01399-5,low_relevance:1
crossref_only,Crossref,doi:10.1007/s40964-026-01608-9,1,0,1,Development and characterization of functionally graded Al–SS316L material via hybrid cold spray and wire arc additive manufacturing,2026,Progress in Additive Manufacturing,10.1007/s40964-026-01608-9,https://doi.org/10.1007/s40964-026-01608-9,low_relevance:1
crossref_only,Crossref,doi:10.1007/s40964-025-01451-4,1,0,1,Stress-field driven functionally graded lattice structures-based design and fabrication of transfemoral prosthetic socket using multi-material extrusion process,2026,Progress in Additive Manufacturing,10.1007/s40964-025-01451-4,https://doi.org/10.1007/s40964-025-01451-4,low_relevance:1
crossref_only,Crossref,doi:10.1108/rpj-04-2023-0133,1,1,0,Deep learning assisted fabrication of metallic components using the robotic wire arc additive manufacturing,2024,Rapid Prototyping Journal,10.1108/rpj-04-2023-0133,https://doi.org/10.1108/rpj-04-2023-0133,
crossref_only,Crossref,doi:10.1108/rpj-02-2024-0091,1,1,0,Digital twin–driven optimization of laser powder bed fusion processes: a focus on lack-of-fusion defects,2024,Rapid Prototyping Journal,10.1108/rpj-02-2024-0091,https://doi.org/10.1108/rpj-02-2024-0091,
crossref_only,Crossref,doi:10.1108/rpj-02-2024-0083,1,1,0,Optimizing time in additive manufacturing: a hybrid fused deposition modeling and photopolymerization approach,2024,Rapid Prototyping Journal,10.1108/rpj-02-2024-0083,https://doi.org/10.1108/rpj-02-2024-0083,
crossref_only,Crossref,doi:10.1108/rpj-10-2024-0428,1,0,1,Enhancing interlayer bonding in short fibre-reinforced material extrusion additive manufacturing via a novel lift toolpath,2025,Rapid Prototyping Journal,10.1108/rpj-10-2024-0428,https://doi.org/10.1108/rpj-10-2024-0428,low_relevance:1
crossref_only,Crossref,doi:10.1108/rpj-10-2024-0440,1,0,1,Linking directed energy deposition process toolpaths to FEM to study the toolpath/geometry role on residual stress formation for multi-layer components,2025,Rapid Prototyping Journal,10.1108/rpj-10-2024-0440,https://doi.org/10.1108/rpj-10-2024-0440,low_relevance:1
crossref_only,Crossref,doi:10.1108/rpj-05-2025-0167,1,0,1,Embedded direct ink writing of 4D printed tracheal scaffold for airway tissue engineering,2026,Rapid Prototyping Journal,10.1108/rpj-05-2025-0167,https://doi.org/10.1108/rpj-05-2025-0167,low_relevance:1
crossref_only,Crossref,doi:10.1108/rpj-03-2025-0093,1,0,1,Machine learning-based microhardness prediction and microstructural analysis of Stainless Steel 316-Inconel 718 functionally graded material through metal additive manufacturing,2026,Rapid Prototyping Journal,10.1108/rpj-03-2025-0093,https://doi.org/10.1108/rpj-03-2025-0093,low_relevance:1
crossref_only,Crossref,doi:10.34133/research.0847,1,0,1,4D Printing of Magnetically Responsive Materials and Their Applications,2025,Research,10.34133/research.0847,https://doi.org/10.34133/research.0847,low_relevance:1
crossref_only,Crossref,doi:10.34133/research.0889,1,0,1,Continuous Multi-Material Additive Manufacturing,2025,Research,10.34133/research.0889,https://doi.org/10.34133/research.0889,low_relevance:1
crossref_only,Crossref,doi:10.34133/research.1174,1,0,1,Integrated 3D Printing of Liquid Metal and Elastomer for Soft Robots and Electronics,2026,Research,10.34133/research.1174,https://doi.org/10.34133/research.1174,low_relevance:1
crossref_only,Crossref,doi:10.1080/09349847.2024.2440353,1,0,1,Applying Digital Twin Methods for Process-Structure-Property Correlation Assessment in Metal Additive Manufacturing with Limited Experimental Data,2025,Research in Nondestructive Evaluation,10.1080/09349847.2024.2440353,https://doi.org/10.1080/09349847.2024.2440353,low_relevance:1
crossref_only,Crossref,doi:10.1002/rpm2.62,1,0,1,Advances in 4D printing of biodegradable photopolymers,2024,Responsive Materials,10.1002/rpm2.62,https://doi.org/10.1002/rpm2.62,low_relevance:1
crossref_only,Crossref,doi:10.1002/rpm.20240008,1,0,1,Advances in 4D printing of biodegradable photopolymers,2024,Responsive Materials,10.1002/rpm.20240008,https://doi.org/10.1002/rpm.20240008,low_relevance:1
crossref_only,Crossref,doi:10.1002/rpm2.70038,1,0,1,Development of 4D printing and its performance testing methods,2026,Responsive Materials,10.1002/rpm2.70038,https://doi.org/10.1002/rpm2.70038,low_relevance:1
crossref_only,Crossref,doi:10.1016/j.rineng.2025.105480,1,0,1,Computational design methodology for additive manufacturing to enhance customised products and process management efficiency,2025,Results in Engineering,10.1016/j.rineng.2025.105480,https://doi.org/10.1016/j.rineng.2025.105480,low_relevance:1
crossref_only,Crossref,doi:10.1016/j.rineng.2026.109873,1,0,1,Functionally graded IN718-WC composites cladding on 17-4 ph martensitic stainless steel via laser powder bed fusion additive manufacturing,2026,Results in Engineering,10.1016/j.rineng.2026.109873,https://doi.org/10.1016/j.rineng.2026.109873,low_relevance:1
crossref_only,Crossref,doi:10.1016/j.rinma.2026.100906,1,1,0,Design and evaluation of 3D-printed soft pneumatic actuators,2026,Results in Materials,10.1016/j.rinma.2026.100906,https://doi.org/10.1016/j.rinma.2026.100906,
crossref_only,Crossref,doi:10.1186/s40648-025-00314-5,1,1,0,3D-Printed soft pneumatic actuators: enhancing flexible gripper capabilities,2025,ROBOMECH Journal,10.1186/s40648-025-00314-5,https://doi.org/10.1186/s40648-025-00314-5,
crossref_only,Crossref,doi:10.1016/j.rcim.2023.102667,1,0,1,A multi-dimensional evolution modeling method for digital twin process model,2024,Robotics and Computer-Integrated Manufacturing,10.1016/j.rcim.2023.102667,https://doi.org/10.1016/j.rcim.2023.102667,low_relevance:1
crossref_only,Crossref,doi:10.1016/j.rcim.2024.102762,1,0,1,Digital twin enhanced quality prediction method of powder compaction process,2024,Robotics and Computer-Integrated Manufacturing,10.1016/j.rcim.2024.102762,https://doi.org/10.1016/j.rcim.2024.102762,low_relevance:1
crossref_only,Crossref,doi:10.1016/j.rcim.2023.102633,1,0,1,Hybrid path planning method based on skeleton contour partitioning for robotic additive manufacturing,2024,Robotics and Computer-Integrated Manufacturing,10.1016/j.rcim.2023.102633,https://doi.org/10.1016/j.rcim.2023.102633,low_relevance:1
crossref_only,Crossref,doi:10.1016/j.rcim.2023.102609,1,1,0,Knowledge graph and function block based Digital Twin modeling for robotic machining of large-scale components,2024,Robotics and Computer-Integrated Manufacturing,10.1016/j.rcim.2023.102609,https://doi.org/10.1016/j.rcim.2023.102609,
crossref_only,Crossref,doi:10.1016/j.rcim.2023.102682,1,0,1,Multi-objective coupling optimization of electrical cable intelligent production line driven by digital twin,2024,Robotics and Computer-Integrated Manufacturing,10.1016/j.rcim.2023.102682,https://doi.org/10.1016/j.rcim.2023.102682,low_relevance:1
crossref_only,Crossref,doi:10.1016/j.rcim.2024.102877,1,0,1,Adaptively sampled distance functions: A unifying digital twin representation for advanced manufacturing,2025,Robotics and Computer-Integrated Manufacturing,10.1016/j.rcim.2024.102877,https://doi.org/10.1016/j.rcim.2024.102877,low_relevance:1
crossref_only,Crossref,doi:10.1016/j.rcim.2024.102944,1,1,0,Digital twin-based architecture for wire arc additive manufacturing using OPC UA,2025,Robotics and Computer-Integrated Manufacturing,10.1016/j.rcim.2024.102944,https://doi.org/10.1016/j.rcim.2024.102944,
crossref_only,Crossref,doi:10.1016/j.rcim.2024.102908,1,1,0,Digital twin-driven virtual commissioning for robotic machining enhanced by machine learning,2025,Robotics and Computer-Integrated Manufacturing,10.1016/j.rcim.2024.102908,https://doi.org/10.1016/j.rcim.2024.102908,
crossref_only,Crossref,doi:10.1016/j.rcim.2025.102993,1,0,1,Digital twin-enabled robotics for smart tag deployment and sensing in confined space,2025,Robotics and Computer-Integrated Manufacturing,10.1016/j.rcim.2025.102993,https://doi.org/10.1016/j.rcim.2025.102993,low_relevance:1
crossref_only,Crossref,doi:10.1016/j.rcim.2024.102858,1,0,1,Microservice-based digital twin system towards smart manufacturing,2025,Robotics and Computer-Integrated Manufacturing,10.1016/j.rcim.2024.102858,https://doi.org/10.1016/j.rcim.2024.102858,low_relevance:1
crossref_only,Crossref,doi:10.1016/j.rcim.2025.103012,1,1,0,Towards safe motion planning for industrial human-robot interaction: A co-evolution approach based on human digital twin and mixed reality,2025,Robotics and Computer-Integrated Manufacturing,10.1016/j.rcim.2025.103012,https://doi.org/10.1016/j.rcim.2025.103012,
crossref_only,Crossref,doi:10.1016/j.rcim.2025.103168,1,0,1,A digital twin-driven in-process monitoring system for the ultrasonic vibration-assisted milling,2026,Robotics and Computer-Integrated Manufacturing,10.1016/j.rcim.2025.103168,https://doi.org/10.1016/j.rcim.2025.103168,low_relevance:1
crossref_only,Crossref,doi:10.1016/j.rcim.2025.103138,1,0,1,Digital twin and AI-driven robotic embodied control system: a novel adaptive learning and decision optimization method,2026,Robotics and Computer-Integrated Manufacturing,10.1016/j.rcim.2025.103138,https://doi.org/10.1016/j.rcim.2025.103138,low_relevance:1
crossref_only,Crossref,doi:10.1016/j.rcim.2025.103099,1,0,1,Digital twin driven opti-state control approach for smart warehousing in the synchronous operating environment,2026,Robotics and Computer-Integrated Manufacturing,10.1016/j.rcim.2025.103099,https://doi.org/10.1016/j.rcim.2025.103099,low_relevance:1
crossref_only,Crossref,doi:10.1016/j.rcim.2026.103322,1,0,1,Digital twin-driven multi-agent collaborative online optimization of production regulation for smart reconfigurable manufacturing systems with human-robot collaboration,2026,Robotics and Computer-Integrated Manufacturing,10.1016/j.rcim.2026.103322,https://doi.org/10.1016/j.rcim.2026.103322,low_relevance:1
crossref_only,Crossref,doi:10.1016/j.rcim.2025.103176,1,0,1,From insight to autonomous execution: VLM-enhanced embodied agents towards digital twin-assisted human-robot collaborative assembly,2026,Robotics and Computer-Integrated Manufacturing,10.1016/j.rcim.2025.103176,https://doi.org/10.1016/j.rcim.2025.103176,low_relevance:1
crossref_only,Crossref,doi:10.1016/j.rcim.2025.103156,1,0,1,Intelligent support-free additive manufacturing path planning via method library and neural network,2026,Robotics and Computer-Integrated Manufacturing,10.1016/j.rcim.2025.103156,https://doi.org/10.1016/j.rcim.2025.103156,low_relevance:1
crossref_only,Crossref,doi:10.1016/j.rcim.2025.103182,1,0,1,Topology matrix-based interlocking path planning method for robotic additive manufacturing of thin-walled multi-rib structures,2026,Robotics and Computer-Integrated Manufacturing,10.1016/j.rcim.2025.103182,https://doi.org/10.1016/j.rcim.2025.103182,low_relevance:1
crossref_only,Crossref,doi:10.1089/rorep.2023.0019,1,1,0,"SoPCAS Finger: A Three-Dimensional Printed Soft Finger with Pneumatic Chambers for Simultaneous Actuation, Sensing, and Controlled Grasping",2024,Robotics Reports,10.1089/rorep.2023.0019,https://doi.org/10.1089/rorep.2023.0019,
crossref_only,Crossref,doi:10.1007/978-3-032-22607-5_11,1,0,1,CHANDELIER’1244: Towards Cyber-Physical Experimentation with Structural Adaptation in Architecture,2026,"ROB|ARCH2024 – Robotic Fabrication in Architecture, Art and Design",10.1007/978-3-032-22607-5_11,https://doi.org/10.1007/978-3-032-22607-5_11,low_relevance:1
crossref_only,Crossref,doi:10.1007/978-3-032-22607-5_1,1,1,0,Cyber-Physical Explorations of Collective Robotic Construction using Agent-Based Modelling,2026,"ROB|ARCH2024 – Robotic Fabrication in Architecture, Art and Design",10.1007/978-3-032-22607-5_1,https://doi.org/10.1007/978-3-032-22607-5_1,
crossref_only,Crossref,doi:10.1007/978-3-032-22607-5_19,1,1,0,Mobile Robotic Brickwork Disassembly for Material Reuse,2026,"ROB|ARCH2024 – Robotic Fabrication in Architecture, Art and Design",10.1007/978-3-032-22607-5_19,https://doi.org/10.1007/978-3-032-22607-5_19,
crossref_only,Crossref,doi:10.1007/978-3-032-22607-5_13,1,1,0,"Polymers, Fabric and Steel: A Hybrid Robotic Fabrication System for Bespoke Doubly-Curved Structural Concrete",2026,"ROB|ARCH2024 – Robotic Fabrication in Architecture, Art and Design",10.1007/978-3-032-22607-5_13,https://doi.org/10.1007/978-3-032-22607-5_13,
crossref_only,Crossref,doi:10.1007/978-3-032-22607-5_24,1,1,0,Toolpath Design Calibration for Robotic Spatial Printing with Supervised Learning,2026,"ROB|ARCH2024 – Robotic Fabrication in Architecture, Art and Design",10.1007/978-3-032-22607-5_24,https://doi.org/10.1007/978-3-032-22607-5_24,
crossref_only,Crossref,doi:10.4018/979-8-3373-1832-5.ch010,1,0,1,Industrial Cyber-Physical Systems Ensuring Safe Automation in Smart Manufacturing,2025,Safe Data-Driven Control for Cyber-Physical Systems,10.4018/979-8-3373-1832-5.ch010,https://doi.org/10.4018/979-8-3373-1832-5.ch010,low_relevance:1
crossref_only,Crossref,doi:10.33599/nasampe/s.24.0136,1,0,1,Real-Time Material Certification of Composites Using a Digital Twin,2024,SAMPE 2024,10.33599/nasampe/s.24.0136,https://doi.org/10.33599/nasampe/s.24.0136,low_relevance:1
crossref_only,Crossref,doi:10.1177/13621718241266702,1,0,1,Microstructure and mechanical properties of Ti-6Al-4V/Ni-Ti functionally graded material fabricated by multi-wire arc additive manufacturing,2024,Science and Technology of Welding and Joining,10.1177/13621718241266702,https://doi.org/10.1177/13621718241266702,low_relevance:1
crossref_only,Crossref,doi:10.1177/13621718261421662,1,0,1,Effect of static magnetic field and cold wire feeding on the mechanical properties of stainless steel/nickel-based functionally graded material fabricated by wire arc additive manufacturing,2026,Science and Technology of Welding and Joining,10.1177/13621718261421662,https://doi.org/10.1177/13621718261421662,low_relevance:1
crossref_only,Crossref,doi:10.54691/f83ht194,1,1,0,Digital Twin-Based 3D Printing Monitoring,2025,Scientific Journal of Technology,10.54691/f83ht194,https://doi.org/10.54691/f83ht194,
crossref_only,Crossref,doi:10.1016/j.scriptamat.2024.116351,1,0,1,Functionally graded nickel–titanium shape memory alloys produced by in-situ additive manufacturing,2025,Scripta Materialia,10.1016/j.scriptamat.2024.116351,https://doi.org/10.1016/j.scriptamat.2024.116351,low_relevance:1
crossref_only,Crossref,doi:10.1002/smll.202401344,1,1,0,Multimaterial 3D Laser Printing of Cell‐Adhesive and Cell‐Repellent Hydrogels,2024,Small,10.1002/smll.202401344,https://doi.org/10.1002/smll.202401344,
crossref_only,Crossref,doi:10.1002/smtd.202500928,1,1,0,Multi‐Material Droplet‐Based Hydrogel Threads for Extrusion 3D Printing,2026,Small Methods,10.1002/smtd.202500928,https://doi.org/10.1002/smtd.202500928,
crossref_only,Crossref,doi:10.1520/ssms20240039,1,0,1,Impact of Data Collection on Digital Shadow Modeling in Manufacturing: A Digital Twin Approach,2026,Smart and Sustainable Manufacturing Systems,10.1520/ssms20240039,https://doi.org/10.1520/ssms20240039,low_relevance:1
crossref_only,Crossref,doi:10.3390/smartcities9020028,1,0,1,Implementation Maturity Levels of Digital Twin Technology and Data Content Design for Flood Digital Twin,2026,Smart Cities,10.3390/smartcities9020028,https://doi.org/10.3390/smartcities9020028,low_relevance:1
crossref_only,Crossref,doi:10.1080/29963176.2024.2431816,1,1,0,Highly compliant silicone 3D-printed dual mode soft robotic gripper,2024,Smart Materials &amp; Methods,10.1080/29963176.2024.2431816,https://doi.org/10.1080/29963176.2024.2431816,
crossref_only,Crossref,doi:10.1201/9781779643346-19,1,0,1,"4D Printing: Fundamentals, Materials, Applications And Challenges",2025,Smart Materials and Applications,10.1201/9781779643346-19,https://doi.org/10.1201/9781779643346-19,low_relevance:1
crossref_only,Crossref,doi:10.1088/1361-665x/ad8a31,1,0,1,Computational design of 4D printed shape morphing lattices undergoing large deformation,2024,Smart Materials and Structures,10.1088/1361-665x/ad8a31,https://doi.org/10.1088/1361-665x/ad8a31,low_relevance:1
crossref_only,Crossref,doi:10.1088/1361-665x/ad21b5,1,0,1,Multi-material 4D printing to realize two-phase morphing in self-actuating structures,2024,Smart Materials and Structures,10.1088/1361-665x/ad21b5,https://doi.org/10.1088/1361-665x/ad21b5,low_relevance:1
crossref_only,Crossref,doi:10.1088/1361-665x/ae7686,1,1,0,Experimental investigation of the thermal history in FDM-based 4D printing,2026,Smart Materials and Structures,10.1088/1361-665x/ae7686,https://doi.org/10.1088/1361-665x/ae7686,
crossref_only,Crossref,doi:10.1016/b978-0-443-13673-3.00003-1,1,0,1,4D printing of hydrogel soft actuators,2024,"Smart Materials in Additive Manufacturing, Volume 3",10.1016/b978-0-443-13673-3.00003-1,https://doi.org/10.1016/b978-0-443-13673-3.00003-1,low_relevance:1
crossref_only,Crossref,doi:10.1016/b978-0-443-13673-3.00005-5,1,0,1,4D printing of micropositioning parallel robots,2024,"Smart Materials in Additive Manufacturing, Volume 3",10.1016/b978-0-443-13673-3.00005-5,https://doi.org/10.1016/b978-0-443-13673-3.00005-5,low_relevance:1
crossref_only,Crossref,doi:10.1016/b978-0-443-13673-3.00011-0,1,0,1,4D printing of molded interconnect device,2024,"Smart Materials in Additive Manufacturing, Volume 3",10.1016/b978-0-443-13673-3.00011-0,https://doi.org/10.1016/b978-0-443-13673-3.00011-0,low_relevance:1
crossref_only,Crossref,doi:10.1016/b978-0-443-13673-3.00018-3,1,0,1,4D printing of polyurethane actuators and sensors,2024,"Smart Materials in Additive Manufacturing, Volume 3",10.1016/b978-0-443-13673-3.00018-3,https://doi.org/10.1016/b978-0-443-13673-3.00018-3,low_relevance:1
crossref_only,Crossref,doi:10.1016/b978-0-443-13673-3.00008-0,1,1,0,Closed-loop 4D printing of autonomous soft robots,2024,"Smart Materials in Additive Manufacturing, Volume 3",10.1016/b978-0-443-13673-3.00008-0,https://doi.org/10.1016/b978-0-443-13673-3.00008-0,
crossref_only,Crossref,doi:10.1016/b978-0-443-13673-3.00001-8,1,0,1,Robotic materials 4D printing,2024,"Smart Materials in Additive Manufacturing, Volume 3",10.1016/b978-0-443-13673-3.00001-8,https://doi.org/10.1016/b978-0-443-13673-3.00001-8,low_relevance:1
crossref_only,Crossref,doi:10.1016/b978-0-443-13673-3.00007-9,1,0,1,Silicone elastomer soft robots via 4D printing,2024,"Smart Materials in Additive Manufacturing, Volume 3",10.1016/b978-0-443-13673-3.00007-9,https://doi.org/10.1016/b978-0-443-13673-3.00007-9,low_relevance:1
crossref_only,Crossref,doi:10.1016/j.smaim.2025.09.001,1,0,1,"Recent advances in polymer 4D printing: 3D printing techniques, smart material design, and healthcare applications",2025,Smart Materials in Medicine,10.1016/j.smaim.2025.09.001,https://doi.org/10.1016/j.smaim.2025.09.001,low_relevance:1
crossref_only,Crossref,doi:10.1201/9781003569633-3,1,0,1,Advancements in functionally graded materials for additive manufacturing,2025,Smart Technologies and Digital Transformation in Additive Manufacturing,10.1201/9781003569633-3,https://doi.org/10.1201/9781003569633-3,low_relevance:1
crossref_only,Crossref,doi:10.1007/s42979-026-05079-1,1,0,1,Digital Twin-Integrated Real-Time EPQ Optimization Under Emission Refund Policies for Smart Manufacturing,2026,SN Computer Science,10.1007/s42979-026-05079-1,https://doi.org/10.1007/s42979-026-05079-1,low_relevance:1
crossref_only,Crossref,doi:10.1039/d6sm00036c,1,1,0,Mechanical anisotropy of 3D-printed digital materials at large strains,2026,Soft Matter,10.1039/d6sm00036c,https://doi.org/10.1039/d6sm00036c,
crossref_only,Crossref,doi:10.1089/soro.2023.0079,1,1,0,3D-Printed Origami Actuators for a Multianimal-Inspired Soft Robot with Amphibious Locomotion and Tongue Hunting,2024,Soft Robotics,10.1089/soro.2023.0079,https://doi.org/10.1089/soro.2023.0079,
crossref_only,Crossref,doi:10.1089/soro.2023.0111,1,1,0,"Enhancing the Versatility and Performance of Soft Robotic Grippers, Hands, and Crawling Robots Through Three-Dimensional-Printed Multifunctional Buckling Joints",2024,Soft Robotics,10.1089/soro.2023.0111,https://doi.org/10.1089/soro.2023.0111,
crossref_only,Crossref,doi:10.1089/soro.2024.0166,1,1,0,Origami-Based Flexible Robotic Grippers via Hard-Soft Coupled Multimaterial 3D Printing,2025,Soft Robotics,10.1089/soro.2024.0166,https://doi.org/10.1089/soro.2024.0166,
crossref_only,Crossref,doi:10.1177/21695172261424024,1,1,0,Bistable Origami-Inspired Soft Pneumatic Actuators with Multiple Deformation Modes for Soft-Legged Robotic Locomotion,2026,Soft Robotics,10.1177/21695172261424024,https://doi.org/10.1177/21695172261424024,
crossref_only,Crossref,doi:10.1201/9781003539612-11,1,0,1,3D and 4D printing,2025,Soft Robotics for Medical and Healthcare Applications,10.1201/9781003539612-11,https://doi.org/10.1201/9781003539612-11,low_relevance:1
crossref_only,Crossref,doi:10.20517/ss.2024.38,1,1,0,All 3D-printed high-sensitivity adaptive hydrogel strain sensor for accurate plant growth monitoring,2025,Soft Science,10.20517/ss.2024.38,https://doi.org/10.20517/ss.2024.38,
crossref_only,Crossref,doi:10.1109/southeastcon52093.2024.10500165,1,1,0,Development of Novel Stewart Robot Equipped with 3D Printed Soft Actuators,2024,SoutheastCon 2024,10.1109/southeastcon52093.2024.10500165,https://doi.org/10.1109/southeastcon52093.2024.10500165,
crossref_only,Crossref,doi:10.1109/southeastcon63549.2026.11476069,1,0,1,Development of a Multi-Modal Sensor Fusion Framework for Digital Twin Synchronization in Smart Manufacturing,2026,SoutheastCon 2026,10.1109/southeastcon63549.2026.11476069,https://doi.org/10.1109/southeastcon63549.2026.11476069,low_relevance:1
crossref_only,Crossref,doi:10.1007/978-3-031-68271-1_17,1,0,1,Digital Twin Integration for Enhanced Control in FDM 3D Printing,2024,Springer Series in Advanced Manufacturing,10.1007/978-3-031-68271-1_17,https://doi.org/10.1007/978-3-031-68271-1_17,low_relevance:1
crossref_only,Crossref,doi:10.1007/978-3-031-84873-5_37,1,0,1,Development of a Method for Evaluating Data Transmission in Cyber-Physical Systems,2025,Springer Tracts in Additive Manufacturing,10.1007/978-3-031-84873-5_37,https://doi.org/10.1007/978-3-031-84873-5_37,low_relevance:1
crossref_only,Crossref,doi:10.1007/978-3-031-78350-0_6,1,0,1,Three-Dimensional Multi-material Parts,2025,Springer Tracts in Additive Manufacturing,10.1007/978-3-031-78350-0_6,https://doi.org/10.1007/978-3-031-78350-0_6,low_relevance:1
crossref_only,Crossref,doi:10.1007/978-3-031-90099-0_7,1,0,1,Digital Twin for Future Smart Grid,2025,SpringerBriefs in Energy,10.1007/978-3-031-90099-0_7,https://doi.org/10.1007/978-3-031-90099-0_7,low_relevance:1
crossref_only,Crossref,doi:10.1007/978-3-031-90099-0_5,1,0,1,Digital Twin for Smart Power Distribution,2025,SpringerBriefs in Energy,10.1007/978-3-031-90099-0_5,https://doi.org/10.1007/978-3-031-90099-0_5,low_relevance:1
crossref_only,Crossref,doi:10.1007/978-3-031-90099-0_4,1,0,1,Digital Twin for Smart Power Generation,2025,SpringerBriefs in Energy,10.1007/978-3-031-90099-0_4,https://doi.org/10.1007/978-3-031-90099-0_4,low_relevance:1
crossref_only,Crossref,doi:10.1007/978-3-031-90099-0_6,1,0,1,Digital Twin for Smart Power Transmission,2025,SpringerBriefs in Energy,10.1007/978-3-031-90099-0_6,https://doi.org/10.1007/978-3-031-90099-0_6,low_relevance:1
crossref_only,Crossref,doi:10.1007/978-3-031-90099-0_2,1,0,1,Digital Twin in Industry,2025,SpringerBriefs in Energy,10.1007/978-3-031-90099-0_2,https://doi.org/10.1007/978-3-031-90099-0_2,low_relevance:1
crossref_only,Crossref,doi:10.1007/978-3-031-90099-0_1,1,0,1,Digital Twin Overview,2025,SpringerBriefs in Energy,10.1007/978-3-031-90099-0_1,https://doi.org/10.1007/978-3-031-90099-0_1,low_relevance:1
crossref_only,Crossref,doi:10.1007/978-3-031-90099-0_3,1,0,1,Digital Twin: A Novel Solution for Smart Grid Applications,2025,SpringerBriefs in Energy,10.1007/978-3-031-90099-0_3,https://doi.org/10.1007/978-3-031-90099-0_3,low_relevance:1
crossref_only,Crossref,doi:10.2139/ssrn.4900072,1,0,1,"Digital Twin: Applications, Implementation and ROI In Printing Industry",2024,SSRN Electronic Journal,10.2139/ssrn.4900072,https://doi.org/10.2139/ssrn.4900072,low_relevance:1
crossref_only,Crossref,doi:10.2139/ssrn.5390379,1,0,1,A Comparative Review on 3D and 4D Printing Technologies,2025,SSRN Electronic Journal,10.2139/ssrn.5390379,https://doi.org/10.2139/ssrn.5390379,low_relevance:1
crossref_only,Crossref,doi:10.2139/ssrn.6156851,1,0,1,Digital Twin Applications for Yield Prediction in Roll-to-Roll Manufacturing,2026,SSRN Electronic Journal,10.2139/ssrn.6156851,https://doi.org/10.2139/ssrn.6156851,low_relevance:1
crossref_only,Crossref,doi:10.1002/srin.202300881,1,0,1,Characterization of Functionally Graded Material (Stainless Steel 347/308L) Fabricated through Wire and Arc Additive Manufacturing: Microstructure and Mechanical Perspectives,2024,steel research international,10.1002/srin.202300881,https://doi.org/10.1002/srin.202300881,low_relevance:1
crossref_only,Crossref,doi:10.1002/srin.202400100,1,0,1,Fracture and Wear Behavior of Functionally Graded 316L–TiC Composite Fabricated by Selective Laser Melting Additive Manufacturing,2024,steel research international,10.1002/srin.202400100,https://doi.org/10.1002/srin.202400100,low_relevance:1
crossref_only,Crossref,doi:10.1201/9781003560203-14,1,0,1,Advances in 3D and 4D Bioprinting for Fabrication of Stimuli-Responsive Biomaterials,2026,Stimuli-Responsive Biomaterials for Inflammatory Diseases,10.1201/9781003560203-14,https://doi.org/10.1201/9781003560203-14,low_relevance:1
crossref_only,Crossref,doi:10.1007/s11223-025-00791-4,1,0,1,Microstructure and Tensile Behavior of Functionally Graded Material Fabricated Through Wire + Arc Additive Manufacturing: Comparing Experimental and Finite Element Analysis Approaches,2025,Strength of Materials,10.1007/s11223-025-00791-4,https://doi.org/10.1007/s11223-025-00791-4,low_relevance:1
crossref_only,Crossref,doi:10.36652/1813-1336-2024-20-1-41-45,1,0,1,Features for production of dissimilar graded materials using additive manufacturing methods,2024,Strengthening Technologies and Coatings,10.36652/1813-1336-2024-20-1-41-45,https://doi.org/10.36652/1813-1336-2024-20-1-41-45,low_relevance:1
crossref_only,Crossref,doi:10.1007/s00158-024-03852-5,1,0,1,Eliminating enclosed voids in simultaneous optimization of topology and bi-material distribution of three-dimensional structures for additive manufacturing,2024,Structural and Multidisciplinary Optimization,10.1007/s00158-024-03852-5,https://doi.org/10.1007/s00158-024-03852-5,low_relevance:1
crossref_only,Crossref,doi:10.1016/j.istruc.2025.108255,1,0,1,Development and post-process heat treatment of dissimilar steel structure via twin-wire arc additive manufacturing using heterogeneous functionally graded deposition strategy,2025,Structures,10.1016/j.istruc.2025.108255,https://doi.org/10.1016/j.istruc.2025.108255,low_relevance:1
crossref_only,Crossref,doi:10.1016/j.susmat.2026.e02022,1,0,1,"Four-Dimensional (4D) printing for dynamic biomedicine: Chemical design principles, shape-morphing mechanisms, and translational opportunities",2026,Sustainable Materials and Technologies,10.1016/j.susmat.2026.e02022,https://doi.org/10.1016/j.susmat.2026.e02022,low_relevance:1
crossref_only,Crossref,doi:10.1007/978-3-032-18938-7_5,1,0,1,Digital Twin Tools for Smart Manufacturing,2026,"Synthesis Lectures on Engineering, Science, and Technology",10.1007/978-3-032-18938-7_5,https://doi.org/10.1007/978-3-032-18938-7_5,low_relevance:1
crossref_only,Crossref,doi:10.3390/systems12020038,1,1,0,A Deep-Reinforcement-Learning-Based Digital Twin for Manufacturing Process Optimization,2024,Systems,10.3390/systems12020038,https://doi.org/10.3390/systems12020038,
crossref_only,Crossref,doi:10.3390/systems13080651,1,0,1,A System Dynamics-Based Hybrid Digital Twin Model for Driving Green Manufacturing,2025,Systems,10.3390/systems13080651,https://doi.org/10.3390/systems13080651,low_relevance:1
crossref_only,Crossref,doi:10.62980/2076-0655-2024-35-46,1,1,0,MULTIMATERIAL 3D-PRINTING OF FUNCTIONAL CERAMIC DEVIC-ES,2024,Technique and technology of silicates,10.62980/2076-0655-2024-35-46,https://doi.org/10.62980/2076-0655-2024-35-46,
crossref_only,Crossref,doi:10.3390/technologies14030170,1,0,1,Digital Twin-Based Hybrid Simulation–Prediction Framework for KPI Optimization in Sustainable Digital Printing,2026,Technologies,10.3390/technologies14030170,https://doi.org/10.3390/technologies14030170,low_relevance:1
crossref_only,Crossref,doi:10.31803/tg-20240420135237,1,0,1,Digital Twin and Simulation Analyses for Process Optimization of an Automated Guided Vehicle System,2024,Tehnički glasnik,10.31803/tg-20240420135237,https://doi.org/10.31803/tg-20240420135237,low_relevance:1
crossref_only,Crossref,doi:10.37547/tajet/volume08issue03-07,1,0,1,Application of Digital Twin Technology in Industrial Process Automation,2026,The American Journal of Engineering and Technology,10.37547/tajet/volume08issue03-07,https://doi.org/10.37547/tajet/volume08issue03-07,low_relevance:1
crossref_only,Crossref,doi:10.1201/9781032711515-11,1,0,1,Artificial Intelligence (AI) enabled Digital Twin for Smart Manufacturing,2025,"The Confluence of Cryptography, Blockchain and Artificial Intelligence",10.1201/9781032711515-11,https://doi.org/10.1201/9781032711515-11,low_relevance:1
crossref_only,Crossref,doi:10.1049/pbpc071e_ch8,1,0,1,Digital twin technology in Industry 4.0: revolutionising quality control in intelligent manufacturing,2025,The Digital Twin Handbook,10.1049/pbpc071e_ch8,https://doi.org/10.1049/pbpc071e_ch8,low_relevance:1
crossref_only,Crossref,doi:10.58812/esiscs.v2i03.548,1,0,1,Research Advancements in Digital Twin Technology for Smart Manufacturing,2025,The Eastasouth Journal of Information System and Computer Science,10.58812/esiscs.v2i03.548,https://doi.org/10.58812/esiscs.v2i03.548,low_relevance:1
crossref_only,Crossref,doi:10.4324/9781003566670-26,1,1,0,Application of Digital Twin and 3D-Printing,2026,The Essential Guide to Public Procurement,10.4324/9781003566670-26,https://doi.org/10.4324/9781003566670-26,
crossref_only,Crossref,doi:10.32604/icces.2024.011119,1,0,1,Machining Learning Enhanced Shape Morphing Design of 4D Printed Microplatelet Composites,2024,The International Conference on Computational &amp; Experimental Engineering and Sciences,10.32604/icces.2024.011119,https://doi.org/10.32604/icces.2024.011119,low_relevance:1
crossref_only,Crossref,doi:10.32604/icces.2024.011371,1,0,1,Strengthening Mechanical Performance with Robust and Efficient Machine Learning-Assisted Path Planning for Additive Manufacturing of Continuous Fiber Composites,2024,The International Conference on Computational &amp; Experimental Engineering and Sciences,10.32604/icces.2024.011371,https://doi.org/10.32604/icces.2024.011371,low_relevance:1
crossref_only,Crossref,doi:10.1007/s00170-024-14132-3,1,0,1,Automated toolpath planning with 3D implementation of a parabolic weld bead deposition model for wire arc additive manufacturing repair,2024,The International Journal of Advanced Manufacturing Technology,10.1007/s00170-024-14132-3,https://doi.org/10.1007/s00170-024-14132-3,low_relevance:1
crossref_only,Crossref,doi:10.1007/s00170-024-14398-7,1,0,1,Cooperative enhancement of multi-material interface strength by mechanical interlocking structures and FDM path planning,2024,The International Journal of Advanced Manufacturing Technology,10.1007/s00170-024-14398-7,https://doi.org/10.1007/s00170-024-14398-7,low_relevance:1
crossref_only,Crossref,doi:10.1007/s00170-024-14535-2,1,0,1,Development of a digital twin system for acquiring surface features of solid models in light-curing additive manufacturing,2024,The International Journal of Advanced Manufacturing Technology,10.1007/s00170-024-14535-2,https://doi.org/10.1007/s00170-024-14535-2,low_relevance:1
crossref_only,Crossref,doi:10.1007/s00170-024-14182-7,1,1,0,Evaluation of digital twin synchronization in robotic assembly using YOLOv8,2024,The International Journal of Advanced Manufacturing Technology,10.1007/s00170-024-14182-7,https://doi.org/10.1007/s00170-024-14182-7,
crossref_only,Crossref,doi:10.1007/s00170-024-14876-y,1,0,1,Hybrid manufacturing in cyber physical production: physical manufacturing processes and intelligent financial management control,2024,The International Journal of Advanced Manufacturing Technology,10.1007/s00170-024-14876-y,https://doi.org/10.1007/s00170-024-14876-y,low_relevance:1
crossref_only,Crossref,doi:10.1007/s00170-024-13470-6,1,0,1,Influence of extrusion 4D printing parameters on the thermal shape-morphing behaviors of polylactic acid (PLA),2024,The International Journal of Advanced Manufacturing Technology,10.1007/s00170-024-13470-6,https://doi.org/10.1007/s00170-024-13470-6,low_relevance:1
crossref_only,Crossref,doi:10.1007/s00170-024-14674-6,1,0,1,Research on dual-robot cooperative path planning for multi-material additive manufacturing,2024,The International Journal of Advanced Manufacturing Technology,10.1007/s00170-024-14674-6,https://doi.org/10.1007/s00170-024-14674-6,low_relevance:1
crossref_only,Crossref,doi:10.1007/s00170-024-14427-5,1,1,0,Subtractive manufacturing of composite materials with robotic manipulators: a comprehensive review,2024,The International Journal of Advanced Manufacturing Technology,10.1007/s00170-024-14427-5,https://doi.org/10.1007/s00170-024-14427-5,
crossref_only,Crossref,doi:10.1007/s00170-025-16269-1,1,0,1,A path planning and online compensation method for wire arc additive manufacturing of thin-walled curved hollow structure,2025,The International Journal of Advanced Manufacturing Technology,10.1007/s00170-025-16269-1,https://doi.org/10.1007/s00170-025-16269-1,low_relevance:1
crossref_only,Crossref,doi:10.1007/s00170-025-16284-2,1,0,1,Design and modeling of process manufacturing-oriented digital twin system,2025,The International Journal of Advanced Manufacturing Technology,10.1007/s00170-025-16284-2,https://doi.org/10.1007/s00170-025-16284-2,low_relevance:1
crossref_only,Crossref,doi:10.1007/s00170-025-16363-4,1,0,1,Digital twin-driven decision support approach of production process for smart manufacturing,2025,The International Journal of Advanced Manufacturing Technology,10.1007/s00170-025-16363-4,https://doi.org/10.1007/s00170-025-16363-4,low_relevance:1
crossref_only,Crossref,doi:10.1007/s00170-025-16907-8,1,0,1,FDM continuous filling path planning method based on stress field direction guidance,2025,The International Journal of Advanced Manufacturing Technology,10.1007/s00170-025-16907-8,https://doi.org/10.1007/s00170-025-16907-8,low_relevance:1
crossref_only,Crossref,doi:10.1007/s00170-025-15920-1,1,0,1,Material extrusion–based multi-material 3D printing: a holistic review of recent advances,2025,The International Journal of Advanced Manufacturing Technology,10.1007/s00170-025-15920-1,https://doi.org/10.1007/s00170-025-15920-1,low_relevance:1
crossref_only,Crossref,doi:10.1007/s00170-025-16984-9,1,0,1,Additive manufacturing of functionally graded materials using a hybrid vat photopolymerization process,2026,The International Journal of Advanced Manufacturing Technology,10.1007/s00170-025-16984-9,https://doi.org/10.1007/s00170-025-16984-9,low_relevance:1
crossref_only,Crossref,doi:10.1007/s00170-026-17486-y,1,1,0,Composite potential field control for human-robot collaborative assembly robotic arm based on digital twin,2026,The International Journal of Advanced Manufacturing Technology,10.1007/s00170-026-17486-y,https://doi.org/10.1007/s00170-026-17486-y,
crossref_only,Crossref,doi:10.1007/s00170-026-18019-3,1,0,1,DIC-informed finite element modeling of thermally induced shape-morphing in 4D-printed shape memory polymers,2026,The International Journal of Advanced Manufacturing Technology,10.1007/s00170-026-18019-3,https://doi.org/10.1007/s00170-026-18019-3,low_relevance:1
crossref_only,Crossref,doi:10.1007/s00170-025-17202-2,1,0,1,"Digital twin and digital shadow infrastructure as drivers for industrial resilience, optimization, and inclusiveness: the case of Ethiopia’s manufacturing industry",2026,The International Journal of Advanced Manufacturing Technology,10.1007/s00170-025-17202-2,https://doi.org/10.1007/s00170-025-17202-2,low_relevance:1
crossref_only,Crossref,doi:10.1007/s00170-025-17221-z,1,0,1,Dynamic simulation and optimization approach for coevolutionary intelligent manufacturing cell with digital twin,2026,The International Journal of Advanced Manufacturing Technology,10.1007/s00170-025-17221-z,https://doi.org/10.1007/s00170-025-17221-z,low_relevance:1
crossref_only,Crossref,doi:10.1007/s00170-026-17400-6,1,0,1,Stochastic maintenance optimization in additive manufacturing with digital twin integration,2026,The International Journal of Advanced Manufacturing Technology,10.1007/s00170-026-17400-6,https://doi.org/10.1007/s00170-026-17400-6,low_relevance:1
crossref_only,Crossref,doi:10.54050/prj2524082,1,0,1,MultiMag: advancing electric motor design with multi-material additive manufacturing,2025,The Project Repository Journal,10.54050/prj2524082,https://doi.org/10.54050/prj2524082,low_relevance:1
crossref_only,Crossref,doi:10.54050/prj2423618,1,0,1,MultiMag: pioneering the future of electric motors with multi-material additive manufacturing,2025,The Project Repository Journal,10.54050/prj2423618,https://doi.org/10.54050/prj2423618,low_relevance:1
crossref_only,Crossref,doi:10.1016/j.tafmec.2025.104884,1,0,1,Experimental study of internal deformation in 3D solids with embedded parallel cracks during the fracture process using multi-material 3D printing and stereo digital image correlation,2025,Theoretical and Applied Fracture Mechanics,10.1016/j.tafmec.2025.104884,https://doi.org/10.1016/j.tafmec.2025.104884,low_relevance:1
crossref_only,Crossref,doi:10.1002/9781394442942.ch12,1,0,1,"Mechanistic Models, Machine Learning, and Digital Twins in Additive Manufacturing",2026,Theory and Practice of Additive Manufacturing,10.1002/9781394442942.ch12,https://doi.org/10.1002/9781394442942.ch12,low_relevance:1
crossref_only,Crossref,doi:10.1016/j.tws.2025.114299,1,0,1,AI-guided design optimization of core–shell BCC lattices to achieve ultrahigh stiffness via multi-material 3D printing,2026,Thin-Walled Structures,10.1016/j.tws.2025.114299,https://doi.org/10.1016/j.tws.2025.114299,low_relevance:1
crossref_only,Crossref,doi:10.1007/978-981-97-1730-9_2,1,0,1,"3D, 4D Printing, and Bioprinting of Hydrogels",2024,Tissue Repair and Reconstruction,10.1007/978-981-97-1730-9_2,https://doi.org/10.1007/978-981-97-1730-9_2,low_relevance:1
crossref_only,Crossref,doi:10.1007/978-3-031-58523-4_7,1,0,1,"Smart Factory Digital Twin for Performance Measurement, Optimization, and Prediction",2024,Transforming Industry using Digital Twin Technology,10.1007/978-3-031-58523-4_7,https://doi.org/10.1007/978-3-031-58523-4_7,low_relevance:1
crossref_only,Crossref,doi:10.1016/j.tranon.2026.102818,1,1,0,"Exploring the role of 4D printing materials, techniques, and characteristics for personalized oncology",2026,Translational Oncology,10.1016/j.tranon.2026.102818,https://doi.org/10.1016/j.tranon.2026.102818,
crossref_only,Crossref,doi:10.1016/b978-0-443-15487-4.00013-3,1,1,0,Functionalization of vat photopolymerization 3D printing structures,2024,Vat Photopolymerization Additive Manufacturing,10.1016/b978-0-443-15487-4.00013-3,https://doi.org/10.1016/b978-0-443-15487-4.00013-3,
crossref_only,Crossref,doi:10.1016/b978-0-443-15487-4.00009-1,1,1,0,"Trends, prospect, and outlook of vat photopolymerization 3D printing",2024,Vat Photopolymerization Additive Manufacturing,10.1016/b978-0-443-15487-4.00009-1,https://doi.org/10.1016/b978-0-443-15487-4.00009-1,
crossref_only,Crossref,doi:10.1016/b978-0-443-15487-4.00008-x,1,1,0,Vat photopolymerization 3D printing application in bioengineering,2024,Vat Photopolymerization Additive Manufacturing,10.1016/b978-0-443-15487-4.00008-x,https://doi.org/10.1016/b978-0-443-15487-4.00008-x,
crossref_only,Crossref,doi:10.1016/b978-0-443-15487-4.00012-1,1,1,0,Vat photopolymerization 3D printing application in electronics,2024,Vat Photopolymerization Additive Manufacturing,10.1016/b978-0-443-15487-4.00012-1,https://doi.org/10.1016/b978-0-443-15487-4.00012-1,
crossref_only,Crossref,doi:10.1016/b978-0-443-15487-4.00011-x,1,1,0,Vat photopolymerization 3D printing applications in bio-inspired structures and functions,2024,Vat Photopolymerization Additive Manufacturing,10.1016/b978-0-443-15487-4.00011-x,https://doi.org/10.1016/b978-0-443-15487-4.00011-x,
crossref_only,Crossref,doi:10.1016/b978-0-443-15487-4.00014-5,1,1,0,Vat photopolymerization 3D printing applications in metamaterials,2024,Vat Photopolymerization Additive Manufacturing,10.1016/b978-0-443-15487-4.00014-5,https://doi.org/10.1016/b978-0-443-15487-4.00014-5,
crossref_only,Crossref,doi:10.1016/b978-0-443-15487-4.00006-6,1,1,0,Vat photopolymerization 3D printing engineering plastics,2024,Vat Photopolymerization Additive Manufacturing,10.1016/b978-0-443-15487-4.00006-6,https://doi.org/10.1016/b978-0-443-15487-4.00006-6,
crossref_only,Crossref,doi:10.1016/b978-0-443-15487-4.00007-8,1,1,0,Vat photopolymerization 3D printing of ceramics,2024,Vat Photopolymerization Additive Manufacturing,10.1016/b978-0-443-15487-4.00007-8,https://doi.org/10.1016/b978-0-443-15487-4.00007-8,
crossref_only,Crossref,doi:10.1016/b978-0-443-15487-4.00005-4,1,1,0,Vat photopolymerization 3D printing of hydrogels,2024,Vat Photopolymerization Additive Manufacturing,10.1016/b978-0-443-15487-4.00005-4,https://doi.org/10.1016/b978-0-443-15487-4.00005-4,
crossref_only,Crossref,doi:10.1016/b978-0-443-15487-4.00015-7,1,0,1,Vat photopolymerization 3D printing of stimuli-responsive polymer,2024,Vat Photopolymerization Additive Manufacturing,10.1016/b978-0-443-15487-4.00015-7,https://doi.org/10.1016/b978-0-443-15487-4.00015-7,low_relevance:1
crossref_only,Crossref,doi:10.1201/9781003442363,1,0,1,3D/4D Printing of Bioadhesive Pharmaceutical Systems,2024,Venue unknown,10.1201/9781003442363,https://doi.org/10.1201/9781003442363,low_relevance:1
crossref_only,Crossref,doi:10.1101/2024.08.09.606830,1,0,1,4D bioprinting shape-morphing tissues in granular support hydrogels: Sculpting structure and guiding maturation,2024,Venue unknown,10.1101/2024.08.09.606830,https://doi.org/10.1101/2024.08.09.606830,low_relevance:1
crossref_only,Crossref,doi:10.1016/c2022-0-03188-3,1,0,1,4D Printing of Composites,2024,Venue unknown,10.1016/c2022-0-03188-3,https://doi.org/10.1016/c2022-0-03188-3,low_relevance:1
crossref_only,Crossref,doi:10.1515/9783110668544,1,0,1,4D Printing of Composites,2024,Venue unknown,10.1515/9783110668544,https://doi.org/10.1515/9783110668544,low_relevance:1
crossref_only,Crossref,doi:10.2139/ssrn.4936283,1,0,1,4d Printing of Continuous Carbon Fiber Reinforced Composites with Magneto-/Electro-Induced Shape Memory Effect,2024,Venue unknown,10.2139/ssrn.4936283,https://doi.org/10.2139/ssrn.4936283,low_relevance:1
crossref_only,Crossref,doi:10.2139/ssrn.4767115,1,0,1,4d Printing of Continuous Carbon Fiber Reinforced Composites with Magneto-/Electro-Induced Shape Memory Effect,2024,Venue unknown,10.2139/ssrn.4767115,https://doi.org/10.2139/ssrn.4767115,low_relevance:1
crossref_only,Crossref,doi:10.2139/ssrn.4907165,1,0,1,4d Printing of Shape Memory Polymers with Self-Folding Deformation and Multi-Stimulus Response,2024,Venue unknown,10.2139/ssrn.4907165,https://doi.org/10.2139/ssrn.4907165,low_relevance:1
crossref_only,Crossref,doi:10.2139/ssrn.4803748,1,0,1,4d Printing with the Assistance of Electrical Stimulation on Polylactic Acid Coated with Carbon Nanotubes,2024,Venue unknown,10.2139/ssrn.4803748,https://doi.org/10.2139/ssrn.4803748,low_relevance:1
crossref_only,Crossref,doi:10.20944/preprints202407.2574.v1,1,0,1,4D Printing: Advancements and Applications: Research in the Emerging Field of 4D Printing,2024,Venue unknown,10.20944/preprints202407.2574.v1,https://doi.org/10.20944/preprints202407.2574.v1,low_relevance:1
crossref_only,Crossref,doi:10.2139/ssrn.4747004,1,0,1,A Microstructure Sensitive Digital Twin for Powder Bed Fusion Process Monitoring and Optimization,2024,Venue unknown,10.2139/ssrn.4747004,https://doi.org/10.2139/ssrn.4747004,low_relevance:1
crossref_only,Crossref,doi:10.26434/chemrxiv-2024-f13l1,1,1,0,A Self-Driving Lab for Nano- and Advanced Materials Synthesis,2024,Venue unknown,10.26434/chemrxiv-2024-f13l1,https://doi.org/10.26434/chemrxiv-2024-f13l1,
crossref_only,Crossref,doi:10.2139/ssrn.4865630,1,0,1,Additive Manufacturing of Functionally Graded Stellite6/17-4ph Fabricated Via Direct Laser Deposition,2024,Venue unknown,10.2139/ssrn.4865630,https://doi.org/10.2139/ssrn.4865630,low_relevance:1
crossref_only,Crossref,doi:10.2139/ssrn.5064801,1,0,1,Advanced Nanocomposites for 4D Printing: High-Performance Electroactive Shape Memory Polymers for Smart Applications,2024,Venue unknown,10.2139/ssrn.5064801,https://doi.org/10.2139/ssrn.5064801,low_relevance:1
crossref_only,Crossref,doi:10.21203/rs.3.rs-5467009/v1,1,1,0,An Analytical Study on Computed Tomography-based Volumetric Additive Manufacturing: Resin Properties and Part Size Interrelationship- Part I,2024,Venue unknown,10.21203/rs.3.rs-5467009/v1,https://doi.org/10.21203/rs.3.rs-5467009/v1,
crossref_only,Crossref,doi:10.2139/ssrn.4881757,1,0,1,An Analytical Study on Computed Tomography-Based Volumetric Additive Manufacturing: Resin Properties and Part Size Interrelationship- Part I,2024,Venue unknown,10.2139/ssrn.4881757,https://doi.org/10.2139/ssrn.4881757,duplicate_title:1
crossref_only,Crossref,doi:10.21203/rs.3.rs-5239129/v1,1,0,1,An interlaced toolpath strategy for void reduction in material extrusion additive manufacturing,2024,Venue unknown,10.21203/rs.3.rs-5239129/v1,https://doi.org/10.21203/rs.3.rs-5239129/v1,low_relevance:1
crossref_only,Crossref,doi:10.2139/ssrn.4903000,1,0,1,Analysis of the Interface Properties of Multi-Material Fused Filament Fabricated (Fff) Printed Polymer Composite Structures,2024,Venue unknown,10.2139/ssrn.4903000,https://doi.org/10.2139/ssrn.4903000,low_relevance:1
crossref_only,Crossref,doi:10.21203/rs.3.rs-4965442/v1,1,0,1,Approach of Dynamic Simulation and Optimization for Coevolutionary Intelligent Manufacturing Cell in Digital Twin,2024,Venue unknown,10.21203/rs.3.rs-4965442/v1,https://doi.org/10.21203/rs.3.rs-4965442/v1,low_relevance:1
crossref_only,Crossref,doi:10.1002/9781394303601,1,1,0,Artificial Intelligence‐Enabled Digital Twin for Smart Manufacturing,2024,Venue unknown,10.1002/9781394303601,https://doi.org/10.1002/9781394303601,
crossref_only,Crossref,doi:10.26434/chemrxiv-2024-fhn1k,1,0,1,Autonomous laboratories for accelerated materials discovery: a community survey and practical insights,2024,Venue unknown,10.26434/chemrxiv-2024-fhn1k,https://doi.org/10.26434/chemrxiv-2024-fhn1k,duplicate_title:1
crossref_only,Crossref,doi:10.2139/ssrn.4956154,1,1,0,Cellulose Nanofiber Enhanced Uv Curable Ferromagnetic Resin for 3d Printed Magnetoactive Soft Actuators,2024,Venue unknown,10.2139/ssrn.4956154,https://doi.org/10.2139/ssrn.4956154,
crossref_only,Crossref,doi:10.21203/rs.3.rs-4954530/v1,1,0,1,Continuous liquid supply multi-material DLP 3D printing,2024,Venue unknown,10.21203/rs.3.rs-4954530/v1,https://doi.org/10.21203/rs.3.rs-4954530/v1,low_relevance:1
crossref_only,Crossref,doi:10.2139/ssrn.4909624,1,0,1,Design and 4d Printing of Multi-Stiffness Wavy Metamaterial Energy Absorbers/Dissipators with Shape Recovery Features,2024,Venue unknown,10.2139/ssrn.4909624,https://doi.org/10.2139/ssrn.4909624,low_relevance:1
crossref_only,Crossref,doi:10.2139/ssrn.4756893,1,1,0,Design and Application of a Virtual Platform for Continuous Carbon Fiber 3d Printing Based on Digital Twin,2024,Venue unknown,10.2139/ssrn.4756893,https://doi.org/10.2139/ssrn.4756893,
crossref_only,Crossref,doi:10.21203/rs.3.rs-5244060/v1,1,0,1,Design and modeling of process manufacturing-oriented digital twin system,2024,Venue unknown,10.21203/rs.3.rs-5244060/v1,https://doi.org/10.21203/rs.3.rs-5244060/v1,low_relevance:1
crossref_only,Crossref,doi:10.2139/ssrn.4754128,1,0,1,Designing an Ai-Based Cyber-Physical Device System for Product Manufacturing Quality Assurance,2024,Venue unknown,10.2139/ssrn.4754128,https://doi.org/10.2139/ssrn.4754128,low_relevance:1
crossref_only,Crossref,doi:10.20944/preprints202406.1176.v1,1,1,0,Designing Digital Twin with IoT and AI in Warehouse to Support Optimization and Safety in Engineer-to-Order Manufacturing Process for Prefabricated Building Products,2024,Venue unknown,10.20944/preprints202406.1176.v1,https://doi.org/10.20944/preprints202406.1176.v1,
crossref_only,Crossref,doi:10.2139/ssrn.4846321,1,0,1,Digital Manufacturing for Advanced Manufacturing Technologies: A Review of Successful Implementation for Plasma Processing Digital Twin Framework Development,2024,Venue unknown,10.2139/ssrn.4846321,https://doi.org/10.2139/ssrn.4846321,low_relevance:1
crossref_only,Crossref,doi:10.1002/9781394303564,1,0,1,Digital Twin and Blockchain for Smart Cities,2024,Venue unknown,10.1002/9781394303564,https://doi.org/10.1002/9781394303564,low_relevance:1
crossref_only,Crossref,doi:10.2139/ssrn.4977854,1,0,1,Digital Twin for Smart Production Management of Railway Vehicle Manufacturing,2024,Venue unknown,10.2139/ssrn.4977854,https://doi.org/10.2139/ssrn.4977854,low_relevance:1
crossref_only,Crossref,doi:10.62311/nesx/rb978-81-979057-7-3,1,1,0,Digital Twin Technology in Manufacturing: Tools for Real-Time Process Optimization,2024,Venue unknown,10.62311/nesx/rb978-81-979057-7-3,https://doi.org/10.62311/nesx/rb978-81-979057-7-3,
crossref_only,Crossref,doi:10.20944/preprints202407.2606.v1,1,1,0,"Digital Twins and Additive Manufacturing: Exploring the Integration of Digital Twin Technology with Additive Manufacturing to Enhance Design, Simulation, and Production Processes",2024,Venue unknown,10.20944/preprints202407.2606.v1,https://doi.org/10.20944/preprints202407.2606.v1,
crossref_only,Crossref,doi:10.2139/ssrn.4881754,1,1,0,Digital Twins for Rapid In-Situ Qualification of Part Quality in Laser Powder Bed Fusion Additive Manufacturing,2024,Venue unknown,10.2139/ssrn.4881754,https://doi.org/10.2139/ssrn.4881754,
crossref_only,Crossref,doi:10.2139/ssrn.4791532,1,0,1,"Digital Twins in 3d Concrete Printing: Information Model, Enablers, and Major Challenges",2024,Venue unknown,10.2139/ssrn.4791532,https://doi.org/10.2139/ssrn.4791532,low_relevance:1
crossref_only,Crossref,doi:10.26434/chemrxiv-2024-pqzct,1,0,1,Fabrication of High-Density Microarchitected Tungsten via DLP 3D Printing,2024,Venue unknown,10.26434/chemrxiv-2024-pqzct,https://doi.org/10.26434/chemrxiv-2024-pqzct,duplicate_title:1
crossref_only,Crossref,doi:10.2139/ssrn.5036380,1,0,1,Flashing Light Curing Strategy for Shape Fidelity Improvement in Photopolymerization-Based Ceramic Additive Manufacturing,2024,Venue unknown,10.2139/ssrn.5036380,https://doi.org/10.2139/ssrn.5036380,duplicate_title:1
crossref_only,Crossref,doi:10.21203/rs.3.rs-4823174/v1,1,1,0,From Problem to Solution: Bio-inspired 3D Printing for Bonding Soft and Rigid Material via Underextrusion,2024,Venue unknown,10.21203/rs.3.rs-4823174/v1,https://doi.org/10.21203/rs.3.rs-4823174/v1,
crossref_only,Crossref,doi:10.2139/ssrn.4874508,1,1,0,Influence of the Laser Strategy on Bi-Metallic Interfaces Printed Via Multi-Material Laser-Based Powder Bed Fusion,2024,Venue unknown,10.2139/ssrn.4874508,https://doi.org/10.2139/ssrn.4874508,
crossref_only,Crossref,doi:10.31224/3723,1,0,1,Innovative 3D Printing of Mechanoluminescent Composites: Digital Light Processing Meets Machine Learning,2024,Venue unknown,10.31224/3723,https://doi.org/10.31224/3723,low_relevance:1
crossref_only,Crossref,doi:10.2139/ssrn.4854045,1,1,0,Innovative 3d Printing of Mechanoluminescent Composites: Vat Photopolymerization Using Digital Light Processing (Dlp) with Machine Learning Optimization,2024,Venue unknown,10.2139/ssrn.4854045,https://doi.org/10.2139/ssrn.4854045,
crossref_only,Crossref,doi:10.2139/ssrn.5027754,1,0,1,Investigating Thermal Strains and Chemical Shrinkage in Tomographic Volumetric Additive Manufacturing,2024,Venue unknown,10.2139/ssrn.5027754,https://doi.org/10.2139/ssrn.5027754,duplicate_title:1
crossref_only,Crossref,doi:10.2139/ssrn.4933058,1,0,1,Locally Activated 4d Printing with Programmable Shapes and Properties,2024,Venue unknown,10.2139/ssrn.4933058,https://doi.org/10.2139/ssrn.4933058,low_relevance:1
crossref_only,Crossref,doi:10.2139/ssrn.4810931,1,0,1,Locally Activated 4d Printing with Reconfigurable Shapes and Tunable Performance,2024,Venue unknown,10.2139/ssrn.4810931,https://doi.org/10.2139/ssrn.4810931,low_relevance:1
crossref_only,Crossref,doi:10.1016/c2022-0-00102-1,1,0,1,"Machine Learning Aided Analysis, Design, and Additive Manufacturing of Functionally Graded Porous Composite Structures",2024,Venue unknown,10.1016/c2022-0-00102-1,https://doi.org/10.1016/c2022-0-00102-1,low_relevance:1
crossref_only,Crossref,doi:10.2139/ssrn.4848556,1,0,1,Modelling a Process Shop Floor Digital Twin in Smart Manufacturing: A Case Study,2024,Venue unknown,10.2139/ssrn.4848556,https://doi.org/10.2139/ssrn.4848556,low_relevance:1
crossref_only,Crossref,doi:10.1016/c2022-0-01328-3,1,0,1,Motion and Path Planning for Additive Manufacturing,2024,Venue unknown,10.1016/c2022-0-01328-3,https://doi.org/10.1016/c2022-0-01328-3,low_relevance:1
crossref_only,Crossref,doi:10.21203/rs.3.rs-5289570/v1,1,1,0,Multi-material 3D printed composites inspired by nacre: a hard/soft mechanical interplay,2024,Venue unknown,10.21203/rs.3.rs-5289570/v1,https://doi.org/10.21203/rs.3.rs-5289570/v1,
crossref_only,Crossref,doi:10.31224/3515,1,0,1,Multi-Material 3D Printing of Metamaterials with Targeted Frequency Response,2024,Venue unknown,10.31224/3515,https://doi.org/10.31224/3515,low_relevance:1
crossref_only,Crossref,doi:10.2139/ssrn.4698284,1,0,1,Multi-Material Extrusion 3d Food Printing Using Multi-Channel Nozzle,2024,Venue unknown,10.2139/ssrn.4698284,https://doi.org/10.2139/ssrn.4698284,low_relevance:1
crossref_only,Crossref,doi:10.26434/chemrxiv-2024-f94sf,1,0,1,Multimaterial 3D Laser Printing of Cell-Adhesive and Cell-Repellent Hydrogels,2024,Venue unknown,10.26434/chemrxiv-2024-f94sf,https://doi.org/10.26434/chemrxiv-2024-f94sf,duplicate_title:1
crossref_only,Crossref,doi:10.2139/ssrn.4729262,1,0,1,New Nanostructured Multi-Material 3d Printing for Bone-Like Constructs,2024,Venue unknown,10.2139/ssrn.4729262,https://doi.org/10.2139/ssrn.4729262,low_relevance:1
crossref_only,Crossref,doi:10.31224/3484,1,0,1,Newly-developed structural digital twin modeling method for deviations monitoring of prefabricated cable domes based on 3D laser scanning,2024,Venue unknown,10.31224/3484,https://doi.org/10.31224/3484,low_relevance:1
crossref_only,Crossref,doi:10.2139/ssrn.4868307,1,0,1,Numerical Modeling of Tomographic Volumetric Additive Manufacturing Based on Energy Threshold Method,2024,Venue unknown,10.2139/ssrn.4868307,https://doi.org/10.2139/ssrn.4868307,duplicate_title:1
crossref_only,Crossref,doi:10.1101/2024.01.17.576081,1,1,0,Optical Fiber-Assisted Printing: A Platform Technology for Straightforward Photopolymer Resins Patterning and Freeform 3D Printing,2024,Venue unknown,10.1101/2024.01.17.576081,https://doi.org/10.1101/2024.01.17.576081,
crossref_only,Crossref,doi:10.2139/ssrn.4868141,1,0,1,Photo/Thermal Dual-Responsive Azobenzene-Based Photosensitive Resin for 4d Printing,2024,Venue unknown,10.2139/ssrn.4868141,https://doi.org/10.2139/ssrn.4868141,low_relevance:1
crossref_only,Crossref,doi:10.2139/ssrn.4988168,1,1,0,Process Optimization and Cure Behavior Analysis of Dlp 3d Printing For Flexible 0-3 Piezoelectric Composite Metamaterials,2024,Venue unknown,10.2139/ssrn.4988168,https://doi.org/10.2139/ssrn.4988168,
crossref_only,Crossref,doi:10.2139/ssrn.4698277,1,0,1,Programmable Ceramic 4d Printing Via Multi-Material Vat Photopolymerization,2024,Venue unknown,10.2139/ssrn.4698277,https://doi.org/10.2139/ssrn.4698277,low_relevance:1
crossref_only,Crossref,doi:10.2139/ssrn.4709921,1,0,1,Rapid Data Acquisition and Machine Learning-Assisted Composition Design of Functionally Graded Alloys Via Wire-Feed Additive Manufacturing,2024,Venue unknown,10.2139/ssrn.4709921,https://doi.org/10.2139/ssrn.4709921,low_relevance:1
crossref_only,Crossref,doi:10.21203/rs.3.rs-4301742/v1,1,0,1,Re-Imagining Additive Manufacturing through Multi-Material Laser Powder Bed Fusion,2024,Venue unknown,10.21203/rs.3.rs-4301742/v1,https://doi.org/10.21203/rs.3.rs-4301742/v1,low_relevance:1
crossref_only,Crossref,doi:10.20944/preprints202409.1540.v1,1,0,1,Real-Time Modelling for Design and Controlling of Material Additive Manufacturing Processes,2024,Venue unknown,10.20944/preprints202409.1540.v1,https://doi.org/10.20944/preprints202409.1540.v1,low_relevance:1
crossref_only,Crossref,doi:10.21203/rs.3.rs-4328983/v1,1,0,1,Research on dual-robot cooperative path planning for multi-material additive manufacturing,2024,Venue unknown,10.21203/rs.3.rs-4328983/v1,https://doi.org/10.21203/rs.3.rs-4328983/v1,low_relevance:1
crossref_only,Crossref,doi:10.2139/ssrn.4956469,1,0,1,Reversible 4d Printing Behavior of a Single-Layer Elastomer Strip Additively Manufactured from Smart Material Filaments (Smfs) Varying Ph and Thickness,2024,Venue unknown,10.2139/ssrn.4956469,https://doi.org/10.2139/ssrn.4956469,low_relevance:1
crossref_only,Crossref,doi:10.20944/preprints202403.0176.v1,1,0,1,Surface Thermodynamic Properties of 3D/4D Printing Poly Lactic Acid by Inverse Gas Chromatography,2024,Venue unknown,10.20944/preprints202403.0176.v1,https://doi.org/10.20944/preprints202403.0176.v1,low_relevance:1
crossref_only,Crossref,doi:10.21203/rs.3.rs-3902404/v1,1,1,0,Towards Industry-Ready Additive Manufacturing: AI-Enabled Closed-Loop Control for 3D Melt Electrowriting,2024,Venue unknown,10.21203/rs.3.rs-3902404/v1,https://doi.org/10.21203/rs.3.rs-3902404/v1,
crossref_only,Crossref,doi:10.2139/ssrn.4712693,1,0,1,Towards Microwave Volumetric Additive Manufacturing: Generation of a Computational Multi-Physics Model for Localized Curing,2024,Venue unknown,10.2139/ssrn.4712693,https://doi.org/10.2139/ssrn.4712693,duplicate_title:1
crossref_only,Crossref,doi:10.26434/chemrxiv-2024-mqb6s-v2,1,0,1,Towards Self-Driving Labs for Better Batteries: Accelerating Electrolyte Discovery with Automation and Bayesian Optimization,2024,Venue unknown,10.26434/chemrxiv-2024-mqb6s-v2,https://doi.org/10.26434/chemrxiv-2024-mqb6s-v2,low_relevance:1
crossref_only,Crossref,doi:10.26434/chemrxiv-2024-mqb6s,1,0,1,Towards Self-Driving Labs for Better Batteries: Accelerating Electrolyte Discovery with Automation and Bayesian Optimization,2024,Venue unknown,10.26434/chemrxiv-2024-mqb6s,https://doi.org/10.26434/chemrxiv-2024-mqb6s,low_relevance:1
crossref_only,Crossref,doi:10.26434/chemrxiv-2024-0wlvp,1,1,0,Tunable Lotus Leaf Effect by 3D-printed stretchable objects,2024,Venue unknown,10.26434/chemrxiv-2024-0wlvp,https://doi.org/10.26434/chemrxiv-2024-0wlvp,
crossref_only,Crossref,doi:10.26434/chemrxiv-2024-6vjkz,1,0,1,Unlocking the flexibility of multi-material 3D extrusion printing for soft iontronics,2024,Venue unknown,10.26434/chemrxiv-2024-6vjkz,https://doi.org/10.26434/chemrxiv-2024-6vjkz,low_relevance:1
crossref_only,Crossref,doi:10.1016/c2022-0-01490-2,1,1,0,Vat Photopolymerization Additive Manufacturing,2024,Venue unknown,10.1016/c2022-0-01490-2,https://doi.org/10.1016/c2022-0-01490-2,
crossref_only,Crossref,doi:10.2139/ssrn.4890872,1,0,1,Virtual Reality and Digital Twin Technologies in Manufacturing,2024,Venue unknown,10.2139/ssrn.4890872,https://doi.org/10.2139/ssrn.4890872,low_relevance:1
crossref_only,Crossref,doi:10.1201/9780367694265-eppmpt127-0,1,0,1,3D and 4D Printing Polymer/Graphene Nanocomposites,2025,Venue unknown,10.1201/9780367694265-eppmpt127-0,https://doi.org/10.1201/9780367694265-eppmpt127-0,low_relevance:1
crossref_only,Crossref,doi:10.5194/icuc12-954,1,0,1,3D Local Climate Zone (LCZ) Modeling and Digital Twin Integration for Advanced Climate Resilience using AI,2025,Venue unknown,10.5194/icuc12-954,https://doi.org/10.5194/icuc12-954,low_relevance:1
crossref_only,Crossref,doi:10.4018/979-8-3373-7077-4,1,0,1,3D Printing and Digital Twins in Smart Agriculture,2025,Venue unknown,10.4018/979-8-3373-7077-4,https://doi.org/10.4018/979-8-3373-7077-4,low_relevance:1
crossref_only,Crossref,doi:10.2139/ssrn.5817762,1,0,1,4D Printing of a Multi-Transitioning Shape Memory Polymer with a Recovery Onset for Precision Endovascular Embolization,2025,Venue unknown,10.2139/ssrn.5817762,https://doi.org/10.2139/ssrn.5817762,low_relevance:1
crossref_only,Crossref,doi:10.2139/ssrn.5457406,1,0,1,4D Printing of continuous fiber-reinforced hybrid lattice structures with electrothermally controlled shape memory behavior,2025,Venue unknown,10.2139/ssrn.5457406,https://doi.org/10.2139/ssrn.5457406,low_relevance:1
crossref_only,Crossref,doi:10.1002/9781394305285,1,0,1,4D Printing of Foods,2025,Venue unknown,10.1002/9781394305285,https://doi.org/10.1002/9781394305285,low_relevance:1
crossref_only,Crossref,doi:10.1002/9781394213795,1,0,1,4D Printing Technology,2025,Venue unknown,10.1002/9781394213795,https://doi.org/10.1002/9781394213795,low_relevance:1
crossref_only,Crossref,doi:10.20944/preprints202510.2394.v1,1,0,1,A Bidirectional Digital Twin System for Adaptive Manufacturing,2025,Venue unknown,10.20944/preprints202510.2394.v1,https://doi.org/10.20944/preprints202510.2394.v1,low_relevance:1
crossref_only,Crossref,doi:10.21203/rs.3.rs-8051468/v1,1,0,1,A Deformation Prediction Method with Experimental Validation for 4D Printing Applications,2025,Venue unknown,10.21203/rs.3.rs-8051468/v1,https://doi.org/10.21203/rs.3.rs-8051468/v1,low_relevance:1
crossref_only,Crossref,doi:10.2139/ssrn.5491686,1,0,1,A Graph-Theoretical Framework for Optimal and Globally Continuous Path Planning in Additive Manufacturing,2025,Venue unknown,10.2139/ssrn.5491686,https://doi.org/10.2139/ssrn.5491686,low_relevance:1
crossref_only,Crossref,doi:10.2139/ssrn.5448260,1,0,1,A Modular Semantic CPS Framework for Intelligent Inspection and Digital Twin Readiness in Regulated Manufacturing,2025,Venue unknown,10.2139/ssrn.5448260,https://doi.org/10.2139/ssrn.5448260,low_relevance:1
crossref_only,Crossref,doi:10.2139/ssrn.5818903,1,0,1,Adaptive Path Planning for Additive Manufacturing via Convex Decomposition and Partial-Contour-Guided Hatching,2025,Venue unknown,10.2139/ssrn.5818903,https://doi.org/10.2139/ssrn.5818903,low_relevance:1
crossref_only,Crossref,doi:10.21203/rs.3.rs-7643824/v1,1,1,0,Additive Manufacturing of a set of Herringbone Gears Assembly,2025,Venue unknown,10.21203/rs.3.rs-7643824/v1,https://doi.org/10.21203/rs.3.rs-7643824/v1,
crossref_only,Crossref,doi:10.2139/ssrn.5182954,1,0,1,"Advanced 4d Printing of Flax Fiber-Reinforced Pla/Petg Blends for Enhanced Mechanical, Thermal, and Shape Memory Properties",2025,Venue unknown,10.2139/ssrn.5182954,https://doi.org/10.2139/ssrn.5182954,low_relevance:1
crossref_only,Crossref,doi:10.1016/c2023-0-51263-7,1,0,1,Advances in 3D and 4D Printing of Medical Robots and  Devices,2025,Venue unknown,10.1016/c2023-0-51263-7,https://doi.org/10.1016/c2023-0-51263-7,low_relevance:1
crossref_only,Crossref,doi:10.20944/preprints202510.0470.v1,1,0,1,AI-Augmented Intrusion Detection Systems for Mitigating Advanced Persistent Threats in Cyber-Physical Manufacturing Networks,2025,Venue unknown,10.20944/preprints202510.0470.v1,https://doi.org/10.20944/preprints202510.0470.v1,low_relevance:1
crossref_only,Crossref,doi:10.36227/techrxiv.175752211.13624069/v1,1,0,1,AI-Driven Digital Twin Framework for Security Threat Simulation and Compliance Optimization,2025,Venue unknown,10.36227/techrxiv.175752211.13624069/v1,https://doi.org/10.36227/techrxiv.175752211.13624069/v1,low_relevance:1
crossref_only,Crossref,doi:10.36227/techrxiv.176283613.37299306/v1,1,0,1,AMDiffusion: Domain-Adaptive Diffusion Modeling for Causal Data Fusion in Additive Manufacturing Digital Twins,2025,Venue unknown,10.36227/techrxiv.176283613.37299306/v1,https://doi.org/10.36227/techrxiv.176283613.37299306/v1,low_relevance:1
crossref_only,Crossref,doi:10.31224/4453,1,0,1,"AMMap Tool for Additive Manufacturing Design, Alloy Discovery, and Path Planning",2025,Venue unknown,10.31224/4453,https://doi.org/10.31224/4453,low_relevance:1
crossref_only,Crossref,doi:10.26434/chemrxiv-2025-fk3r7,1,1,0,Autonomous Materials Synthesis Laboratories: Integrating Artificial Intelligence with Advanced Robotics for Accelerated Discovery,2025,Venue unknown,10.26434/chemrxiv-2025-fk3r7,https://doi.org/10.26434/chemrxiv-2025-fk3r7,
crossref_only,Crossref,doi:10.26434/chemrxiv-2025-fk3r7-v2,1,0,1,Autonomous Materials Synthesis Laboratories: Integrating Artificial Intelligence with Advanced Robotics for Accelerated Discovery,2025,Venue unknown,10.26434/chemrxiv-2025-fk3r7-v2,https://doi.org/10.26434/chemrxiv-2025-fk3r7-v2,duplicate_title:1
crossref_only,Crossref,doi:10.2139/ssrn.5604710,1,0,1,Beyond The Material-Per-Function Paradigm: Functionally Graded Active Structures via Laser Powder Bed Fusion Additive Manufacturing of Nickel-Titanium Shape Memory Alloys,2025,Venue unknown,10.2139/ssrn.5604710,https://doi.org/10.2139/ssrn.5604710,low_relevance:1
crossref_only,Crossref,doi:10.22541/au.176419318.88774134/v1,1,0,1,"Bio-Inspired 4D Printing: Materials, Mechanisms, and Emerging Applications – A Comprehensive Review",2025,Venue unknown,10.22541/au.176419318.88774134/v1,https://doi.org/10.22541/au.176419318.88774134/v1,low_relevance:1
crossref_only,Crossref,doi:10.1016/c2023-0-52523-6,1,0,1,Blockchain and Digital Twin for Smart Healthcare,2025,Venue unknown,10.1016/c2023-0-52523-6,https://doi.org/10.1016/c2023-0-52523-6,low_relevance:1
crossref_only,Crossref,doi:10.1016/c2024-0-01846-2,1,0,1,Blockchain and Digital Twin for Smart Hospitals,2025,Venue unknown,10.1016/c2024-0-01846-2,https://doi.org/10.1016/c2024-0-01846-2,low_relevance:1
crossref_only,Crossref,doi:10.1021/scimeetings.5c11262,1,1,0,Breaking boundaries: Leveraging polymer chemistry to improve build volume and precision in tomographic volumetric printing,2025,Venue unknown,10.1021/scimeetings.5c11262,https://doi.org/10.1021/scimeetings.5c11262,
crossref_only,Crossref,doi:10.2139/ssrn.5160413,1,0,1,Compositionally Grading Alloy Stacking Fault Energy Using Autonomous Path Planning and Additive Manufacturing with Elemental Powders,2025,Venue unknown,10.2139/ssrn.5160413,https://doi.org/10.2139/ssrn.5160413,low_relevance:1
crossref_only,Crossref,doi:10.2139/ssrn.5293845,1,1,0,"Compressive Characterization of Pla, Abs and Hips Composite Materials in Multinozle and Multimaterial 3d Printing",2025,Venue unknown,10.2139/ssrn.5293845,https://doi.org/10.2139/ssrn.5293845,
crossref_only,Crossref,doi:10.2139/ssrn.5100117,1,0,1,Designing a New Digital Twin Framework for Smart Cities,2025,Venue unknown,10.2139/ssrn.5100117,https://doi.org/10.2139/ssrn.5100117,low_relevance:1
crossref_only,Crossref,doi:10.2139/ssrn.5682622,1,0,1,Development of Automatic Toolpath Planning for Cold Spray Additive Manufacturing Based on Open-Source Additive Manufacturing Slicing Software,2025,Venue unknown,10.2139/ssrn.5682622,https://doi.org/10.2139/ssrn.5682622,low_relevance:1
crossref_only,Crossref,doi:10.2139/ssrn.5256048,1,0,1,Development of Self-Adaptive Cyber-Physical Systems for Real-Time Optimization in Advanced Manufacturing Environments,2025,Venue unknown,10.2139/ssrn.5256048,https://doi.org/10.2139/ssrn.5256048,low_relevance:1
crossref_only,Crossref,doi:10.1016/c2023-0-51982-2,1,0,1,Digital Twin and Blockchain for Sensor Networks in Smart Cities,2025,Venue unknown,10.1016/c2023-0-51982-2,https://doi.org/10.1016/c2023-0-51982-2,low_relevance:1
crossref_only,Crossref,doi:10.5194/egusphere-egu25-5110,1,0,1,Digital twin for weather-induced extremes,2025,Venue unknown,10.5194/egusphere-egu25-5110,https://doi.org/10.5194/egusphere-egu25-5110,low_relevance:1
crossref_only,Crossref,doi:10.2139/ssrn.5250543,1,0,1,Digital Twin Technology for Enhancing Dynamic PFMEA Updates in Advanced Manufacturing Environments: A Case Study Analysis,2025,Venue unknown,10.2139/ssrn.5250543,https://doi.org/10.2139/ssrn.5250543,low_relevance:1
crossref_only,Crossref,doi:10.2139/ssrn.5682665,1,0,1,Digital twin-driven dynamic prediction of operation status and process optimization for flexible production line,2025,Venue unknown,10.2139/ssrn.5682665,https://doi.org/10.2139/ssrn.5682665,low_relevance:1
crossref_only,Crossref,doi:10.26434/chemrxiv-2025-q9lgn,1,0,1,Enhanced Volumetric Additive Manufacturing via Reversible Addition-Fragmentation Chain Transfer (RAFT) Polymerization,2025,Venue unknown,10.26434/chemrxiv-2025-q9lgn,https://doi.org/10.26434/chemrxiv-2025-q9lgn,duplicate_title:1
crossref_only,Crossref,doi:10.2139/ssrn.5134579,1,1,0,Expandable Multi-View Projection Volumetric Additive Manufacturing for a Wide Viscosity Range of Inks,2025,Venue unknown,10.2139/ssrn.5134579,https://doi.org/10.2139/ssrn.5134579,
crossref_only,Crossref,doi:10.54985/peeref.2507p7066538,1,0,1,EXPANDING HORIZONS WITH 3D AND 4D PRINTING,2025,Venue unknown,10.54985/peeref.2507p7066538,https://doi.org/10.54985/peeref.2507p7066538,low_relevance:1
crossref_only,Crossref,doi:10.21203/rs.3.rs-6841223/v1,1,0,1,Experimental and Numerical Investigation of Thermally Activated Shape-Morphing in 4D-Printed ABS Beams,2025,Venue unknown,10.21203/rs.3.rs-6841223/v1,https://doi.org/10.21203/rs.3.rs-6841223/v1,low_relevance:1
crossref_only,Crossref,doi:10.2139/ssrn.5405399,1,0,1,Experimental Validation of the Ensemble Kalman Filter as a Laser Powder Bed Fusion Digital Twin,2025,Venue unknown,10.2139/ssrn.5405399,https://doi.org/10.2139/ssrn.5405399,duplicate_title:1
crossref_only,Crossref,doi:10.33774/coe-2025-3h9s0,1,0,1,Exploring Multi-Materiality: challenges and potential pathways for scaling up 3D printing of biomaterials,2025,Venue unknown,10.33774/coe-2025-3h9s0,https://doi.org/10.33774/coe-2025-3h9s0,low_relevance:1
crossref_only,Crossref,doi:10.1101/2025.02.17.638591,1,0,1,Exploring the Impact of Volumetric Additive Manufacturing of Photo-crosslinkable Gelatin on Mesenchymal Stromal Cell Behavior and Differentiation,2025,Venue unknown,10.1101/2025.02.17.638591,https://doi.org/10.1101/2025.02.17.638591,duplicate_title:1
crossref_only,Crossref,doi:10.2139/ssrn.5939229,1,1,0,Fabrication and Performance of High-Density Reaction-Bonded Silicon Carbide via Vat Photopolymerization-Based Additive Manufacturing,2025,Venue unknown,10.2139/ssrn.5939229,https://doi.org/10.2139/ssrn.5939229,
crossref_only,Crossref,doi:10.26434/chemrxiv-2025-w8bkg,1,0,1,FastCat - Autonomous Discovery ofMultielement LDH Alloy Catalysts for AlkalineOER,2025,Venue unknown,10.26434/chemrxiv-2025-w8bkg,https://doi.org/10.26434/chemrxiv-2025-w8bkg,low_relevance:1
crossref_only,Crossref,doi:10.2139/ssrn.5782672,1,0,1,Functionally graded materials scaffolds by hybrid additive manufacturing for enhanced mechanics and hydrophilicity,2025,Venue unknown,10.2139/ssrn.5782672,https://doi.org/10.2139/ssrn.5782672,low_relevance:1
crossref_only,Crossref,doi:10.1021/scimeetings.5c11134,1,1,0,Granular material system with enhanced printing fidelity and tailored mechanical properties for volumetric additive manufacturing,2025,Venue unknown,10.1021/scimeetings.5c11134,https://doi.org/10.1021/scimeetings.5c11134,
crossref_only,Crossref,doi:10.21203/rs.3.rs-6567604/v1,1,0,1,Graph Neural Network-Based Topology Optimization for Efficient Support Structure Design in Additive Manufacturing,2025,Venue unknown,10.21203/rs.3.rs-6567604/v1,https://doi.org/10.21203/rs.3.rs-6567604/v1,low_relevance:1
crossref_only,Crossref,doi:10.21203/rs.3.rs-8040156/v1,1,1,0,Hybrid tools for tube bending processes using additive manufacturing and digital twin,2025,Venue unknown,10.21203/rs.3.rs-8040156/v1,https://doi.org/10.21203/rs.3.rs-8040156/v1,
crossref_only,Crossref,doi:10.2139/ssrn.5086974,1,0,1,In-Process Density Measurement for Model-Based Process Optimization of Functionally Graded Foam Microcellular Structures in Material Extrusion Additive Manufacturing,2025,Venue unknown,10.2139/ssrn.5086974,https://doi.org/10.2139/ssrn.5086974,duplicate_title:1
crossref_only,Crossref,doi:10.2139/ssrn.5943509,1,0,1,In-Situ Monitoring of Functionally Graded Additive Manufacturing Using BSL 3D-DIC,2025,Venue unknown,10.2139/ssrn.5943509,https://doi.org/10.2139/ssrn.5943509,low_relevance:1
crossref_only,Crossref,doi:10.2139/ssrn.5347468,1,0,1,Integrating Digital Twin and Machine Learning for Cost-Efficient Optimization in Frozen Seafood Manufacturing: A Structured Review and Framework,2025,Venue unknown,10.2139/ssrn.5347468,https://doi.org/10.2139/ssrn.5347468,low_relevance:1
crossref_only,Crossref,doi:10.21203/rs.3.rs-6279671/v1,1,0,1,Interface behavior of multi-material polymeric structures manufactured by material jetting,2025,Venue unknown,10.21203/rs.3.rs-6279671/v1,https://doi.org/10.21203/rs.3.rs-6279671/v1,low_relevance:1
crossref_only,Crossref,doi:10.21203/rs.3.rs-6074274/v1,1,0,1,Laser-Based Powder Bed Fusion Additive Manufacturing of Thinner Walls Through Re-melting,2025,Venue unknown,10.21203/rs.3.rs-6074274/v1,https://doi.org/10.21203/rs.3.rs-6074274/v1,duplicate_title:1
crossref_only,Crossref,doi:10.2139/ssrn.5220867,1,0,1,Magnetic Beneficiation - a Novel Approach to Facilitate Additive Manufacturing of Lunar Regolith Ceramics by Vat Photopolymerization,2025,Venue unknown,10.2139/ssrn.5220867,https://doi.org/10.2139/ssrn.5220867,duplicate_title:1
crossref_only,Crossref,doi:10.2139/ssrn.5111170,1,0,1,Mechanical Characterization of Fdm Printed Pla/Mapp/Graphene Multi-Material Tpms Structures,2025,Venue unknown,10.2139/ssrn.5111170,https://doi.org/10.2139/ssrn.5111170,low_relevance:1
crossref_only,Crossref,doi:10.21203/rs.3.rs-8164960/v1,1,0,1,Method for Machining monitoring using accelerometry coupled with a dynamic digital twin brick for smart manufacturing,2025,Venue unknown,10.21203/rs.3.rs-8164960/v1,https://doi.org/10.21203/rs.3.rs-8164960/v1,low_relevance:1
crossref_only,Crossref,doi:10.2139/ssrn.5247386,1,0,1,Microscale 4d Printing-Templated  In-Situ Nanoparticle Synthesis (Prins) Technique for Modular Shape-Morphing Microrobots,2025,Venue unknown,10.2139/ssrn.5247386,https://doi.org/10.2139/ssrn.5247386,low_relevance:1
crossref_only,Crossref,doi:10.1016/c2023-0-51837-3,1,0,1,Multi-material Additive Manufacturing,2025,Venue unknown,10.1016/c2023-0-51837-3,https://doi.org/10.1016/c2023-0-51837-3,low_relevance:1
crossref_only,Crossref,doi:10.20944/preprints202512.1174.v1,1,0,1,Multi-Material Extrusion Based 3D Printing of Hybrid Scaffolds for Tissue Engineering Application,2025,Venue unknown,10.20944/preprints202512.1174.v1,https://doi.org/10.20944/preprints202512.1174.v1,low_relevance:1
crossref_only,Crossref,doi:10.2139/ssrn.5159002,1,0,1,Multimaterial 3d Printing of Structured Surfaces for Increased Hydrophobicity of Biocomposite Materials,2025,Venue unknown,10.2139/ssrn.5159002,https://doi.org/10.2139/ssrn.5159002,duplicate_title:1
crossref_only,Crossref,doi:10.2139/ssrn.5462354,1,0,1,Nesting and scheduling of multi-material parts in powder bed fusion additive manufacturing,2025,Venue unknown,10.2139/ssrn.5462354,https://doi.org/10.2139/ssrn.5462354,low_relevance:1
crossref_only,Crossref,doi:10.2172/3000821,1,0,1,Optimization of Functionally Graded Materials Using Additive Manufacturing: An Integrated Experimental and Computational Approach (Abbreviated Final Report),2025,Venue unknown,10.2172/3000821,https://doi.org/10.2172/3000821,low_relevance:1
crossref_only,Crossref,doi:10.2139/ssrn.5937697,1,0,1,Programmable spontaneous liquid transport enabled by heterogeneous wettability via multi-material 3D printing,2025,Venue unknown,10.2139/ssrn.5937697,https://doi.org/10.2139/ssrn.5937697,low_relevance:1
crossref_only,Crossref,doi:10.2139/ssrn.5208153,1,0,1,Real-Time Health Supply Chain Optimization Using Digital Twin Technology,2025,Venue unknown,10.2139/ssrn.5208153,https://doi.org/10.2139/ssrn.5208153,low_relevance:1
crossref_only,Crossref,doi:10.21203/rs.3.rs-6650269/v1,1,0,1,Reinforced Scan: A Reinforcement Learning Enabled Optimal Laser Scan Path Planning in Powder Bed Fusion Additive Manufacturing,2025,Venue unknown,10.21203/rs.3.rs-6650269/v1,https://doi.org/10.21203/rs.3.rs-6650269/v1,low_relevance:1
crossref_only,Crossref,doi:10.1101/2025.02.11.637741,1,0,1,Reprogrammable 4D Tissue Engineering Hydrogel Scaffold via Reversible Ion Printing,2025,Venue unknown,10.1101/2025.02.11.637741,https://doi.org/10.1101/2025.02.11.637741,low_relevance:1
crossref_only,Crossref,doi:10.2139/ssrn.5098296,1,0,1,Research on the Bolt-Tightening Process Based on Digital Twin Technology,2025,Venue unknown,10.2139/ssrn.5098296,https://doi.org/10.2139/ssrn.5098296,low_relevance:1
crossref_only,Crossref,doi:10.2139/ssrn.5104705,1,0,1,Scaling Up Path Planning Optimization for Uniform Thermal Fields in Deposition-Based Additive Manufacturing,2025,Venue unknown,10.2139/ssrn.5104705,https://doi.org/10.2139/ssrn.5104705,low_relevance:1
crossref_only,Crossref,doi:10.2139/ssrn.5642040,1,0,1,Simulation-Coupled Dynamic Path Planning in Directed Energy Deposition Additive Manufacturing,2025,Venue unknown,10.2139/ssrn.5642040,https://doi.org/10.2139/ssrn.5642040,low_relevance:1
crossref_only,Crossref,doi:10.22541/au.174940808.86837002/v1,1,0,1,Smart Materials in Motion: A Comprehensive Review of 4D Printing Technologies and Thermal-Induced Shape Memory Polymers,2025,Venue unknown,10.22541/au.174940808.86837002/v1,https://doi.org/10.22541/au.174940808.86837002/v1,low_relevance:1
crossref_only,Crossref,doi:10.64628/ab.wsstv5fsf,1,0,1,Sofas that self-assemble when you heat them up? How 4D printing could transform manufacturing,2025,Venue unknown,10.64628/ab.wsstv5fsf,https://doi.org/10.64628/ab.wsstv5fsf,low_relevance:1
crossref_only,Crossref,doi:10.31224/4363,1,0,1,Systematic Design of Metallic Functionally Graded Materials &amp; Structures,2025,Venue unknown,10.31224/4363,https://doi.org/10.31224/4363,low_relevance:1
crossref_only,Crossref,doi:10.2139/ssrn.5228197,1,0,1,Topology Optimization of Direct Ink Writing 3d Printed Material Architectures: Testing the Importance of Toolpath Consideration in Design,2025,Venue unknown,10.2139/ssrn.5228197,https://doi.org/10.2139/ssrn.5228197,low_relevance:1
crossref_only,Crossref,doi:10.2139/ssrn.5963517,1,0,1,"Tough, Ductile, and Strong Hard-Soft Cementitious Composite Enabled by Multi-Material Additive Manufacturing",2025,Venue unknown,10.2139/ssrn.5963517,https://doi.org/10.2139/ssrn.5963517,low_relevance:1
crossref_only,Crossref,doi:10.26434/chemrxiv-2024-6vjkz-v2,1,0,1,Unlocking the flexibility of multi-material 3D extrusion printing for soft iontronics,2025,Venue unknown,10.26434/chemrxiv-2024-6vjkz-v2,https://doi.org/10.26434/chemrxiv-2024-6vjkz-v2,low_relevance:1
crossref_only,Crossref,doi:10.26434/chemrxiv-2025-1twqq,1,1,0,Volumetric Additive Manufacturing of Composites via Hydrogel Infusion,2025,Venue unknown,10.26434/chemrxiv-2025-1twqq,https://doi.org/10.26434/chemrxiv-2025-1twqq,
crossref_only,Crossref,doi:10.21203/rs.3.rs-7973952/v1,1,0,1,Weldability Evaluation for Alloy Design and Wire Arc Additive Manufacturing of Functionally Graded Materials for Harsh Service Environments,2025,Venue unknown,10.21203/rs.3.rs-7973952/v1,https://doi.org/10.21203/rs.3.rs-7973952/v1,low_relevance:1
crossref_only,Crossref,doi:10.31224/4291,1,1,0,Wire Arc Additive Manufacturing for Industrial Part Fabrication: A Short Review,2025,Venue unknown,10.31224/4291,https://doi.org/10.31224/4291,
crossref_only,Crossref,doi:10.20944/preprints202604.0205.v1,1,0,1,"&lt;p class=""MDPI12title""&gt;In Situ Programming of Shape-Morphing Hydrogels via Vat Photopolymerization for 4D Bioprinting",2026,Venue unknown,10.20944/preprints202604.0205.v1,https://doi.org/10.20944/preprints202604.0205.v1,low_relevance:1
crossref_only,Crossref,doi:10.1515/9783111634609,1,0,1,4D Printing in Healthcare,2026,Venue unknown,10.1515/9783111634609,https://doi.org/10.1515/9783111634609,low_relevance:1
crossref_only,Crossref,doi:10.2139/ssrn.6815757,1,0,1,4D Printing of Electrically Actuated Continuous Fiber-Reinforced Composite Sandwich Structures,2026,Venue unknown,10.2139/ssrn.6815757,https://doi.org/10.2139/ssrn.6815757,low_relevance:1
crossref_only,Crossref,doi:10.26434/chemrxiv.15004096/v1,1,0,1,4D printing of multi-state pH-responsive microstructures,2026,Venue unknown,10.26434/chemrxiv.15004096/v1,https://doi.org/10.26434/chemrxiv.15004096/v1,low_relevance:1
crossref_only,Crossref,doi:10.2139/ssrn.6559688,1,0,1,A Closed-Loop Engineering Framework for Rapid Development of Unmanned Maritime Systems Using Integrated Digital and Additive Technologies,2026,Venue unknown,10.2139/ssrn.6559688,https://doi.org/10.2139/ssrn.6559688,low_relevance:1
crossref_only,Crossref,doi:10.21203/rs.3.rs-9410398/v1,1,0,1,A Deformation Estimation Method with Experimental Demonstration for 4D Printing (3D printing and deformation) Design Applications,2026,Venue unknown,10.21203/rs.3.rs-9410398/v1,https://doi.org/10.21203/rs.3.rs-9410398/v1,low_relevance:1
crossref_only,Crossref,doi:10.26434/chemrxiv-2026-8c93m,1,0,1,ACCEL: Automated Closed-loop Co-Optimization and Experimentation Learning Enables Phase-Pure Identification in Formamidinium-based Dion–Jacobson Halide Perovskites,2026,Venue unknown,10.26434/chemrxiv-2026-8c93m,https://doi.org/10.26434/chemrxiv-2026-8c93m,low_relevance:1
crossref_only,Crossref,doi:10.2139/ssrn.6519523,1,0,1,Additive manufacturing of multi-material parts with graded material transition using Molten Metal Jetting,2026,Venue unknown,10.2139/ssrn.6519523,https://doi.org/10.2139/ssrn.6519523,low_relevance:1
crossref_only,Crossref,doi:10.2139/ssrn.6403081,1,1,0,"Additive manufacturing of stainless steel with complex structures via vat photopolymerization: slurry, printing, debinding and sintering",2026,Venue unknown,10.2139/ssrn.6403081,https://doi.org/10.2139/ssrn.6403081,
crossref_only,Crossref,doi:10.20944/preprints202602.0027.v1,1,0,1,Autonomous Robotic Surgery Guided by Images in the Context of Therapies Managed by Intelligent Digital Technologies,2026,Venue unknown,10.20944/preprints202602.0027.v1,https://doi.org/10.20944/preprints202602.0027.v1,low_relevance:1
crossref_only,Crossref,doi:10.64631/zkvt6687,1,0,1,Benchmarking Bayesian Optimization Frameworks and Acquisition Strategies for Materials Discovery and Autonomous Laboratories,2026,Venue unknown,10.64631/zkvt6687,https://doi.org/10.64631/zkvt6687,low_relevance:1
crossref_only,Crossref,doi:10.2139/ssrn.6320058,1,0,1,Beyond Lattices: A Geometry-First Computational Design Framework for Additive Manufacturing of Porous Architectures,2026,Venue unknown,10.2139/ssrn.6320058,https://doi.org/10.2139/ssrn.6320058,duplicate_title:1
crossref_only,Crossref,doi:10.2139/ssrn.6730311,1,0,1,Bioinspired Liquid Crystal Elastomer Actuators for Directional Liquid Transfer and Acceleration,2026,Venue unknown,10.2139/ssrn.6730311,https://doi.org/10.2139/ssrn.6730311,low_relevance:1
crossref_only,Crossref,doi:10.2139/ssrn.5989154,1,0,1,Closed-Loop Autonomous Network Healing Using Digital Twins and Predictive Reinforcement Learning,2026,Venue unknown,10.2139/ssrn.5989154,https://doi.org/10.2139/ssrn.5989154,low_relevance:1
crossref_only,Crossref,doi:10.21203/rs.3.rs-9721342/v1,1,0,1,Computational Approaches and Optimization Strategies for Additive Manufacturing of Titanium Alloys in Material Engineering: A Gap‑Oriented Review,2026,Venue unknown,10.21203/rs.3.rs-9721342/v1,https://doi.org/10.21203/rs.3.rs-9721342/v1,low_relevance:1
crossref_only,Crossref,doi:10.2139/ssrn.6616510,1,0,1,Developing Interactive Visualisation Systems to Support Design–Engineering Decision-Making in 4D Printing Evaluation,2026,Venue unknown,10.2139/ssrn.6616510,https://doi.org/10.2139/ssrn.6616510,low_relevance:1
crossref_only,Crossref,doi:10.2139/ssrn.6836271,1,0,1,Developing Interactive Visualisation Systems to Support Design–Engineering Decision-Making in 4D Printing Evaluation​,2026,Venue unknown,10.2139/ssrn.6836271,https://doi.org/10.2139/ssrn.6836271,low_relevance:1
crossref_only,Crossref,doi:10.2139/ssrn.6583598,1,0,1,Digital Twin Modeling for Smart and Autonomous Farming,2026,Venue unknown,10.2139/ssrn.6583598,https://doi.org/10.2139/ssrn.6583598,low_relevance:1
crossref_only,Crossref,doi:10.21203/rs.3.rs-8572637/v1,1,0,1,Digital Twin-Driven Dynamic Scheduling for Multi-Disturbance Manufacturing Workshops,2026,Venue unknown,10.21203/rs.3.rs-8572637/v1,https://doi.org/10.21203/rs.3.rs-8572637/v1,low_relevance:1
crossref_only,Crossref,doi:10.2139/ssrn.6140865,1,1,0,Digital Twin-Enabled Multi-Objective Optimization for Pilot-Scale Manufacturing of Generic BCS Class II Drug Products: Process Robustness and Economic Feasibility Analysis,2026,Venue unknown,10.2139/ssrn.6140865,https://doi.org/10.2139/ssrn.6140865,
crossref_only,Crossref,doi:10.5194/egusphere-egu26-8578,1,0,1,Digital-Twin-Based 3D Geological Modeling and Integrated Exploration Data Platforms for Critical Mineral Exploration in ASEAN,2026,Venue unknown,10.5194/egusphere-egu26-8578,https://doi.org/10.5194/egusphere-egu26-8578,low_relevance:1
crossref_only,Crossref,doi:10.2139/ssrn.6075167,1,0,1,Enabling Interlocking Joint Design for Multi-Material Additive Manufacturing via Topology Optimization with Discontinuous Interfacial Property,2026,Venue unknown,10.2139/ssrn.6075167,https://doi.org/10.2139/ssrn.6075167,low_relevance:1
crossref_only,Crossref,doi:10.2139/ssrn.6353098,1,0,1,Environment-Aware Path Generation for Robotic Additive Manufacturing of Structures,2026,Venue unknown,10.2139/ssrn.6353098,https://doi.org/10.2139/ssrn.6353098,duplicate_title:1
crossref_only,Crossref,doi:10.2139/ssrn.6262439,1,1,0,Fabrication of High-Density Complex Copper Microstructures with Micron-Scale Precision via In-situ Ionic Solution System DLP 3D Printing,2026,Venue unknown,10.2139/ssrn.6262439,https://doi.org/10.2139/ssrn.6262439,
crossref_only,Crossref,doi:10.2139/ssrn.6469735,1,0,1,Feature-Enhanced Bayesian Optimization with Hybrid Sampling for Accurate and Efficient Build Orientation Selection in Additive Manufacturing,2026,Venue unknown,10.2139/ssrn.6469735,https://doi.org/10.2139/ssrn.6469735,low_relevance:1
crossref_only,Crossref,doi:10.2139/ssrn.6435258,1,0,1,Heterogeneous interface control in direct ink writing of functionally graded ceramics,2026,Venue unknown,10.2139/ssrn.6435258,https://doi.org/10.2139/ssrn.6435258,low_relevance:1
crossref_only,Crossref,doi:10.2139/ssrn.6151202,1,0,1,Identifying Sustainability Barriers to 4D Printing Adoption in Manufacturing: A Hesitant Fuzzy DEMATEL-Based Indicator Analysis,2026,Venue unknown,10.2139/ssrn.6151202,https://doi.org/10.2139/ssrn.6151202,low_relevance:1
crossref_only,Crossref,doi:10.2139/ssrn.6644483,1,0,1,Integrating Digital Twin and Artificial Intelligence for Enhancing Resilience in Distributed Manufacturing Systems,2026,Venue unknown,10.2139/ssrn.6644483,https://doi.org/10.2139/ssrn.6644483,low_relevance:1
crossref_only,Crossref,doi:10.2139/ssrn.6879762,1,0,1,Knowledge Grounding as the Bottleneck in Text-to-3D Generation for Digital Twin Deployment,2026,Venue unknown,10.2139/ssrn.6879762,https://doi.org/10.2139/ssrn.6879762,low_relevance:1
crossref_only,Crossref,doi:10.2139/ssrn.6862781,1,1,0,Knowledge-Driven Task Graph Evolution for Robotic Assembly Planning in Industrialised Construction,2026,Venue unknown,10.2139/ssrn.6862781,https://doi.org/10.2139/ssrn.6862781,
crossref_only,Crossref,doi:10.2139/ssrn.6318000,1,0,1,Leveraging Digital Twin Technologies for Resource-Efficient Manufacturing in Circular Economy Models,2026,Venue unknown,10.2139/ssrn.6318000,https://doi.org/10.2139/ssrn.6318000,low_relevance:1
crossref_only,Crossref,doi:10.1201/9781003504825,1,1,0,Manufacturing Process Optimization for Sustainable Development Using Digital Twin Applications,2026,Venue unknown,10.1201/9781003504825,https://doi.org/10.1201/9781003504825,
crossref_only,Crossref,doi:10.36227/techrxiv.177130701.10973674/v1,1,1,0,MODULAR STIFFNESS MODULATION IN 3D-PRINTED SOFT ACTUATORS FOR MECHANICAL TRAJECTORY PROGRAMMING,2026,Venue unknown,10.36227/techrxiv.177130701.10973674/v1,https://doi.org/10.36227/techrxiv.177130701.10973674/v1,
crossref_only,Crossref,doi:10.2139/ssrn.6736132,1,0,1,Open-source multi-material multi-resolution inkjet printer based on solenoid valves,2026,Venue unknown,10.2139/ssrn.6736132,https://doi.org/10.2139/ssrn.6736132,low_relevance:1
crossref_only,Crossref,doi:10.2139/ssrn.6723417,1,1,0,Print-Induced Mechanical Anisotropy in Additively Manufactured Thermoplastic Polyurethane: Tensorial Stress Decomposition and Hyperelastic Modelling,2026,Venue unknown,10.2139/ssrn.6723417,https://doi.org/10.2139/ssrn.6723417,
crossref_only,Crossref,doi:10.2139/ssrn.6731328,1,0,1,Quantum Theory of Functionally Graded Materials,2026,Venue unknown,10.2139/ssrn.6731328,https://doi.org/10.2139/ssrn.6731328,low_relevance:1
crossref_only,Crossref,doi:10.2139/ssrn.6308199,1,0,1,"Shape-Morphing 4D Printed Quadcopter UAV: Design, Fabrication, and Flight Validation",2026,Venue unknown,10.2139/ssrn.6308199,https://doi.org/10.2139/ssrn.6308199,low_relevance:1
crossref_only,Crossref,doi:10.2139/ssrn.6486065,1,0,1,Single-Step FDM Printing of Conductive Polymer-Based Resistive Strain Sensors,2026,Venue unknown,10.2139/ssrn.6486065,https://doi.org/10.2139/ssrn.6486065,low_relevance:1
crossref_only,Crossref,doi:10.5194/egusphere-egu26-11362,1,0,1,SMART-TWIN: Transforming urban climate science into planning practice using a geospatial digital twin,2026,Venue unknown,10.5194/egusphere-egu26-11362,https://doi.org/10.5194/egusphere-egu26-11362,low_relevance:1
crossref_only,Crossref,doi:10.2139/ssrn.6568973,1,0,1,Stagewise Multi-Material Topology Optimization to Reduce Material Switching in Additive Manufacturing,2026,Venue unknown,10.2139/ssrn.6568973,https://doi.org/10.2139/ssrn.6568973,low_relevance:1
crossref_only,Crossref,doi:10.2139/ssrn.6717859,1,0,1,Support-free 4D printing of self-sensing shape-memory piezoelectric multifunctional structures via frontal polymerization,2026,Venue unknown,10.2139/ssrn.6717859,https://doi.org/10.2139/ssrn.6717859,low_relevance:1
crossref_only,Crossref,doi:10.31224/6823,1,1,0,"Sustainability in 3D Printing: Embracing the Circular Economy Model for Challenges, Opportunities, and Strategies",2026,Venue unknown,10.31224/6823,https://doi.org/10.31224/6823,
crossref_only,Crossref,doi:10.2139/ssrn.6178599,1,1,0,Tailored Infill Path Design using Surface Mesh Deformation: A Strategy for Boosting Mechanical Performance in Fused Filament Fabrication,2026,Venue unknown,10.2139/ssrn.6178599,https://doi.org/10.2139/ssrn.6178599,
crossref_only,Crossref,doi:10.2139/ssrn.6833705,1,0,1,Tailored Infill Path Design using Surface Mesh Deformation: A Strategy for Boosting Mechanical Performance in Fused Filament Fabrication,2026,Venue unknown,10.2139/ssrn.6833705,https://doi.org/10.2139/ssrn.6833705,duplicate_title:1
crossref_only,Crossref,doi:10.2139/ssrn.6391577,1,1,0,Tribological Behaviour of Additively Manufactured Dual-Material Polymer Composites,2026,Venue unknown,10.2139/ssrn.6391577,https://doi.org/10.2139/ssrn.6391577,
crossref_only,Crossref,doi:10.2139/ssrn.6766538,1,0,1,"Ultrasonic Vibration Assisted Multi-Material 3D Printing of Flexible, Multilayered Electronic Circuits",2026,Venue unknown,10.2139/ssrn.6766538,https://doi.org/10.2139/ssrn.6766538,low_relevance:1
crossref_only,Crossref,doi:10.2139/ssrn.6506918,1,0,1,UNISON Digital Twin framework for Advanced Process Time Prediction in Laser Micromachining Process for PCB Smart Manufacturing,2026,Venue unknown,10.2139/ssrn.6506918,https://doi.org/10.2139/ssrn.6506918,low_relevance:1
crossref_only,Crossref,doi:10.2139/ssrn.6640458,1,0,1,Wave-Inspired Path-Planning Strategy for Support-Free Horizontal Overhangs in FDM,2026,Venue unknown,10.2139/ssrn.6640458,https://doi.org/10.2139/ssrn.6640458,low_relevance:1
crossref_only,Crossref,doi:10.26434/chemrxiv.10001869/v1,1,1,0,WeChemSynOntology: Semantic Modeling of Wet Chemical Syntheses in a Self-Driving Lab for Nano-and Advanced Materials,2026,Venue unknown,10.26434/chemrxiv.10001869/v1,https://doi.org/10.26434/chemrxiv.10001869/v1,
crossref_only,Crossref,doi:10.1080/17452759.2024.2349677,1,0,1,Bionic programmed wearable actuators based on 4D printing of liquid metal-spidroin-liquid crystal elastomer composite,2024,Virtual and Physical Prototyping,10.1080/17452759.2024.2349677,https://doi.org/10.1080/17452759.2024.2349677,low_relevance:1
crossref_only,Crossref,doi:10.1080/17452759.2024.2352075,1,1,0,Optimising printing fidelity of the single-nozzle based multimaterial direct ink writing for 3D food printing,2024,Virtual and Physical Prototyping,10.1080/17452759.2024.2352075,https://doi.org/10.1080/17452759.2024.2352075,
crossref_only,Crossref,doi:10.1080/17452759.2025.2507099,1,0,1,Inverse design of face-like 3D surfaces via bi-material 4D printing and shape morphing,2025,Virtual and Physical Prototyping,10.1080/17452759.2025.2507099,https://doi.org/10.1080/17452759.2025.2507099,low_relevance:1
crossref_only,Crossref,doi:10.1080/17452759.2025.2546671,1,0,1,Multi-material additive manufacturing: a computational design perspective,2025,Virtual and Physical Prototyping,10.1080/17452759.2025.2546671,https://doi.org/10.1080/17452759.2025.2546671,low_relevance:1
crossref_only,Crossref,doi:10.1080/17452759.2025.2592734,1,0,1,Real-time digital twin of vat-based 3D printing using in-situ ultrasonic monitoring,2025,Virtual and Physical Prototyping,10.1080/17452759.2025.2592734,https://doi.org/10.1080/17452759.2025.2592734,low_relevance:1
crossref_only,Crossref,doi:10.1115/imece2024-146882,1,0,1,Digital Twin Model for Property Assessment of Metal Additive Manufacturing,2024,"Volume 11: Safety Engineering, Risk and Reliability Analysis; Research Posters",10.1115/imece2024-146882,https://doi.org/10.1115/imece2024-146882,low_relevance:1
crossref_only,Crossref,doi:10.1115/detc2025-169777,1,0,1,Open 5G Proof-of-Concept Testbed for All-Terrain Autonomous Vehicle Experimentation,2025,Volume 1: 27th International Conference on Advanced Vehicle Technologies (AVT),10.1115/detc2025-169777,https://doi.org/10.1115/detc2025-169777,low_relevance:1
crossref_only,Crossref,doi:10.1115/imece-india2025-159815,1,0,1,Analysis of Multi-Material Metal Laser Powder Bed Fusion Process: A Semi-Analytical Approach,2025,Volume 1: Additive Manufacturing &amp; 3D Printing,10.1115/imece-india2025-159815,https://doi.org/10.1115/imece-india2025-159815,low_relevance:1
crossref_only,Crossref,doi:10.1115/imece-india2025-161262,1,0,1,Fabrication of Steel-Based Functionally Graded Material With Planar Hardness Gradation Using Plasma Arc Additive Manufacturing Technique,2025,Volume 1: Additive Manufacturing &amp; 3D Printing,10.1115/imece-india2025-161262,https://doi.org/10.1115/imece-india2025-161262,low_relevance:1
crossref_only,Crossref,doi:10.1115/imece-india2025-159363,1,0,1,Geometrical Study and Characterization of Multi-Material Deposition of Stainless Steel 316L and Inconel 625 Using Coaxial Laser Wire Additive Manufacturing,2025,Volume 1: Additive Manufacturing &amp; 3D Printing,10.1115/imece-india2025-159363,https://doi.org/10.1115/imece-india2025-159363,low_relevance:1
crossref_only,Crossref,doi:10.1115/imece-india2025-159344,1,0,1,Kinematic Approach to Curved Surface Fabrication Using Multi-Axis 3D Printing for Improved Mechanical Properties,2025,Volume 1: Additive Manufacturing &amp; 3D Printing,10.1115/imece-india2025-159344,https://doi.org/10.1115/imece-india2025-159344,low_relevance:1
crossref_only,Crossref,doi:10.1115/imece-india2025-161933,1,0,1,Microstructural and Mechanical Characterization of Stepped Functionally Graded Materials Fabricated by Wire-Arc Directed Energy Deposition Process,2025,Volume 1: Additive Manufacturing &amp; 3D Printing,10.1115/imece-india2025-161933,https://doi.org/10.1115/imece-india2025-161933,low_relevance:1
crossref_only,Crossref,doi:10.1115/imece-india2025-159500,1,0,1,"Multi-Material Additive Manufacturing of Duplex and Austenitic Stainless Steel by Laser Wire DED: A Comprehensive Study of Mechanical, Tribological, and Microstructural Behaviour",2025,Volume 1: Additive Manufacturing &amp; 3D Printing,10.1115/imece-india2025-159500,https://doi.org/10.1115/imece-india2025-159500,low_relevance:1
crossref_only,Crossref,doi:10.1115/imece-india2025-161364,1,0,1,Prospects of Direct Ink Writing Fabrication of PVA-Graphite Porous Structure for Battery Applications,2025,Volume 1: Additive Manufacturing &amp; 3D Printing,10.1115/imece-india2025-161364,https://doi.org/10.1115/imece-india2025-161364,low_relevance:1
crossref_only,Crossref,doi:10.1115/imece-india2025-159890,1,1,0,Selective Micro Laser Melting for Fabrication of Electronic Circuits,2025,Volume 1: Additive Manufacturing &amp; 3D Printing,10.1115/imece-india2025-159890,https://doi.org/10.1115/imece-india2025-159890,
crossref_only,Crossref,doi:10.1115/msec2024-124383,1,0,1,A Study on Digital Twin for Autonomous Robotic Chip Removal Deep Learning Framework on CNC Machine,2024,Volume 1: Additive Manufacturing; Advanced Materials Manufacturing; Biomanufacturing; Life Cycle Engineering,10.1115/msec2024-124383,https://doi.org/10.1115/msec2024-124383,low_relevance:1
crossref_only,Crossref,doi:10.1115/msec2024-125094,1,1,0,Advancing Digital Twin Technology in Manufacturing: A Comprehensive Study on Data Capture and Simulation of End Mills,2024,Volume 1: Additive Manufacturing; Advanced Materials Manufacturing; Biomanufacturing; Life Cycle Engineering,10.1115/msec2024-125094,https://doi.org/10.1115/msec2024-125094,
crossref_only,Crossref,doi:10.1115/msec2024-124799,1,0,1,Brief Paper: Long-Range Mass Transport Mechanisms in Solid State Sintering for Additive Manufacturing,2024,Volume 1: Additive Manufacturing; Advanced Materials Manufacturing; Biomanufacturing; Life Cycle Engineering,10.1115/msec2024-124799,https://doi.org/10.1115/msec2024-124799,low_relevance:1
crossref_only,Crossref,doi:10.1115/msec2024-121979,1,1,0,Digitalization of a Robot-Based Directed Energy Deposition Process for In-Situ Monitoring and Post-Process Data Analytics,2024,Volume 1: Additive Manufacturing; Advanced Materials Manufacturing; Biomanufacturing; Life Cycle Engineering,10.1115/msec2024-121979,https://doi.org/10.1115/msec2024-121979,
crossref_only,Crossref,doi:10.1115/msec2024-121253,1,0,1,ImVR: Enabling Immersive Design Exploration and Process Integration for Additive Manufacturing of Complex Organic Geometries,2024,Volume 1: Additive Manufacturing; Advanced Materials Manufacturing; Biomanufacturing; Life Cycle Engineering,10.1115/msec2024-121253,https://doi.org/10.1115/msec2024-121253,low_relevance:1
crossref_only,Crossref,doi:10.1115/msec2024-124099,1,0,1,Numerical Simulation of Multi-Material Gyroid Structures Made by Fused Deposition Modeling,2024,Volume 1: Additive Manufacturing; Advanced Materials Manufacturing; Biomanufacturing; Life Cycle Engineering,10.1115/msec2024-124099,https://doi.org/10.1115/msec2024-124099,low_relevance:1
crossref_only,Crossref,doi:10.1115/msec2024-125118,1,0,1,Reducing Warpage in Additive Manufacturing With Novel Toolpath Design,2024,Volume 1: Additive Manufacturing; Advanced Materials Manufacturing; Biomanufacturing; Life Cycle Engineering,10.1115/msec2024-125118,https://doi.org/10.1115/msec2024-125118,low_relevance:1
crossref_only,Crossref,doi:10.1115/msec2024-125138,1,0,1,Site-Specific Property Informed Interface Design of Multi-Material Laser Powder Bed Fusion,2024,Volume 1: Additive Manufacturing; Advanced Materials Manufacturing; Biomanufacturing; Life Cycle Engineering,10.1115/msec2024-125138,https://doi.org/10.1115/msec2024-125138,low_relevance:1
crossref_only,Crossref,doi:10.1115/msec2024-126798,1,1,0,Toolpath Synthesis and Mechanical Properties in Multiplexed Fused Filament Fabrication,2024,Volume 1: Additive Manufacturing; Advanced Materials Manufacturing; Biomanufacturing; Life Cycle Engineering,10.1115/msec2024-126798,https://doi.org/10.1115/msec2024-126798,
crossref_only,Crossref,doi:10.1115/msec2024-124636,1,1,0,Understanding Fatigue Life Behavior in Directed Energy Deposition by Utilizing Novel Volumetric Defect Features,2024,Volume 1: Additive Manufacturing; Advanced Materials Manufacturing; Biomanufacturing; Life Cycle Engineering,10.1115/msec2024-124636,https://doi.org/10.1115/msec2024-124636,
crossref_only,Crossref,doi:10.1115/pvp2024-122920,1,1,0,Digital Twin Development for Additive Manufacturing,2024,Volume 1: Codes &amp; Standards; Computer Technology &amp; Bolted Joints,10.1115/pvp2024-122920,https://doi.org/10.1115/pvp2024-122920,
crossref_only,Crossref,doi:10.1115/msec2025-155442,1,0,1,AI-Guided Bayesian Optimization for Predicting Bioink Viscosity in 3D Bioprinting,2025,"Volume 1: Smart Additive Manufacturing; Multi-Material Processing in AM; Advances in Metal AM Processes; In Situ Monitoring, Non-Destructive Evaluation, and Qualification for AM; Advances in Manufacturing and Processing of Polymers and Composites; Laser-Based Advanced Manufacturing and Material Processing; Smart, Innovative, and Low-Cost Tooling Systems for Advanced Materials Manufacturing; Bio-Manufacturing of Engineered Living Materials",10.1115/msec2025-155442,https://doi.org/10.1115/msec2025-155442,low_relevance:1
crossref_only,Crossref,doi:10.1115/imece2024-145821,1,1,0,A Novel Digital Twin Model to Support Intelligent Robotic Manufacturing System According to Industry 4.0 Trends,2024,Volume 2: Advanced Manufacturing,10.1115/imece2024-145821,https://doi.org/10.1115/imece2024-145821,
crossref_only,Crossref,doi:10.1115/imece2024-145273,1,0,1,Digital Twin Enabled Layout Optimization Framework for Photogrammetry Cameras in Reconfigurable Robotic Work Cells,2024,Volume 2: Advanced Manufacturing,10.1115/imece2024-145273,https://doi.org/10.1115/imece2024-145273,low_relevance:1
crossref_only,Crossref,doi:10.1115/imece2024-145165,1,1,0,Digital Twin-Enabled Real-Time Ultrasonic Assessment for Additive Manufacturing,2024,Volume 2: Advanced Manufacturing,10.1115/imece2024-145165,https://doi.org/10.1115/imece2024-145165,
crossref_only,Crossref,doi:10.1115/imece2025-166047,1,0,1,Smart Manufacturing Using Advanced Technologies for Human Robot Collaboration,2025,Volume 2: Advanced Manufacturing,10.1115/imece2025-166047,https://doi.org/10.1115/imece2025-166047,low_relevance:1
crossref_only,Crossref,doi:10.1115/msec2024-125414,1,0,1,Development of Wire Delivery Tool With Desktop 3-D Printer for Multifunctional Additive Manufacturing,2024,Volume 2: Manufacturing Equipment and Automation; Manufacturing Processes; Manufacturing Systems; Nano/Micro/Meso Manufacturing; Quality &amp; Reliability,10.1115/msec2024-125414,https://doi.org/10.1115/msec2024-125414,low_relevance:1
crossref_only,Crossref,doi:10.1115/imece-india2025-160718,1,0,1,Hybrid Anomaly Detection in Cyber-Physical Systems: Integrating Unsupervised Learning With Explainable AI,2025,Volume 3: Advances in Thermal Technologies; Advances in Semiconductor Manufacturing; Clean Energy Technologies &amp; Systems; Cyber Physical Systems + AI / ML,10.1115/imece-india2025-160718,https://doi.org/10.1115/imece-india2025-160718,low_relevance:1
crossref_only,Crossref,doi:10.1115/imece-india2025-161210,1,0,1,"Transforming Indian Steel Manufacturing: MCDM-Based Evaluation of Cyber-Physical Systems for Cost Efficiency, Resilience and Sustainability",2025,Volume 3: Advances in Thermal Technologies; Advances in Semiconductor Manufacturing; Clean Energy Technologies &amp; Systems; Cyber Physical Systems + AI / ML,10.1115/imece-india2025-161210,https://doi.org/10.1115/imece-india2025-161210,low_relevance:1
crossref_only,Crossref,doi:10.1115/detc2024-142544,1,0,1,3D Infill Path Generation on Quadric Surfaces for Additive Manufacturing,2024,Volume 3B: 50th Design Automation Conference (DAC),10.1115/detc2024-142544,https://doi.org/10.1115/detc2024-142544,low_relevance:1
crossref_only,Crossref,doi:10.1115/imece-india2025-161398,1,1,0,Shape-Modulating 3D-Printed Omnidirectional Soft Pneumatic Composite Tube Actuator: Clover Leaf Model With Eccentric Holes,2025,Volume 4: Gas Turbines; Pressure Technologies; Robotics &amp; Automation,10.1115/imece-india2025-161398,https://doi.org/10.1115/imece-india2025-161398,
crossref_only,Crossref,doi:10.1115/imece2025-166725,1,1,0,"Design, Analysis and Fabrication of 3D Printed Contracting Soft Actuators",2025,"Volume 5: Dynamics, Vibration, and Control",10.1115/imece2025-166725,https://doi.org/10.1115/imece2025-166725,
crossref_only,Crossref,doi:10.1115/imece2025-167195,1,0,1,AI-Driven Smart Manufacturing: Digital Twin and VR-Enabled Predictive Maintenance for Industrial Efficiency Optimization,2025,Volume 7: Engineering Education; Fluids Engineering,10.1115/imece2025-167195,https://doi.org/10.1115/imece2025-167195,low_relevance:1
crossref_only,Crossref,doi:10.1115/gt2025-154132,1,0,1,Towards a Cyber-Physical Production System With Digital Workpiece Twin for Automated Turbine Blade Repair,2025,"Volume 8: Structures and Dynamics — Bearing &amp; Seal Dynamics; Emerging Methods in Engineering Design, Analysis and Additive Manufacturing; Fatigue, Fracture &amp; Life Prediction; Probabilistic Methods; Rotordynamics",10.1115/gt2025-154132,https://doi.org/10.1115/gt2025-154132,low_relevance:1
crossref_only,Crossref,doi:10.1007/978-3-031-50273-6_15,1,0,1,Robotic Systems for Material Handling: Design Framework and Digital Twins,2024,Warehousing and Material Handling Systems for the Digital Industry,10.1007/978-3-031-50273-6_15,https://doi.org/10.1007/978-3-031-50273-6_15,low_relevance:1
crossref_only,Crossref,doi:10.1007/s40194-026-02353-x,1,0,1,Hot cracking susceptibility evaluation for alloy design and wire arc additive manufacturing of functionally graded materials for harsh service environments,2026,Welding in the World,10.1007/s40194-026-02353-x,https://doi.org/10.1007/s40194-026-02353-x,low_relevance:1
openalex_only,OpenAlex,doi:10.1186/s41205-025-00288-5,1,1,0,3D printed polymers that mimic the mechanical properties of atherosclerotic blood vessels for training models: the advantageous degradation induced by UV radiation and hydrolysis,2025,3D Printing in Medicine,10.1186/s41205-025-00288-5,https://doi.org/10.1186/s41205-025-00288-5,
openalex_only,OpenAlex,doi:10.1108/4dp-11-2025-015,1,0,1,Editorial: 4D materials design and additive manufacturing conference 2025,2025,4D Printing,10.1108/4dp-11-2025-015,https://doi.org/10.1108/4dp-11-2025-015,low_relevance:1
openalex_only,OpenAlex,doi:10.33386/593dp.2026.3.4041,1,0,1,Development of Innovative Capacity in Companies of the Metalworking Sector in the Province of Tungurahua,2026,593 Digital Publisher CEIT,10.33386/593dp.2026.3.4041,https://doi.org/10.33386/593dp.2026.3.4041,low_relevance:1
openalex_only,OpenAlex,doi:10.1021/acsami.4c01883,1,1,0,Dual-Wavelength Volumetric Microlithography for Rapid Production of 4D Microstructures,2024,ACS Applied Materials & Interfaces,10.1021/acsami.4c01883,https://doi.org/10.1021/acsami.4c01883,
openalex_only,OpenAlex,doi:10.1021/acsami.4c06130,1,1,0,Hot Fingers: Individually Addressable Graphene-Heater Actuated Liquid Crystal Grippers,2024,ACS Applied Materials & Interfaces,10.1021/acsami.4c06130,https://doi.org/10.1021/acsami.4c06130,
openalex_only,OpenAlex,doi:10.1021/acsami.5c08979,1,0,1,Dynamically Switchable 3D Shape-Morphing and Rotation from Liquid Crystal Elastomer Actuators,2025,ACS Applied Materials & Interfaces,10.1021/acsami.5c08979,https://doi.org/10.1021/acsami.5c08979,low_relevance:1
openalex_only,OpenAlex,doi:10.1021/acsami.5c09353,1,1,0,High-Strength and Fast-Response Liquid Crystal Elastomer Fiber and Fabric Actuators,2025,ACS Applied Materials & Interfaces,10.1021/acsami.5c09353,https://doi.org/10.1021/acsami.5c09353,
openalex_only,OpenAlex,doi:10.1021/acsami.6c04499,1,1,0,"Emerging Trends in Additive Manufacturing for Thermoelectric Devices: Materials, Structures, and Engineering Approaches",2026,ACS Applied Materials & Interfaces,10.1021/acsami.6c04499,https://doi.org/10.1021/acsami.6c04499,
openalex_only,OpenAlex,doi:10.1021/acsami.6c05353,1,0,1,From High-Throughput Screening to Generative Design: Artificial Intelligence-Driven Dielectric Materials Discovery,2026,ACS Applied Materials & Interfaces,10.1021/acsami.6c05353,https://doi.org/10.1021/acsami.6c05353,low_relevance:1
openalex_only,OpenAlex,doi:10.1021/acsapm.5c02906,1,1,0,Multimaterial Digital Light Processing Three-Dimensional Printing of Materials with Different Relaxation Kinetics,2025,ACS Applied Polymer Materials,10.1021/acsapm.5c02906,https://doi.org/10.1021/acsapm.5c02906,
openalex_only,OpenAlex,doi:10.1021/acsapm.5c02101,1,1,0,Recycling Commodity Plastic Waste for Vat Photopolymerization 3D Printing of High-Performance Polymeric Composites,2025,ACS Applied Polymer Materials,10.1021/acsapm.5c02101,https://doi.org/10.1021/acsapm.5c02101,
openalex_only,OpenAlex,doi:10.1021/acsapm.5c01217,1,1,0,Vat Photopolymerization Printing of Modular Soft Stretchable Low-Cost Elastomers,2025,ACS Applied Polymer Materials,10.1021/acsapm.5c01217,https://doi.org/10.1021/acsapm.5c01217,
openalex_only,OpenAlex,doi:10.1021/acsapm.6c01751,1,1,0,Crystallizable Surfactant-Based Interfacial Layers for Stabilizing Nonaqueous Photocurable Foams,2026,ACS Applied Polymer Materials,10.1021/acsapm.6c01751,https://doi.org/10.1021/acsapm.6c01751,
openalex_only,OpenAlex,doi:10.1021/acsapm.6c00527,1,1,0,The Influence of Vat Photopolymerization Processing Parameters on Semicrystalline Morphology,2026,ACS Applied Polymer Materials,10.1021/acsapm.6c00527,https://doi.org/10.1021/acsapm.6c00527,
openalex_only,OpenAlex,doi:10.1021/acscentsci.4c01507,1,1,0,Multimaterial Thermoset Synthesis: Switching Polymerization Mechanism with Light Dosage,2024,ACS Central Science,10.1021/acscentsci.4c01507,https://doi.org/10.1021/acscentsci.4c01507,
openalex_only,OpenAlex,doi:10.1021/acscentsci.5c00337,1,1,0,Dual-Wavelength Simultaneous Patterning of Degradable Thermoset Supports for One-Pot Embedded 3D Printing,2025,ACS Central Science,10.1021/acscentsci.5c00337,https://doi.org/10.1021/acscentsci.5c00337,
openalex_only,OpenAlex,doi:10.1021/acscentsci.5c00289,1,1,0,Multicolor Digital Light Processing 3D Printing Enables Dissolvable Supports for Freestanding and Non-Assembly Structures,2025,ACS Central Science,10.1021/acscentsci.5c00289,https://doi.org/10.1021/acscentsci.5c00289,
openalex_only,OpenAlex,doi:10.1021/acscentsci.5c02418,1,1,0,Bayesian Optimization of Catalysis with In-Context Learning,2026,ACS Central Science,10.1021/acscentsci.5c02418,https://doi.org/10.1021/acscentsci.5c02418,
openalex_only,OpenAlex,doi:10.1021/acselectrochem.5c00440,1,0,1,High-Throughput Electrochemistry Using Scanning Electrochemical Cells,2026,ACS electrochemistry.,10.1021/acselectrochem.5c00440,https://doi.org/10.1021/acselectrochem.5c00440,low_relevance:1
openalex_only,OpenAlex,doi:10.1021/acsenergylett.6c01391,1,1,0,From High-Efficiency Devices to Reproducible Manufacturing: Self-driving Laboratories Are Reshaping Perovskite Photovoltaics,2026,ACS Energy Letters,10.1021/acsenergylett.6c01391,https://doi.org/10.1021/acsenergylett.6c01391,
openalex_only,OpenAlex,doi:10.1021/acsomega.4c04123,1,0,1,A Futuristic Development in 3D Printing Technique Using Nanomaterials with a Step Toward 4D Printing,2024,ACS Omega,10.1021/acsomega.4c04123,https://doi.org/10.1021/acsomega.4c04123,low_relevance:1
openalex_only,OpenAlex,doi:10.1021/acsomega.3c05378,1,1,0,Role of GO and Photoinitiator Concentration on Curing Behavior of PEG-Based Polymer for DLP 3D Printing,2024,ACS Omega,10.1021/acsomega.3c05378,https://doi.org/10.1021/acsomega.3c05378,
openalex_only,OpenAlex,doi:10.1021/acsomega.3c08102,1,1,0,Tailoring of Silicone Urethane Methacrylate Resin for Vat Photopolymerization-Based 3D Printing of Shape Memory Polymers,2024,ACS Omega,10.1021/acsomega.3c08102,https://doi.org/10.1021/acsomega.3c08102,
openalex_only,OpenAlex,doi:10.1021/acsomega.5c01094,1,1,0,Sustainable Graphene Synthesis and Analysis of Graphene-Based PLA Nanocomposites: Impacts of Polymer Functionalization and Potential Applications in Cancer Treatments,2025,ACS Omega,10.1021/acsomega.5c01094,https://doi.org/10.1021/acsomega.5c01094,
openalex_only,OpenAlex,doi:10.1021/acsomega.6c01077,1,1,0,"4D Printing of Renewable Materials Derived from Glycerol and Maleic Anhydride with Tunable Thermal, Mechanical, and Fluorescent Properties",2026,ACS Omega,10.1021/acsomega.6c01077,https://doi.org/10.1021/acsomega.6c01077,
openalex_only,OpenAlex,doi:10.1021/acsomega.6c00575,1,0,1,An Enhanced CAPE-OPEN–Based Digital Twin Platform Architecture for Chemical Processes,2026,ACS Omega,10.1021/acsomega.6c00575,https://doi.org/10.1021/acsomega.6c00575,low_relevance:1
openalex_only,OpenAlex,doi:10.1021/acsomega.6c03218,1,0,1,Machine Learning-Driven Prediction and Mechanistic Insight into CO <b> <sub>2</sub> </b> Adsorption on Biomass-Derived Activated Carbons Using Explainable AI (XAI),2026,ACS Omega,10.1021/acsomega.6c03218,https://doi.org/10.1021/acsomega.6c03218,low_relevance:1
openalex_only,OpenAlex,doi:10.1021/acsomega.6c00683,1,0,1,Variable-Condition Operational Optimization of Oil and Gas Gathering Systems Considering Renewable Energy Accommodation: A Comprehensive Review and Future Perspectives,2026,ACS Omega,10.1021/acsomega.6c00683,https://doi.org/10.1021/acsomega.6c00683,low_relevance:1
openalex_only,OpenAlex,doi:10.1021/acspolymersau.5c00113,1,1,0,Formulation and 3D Printing of PVDF-Containing Photocurable Resins for Digital Light Processing,2025,ACS Polymers Au,10.1021/acspolymersau.5c00113,https://doi.org/10.1021/acspolymersau.5c00113,
openalex_only,OpenAlex,doi:10.1021/acspolymersau.5c00065,1,1,0,Metal Oxide-Functionalized Photopolymers: A Perspective in 3D Printing,2025,ACS Polymers Au,10.1021/acspolymersau.5c00065,https://doi.org/10.1021/acspolymersau.5c00065,
openalex_only,OpenAlex,doi:10.1021/acspolymersau.5c00117,1,1,0,RAFT-Mediated 3D Printing of Polylactones/Itaconate Elastomers with Polypeptide Surface Functionalization,2025,ACS Polymers Au,10.1021/acspolymersau.5c00117,https://doi.org/10.1021/acspolymersau.5c00117,
openalex_only,OpenAlex,doi:10.1021/acspolymersau.5c00192,1,1,0,Limonene as a Renewable Platform Molecule: Chemical Modifications and Polymerization Strategies toward Advanced Materials,2026,ACS Polymers Au,10.1021/acspolymersau.5c00192,https://doi.org/10.1021/acspolymersau.5c00192,
openalex_only,OpenAlex,doi:10.1021/acssuschemeng.5c01470,1,1,0,Sustainable 3D Printing of Transparent SiO<sub>2</sub> Glass Components by a Photocurable Aqueous Suspension Design,2025,ACS Sustainable Chemistry & Engineering,10.1021/acssuschemeng.5c01470,https://doi.org/10.1021/acssuschemeng.5c01470,
openalex_only,OpenAlex,doi:10.1021/acssuschemeng.5c13600,1,1,0,Thiol–Yne Photocurable Isosorbide-Derived Networks: Formulation and 3D Printing,2026,ACS Sustainable Chemistry & Engineering,10.1021/acssuschemeng.5c13600,https://doi.org/10.1021/acssuschemeng.5c13600,
openalex_only,OpenAlex,doi:10.1016/j.actbio.2024.02.009,1,0,1,Digital light 4D printing of bioresorbable shape memory elastomers for personalized biomedical implantation,2024,Acta Biomaterialia,10.1016/j.actbio.2024.02.009,https://doi.org/10.1016/j.actbio.2024.02.009,low_relevance:1
openalex_only,OpenAlex,doi:10.1016/j.actbio.2026.02.035,1,1,0,Toward 4D printed functional soft tissues,2026,Acta Biomaterialia,10.1016/j.actbio.2026.02.035,https://doi.org/10.1016/j.actbio.2026.02.035,
openalex_only,OpenAlex,doi:10.1016/j.actamat.2025.120816,1,1,0,"Defects caused by powder spattering and entrainment in laser powder bed fusion process: High-fidelity modeling of gas, melt pool and powder dynamics",2025,Acta Materialia,10.1016/j.actamat.2025.120816,https://doi.org/10.1016/j.actamat.2025.120816,
openalex_only,OpenAlex,doi:10.2478/ama-2025-0064,1,1,0,A Comprehensive Model of the Abb Irb 2400 For Simulation and Control Applications,2025,Acta Mechanica et Automatica,10.2478/ama-2025-0064,https://doi.org/10.2478/ama-2025-0064,
openalex_only,OpenAlex,doi:10.21496/ams.2025.003,1,1,0,Alternative CAM Solution for Adaptive Robotic Additive Manufacturing,2024,Acta Mechanica Slovaca,10.21496/ams.2025.003,https://doi.org/10.21496/ams.2025.003,
openalex_only,OpenAlex,doi:10.20998/2313-8890.2025.08.04,1,1,0,CONCEPT OF TECHNOLOGICAL SUPPORT FOR PARTS' RESTORATION USING DIGITAL TWINS AND REVERSE REENGINEERING,2025,Actual problems of improving of current legislation of Ukraine,10.20998/2313-8890.2025.08.04,https://doi.org/10.20998/2313-8890.2025.08.04,
openalex_only,OpenAlex,doi:10.3390/act14090432,1,1,0,A Modular Soft Gripper with Embedded Force Sensing and an Iris-Type Cutting Mechanism for Harvesting Medium-Sized Crops,2025,Actuators,10.3390/act14090432,https://doi.org/10.3390/act14090432,
openalex_only,OpenAlex,doi:10.3390/act14100483,1,1,0,From Static to Adaptive: A Systematic Review of Smart Materials and 3D/4D Printing in the Evolution of Assistive Devices,2025,Actuators,10.3390/act14100483,https://doi.org/10.3390/act14100483,
openalex_only,OpenAlex,doi:10.3390/act14100496,1,1,0,Observer-Based Volumetric Flow Control in Nonlinear Electro-Pneumatic Extrusion Actuator with Rheological Dynamics,2025,Actuators,10.3390/act14100496,https://doi.org/10.3390/act14100496,
openalex_only,OpenAlex,doi:10.1016/j.addma.2024.104519,1,1,0,"3D printing of lignin-based supramolecular topological shape-morphing architectures with high strength, toughness, resolution, and fatigue resistance",2024,Additive manufacturing,10.1016/j.addma.2024.104519,https://doi.org/10.1016/j.addma.2024.104519,
openalex_only,OpenAlex,doi:10.1016/j.addma.2024.104407,1,0,1,3D volume construction methodology for cold spray additive manufacturing,2024,Additive manufacturing,10.1016/j.addma.2024.104407,https://doi.org/10.1016/j.addma.2024.104407,low_relevance:1
openalex_only,OpenAlex,doi:10.1016/j.addma.2024.103982,1,1,0,An airbrush 3D printer: Additive manufacturing of relaxor ferroelectric actuators,2024,Additive manufacturing,10.1016/j.addma.2024.103982,https://doi.org/10.1016/j.addma.2024.103982,
openalex_only,OpenAlex,doi:10.1016/j.addma.2024.104232,1,1,0,"An easy-to-build, accessible volumetric 3D printer based on a liquid crystal display for rapid resin development",2024,Additive manufacturing,10.1016/j.addma.2024.104232,https://doi.org/10.1016/j.addma.2024.104232,
openalex_only,OpenAlex,doi:10.1016/j.addma.2024.104615,1,1,0,Avoiding cracks in multi-material printing by combining laser powder bed fusion with metallic foils: Application to Ti6Al4V-AlSi12 structures,2024,Additive manufacturing,10.1016/j.addma.2024.104615,https://doi.org/10.1016/j.addma.2024.104615,
openalex_only,OpenAlex,doi:10.1016/j.addma.2024.104301,1,1,0,Bi-metallic lattice structures manufactured via an intralayer multi-material powder bed fusion method,2024,Additive manufacturing,10.1016/j.addma.2024.104301,https://doi.org/10.1016/j.addma.2024.104301,
openalex_only,OpenAlex,doi:10.1016/j.addma.2024.104154,1,1,0,Discovery of microsegregation-aided transformation and twinning-induced plasticity in low Mn steel through directed energy deposition of functionally graded materials,2024,Additive manufacturing,10.1016/j.addma.2024.104154,https://doi.org/10.1016/j.addma.2024.104154,
openalex_only,OpenAlex,doi:10.1016/j.addma.2024.104028,1,1,0,Electromagnetic assistance enables 3D printing of silicone-based thin-walled bioinspired soft robots,2024,Additive manufacturing,10.1016/j.addma.2024.104028,https://doi.org/10.1016/j.addma.2024.104028,
openalex_only,OpenAlex,doi:10.1016/j.addma.2024.104271,1,0,1,Iterative learning for efficient additive mass production,2024,Additive manufacturing,10.1016/j.addma.2024.104271,https://doi.org/10.1016/j.addma.2024.104271,low_relevance:1
openalex_only,OpenAlex,doi:10.1016/j.addma.2024.104632,1,0,1,Machine learning enabled discovery of new L-PBF processing domains for Ti-6Al-4V,2024,Additive manufacturing,10.1016/j.addma.2024.104632,https://doi.org/10.1016/j.addma.2024.104632,low_relevance:1
openalex_only,OpenAlex,doi:10.1016/j.addma.2024.104238,1,1,0,Material-extrusion based additive manufacturing of BaTiO3 ceramics: from filament production to sintered properties,2024,Additive manufacturing,10.1016/j.addma.2024.104238,https://doi.org/10.1016/j.addma.2024.104238,
openalex_only,OpenAlex,doi:10.1016/j.addma.2024.104360,1,1,0,Myrcene-itaconate Diels-Alder cycloadducts in the synthesis of photocurable polyesters for the 3D printing of fully biobased resins,2024,Additive manufacturing,10.1016/j.addma.2024.104360,https://doi.org/10.1016/j.addma.2024.104360,
openalex_only,OpenAlex,doi:10.1016/j.addma.2024.104335,1,1,0,On the correlation between pre-processing workflow and dimensional accuracy of 3D printed parts in high-precision Material Jetting,2024,Additive manufacturing,10.1016/j.addma.2024.104335,https://doi.org/10.1016/j.addma.2024.104335,
openalex_only,OpenAlex,doi:10.1016/j.addma.2024.104293,1,1,0,Printing path-dependent two-scale models for 3D printed planar auxetics by material extrusion,2024,Additive manufacturing,10.1016/j.addma.2024.104293,https://doi.org/10.1016/j.addma.2024.104293,
openalex_only,OpenAlex,doi:10.1016/j.addma.2024.104604,1,1,0,Slicing vector fields into tool paths for additive manufacturing of nematic elastomers,2024,Additive manufacturing,10.1016/j.addma.2024.104604,https://doi.org/10.1016/j.addma.2024.104604,
openalex_only,OpenAlex,doi:10.1016/j.addma.2024.104503,1,0,1,ThermoPore: Predicting part porosity based on thermal images using deep learning,2024,Additive manufacturing,10.1016/j.addma.2024.104503,https://doi.org/10.1016/j.addma.2024.104503,low_relevance:1
openalex_only,OpenAlex,doi:10.1201/9781003343868-4,1,1,0,Additive Manufacturing of Metals and Alloys,2025,Additive manufacturing,10.1201/9781003343868-4,https://doi.org/10.1201/9781003343868-4,
openalex_only,OpenAlex,doi:10.1016/j.addma.2025.105022,1,0,1,Bayesian optimization for laser powder bed fusion of defect-free AA2024,2025,Additive manufacturing,10.1016/j.addma.2025.105022,https://doi.org/10.1016/j.addma.2025.105022,low_relevance:1
openalex_only,OpenAlex,doi:10.1016/j.addma.2025.104687,1,1,0,Design and 3D printing of soft optical waveguides towards monolithic perceptive systems,2025,Additive manufacturing,10.1016/j.addma.2025.104687,https://doi.org/10.1016/j.addma.2025.104687,
openalex_only,OpenAlex,doi:10.1016/j.addma.2025.104818,1,1,0,Development of open-architecture two-wavelength grayscale digital light processing for advanced vat photopolymerization,2025,Additive manufacturing,10.1016/j.addma.2025.104818,https://doi.org/10.1016/j.addma.2025.104818,
openalex_only,OpenAlex,doi:10.1016/j.addma.2025.104770,1,1,0,Direct ink writing of magnetic soft materials with optimized printing path,2025,Additive manufacturing,10.1016/j.addma.2025.104770,https://doi.org/10.1016/j.addma.2025.104770,
openalex_only,OpenAlex,doi:10.1016/j.addma.2025.104700,1,1,0,Large-scale additive manufacturing of optimally-embedded spinodal material architectures,2025,Additive manufacturing,10.1016/j.addma.2025.104700,https://doi.org/10.1016/j.addma.2025.104700,
openalex_only,OpenAlex,doi:10.1016/j.addma.2025.104847,1,0,1,Multiphysics modelling of 3D concrete printing: From material model to process simulation and optimisation,2025,Additive manufacturing,10.1016/j.addma.2025.104847,https://doi.org/10.1016/j.addma.2025.104847,low_relevance:1
openalex_only,OpenAlex,doi:10.1016/j.addma.2025.104950,1,1,0,Phase-separation-driven cracking in additive manufacturing of Ni-Cu alloy systems,2025,Additive manufacturing,10.1016/j.addma.2025.104950,https://doi.org/10.1016/j.addma.2025.104950,
openalex_only,OpenAlex,doi:10.1016/j.addma.2025.105010,1,1,0,Self-supporting mid-air 3D printing of single-layer polypropylene structures: Flow rate-dependent analytical modeling and surface characterization,2025,Additive manufacturing,10.1016/j.addma.2025.105010,https://doi.org/10.1016/j.addma.2025.105010,
openalex_only,OpenAlex,doi:10.1016/j.addma.2025.104713,1,1,0,z-GrAdd – Facile fabrication of various functional gradient materials by 3D printing using the gradual addition of reagents,2025,Additive manufacturing,10.1016/j.addma.2025.104713,https://doi.org/10.1016/j.addma.2025.104713,
openalex_only,OpenAlex,doi:10.1016/j.addma.2026.105233,1,1,0,A woven-like toolpath strategy for translaminar reinforcement in continuous fiber reinforced polymer additive manufacturing,2026,Additive manufacturing,10.1016/j.addma.2026.105233,https://doi.org/10.1016/j.addma.2026.105233,
openalex_only,OpenAlex,doi:10.1016/j.addma.2026.105169,1,1,0,An active nozzle with variable shape: Introduction and exploration of impact for silicone DIW,2026,Additive manufacturing,10.1016/j.addma.2026.105169,https://doi.org/10.1016/j.addma.2026.105169,
openalex_only,OpenAlex,doi:10.1201/9781003544937-12,1,1,0,"Applications of Additively Manufactured Composites, Functionally Graded Materials and Smart Structures",2026,Additive manufacturing,10.1201/9781003544937-12,https://doi.org/10.1201/9781003544937-12,
openalex_only,OpenAlex,doi:10.1201/9781003544937-10,1,1,0,Applications of Artificial Intelligence and Machine Learning Techniques in AM of Advanced Materials and Customized Components,2026,Additive manufacturing,10.1201/9781003544937-10,https://doi.org/10.1201/9781003544937-10,
openalex_only,OpenAlex,doi:10.1201/9781003544937-6,1,1,0,Benefits and Constraints Associated with the AM of Functionally Graded Materials,2026,Additive manufacturing,10.1201/9781003544937-6,https://doi.org/10.1201/9781003544937-6,
openalex_only,OpenAlex,doi:10.1201/9781003544937-13,1,1,0,Development of Functionally Gradient Materials Using Ultrasonic Additive Manufacturing,2026,Additive manufacturing,10.1201/9781003544937-13,https://doi.org/10.1201/9781003544937-13,
openalex_only,OpenAlex,doi:10.1016/j.addma.2026.105240,1,1,0,Directed energy deposition additive manufacturing: Microstructure and composition engineering for high-performing metallic materials,2026,Additive manufacturing,10.1016/j.addma.2026.105240,https://doi.org/10.1016/j.addma.2026.105240,
openalex_only,OpenAlex,doi:10.1016/j.addma.2026.105198,1,0,1,Durable double-network silicone elastomers for high-viscosity vat photopolymerization,2026,Additive manufacturing,10.1016/j.addma.2026.105198,https://doi.org/10.1016/j.addma.2026.105198,low_relevance:1
openalex_only,OpenAlex,doi:10.1016/j.addma.2026.105082,1,1,0,Hybrid manufacturing of absorbable Hydroxyapatite-Wollastonite/Mg3Zn interpenetrating phase composites for bone substitutes,2026,Additive manufacturing,10.1016/j.addma.2026.105082,https://doi.org/10.1016/j.addma.2026.105082,
openalex_only,OpenAlex,doi:10.1201/9781003544937-11,1,0,1,Industry 4.0 and Sustainability in Additive Manufacturing,2026,Additive manufacturing,10.1201/9781003544937-11,https://doi.org/10.1201/9781003544937-11,low_relevance:1
openalex_only,OpenAlex,doi:10.1201/9781003544937-1,1,1,0,Introduction to Different Additive Manufacturing (AM) Techniques,2026,Additive manufacturing,10.1201/9781003544937-1,https://doi.org/10.1201/9781003544937-1,
openalex_only,OpenAlex,doi:10.1016/j.addma.2026.105182,1,1,0,Isotropic conformal minimal surface generation strategies for additively manufactured metamaterials,2026,Additive manufacturing,10.1016/j.addma.2026.105182,https://doi.org/10.1016/j.addma.2026.105182,
openalex_only,OpenAlex,doi:10.1016/j.addlet.2025.100334,1,1,0,Computed axial lithography of multioxide glasses and ceramics from nanoparticles and organic–inorganic precursors,2025,Additive Manufacturing Letters,10.1016/j.addlet.2025.100334,https://doi.org/10.1016/j.addlet.2025.100334,
openalex_only,OpenAlex,doi:10.58915/aset.v5i1.3202,1,0,1,A Digital Twin Framework for Corrosion Predictive Analysis,2026,Advanced and Sustainable Technologies (ASET),10.58915/aset.v5i1.3202,https://doi.org/10.58915/aset.v5i1.3202,low_relevance:1
openalex_only,OpenAlex,doi:10.1007/s42114-025-01273-6,1,0,1,Sustainable prospects of lignocellulosic wood and natural fiber-based materials in 3D and 4D printing,2025,Advanced Composites and Hybrid Materials,10.1007/s42114-025-01273-6,https://doi.org/10.1007/s42114-025-01273-6,low_relevance:1
openalex_only,OpenAlex,doi:10.1007/s42114-026-01715-9,1,1,0,Processing-induced magnetic softening in high-loading printable composites for additive manufacturing,2026,Advanced Composites and Hybrid Materials,10.1007/s42114-026-01715-9,https://doi.org/10.1007/s42114-026-01715-9,
openalex_only,OpenAlex,doi:10.1002/aenm.202503187,1,1,0,"Process Parameter Specification and Control in Solution Processing of Hybrid Perovskite Photovoltaics: From Domain‐Specific Jargon to Evidence‐Based, Unambiguous Description of Experimental Workflows",2025,Advanced Energy Materials,10.1002/aenm.202503187,https://doi.org/10.1002/aenm.202503187,
openalex_only,OpenAlex,doi:10.1016/j.aei.2025.104054,1,1,0,Self-X-based secure human-cyber-physical system (SSHCPS) for autonomous manufacturing in the era of industry 5.0,2025,Advanced Engineering Informatics,10.1016/j.aei.2025.104054,https://doi.org/10.1016/j.aei.2025.104054,
openalex_only,OpenAlex,doi:10.1016/j.aei.2026.104728,1,0,1,Digital Twin architecture for heterogeneous fabrication and construction in AEC,2026,Advanced Engineering Informatics,10.1016/j.aei.2026.104728,https://doi.org/10.1016/j.aei.2026.104728,low_relevance:1
openalex_only,OpenAlex,doi:10.46793/adeletters.2026.5.1.2,1,1,0,"Fused Deposition Modelling in Additive Manufacturing: A Comprehensive Review of Polymer-Based Processes, Properties, and Applications",2026,Advanced Engineering Letters,10.46793/adeletters.2026.5.1.2,https://doi.org/10.46793/adeletters.2026.5.1.2,
openalex_only,OpenAlex,doi:10.1002/adem.202401796,1,0,1,Monodomain Liquid‐Crystal Elastomer Lattices for Broad Strain‐Rate Mechanical Damping,2024,Advanced Engineering Materials,10.1002/adem.202401796,https://doi.org/10.1002/adem.202401796,low_relevance:1
openalex_only,OpenAlex,doi:10.1002/adem.202500823,1,1,0,Key Trends and Insights in Smart Polymeric Skin Wearable Patches,2025,Advanced Engineering Materials,10.1002/adem.202500823,https://doi.org/10.1002/adem.202500823,
openalex_only,OpenAlex,doi:10.1002/adem.202501727,1,1,0,Liquid Crystal Elastomers Under Confinement: A Review of Template‐Based Fabrication and Applications,2025,Advanced Engineering Materials,10.1002/adem.202501727,https://doi.org/10.1002/adem.202501727,
openalex_only,OpenAlex,doi:10.1002/adem.202501961,1,1,0,"Additive Manufacturing of Polymer‐Derived SiOC Ceramics: A Review of Materials, Techniques, and Applications",2026,Advanced Engineering Materials,10.1002/adem.202501961,https://doi.org/10.1002/adem.202501961,
openalex_only,OpenAlex,doi:10.1002/adem.202503200,1,0,1,Current Status and Challenges in Data Collection for Aerospace Coatings Deposited by Plasma Spraying,2026,Advanced Engineering Materials,10.1002/adem.202503200,https://doi.org/10.1002/adem.202503200,low_relevance:1
openalex_only,OpenAlex,doi:10.1002/adem.70921,1,1,0,Enhancing Bubble Removal in Geometry‐Optimized Electrodes,2026,Advanced Engineering Materials,10.1002/adem.70921,https://doi.org/10.1002/adem.70921,
openalex_only,OpenAlex,doi:10.1002/adem.71012,1,1,0,Influence of Arc Oscillation Modes on the Porosity and Mechanical Properties of Auxiliary Wire‐Filling Gas Metal Arc‐Directed Energy Deposition 2319–1100 Aluminum‐Based Functionally Graded Material,2026,Advanced Engineering Materials,10.1002/adem.71012,https://doi.org/10.1002/adem.71012,
openalex_only,OpenAlex,doi:10.1002/adfm.202413965,1,0,1,Direct Ink Writing of Cephalopod Skin‐Like Core‐Shell Fibers From Cholesteric Liquid Crystal Elastomers and Dyed Solutions,2024,Advanced Functional Materials,10.1002/adfm.202413965,https://doi.org/10.1002/adfm.202413965,low_relevance:1
openalex_only,OpenAlex,doi:10.1002/adfm.202314854,1,1,0,Electrically/Magnetically Dual‐Driven Shape Memory Composites Fabricated by Multi‐Material Magnetic Field‐Assisted 4D Printing,2024,Advanced Functional Materials,10.1002/adfm.202314854,https://doi.org/10.1002/adfm.202314854,
openalex_only,OpenAlex,doi:10.1002/adfm.202314635,1,0,1,From Grayscale Photopolymerization 3D Printing to Functionally Graded Materials,2024,Advanced Functional Materials,10.1002/adfm.202314635,https://doi.org/10.1002/adfm.202314635,low_relevance:1
openalex_only,OpenAlex,doi:10.1002/adfm.202520642,1,0,1,4D Printing of Self‐Immolative Polymers,2025,Advanced Functional Materials,10.1002/adfm.202520642,https://doi.org/10.1002/adfm.202520642,low_relevance:1
openalex_only,OpenAlex,doi:10.1002/adfm.202506987,1,1,0,Adaptive Locomotion of <i>Pleurotya</i> Caterpillar‐Inspired Segmental Crawling Robots with Multiple Postures,2025,Advanced Functional Materials,10.1002/adfm.202506987,https://doi.org/10.1002/adfm.202506987,
openalex_only,OpenAlex,doi:10.1002/adfm.202504979,1,1,0,Direct‐Ink‐Written Shape‐Programmable Micro‐Supercapacitors with Electrothermal Liquid Crystal Elastomers,2025,Advanced Functional Materials,10.1002/adfm.202504979,https://doi.org/10.1002/adfm.202504979,
openalex_only,OpenAlex,doi:10.1002/adfm.202523995,1,1,0,Encoding Magnetic Anisotropies in Digital Light Processing 3D Printing,2025,Advanced Functional Materials,10.1002/adfm.202523995,https://doi.org/10.1002/adfm.202523995,
openalex_only,OpenAlex,doi:10.1002/adfm.202528531,1,1,0,External Reflection From Two‐Photon Laser‐Printed Micromirrors Enables Photomechanical Actuation at a 90° Incident Angle,2025,Advanced Functional Materials,10.1002/adfm.202528531,https://doi.org/10.1002/adfm.202528531,
openalex_only,OpenAlex,doi:10.1002/adfm.202529302,1,1,0,Actuating and Sensing Composites of Liquid Crystal Elastomers and Poly(ionic liquid)s,2026,Advanced Functional Materials,10.1002/adfm.202529302,https://doi.org/10.1002/adfm.202529302,
openalex_only,OpenAlex,doi:10.1002/adfm.202521468,1,1,0,Adaptive 4D‐Printed Vascular Stents With Low‐Temperature‐Activated and Intelligent Deployment,2026,Advanced Functional Materials,10.1002/adfm.202521468,https://doi.org/10.1002/adfm.202521468,
openalex_only,OpenAlex,doi:10.1002/adfm.202518936,1,1,0,Controlling Convection in Volumetric Additive Manufacturing for Large Volume Structures at Extreme Throughput,2026,Advanced Functional Materials,10.1002/adfm.202518936,https://doi.org/10.1002/adfm.202518936,
openalex_only,OpenAlex,doi:10.1002/adfm.202525150,1,0,1,Digital Actuation Control of Soft Robotic Origami With Self‐Folding Liquid Crystal Elastomer Hinges,2026,Advanced Functional Materials,10.1002/adfm.202525150,https://doi.org/10.1002/adfm.202525150,low_relevance:1
openalex_only,OpenAlex,doi:10.1002/adfm.76457,1,1,0,"Low‐Profile, High‐Gain GRIN RF Lenses via Multi‐Material Vat Photopolymerization",2026,Advanced Functional Materials,10.1002/adfm.76457,https://doi.org/10.1002/adfm.76457,
openalex_only,OpenAlex,doi:10.1002/adfm.202520548,1,1,0,Programmable Magnetization of Small‐Scale Soft Kirigami Pads via Interlayer Stress for Light Modulation,2026,Advanced Functional Materials,10.1002/adfm.202520548,https://doi.org/10.1002/adfm.202520548,
openalex_only,OpenAlex,doi:10.1002/adfm.202524139,1,1,0,Visuo‐Tactile Sensor Enabled by Cholesteric Liquid Crystal Elastomer for Soft Robotics,2026,Advanced Functional Materials,10.1002/adfm.202524139,https://doi.org/10.1002/adfm.202524139,
openalex_only,OpenAlex,doi:10.1002/adhm.202403065,1,0,1,Advances in 4D Bioprinting: The Next Frontier in Regenerative Medicine and Tissue Engineering Applications,2024,Advanced Healthcare Materials,10.1002/adhm.202403065,https://doi.org/10.1002/adhm.202403065,low_relevance:1
openalex_only,OpenAlex,doi:10.1002/adhm.202500475,1,1,0,"Multimaterial and Multidimensional Bioprinting in Regenerative Medicine: Advances, Limitations, and Future Directions",2025,Advanced Healthcare Materials,10.1002/adhm.202500475,https://doi.org/10.1002/adhm.202500475,
openalex_only,OpenAlex,doi:10.1002/aidi.202500217,1,1,0,"A Multimodal Intelligent System for Human Digital Twin Simulation with Continuous Kinematic Data Tracking, Biometric Prognosis, and Cognitive State Feedback in Industrial Environments",2026,Advanced Intelligent Discovery,10.1002/aidi.202500217,https://doi.org/10.1002/aidi.202500217,
openalex_only,OpenAlex,doi:10.1002/aisy.202300866,1,1,0,"A Flexible, Architected Soft Robotic Actuator for Motorized Extensional Motion",2024,Advanced Intelligent Systems,10.1002/aisy.202300866,https://doi.org/10.1002/aisy.202300866,
openalex_only,OpenAlex,doi:10.1002/aisy.202500470,1,1,0,"Scan and 3D Print: Magnetic Resonance Imaging‐Guided, Monolithic Desktop Fabrication of Highly Biomimetic Skeletal System of the Human Hand",2025,Advanced Intelligent Systems,10.1002/aisy.202500470,https://doi.org/10.1002/aisy.202500470,
openalex_only,OpenAlex,doi:10.1002/aisy.202500123,1,1,0,Thermally Responsive Architected Actuators with Programmable Shape Morphing and Tunable Stiffness,2025,Advanced Intelligent Systems,10.1002/aisy.202500123,https://doi.org/10.1002/aisy.202500123,
openalex_only,OpenAlex,doi:10.1002/aisy.70437,1,0,1,Tandem Neural Network Rapidly Solves Multivalued Inverse Problems: Application to Oxide‐Semiconductor Characterization,2026,Advanced Intelligent Systems,10.1002/aisy.70437,https://doi.org/10.1002/aisy.70437,low_relevance:1
openalex_only,OpenAlex,doi:10.21595/amr.2026.26160,1,1,0,Enabling human-centric manufacturing: A systematic review of human-machine collaboration in Industry 5.0,2026,Advanced Manufacturing Research,10.21595/amr.2026.26160,https://doi.org/10.21595/amr.2026.26160,
openalex_only,OpenAlex,doi:10.1002/adma.202312135,1,1,0,4D Multimaterial Printing of Soft Actuators with Spatial and Temporal Control,2024,Advanced Materials,10.1002/adma.202312135,https://doi.org/10.1002/adma.202312135,
openalex_only,OpenAlex,doi:10.1002/adma.202402301,1,1,0,4D Printing for Biomedical Applications,2024,Advanced Materials,10.1002/adma.202402301,https://doi.org/10.1002/adma.202402301,
openalex_only,OpenAlex,doi:10.1002/adma.202400763,1,1,0,Knotted Artificial Muscles for Bio‐Mimetic Actuation under Deepwater,2024,Advanced Materials,10.1002/adma.202400763,https://doi.org/10.1002/adma.202400763,
openalex_only,OpenAlex,doi:10.1002/adma.202313745,1,1,0,Photothermal Actuation of Thick 3D‐Printed Liquid Crystalline Elastomer Nanocomposites,2024,Advanced Materials,10.1002/adma.202313745,https://doi.org/10.1002/adma.202313745,
openalex_only,OpenAlex,doi:10.1002/adma.202308862,1,0,1,Printable Liquid Metal Foams That Grow When Watered,2024,Advanced Materials,10.1002/adma.202308862,https://doi.org/10.1002/adma.202308862,low_relevance:1
openalex_only,OpenAlex,doi:10.1002/adma.202309166,1,1,0,"Segmented, Side‐Emitting Hydrogel Optical Fibers for Multimaterial Extrusion Printing",2024,Advanced Materials,10.1002/adma.202309166,https://doi.org/10.1002/adma.202309166,
openalex_only,OpenAlex,doi:10.1002/adma.202408374,1,1,0,SonoPrint: Acoustically Assisted Volumetric 3D Printing for Composites,2024,Advanced Materials,10.1002/adma.202408374,https://doi.org/10.1002/adma.202408374,
openalex_only,OpenAlex,doi:10.1002/adma.202410446,1,1,0,Special Issue Editorial: Advanced Materials for Additive Manufacturing,2024,Advanced Materials,10.1002/adma.202410446,https://doi.org/10.1002/adma.202410446,
openalex_only,OpenAlex,doi:10.1002/adma.202402217,1,1,0,Volumetric 3D Printing of Endoskeletal Soft Robots,2024,Advanced Materials,10.1002/adma.202402217,https://doi.org/10.1002/adma.202402217,
openalex_only,OpenAlex,doi:10.1002/adma.202413391,1,1,0,Xolography for 3D Printing in Microgravity,2024,Advanced Materials,10.1002/adma.202413391,https://doi.org/10.1002/adma.202413391,
openalex_only,OpenAlex,doi:10.1002/adma.202505018,1,0,1,4D‐Printed Adaptive and Programmable Shape‐Morphing Batteries,2025,Advanced Materials,10.1002/adma.202505018,https://doi.org/10.1002/adma.202505018,low_relevance:1
openalex_only,OpenAlex,doi:10.1002/adma.202508729,1,1,0,Advancing Tomographic Volumetric Printing Via Oxygen Inhibition Control: Improved Accuracy and Large‐Volume Capability,2025,Advanced Materials,10.1002/adma.202508729,https://doi.org/10.1002/adma.202508729,
openalex_only,OpenAlex,doi:10.1002/adma.71300,1,1,0,Advancing Tomographic Volumetric Printing Via Oxygen Inhibition Control: Improved Accuracy and Large‐Volume Capability (Adv. Mater. 47/2025),2025,Advanced Materials,10.1002/adma.71300,https://doi.org/10.1002/adma.71300,
openalex_only,OpenAlex,doi:10.1002/adma.202420048,1,0,1,Architected Liquid Crystal Elastomer Lattices with Programmable Energy Absorption,2025,Advanced Materials,10.1002/adma.202420048,https://doi.org/10.1002/adma.202420048,low_relevance:1
openalex_only,OpenAlex,doi:10.1002/adma.202416621,1,0,1,Coaxial Direct Ink Writing of Cholesteric Liquid Crystal Elastomers in 3D Architectures,2025,Advanced Materials,10.1002/adma.202416621,https://doi.org/10.1002/adma.202416621,low_relevance:1
openalex_only,OpenAlex,doi:10.1002/adma.202505504,1,1,0,Fabrication of Organic/Inorganic Nanocomposites: From Traditional Synthesis to Additive Manufacturing,2025,Advanced Materials,10.1002/adma.202505504,https://doi.org/10.1002/adma.202505504,
openalex_only,OpenAlex,doi:10.1002/adma.202419639,1,1,0,Two Material Properties from One Wavelength‐Orthogonal Photoresin Enabled by a Monochromatic Laser Integrated Stereolithographic Apparatus (Mono LISA),2025,Advanced Materials,10.1002/adma.202419639,https://doi.org/10.1002/adma.202419639,
openalex_only,OpenAlex,doi:10.1002/adma.202410292,1,1,0,Xolography for Biomedical Applications: Dual‐Color Light‐Sheet Printing of Hydrogels With Local Control Over Shape and Stiffness,2025,Advanced Materials,10.1002/adma.202410292,https://doi.org/10.1002/adma.202410292,
openalex_only,OpenAlex,doi:10.1002/adma.73633,1,0,1,Bioinspired 4D‐Printing Microwave Absorbers With Adaptive Programmable Switches via Morphable Percolation Networks and Resonant Models,2026,Advanced Materials,10.1002/adma.73633,https://doi.org/10.1002/adma.73633,low_relevance:1
openalex_only,OpenAlex,doi:10.1002/adma.202517407,1,1,0,Harnessing Chain Mobility via Protonation for Tough and Isotropic Hydrogel,2026,Advanced Materials,10.1002/adma.202517407,https://doi.org/10.1002/adma.202517407,
openalex_only,OpenAlex,doi:10.1002/adma.202519970,1,1,0,Holographic Whole‐Object Photopolymerization Preserving Director Alignment in Liquid Crystalline Actuators,2026,Advanced Materials,10.1002/adma.202519970,https://doi.org/10.1002/adma.202519970,
openalex_only,OpenAlex,doi:10.1002/adma.202519972,1,1,0,Oxygen‐Inhibition Driven Compartmentalization of Dextran Microgels: Toward Fusible Colloidal Biomaterial Inks for 3D Printing,2026,Advanced Materials,10.1002/adma.202519972,https://doi.org/10.1002/adma.202519972,
openalex_only,OpenAlex,doi:10.1002/admi.202500879,1,1,0,Fluctuating Curvature and Actuation in 4D Printed Asymmetric Networks by Frontal Photopolymerization,2026,Advanced Materials Interfaces,10.1002/admi.202500879,https://doi.org/10.1002/admi.202500879,
openalex_only,OpenAlex,doi:10.1007/s44500-026-00002-3,1,1,0,"From printed architectures to functional batteries: printing technologies, post-processing, and sintering",2026,Advanced Materials Joining,10.1007/s44500-026-00002-3,https://doi.org/10.1007/s44500-026-00002-3,
openalex_only,OpenAlex,doi:10.1002/admt.202400074,1,0,1,4D Printed Stiffness‐Tunable Actuator for Load‐Bearing Soft Machines,2024,Advanced Materials Technologies,10.1002/admt.202400074,https://doi.org/10.1002/admt.202400074,low_relevance:1
openalex_only,OpenAlex,doi:10.1002/admt.202202117,1,1,0,Multimaterial Volumetric Printing of Silica‐Based Glasses,2024,Advanced Materials Technologies,10.1002/admt.202202117,https://doi.org/10.1002/admt.202202117,
openalex_only,OpenAlex,doi:10.1002/admt.202400466,1,1,0,Performance Comparison of Shape Memory Polymer Structures Printed by Fused Deposition Modeling and Melt Electrowriting,2024,Advanced Materials Technologies,10.1002/admt.202400466,https://doi.org/10.1002/admt.202400466,
openalex_only,OpenAlex,doi:10.1002/admt.202301668,1,1,0,Tunable Metamaterials for Impact Mitigation,2024,Advanced Materials Technologies,10.1002/admt.202301668,https://doi.org/10.1002/admt.202301668,
openalex_only,OpenAlex,doi:10.1002/admt.202400162,1,1,0,Xolography for the Production of Polymeric Multimaterials,2024,Advanced Materials Technologies,10.1002/admt.202400162,https://doi.org/10.1002/admt.202400162,
openalex_only,OpenAlex,doi:10.1002/admt.202501307,1,1,0,"3D Printing of Supercapacitors: Progress in Materials, Architectures, and Devices",2025,Advanced Materials Technologies,10.1002/admt.202501307,https://doi.org/10.1002/admt.202501307,
openalex_only,OpenAlex,doi:10.1002/admt.202500503,1,1,0,Architected Elastomers as Load Bearing Actuators for Untethered Soft Robot Walking,2025,Advanced Materials Technologies,10.1002/admt.202500503,https://doi.org/10.1002/admt.202500503,
openalex_only,OpenAlex,doi:10.1002/admt.202402168,1,1,0,Automatic Exposure Volumetric Additive Manufacturing,2025,Advanced Materials Technologies,10.1002/admt.202402168,https://doi.org/10.1002/admt.202402168,
openalex_only,OpenAlex,doi:10.1002/admt.202500535,1,1,0,Enhancing Damage Tolerance of Structures Using 3D/4D Printing Technologies,2025,Advanced Materials Technologies,10.1002/admt.202500535,https://doi.org/10.1002/admt.202500535,
openalex_only,OpenAlex,doi:10.1002/admt.202500090,1,1,0,Green Light Vat‐Photopolymerisation for 3D Printing Hydrogels with Complex Lattice Structures,2025,Advanced Materials Technologies,10.1002/admt.202500090,https://doi.org/10.1002/admt.202500090,
openalex_only,OpenAlex,doi:10.1002/admt.202500902,1,1,0,Machine Learning‐Based Optimization of Pixel Light Intensities for Improving Polymerization Accuracy in Digital Light Processing 3D Printing,2025,Advanced Materials Technologies,10.1002/admt.202500902,https://doi.org/10.1002/admt.202500902,
openalex_only,OpenAlex,doi:10.1002/admt.202501443,1,1,0,"Nanoparticle‐Empowered 4D Printing: Materials, Stimuli, and Emerging Actuation Strategies",2025,Advanced Materials Technologies,10.1002/admt.202501443,https://doi.org/10.1002/admt.202501443,
openalex_only,OpenAlex,doi:10.1002/admt.202502588,1,1,0,"3D Printing of Stretchable, Compressible and Conductive Porous Polyurethane for Soft Robotics",2026,Advanced Materials Technologies,10.1002/admt.202502588,https://doi.org/10.1002/admt.202502588,
openalex_only,OpenAlex,doi:10.1002/admt.202501947,1,1,0,4D Printing of Multimaterial Flexible Magneto‐Active Polymers,2026,Advanced Materials Technologies,10.1002/admt.202501947,https://doi.org/10.1002/admt.202501947,
openalex_only,OpenAlex,doi:10.1002/admt.70618,1,1,0,A Thermally Expandable Resin for the Volumetric Additive Manufacturing of Shape‐Memory Functional Foams (Adv. Mater. Technol. 1/2026),2026,Advanced Materials Technologies,10.1002/admt.70618,https://doi.org/10.1002/admt.70618,
openalex_only,OpenAlex,doi:10.1002/admt.202502339,1,1,0,"Electrohydrodynamic Printing of Functional Inks for Flexible Electronics: Mechanisms, Materials, and Applications",2026,Advanced Materials Technologies,10.1002/admt.202502339,https://doi.org/10.1002/admt.202502339,
openalex_only,OpenAlex,doi:10.1002/admt.202502204,1,1,0,Nitroxide‐Mediated Photo‐Polymerization: A Swiss Army Knife for Microfluidic Design,2026,Advanced Materials Technologies,10.1002/admt.202502204,https://doi.org/10.1002/admt.202502204,
openalex_only,OpenAlex,doi:10.1002/admt.202502471,1,1,0,Two‐Photon Polymerized Poly(ε‐caprolactone) Microstructures with Shape‐Memory Behavior Under Compressive Loading,2026,Advanced Materials Technologies,10.1002/admt.202502471,https://doi.org/10.1002/admt.202502471,
openalex_only,OpenAlex,doi:10.1002/adom.202503454,1,1,0,Vat Photopolymerized HEMA/HEA Hydrogels for Solvent‐Responsive Transparency and Optical Encryption,2026,Advanced Optical Materials,10.1002/adom.202503454,https://doi.org/10.1002/adom.202503454,
openalex_only,OpenAlex,doi:10.1002/apxr.202500217,1,1,0,"Sustainable Cellulose Ionogels With Promising Physical Structure, Properties, and Applications",2026,Advanced Physics Research,10.1002/apxr.202500217,https://doi.org/10.1002/apxr.202500217,
openalex_only,OpenAlex,doi:10.1002/adrr.202500076,1,1,0,3D Printing of Soft Robotic Systems: Advances in Fabrication Strategies and Future Trends,2025,Advanced Robotics Research,10.1002/adrr.202500076,https://doi.org/10.1002/adrr.202500076,
openalex_only,OpenAlex,doi:10.1002/advs.202306424,1,1,0,"Light‐Based 3D Multi‐Material Printing of Micro‐Structured Bio‐Shaped, Conducting and Dry Adhesive Electrodes for Bioelectronics",2024,Advanced Science,10.1002/advs.202306424,https://doi.org/10.1002/advs.202306424,
openalex_only,OpenAlex,doi:10.1002/advs.202306129,1,1,0,Soft Robots with Plant‐Inspired Gravitropism Based on Fluidic Liquid Metal,2024,Advanced Science,10.1002/advs.202306129,https://doi.org/10.1002/advs.202306129,
openalex_only,OpenAlex,doi:10.1002/advs.202509683,1,0,1,Bio‐Inspired Stored Magnetic Energy Actuator with Transient Triggering and Programmable Logic,2025,Advanced Science,10.1002/advs.202509683,https://doi.org/10.1002/advs.202509683,low_relevance:1
openalex_only,OpenAlex,doi:10.1002/advs.202507639,1,1,0,Data‐Driven Printability Modeling of Hydrogels for Precise Direct Ink Writing Based on Rheological Properties,2025,Advanced Science,10.1002/advs.202507639,https://doi.org/10.1002/advs.202507639,
openalex_only,OpenAlex,doi:10.1002/advs.202516989,1,1,0,Deformation Prediction of 4D‐Printed Active Composite Structures Based on Data Mining,2025,Advanced Science,10.1002/advs.202516989,https://doi.org/10.1002/advs.202516989,
openalex_only,OpenAlex,doi:10.1002/advs.202504395,1,0,1,Dynamic Bonds Reinforced Polyamide Elastomer for Biomedical Orthosis,2025,Advanced Science,10.1002/advs.202504395,https://doi.org/10.1002/advs.202504395,low_relevance:1
openalex_only,OpenAlex,doi:10.1002/advs.202516901,1,1,0,Self‐Healing and Reprocessable Soft Robots Using 3D Digital Light Printing,2025,Advanced Science,10.1002/advs.202516901,https://doi.org/10.1002/advs.202516901,
openalex_only,OpenAlex,doi:10.1002/advs.202512300,1,1,0,Volumetric Additive Manufacturing of Dormant Catalytic Chemistries to Generate Silicone Micro‐ and Millifluidic Devices and Instant Molds,2025,Advanced Science,10.1002/advs.202512300,https://doi.org/10.1002/advs.202512300,
openalex_only,OpenAlex,doi:10.1002/advs.74485,1,1,0,Beyond the Material: Engineering Sustainable Soft Robots and Electronics,2026,Advanced Science,10.1002/advs.74485,https://doi.org/10.1002/advs.74485,
openalex_only,OpenAlex,doi:10.1002/advs.75723,1,1,0,Mixing‐Driven Defects and Composition Evolution in Multi‐Material Metal Additive Manufacturing,2026,Advanced Science,10.1002/advs.75723,https://doi.org/10.1002/advs.75723,
openalex_only,OpenAlex,doi:10.1002/advs.202519744,1,1,0,Multimodal Layer‐Crossing Interrogation of Brain Circuits Enabled by Microfluidic Axialtrodes,2026,Advanced Science,10.1002/advs.202519744,https://doi.org/10.1002/advs.202519744,
openalex_only,OpenAlex,doi:10.1002/advs.202523532,1,1,0,Soft Robotics and Advanced Technologies for Minimally Invasive Bioprinting: The Future of Internal Organ Repair,2026,Advanced Science,10.1002/advs.202523532,https://doi.org/10.1002/advs.202523532,
openalex_only,OpenAlex,doi:10.1002/advs.73664,1,1,0,Volumetric Additive Manufacturing of Dormant Catalytic Chemistries to Generate Silicone Micro‐ and Millifluidic Devices and Instant Molds (Adv. Sci. 7/2026),2026,Advanced Science,10.1002/advs.73664,https://doi.org/10.1002/advs.73664,
openalex_only,OpenAlex,doi:10.1002/adsr.202500158,1,1,0,Performance‐Driven Design Strategies for Flexible Pressure Sensors: A Comparative Guide to Conventional Fabrication and Additive Manufacturing,2026,Advanced Sensor Research,10.1002/adsr.202500158,https://doi.org/10.1002/adsr.202500158,
openalex_only,OpenAlex,doi:10.3934/acse.2026006,1,1,0,High-fidelity finite element modelling of multi-layer 3D printing with complex toolpaths,2026,Advances in Computational Science and Engineering,10.3934/acse.2026006,https://doi.org/10.3934/acse.2026006,
openalex_only,OpenAlex,doi:10.54254/2977-3903/10/2024097,1,0,1,Simulation of 3D printing processes with G-code in Omniverse,2024,Advances in Engineering Innovation,10.54254/2977-3903/10/2024097,https://doi.org/10.54254/2977-3903/10/2024097,low_relevance:1
openalex_only,OpenAlex,doi:10.4018/979-8-3373-7941-8.ch001,1,0,1,An Adaptive Geo-Intelligent System Integrating AI and IoT for Sustainable Smart Manufacturing,2026,Advances in geospatial technologies book series,10.4018/979-8-3373-7941-8.ch001,https://doi.org/10.4018/979-8-3373-7941-8.ch001,low_relevance:1
openalex_only,OpenAlex,doi:10.4018/979-8-3373-7941-8.ch003,1,0,1,Energy Mapping and Resource Efficiency Using Geospatial Tools,2026,Advances in geospatial technologies book series,10.4018/979-8-3373-7941-8.ch003,https://doi.org/10.4018/979-8-3373-7941-8.ch003,low_relevance:1
openalex_only,OpenAlex,doi:10.1007/s40436-026-00596-x,1,1,0,Multi-objective process parameter optimization using a hybrid reinforcement/machine learning model in metal additive manufacturing,2026,Advances in Manufacturing,10.1007/s40436-026-00596-x,https://doi.org/10.1007/s40436-026-00596-x,
openalex_only,OpenAlex,doi:10.3390/aerospace13040338,1,0,1,Analysis of Wing Structures via Machine Learning-Based Surrogate Models,2026,Aerospace,10.3390/aerospace13040338,https://doi.org/10.3390/aerospace13040338,low_relevance:1
openalex_only,OpenAlex,doi:10.3390/ai7050173,1,0,1,Automation of the Control Process of the Research and Flexible Production Areas of the Technopark,2026,AI,10.3390/ai7050173,https://doi.org/10.3390/ai7050173,low_relevance:1
openalex_only,OpenAlex,doi:10.22153/kej.2026.04.002,1,1,0,"Review of Current Trends, Materials and Challenges in 3D Printing for Biomedical Applications Using Polylactic Acid",2026,Al-Khwarizmi Engineering Journal,10.22153/kej.2026.04.002,https://doi.org/10.22153/kej.2026.04.002,
openalex_only,OpenAlex,doi:10.3390/a19020093,1,0,1,"A Review of AI-Driven Engineering Modelling and Optimization: Methodologies, Applications and Future Directions",2026,Algorithms,10.3390/a19020093,https://doi.org/10.3390/a19020093,low_relevance:1
openalex_only,OpenAlex,doi:10.58014/aubh.32615007,1,0,1,Smart manufacturing: MLOps-enabled event-driven architecture for enhanced control in steel production,2026,American University of Bahrain,10.58014/aubh.32615007,https://doi.org/10.58014/aubh.32615007,low_relevance:1
openalex_only,OpenAlex,title:il ruolo del digital twin nell additive manufacturing opportunit e prospettive per l ingegneria industriale,1,1,0,Il ruolo del Digital Twin nell'Additive Manufacturing: opportunità e prospettive per l'ingegneria industriale,2025,AMS Degree Thesis (University of Bologna),,https://openalex.org/W7113547957,
openalex_only,OpenAlex,doi:10.1146/annurev-matsci-072924-102951,1,0,1,Overcoming Roadblocks for Implementing AI/ML Methods for Materials Advancement,2026,Annual Review of Materials Research,10.1146/annurev-matsci-072924-102951,https://doi.org/10.1146/annurev-matsci-072924-102951,low_relevance:1
openalex_only,OpenAlex,doi:10.54254/2755-2721/2026.33763,1,0,1,A Comprehensive Review on the Corrosion Resistance of Mg-Li Alloys,2026,Applied and Computational Engineering,10.54254/2755-2721/2026.33763,https://doi.org/10.54254/2755-2721/2026.33763,low_relevance:1
openalex_only,OpenAlex,doi:10.54254/2755-2721/2026.gu33780,1,1,0,Robust Control Methodologies and Applications for Robotic Systems,2026,Applied and Computational Engineering,10.54254/2755-2721/2026.gu33780,https://doi.org/10.54254/2755-2721/2026.gu33780,
openalex_only,OpenAlex,doi:10.60097/acig/221493,1,0,1,A Cybersecurity Digital Twin Architecture for Modelling Threats in Interconnected Systems,2026,Applied Cybersecurity & Internet Governance,10.60097/acig/221493,https://doi.org/10.60097/acig/221493,low_relevance:1
openalex_only,OpenAlex,doi:10.1016/j.apmt.2024.102373,1,1,0,Machine learning driven forward prediction and inverse design for 4D printed hierarchical architecture with arbitrary shapes,2024,Applied Materials Today,10.1016/j.apmt.2024.102373,https://doi.org/10.1016/j.apmt.2024.102373,
openalex_only,OpenAlex,doi:10.1007/s00339-026-09309-4,1,1,0,"Metamaterials and their applications in engineering metamaterials: classification, applications - a comprehensive review",2026,Applied Physics A,10.1007/s00339-026-09309-4,https://doi.org/10.1007/s00339-026-09309-4,
openalex_only,OpenAlex,doi:10.1063/5.0275172,1,0,1,Liquid collector-assisted electrohydrodynamic printing of unrestricted-height architectures,2025,Applied Physics Letters,10.1063/5.0275172,https://doi.org/10.1063/5.0275172,low_relevance:1
openalex_only,OpenAlex,doi:10.3390/app14135669,1,0,1,4D Printing: Bridging the Gap between Fundamental Research and Real-World Applications,2024,Applied Sciences,10.3390/app14135669,https://doi.org/10.3390/app14135669,low_relevance:1
openalex_only,OpenAlex,doi:10.3390/app16010005,1,1,0,Advanced 3D Modeling and Bioprinting of Human Anatomical Structures: A Novel Approach for Medical Education Enhancement,2025,Applied Sciences,10.3390/app16010005,https://doi.org/10.3390/app16010005,
openalex_only,OpenAlex,doi:10.3390/app15179544,1,0,1,Design and Characterization of Negative-Stiffness Lattice Structures for Diabetic Midsoles,2025,Applied Sciences,10.3390/app15179544,https://doi.org/10.3390/app15179544,low_relevance:1
openalex_only,OpenAlex,doi:10.3390/app16010417,1,1,0,Design Strategies for Welding-Based Additive Manufacturing: A Review of Topology and Lattice Optimisation Approaches,2025,Applied Sciences,10.3390/app16010417,https://doi.org/10.3390/app16010417,
openalex_only,OpenAlex,doi:10.3390/app151810157,1,1,0,Digital Twin and Computer Vision Combination for Manufacturing and Operations: A Systematic Literature Review,2025,Applied Sciences,10.3390/app151810157,https://doi.org/10.3390/app151810157,
openalex_only,OpenAlex,doi:10.3390/app15126822,1,1,0,Investigating the Reliability and Dynamic Response of Fully 3D-Printed Thermistors,2025,Applied Sciences,10.3390/app15126822,https://doi.org/10.3390/app15126822,
openalex_only,OpenAlex,doi:10.3390/app16052550,1,0,1,Automation and Sustainability—The Impact of AI on Energy Consumption and Other Key Features of Industry 4.0/5.0 Technologies,2026,Applied Sciences,10.3390/app16052550,https://doi.org/10.3390/app16052550,low_relevance:1
openalex_only,OpenAlex,doi:10.3390/app16052493,1,0,1,Large Language and Foundation Models for Machinery Health Monitoring: A Systematic Review,2026,Applied Sciences,10.3390/app16052493,https://doi.org/10.3390/app16052493,low_relevance:1
openalex_only,OpenAlex,doi:10.3390/app16031538,1,0,1,Material and Technological Optimization of a 3D-Printed Hand Exoskeleton Within the Industry 4.0/5.0/6.0 Paradigms: A Short Review,2026,Applied Sciences,10.3390/app16031538,https://doi.org/10.3390/app16031538,low_relevance:1
openalex_only,OpenAlex,doi:10.3390/app16104830,1,0,1,Recent Advancements in Aluminum Alloy Research: Integrating Traditional Metallurgy with Machine Learning and Data-Driven Approaches,2026,Applied Sciences,10.3390/app16104830,https://doi.org/10.3390/app16104830,low_relevance:1
openalex_only,OpenAlex,doi:10.3390/app16062974,1,1,0,Robotic Welding Technologies for Intersecting and Irregular Pipes and Pipe Joints Toward Automated Production Line Integration: A Review,2026,Applied Sciences,10.3390/app16062974,https://doi.org/10.3390/app16062974,
openalex_only,OpenAlex,doi:10.3390/app16083666,1,0,1,Towards the Development of Multiscale Digital Twins for Fiber-Reinforced Composite Materials Using Machine Learning,2026,Applied Sciences,10.3390/app16083666,https://doi.org/10.3390/app16083666,low_relevance:1
openalex_only,OpenAlex,doi:10.3390/asi8060183,1,1,0,Review of Applications of Experimental Designs in Wafer Manufacturing,2025,Applied System Innovation,10.3390/asi8060183,https://doi.org/10.3390/asi8060183,
openalex_only,OpenAlex,doi:10.1007/s44223-024-00070-3,1,0,1,Designing 3D-printed concrete structures with scaled fabrication models,2024,Architectural Intelligence,10.1007/s44223-024-00070-3,https://doi.org/10.1007/s44223-024-00070-3,low_relevance:1
openalex_only,OpenAlex,doi:10.1007/s44223-026-00119-5,1,1,0,Composite amalgam: development of joining approaches for additively manufactured fibre composites in complex geometry in architecture,2026,Architectural Intelligence,10.1007/s44223-026-00119-5,https://doi.org/10.1007/s44223-026-00119-5,
openalex_only,OpenAlex,doi:10.1007/s44150-026-00200-7,1,1,0,3D printing formwork for casting artificial habitats for Northern House Wren (Troglodytes aedon),2026,Architecture Structures and Construction,10.1007/s44150-026-00200-7,https://doi.org/10.1007/s44150-026-00200-7,
openalex_only,OpenAlex,doi:10.1007/s43452-025-01290-8,1,1,0,Fabrication of mechanical metamaterials by 3D printing: recent advancements and current challenges,2025,Archives of Civil and Mechanical Engineering,10.1007/s43452-025-01290-8,https://doi.org/10.1007/s43452-025-01290-8,
openalex_only,OpenAlex,doi:10.1007/s11831-026-10606-7,1,0,1,"Agility, Innovation and Risk: A Systematic Literature Review on New Software Product Development and Organisational Capabilities",2026,Archives of Computational Methods in Engineering,10.1007/s11831-026-10606-7,https://doi.org/10.1007/s11831-026-10606-7,low_relevance:1
openalex_only,OpenAlex,doi:10.1016/j.array.2026.100902,1,0,1,"Digital Twin Models for Space Robotics: Objectives, Applications, and Challenges",2026,Array,10.1016/j.array.2026.100902,https://doi.org/10.1016/j.array.2026.100902,low_relevance:1
openalex_only,OpenAlex,doi:10.48550/arxiv.2411.06931,1,1,0,3D Printing of Near-Ambient Responsive Liquid Crystal Elastomers with Enhanced Nematic Order and Pluralized Transformation,2024,arXiv (Cornell University),10.48550/arxiv.2411.06931,https://doi.org/10.48550/arxiv.2411.06931,
openalex_only,OpenAlex,doi:10.48550/arxiv.2406.12113,1,0,1,4D Printing of Programmable Digital Metamaterials,2024,arXiv (Cornell University),10.48550/arxiv.2406.12113,https://doi.org/10.48550/arxiv.2406.12113,low_relevance:1
openalex_only,OpenAlex,doi:10.48550/arxiv.2412.06053,1,0,1,Adaptive and Context-Aware Volumetric Printing,2024,arXiv (Cornell University),10.48550/arxiv.2412.06053,https://doi.org/10.48550/arxiv.2412.06053,duplicate_title:1
openalex_only,OpenAlex,doi:10.48550/arxiv.2406.15255,1,0,1,Additive Manufacturing of functionalised atomic vapour cells for next-generation quantum technologies,2024,arXiv (Cornell University),10.48550/arxiv.2406.15255,https://doi.org/10.48550/arxiv.2406.15255,duplicate_title:1
openalex_only,OpenAlex,doi:10.48550/arxiv.2403.00669,1,1,0,Advancing Additive Manufacturing through Deep Learning: A Comprehensive Review of Current Progress and Future Challenges,2024,arXiv (Cornell University),10.48550/arxiv.2403.00669,https://doi.org/10.48550/arxiv.2403.00669,
openalex_only,OpenAlex,doi:10.48550/arxiv.2409.13448,1,1,0,"Co-Optimization of Tool Orientations, Kinematic Redundancy, and Waypoint Timing for Robot-Assisted Manufacturing",2024,arXiv (Cornell University),10.48550/arxiv.2409.13448,https://doi.org/10.48550/arxiv.2409.13448,
openalex_only,OpenAlex,doi:10.48550/arxiv.2403.15144,1,0,1,Dynamic Interface Printing,2024,arXiv (Cornell University),10.48550/arxiv.2403.15144,https://doi.org/10.48550/arxiv.2403.15144,duplicate_title:1
openalex_only,OpenAlex,doi:10.48550/arxiv.2407.19533,1,0,1,FreeShell: A Context-Free 4D Printing Technique for Fabricating Complex 3D Triangle Mesh Shells,2024,arXiv (Cornell University),10.48550/arxiv.2407.19533,https://doi.org/10.48550/arxiv.2407.19533,low_relevance:1
openalex_only,OpenAlex,doi:10.48550/arxiv.2401.13755,1,1,0,Holographic Volumetric Additive Manufacturing,2024,arXiv (Cornell University),10.48550/arxiv.2401.13755,https://doi.org/10.48550/arxiv.2401.13755,
openalex_only,OpenAlex,doi:10.48550/arxiv.2401.08799,1,1,0,Micro-optics fabrication using blurred tomography,2024,arXiv (Cornell University),10.48550/arxiv.2401.08799,https://doi.org/10.48550/arxiv.2401.08799,
openalex_only,OpenAlex,doi:10.48550/arxiv.2412.06022,1,1,0,Morpho-plastic cellular metamaterials,2024,arXiv (Cornell University),10.48550/arxiv.2412.06022,https://doi.org/10.48550/arxiv.2412.06022,
openalex_only,OpenAlex,doi:10.48550/arxiv.2401.15590,1,1,0,Multi-beam phase mask optimization for holographic volumetric additive manufacturing,2024,arXiv (Cornell University),10.48550/arxiv.2401.15590,https://doi.org/10.48550/arxiv.2401.15590,
openalex_only,OpenAlex,doi:10.48550/arxiv.2404.11404,1,1,0,Multi-layer continuous carbon fiber pattern optimization and a spline based path planning interpretation,2024,arXiv (Cornell University),10.48550/arxiv.2404.11404,https://doi.org/10.48550/arxiv.2404.11404,
openalex_only,OpenAlex,doi:10.48550/arxiv.2401.06590,1,1,0,Printing Mosaics of Magnetically Programmed Liquid Crystal Directors for Reversibly Morphing Soft Matter,2024,arXiv (Cornell University),10.48550/arxiv.2401.06590,https://doi.org/10.48550/arxiv.2401.06590,
openalex_only,OpenAlex,doi:10.48550/arxiv.2402.10955,1,1,0,Roll-to-roll tomographic volumetric additive manufacturing,2024,arXiv (Cornell University),10.48550/arxiv.2402.10955,https://doi.org/10.48550/arxiv.2402.10955,
openalex_only,OpenAlex,doi:10.48550/arxiv.2409.06395,1,1,0,Soft Acoustic Curvature Sensor: Design and Development,2024,arXiv (Cornell University),10.48550/arxiv.2409.06395,https://doi.org/10.48550/arxiv.2409.06395,
openalex_only,OpenAlex,doi:10.48550/arxiv.2402.06283,1,0,1,Wave optical model for tomographic volumetric additive manufacturing,2024,arXiv (Cornell University),10.48550/arxiv.2402.06283,https://doi.org/10.48550/arxiv.2402.06283,duplicate_title:1
openalex_only,OpenAlex,doi:10.48550/arxiv.2510.14930,1,1,0,VT-Refine: Learning Bimanual Assembly with Visuo-Tactile Feedback via Simulation Fine-Tuning,2025,arXiv (Cornell University),10.48550/arxiv.2510.14930,https://doi.org/10.48550/arxiv.2510.14930,
openalex_only,OpenAlex,title:3d printed soft optical sensor with a lens solen for light guidance in mechanosensing,1,0,1,3D-printed Soft Optical sensor with a Lens (SOLen) for light guidance in mechanosensing,2026,arXiv (Cornell University),,https://openalex.org/W7130762781,duplicate_title:1
openalex_only,OpenAlex,doi:10.48550/arxiv.2601.13457,1,1,0,A unified multiscale 3D printer combining single-photon Tomographic Volumetric Additive Manufacturing and Two-Photon Polymerization,2026,arXiv (Cornell University),10.48550/arxiv.2601.13457,https://doi.org/10.48550/arxiv.2601.13457,
openalex_only,OpenAlex,title:advanced manufacturing with renewable and bio based materials ai ml workflows and process optimization,1,0,1,Advanced Manufacturing with Renewable and Bio-based Materials: AI/ML workflows and Process Optimization,2026,arXiv (Cornell University),,https://openalex.org/W7124513851,low_relevance:1
openalex_only,OpenAlex,title:agentic neuro symbolic planning and commissioning for human in the loop industrial robotics with digital twins,1,0,1,Agentic Neuro-Symbolic Planning and Commissioning for Human-in-the-Loop Industrial Robotics with Digital Twins,2026,arXiv (Cornell University),,https://openalex.org/W7164234931,low_relevance:1
openalex_only,OpenAlex,title:beyond structure revolutionising materials discovery via ai driven synthesis protocol property relationships,1,0,1,Beyond Structure: Revolutionising Materials Discovery via AI-Driven Synthesis Protocol-Property Relationships,2026,arXiv (Cornell University),,https://openalex.org/W7160360231,low_relevance:1
openalex_only,OpenAlex,doi:10.48550/arxiv.2606.04174,1,1,0,Co-optimization of Diffusive and Tomographic Blur in Computed Axial Lithography via Experimental Kernel Identification,2026,arXiv (Cornell University),10.48550/arxiv.2606.04174,https://doi.org/10.48550/arxiv.2606.04174,
openalex_only,OpenAlex,title:co optimization of diffusive and tomographic blur in computed axial lithography via experimental kernel identification,1,0,1,Co-optimization of Diffusive and Tomographic Blur in Computed Axial Lithography via Experimental Kernel Identification,2026,arXiv (Cornell University),,https://openalex.org/W7163720617,duplicate_title:1
openalex_only,OpenAlex,title:current state of the multi agent multi view experimental and digital twin rendezvous mmedr autonomous framework,1,0,1,Current state of the multi-agent multi-view experimental and digital twin rendezvous (MMEDR-Autonomous) framework,2026,arXiv (Cornell University),,https://openalex.org/W7140346452,low_relevance:1
openalex_only,OpenAlex,title:cyberlanguage native communication for the cyber physical social thinking fusion space,1,0,1,Cyberlanguage: Native Communication for the Cyber-Physical-Social-Thinking Fusion Space,2026,arXiv (Cornell University),,https://openalex.org/W7139146062,low_relevance:1
openalex_only,OpenAlex,title:differentiable hybrid force fields support scalable autonomous electrolyte discovery,1,0,1,Differentiable hybrid force fields support scalable autonomous electrolyte discovery,2026,arXiv (Cornell University),,https://openalex.org/W7153670934,low_relevance:1
openalex_only,OpenAlex,doi:10.48550/arxiv.2605.09362,1,0,1,FrameTwin: Curve-Anchored Gaussian Alignment from Sparse Views for Adaptive Wireframe 3D Printing,2026,arXiv (Cornell University),10.48550/arxiv.2605.09362,https://doi.org/10.48550/arxiv.2605.09362,low_relevance:1
openalex_only,OpenAlex,title:iddmbse integrating data driven and model based systems engineering for trusted autonomous cyber physical systems,1,0,1,IDDMBSE: Integrating Data-Driven and Model-Based Systems Engineering for Trusted Autonomous Cyber-Physical Systems,2026,arXiv (Cornell University),,https://openalex.org/W7164090673,low_relevance:1
openalex_only,OpenAlex,title:isomorph a supply chain digital twin for simulation dataset generation and forecasting benchmarks,1,0,1,"ISOMORPH: A Supply Chain Digital Twin for Simulation, Dataset Generation, and Forecasting Benchmarks",2026,arXiv (Cornell University),,https://openalex.org/W7161354119,low_relevance:1
openalex_only,OpenAlex,title:kavier exploring performance sustainability and efficiency of llm ecosystems under inference through cache aware discrete event simulation,1,0,1,"Kavier: Exploring Performance, Sustainability, and Efficiency of LLM Ecosystems under Inference through Cache-Aware Discrete-Event Simulation",2026,arXiv (Cornell University),,https://openalex.org/W7162606149,low_relevance:1
openalex_only,OpenAlex,doi:10.48550/arxiv.2604.07359,1,1,0,Laser Powder Bed Fusion Melt Pool Dynamics for Different Geometric Variations and Powder Layer Heights: High-Fidelity Multiphysics Modeling vs 2025 NIST Experiments,2026,arXiv (Cornell University),10.48550/arxiv.2604.07359,https://doi.org/10.48550/arxiv.2604.07359,
openalex_only,OpenAlex,title:laser powder bed fusion melt pool dynamics for different geometric variations and powder layer heights high fidelity multiphysics modeling vs 2025 nist experiments,1,0,1,Laser Powder Bed Fusion Melt Pool Dynamics for Different Geometric Variations and Powder Layer Heights: High-Fidelity Multiphysics Modeling vs 2025 NIST Experiments,2026,arXiv (Cornell University),,https://openalex.org/W7153671295,duplicate_title:1
openalex_only,OpenAlex,doi:10.48550/arxiv.2605.06839,1,0,1,LLM-Guided Open Hypothesis Learning from Autonomous Scanning Probe Microscopy Experiments,2026,arXiv (Cornell University),10.48550/arxiv.2605.06839,https://doi.org/10.48550/arxiv.2605.06839,low_relevance:1
openalex_only,OpenAlex,title:magnet based soft robotic skin using a 3d printed multi lattice structure and cnn based tactile super resolution,1,1,0,Magnet-Based Soft Robotic Skin Using a 3D-Printed Multi-Lattice Structure and CNN-Based Tactile Super-Resolution,2026,arXiv (Cornell University),,https://openalex.org/W7162817849,
openalex_only,OpenAlex,title:multidimensional resilience for electrical power systems systematic review integrated index and validation under real world cyber physical attack scenarios,1,0,1,"Multidimensional Resilience for Electrical Power Systems: Systematic Review, Integrated Index, and Validation under Real-World Cyber-Physical Attack Scenarios",2026,arXiv (Cornell University),,https://openalex.org/W7164234336,low_relevance:1
openalex_only,OpenAlex,title:muscle inspired magnetic actuators that push pull crawl and grasp,1,1,0,"Muscle-inspired magnetic actuators that push, pull, crawl, and grasp",2026,arXiv (Cornell University),,https://openalex.org/W7155246095,
openalex_only,OpenAlex,title:programming manufacturing robots with imperfect ai llms as tuning experts for fdm print configuration selection,1,0,1,Programming Manufacturing Robots with Imperfect AI: LLMs as Tuning Experts for FDM Print Configuration Selection,2026,arXiv (Cornell University),,https://openalex.org/W7140347106,low_relevance:1
openalex_only,OpenAlex,doi:10.48550/arxiv.2606.03617,1,0,1,SA-DTS: Semantic-Aware Digital Twin Synchronization over 6G Networks,2026,arXiv (Cornell University),10.48550/arxiv.2606.03617,https://doi.org/10.48550/arxiv.2606.03617,low_relevance:1
openalex_only,OpenAlex,doi:10.48550/arxiv.2604.08997,1,1,0,Scale-invariant projection optimization in tomographic volumetric additive manufacturing,2026,arXiv (Cornell University),10.48550/arxiv.2604.08997,https://doi.org/10.48550/arxiv.2604.08997,
openalex_only,OpenAlex,title:scale invariant projection optimization in tomographic volumetric additive manufacturing,1,0,1,Scale-invariant projection optimization in tomographic volumetric additive manufacturing,2026,arXiv (Cornell University),,https://openalex.org/W7154427528,duplicate_title:1
openalex_only,OpenAlex,doi:10.48550/arxiv.2605.23816,1,0,1,SDNator is Not Another SDN Controller: Enabling Extensible Data-Driven Control in Cyber-Physical Systems,2026,arXiv (Cornell University),10.48550/arxiv.2605.23816,https://doi.org/10.48550/arxiv.2605.23816,low_relevance:1
openalex_only,OpenAlex,doi:10.48550/arxiv.2604.06313,1,1,0,"Too Big, Too Small, Too $O_2$: The Pandoro Effect from Oxygen Gradients in Tomographic Volumetric Additive Manufacturing",2026,arXiv (Cornell University),10.48550/arxiv.2604.06313,https://doi.org/10.48550/arxiv.2604.06313,
openalex_only,OpenAlex,title:too big too small too o 2 the pandoro effect from oxygen gradients in tomographic volumetric additive manufacturing,1,0,1,"Too Big, Too Small, Too $O_2$: The Pandoro Effect from Oxygen Gradients in Tomographic Volumetric Additive Manufacturing",2026,arXiv (Cornell University),,https://openalex.org/W7153670300,duplicate_title:1
openalex_only,OpenAlex,title:towards active real to twin inspection a new paradigm for zero shot anomaly detection,1,1,0,Towards Active Real-to-Twin Inspection: A New Paradigm for Zero-Shot Anomaly Detection,2026,arXiv (Cornell University),,https://openalex.org/W7162606127,
openalex_only,OpenAlex,doi:10.48550/arxiv.2502.03914,1,1,0,A Flexible FBG-Based Contact Force Sensor for Robotic Gripping Systems,2025,ArXiv.org,10.48550/arxiv.2502.03914,https://doi.org/10.48550/arxiv.2502.03914,
openalex_only,OpenAlex,doi:10.48550/arxiv.2501.09332,1,0,1,Automatic exposure volumetric additive manufacturing,2025,ArXiv.org,10.48550/arxiv.2501.09332,https://doi.org/10.48550/arxiv.2501.09332,duplicate_title:1
openalex_only,OpenAlex,doi:10.48550/arxiv.2506.02578,1,1,0,High Light-Efficiency Holographic Tomographic Volumetric Additive Manufacturing using a MEMS-based Phase-only Light Modulator,2025,ArXiv.org,10.48550/arxiv.2506.02578,https://doi.org/10.48550/arxiv.2506.02578,
openalex_only,OpenAlex,title:lensless and lossless holovam,1,0,1,Lensless and Lossless HoloVAM,2025,ArXiv.org,,https://openalex.org/W7113916098,duplicate_title:1
openalex_only,OpenAlex,doi:10.48550/arxiv.2512.05042,1,1,0,Structured Light at the Extreme: Harnessing Spatiotemporal Control for High-Field Laser-Matter Interactions,2025,ArXiv.org,10.48550/arxiv.2512.05042,https://doi.org/10.48550/arxiv.2512.05042,
openalex_only,OpenAlex,doi:10.48550/arxiv.2510.07981,1,1,0,Upscaling Tomographic Volumetric 3D Printing via Virtual Stitching of Coordinated Projections,2025,ArXiv.org,10.48550/arxiv.2510.07981,https://doi.org/10.48550/arxiv.2510.07981,
openalex_only,OpenAlex,title:a generalized feature model for digital twins,1,0,1,A Generalized Feature Model for Digital Twins,2026,ArXiv.org,,https://openalex.org/W7134290920,low_relevance:1
openalex_only,OpenAlex,title:a unified multiscale 3d printer combining single photon tomographic volumetric additive manufacturing and two photon polymerization,1,0,1,A unified multiscale 3D printer combining single-photon Tomographic Volumetric Additive Manufacturing and Two-Photon Polymerization,2026,ArXiv.org,,https://openalex.org/W7125352909,duplicate_title:1
openalex_only,OpenAlex,title:accelerating materials discovery using foundation model based in context active learning,1,0,1,Accelerating materials discovery using foundation model based In-context active learning,2026,ArXiv.org,,https://openalex.org/W7138824926,low_relevance:1
openalex_only,OpenAlex,title:accelerating quantum materials characterization hybrid active learning for autonomous spin wave spectroscopy,1,0,1,Accelerating Quantum Materials Characterization: Hybrid Active Learning for Autonomous Spin Wave Spectroscopy,2026,ArXiv.org,,https://openalex.org/W7158423811,low_relevance:1
openalex_only,OpenAlex,title:agentic llm reasoning in a self driving laboratory for air sensitive lithium halide spinel conductors,1,0,1,Agentic LLM Reasoning in a Self-Driving Laboratory for Air-Sensitive Lithium Halide Spinel Conductors,2026,ArXiv.org,,https://openalex.org/W7154655708,low_relevance:1
openalex_only,OpenAlex,title:aimbio mat an ai native fair platform for closed loop materials discovery and biomedical translation,1,0,1,AIMBio-Mat: An AI-Native FAIR Platform for Closed-Loop Materials Discovery and Biomedical Translation,2026,ArXiv.org,,https://openalex.org/W7162149127,low_relevance:1
openalex_only,OpenAlex,title:battery sim agent leveraging llm agent for inverse battery parameter estimation,1,0,1,Battery-Sim-Agent: Leveraging LLM-Agent for Inverse Battery Parameter Estimation,2026,ArXiv.org,,https://openalex.org/W7162894195,low_relevance:1
openalex_only,OpenAlex,title:benchmarking sensor fault robustness in forecasting,1,0,1,Benchmarking Sensor-Fault Robustness in Forecasting,2026,ArXiv.org,,https://openalex.org/W7161091342,low_relevance:1
openalex_only,OpenAlex,title:beyond the black box an interpretable machine learning framework for predicting electronic structure microdescriptors and structure performance relationships in fe based catalytic systems,1,0,1,Beyond the Black Box: An Interpretable Machine Learning Framework for Predicting Electronic Structure Microdescriptors and Structure-Performance Relationships in Fe-based Catalytic Systems,2026,ArXiv.org,,https://openalex.org/W7161091431,low_relevance:1
openalex_only,OpenAlex,title:bidirectional optical sensors for actuation tracking boat in soft lattice systems,1,1,0,Bidirectional Optical sensors for Actuation Tracking (BOAT) in soft lattice systems,2026,ArXiv.org,,https://openalex.org/W7161914924,
openalex_only,OpenAlex,title:causal parametric drift simulation a digital twin framework for classifier robustness evaluation,1,0,1,Causal Parametric Drift Simulation: A Digital Twin Framework for Classifier Robustness Evaluation,2026,ArXiv.org,,https://openalex.org/W7161091690,low_relevance:1
openalex_only,OpenAlex,title:dynamic analysis of refractive index evolution and diffraction properties during single photon polymerization of photopolymers for micro optical applications,1,1,0,Dynamic analysis of refractive index evolution and diffraction properties during single-photon polymerization of photopolymers for micro-optical applications,2026,ArXiv.org,,https://openalex.org/W7138824458,
openalex_only,OpenAlex,title:environment aware path generation for robotic additive manufacturing of structures,1,1,0,Environment-Aware Path Generation for Robotic Additive Manufacturing of Structures,2026,ArXiv.org,,https://openalex.org/W7134291572,
openalex_only,OpenAlex,title:flexitac a low cost open source scalable tactile sensing solution for robotic systems,1,1,0,"FlexiTac: A Low-Cost, Open-Source, Scalable Tactile Sensing Solution for Robotic Systems",2026,ArXiv.org,,https://openalex.org/W7159891715,
openalex_only,OpenAlex,title:foundation model surrogates enable data efficient active learning for materials discovery,1,1,0,Foundation-Model Surrogates Enable Data-Efficient Active Learning for Materials Discovery,2026,ArXiv.org,,https://openalex.org/W7138824926,
openalex_only,OpenAlex,title:frametwin curve anchored gaussian alignment from sparse views for adaptive wireframe 3d printing,1,0,1,FrameTwin: Curve-Anchored Gaussian Alignment from Sparse Views for Adaptive Wireframe 3D Printing,2026,ArXiv.org,,https://openalex.org/W7161089834,low_relevance:1
openalex_only,OpenAlex,title:from capability models to automated planning an aas native approach for automatic pddl generation,1,0,1,From Capability Models to Automated Planning: An AAS-Native Approach for Automatic PDDL Generation,2026,ArXiv.org,,https://openalex.org/W7163596358,low_relevance:1
openalex_only,OpenAlex,title:glitch in the sky exploiting voltage fault injection in uav flight controllers,1,0,1,Glitch in the Sky: Exploiting Voltage Fault Injection in UAV Flight Controllers,2026,ArXiv.org,,https://openalex.org/W7155244937,low_relevance:1
openalex_only,OpenAlex,title:high throughput bayesian optimization of cement salt hydrates composites for seasonal thermochemical energy storage,1,0,1,High-Throughput Bayesian Optimization of Cement-Salt Hydrates Composites for Seasonal Thermochemical Energy Storage,2026,ArXiv.org,,https://openalex.org/W7162044391,low_relevance:1
openalex_only,OpenAlex,title:hysectwin a knowledge driven digital twin framework augmented with hybrid reasoning for cyber physical systems,1,0,1,HySecTwin: A Knowledge-Driven Digital Twin Framework Augmented with Hybrid Reasoning for Cyber-Physical Systems,2026,ArXiv.org,,https://openalex.org/W7161204330,low_relevance:1
openalex_only,OpenAlex,title:i tac inverse design of 3d printed tactile elastomers with scalable and tunable optical and mechanical properties,1,1,0,i-Tac: Inverse Design of 3D-Printed Tactile Elastomers with Scalable and Tunable Optical and Mechanical Properties,2026,ArXiv.org,,https://openalex.org/W7154539514,
openalex_only,OpenAlex,title:indoor 60 ghz radio channel dataset enabling digital twin construction,1,0,1,Indoor 60 GHz Radio Channel Dataset Enabling Digital Twin Construction,2026,ArXiv.org,,https://openalex.org/W7160726177,low_relevance:1
openalex_only,OpenAlex,title:iot enhanced cnn based labelled crack detection for additive manufacturing image annotation in industry 4 0,1,0,1,IoT-Enhanced CNN-Based Labelled Crack Detection for Additive Manufacturing Image Annotation in Industry 4.0,2026,ArXiv.org,,https://openalex.org/W7158422369,low_relevance:1
openalex_only,OpenAlex,title:kapps a knowledge based cpps architecture for the circular factory,1,0,1,KAPPS: A knowledge-based CPPS Architecture for the Circular Factory,2026,ArXiv.org,,https://openalex.org/W7162218672,low_relevance:1
openalex_only,OpenAlex,title:llm guided open hypothesis learning from autonomous scanning probe microscopy experiments,1,0,1,LLM-Guided Open Hypothesis Learning from Autonomous Scanning Probe Microscopy Experiments,2026,ArXiv.org,,https://openalex.org/W7160968420,low_relevance:1
openalex_only,OpenAlex,title:mechanical anisotropy of 3d printed digital materials at large strains,1,0,1,Mechanical anisotropy of 3D-printed digital materials at large strains,2026,ArXiv.org,,https://openalex.org/W7139145078,duplicate_title:1
openalex_only,OpenAlex,title:open multimodal datasets and open source software for data driven modeling of multiphase transport and thermal systems,1,0,1,Open Multimodal Datasets and Open-Source Software for Data-Driven Modeling of Multiphase Transport and Thermal Systems,2026,ArXiv.org,,https://openalex.org/W7162474695,low_relevance:1
openalex_only,OpenAlex,title:optimal sequential decision making for error propagation mitigation in digital twins,1,0,1,Optimal sequential decision-making for error propagation mitigation in digital twins,2026,ArXiv.org,,https://openalex.org/W7157506201,low_relevance:1
openalex_only,OpenAlex,title:physics grounded multi agent architecture for traceable risk aware human ai decision support in manufacturing,1,0,1,"Physics-Grounded Multi-Agent Architecture for Traceable, Risk-Aware Human-AI Decision Support in Manufacturing",2026,ArXiv.org,,https://openalex.org/W7160565349,low_relevance:1
openalex_only,OpenAlex,title:rotational 3d printing of active passive filaments and lattices with programmable shape morphing,1,0,1,Rotational 3D printing of active-passive filaments and lattices with programmable shape morphing,2026,ArXiv.org,,https://openalex.org/W7134093591,duplicate_title:1
openalex_only,OpenAlex,title:sa dts semantic aware digital twin synchronization over 6g networks,1,0,1,SA-DTS: Semantic-Aware Digital Twin Synchronization over 6G Networks,2026,ArXiv.org,,https://openalex.org/W7163595581,low_relevance:1
openalex_only,OpenAlex,title:sdnator is not another sdn controller enabling extensible data driven control in cyber physical systems,1,0,1,SDNator is Not Another SDN Controller: Enabling Extensible Data-Driven Control in Cyber-Physical Systems,2026,ArXiv.org,,https://openalex.org/W7162474672,low_relevance:1
openalex_only,OpenAlex,title:self locking non volatile coding metasurfaces via origami based mechanical bits,1,1,0,Self-locking non-volatile coding metasurfaces via origami-based mechanical bits,2026,ArXiv.org,,https://openalex.org/W7126001832,
openalex_only,OpenAlex,title:spatial statistics for screening molecular structures,1,0,1,Spatial statistics for screening molecular structures,2026,ArXiv.org,,https://openalex.org/W7161915370,low_relevance:1
openalex_only,OpenAlex,title:spectrum anomaly detection in ofdma systems simulation framework and benchmark dataset,1,0,1,Spectrum Anomaly Detection in OFDMA Systems: Simulation Framework and Benchmark Dataset,2026,ArXiv.org,,https://openalex.org/W7163596365,low_relevance:1
openalex_only,OpenAlex,title:systematic analysis of penalty optimised illumination design for tomographic volumetric additive manufacturing via the extendable framework tvam aid using the core imaging library,1,0,1,Systematic Analysis of Penalty-Optimised Illumination Design for Tomographic Volumetric Additive Manufacturing via the Extendable Framework TVAM AID Using the Core Imaging Library,2026,ArXiv.org,,https://openalex.org/W7128864315,duplicate_title:1
openalex_only,OpenAlex,title:the agentic economy humans ai agents robots and the measurable transition toward distributed economic action,1,0,1,"The Agentic Economy: Humans, AI Agents, Robots, and the Measurable Transition toward Distributed Economic Action",2026,ArXiv.org,,https://openalex.org/W7162044684,low_relevance:1
openalex_only,OpenAlex,title:the semantic training gap ontology grounded tool architectures for industrial ai agent systems,1,1,0,The Semantic Training Gap: Ontology-Grounded Tool Architectures for Industrial AI Agent Systems,2026,ArXiv.org,,https://openalex.org/W7161205046,
openalex_only,OpenAlex,title:threat oriented digital twinning for security evaluation of autonomous platforms,1,0,1,Threat-Oriented Digital Twinning for Security Evaluation of Autonomous Platforms,2026,ArXiv.org,,https://openalex.org/W7159546567,low_relevance:1
openalex_only,OpenAlex,title:toward 6g enabled brain computer interfaces technical requirements use cases challenges and future trends,1,0,1,"Toward 6G-enabled Brain Computer Interfaces: Technical Requirements, Use Cases, Challenges, and Future Trends",2026,ArXiv.org,,https://openalex.org/W7162149822,low_relevance:1
openalex_only,OpenAlex,title:towards trustworthy 6g network digital twins a framework for validating counterfactual what if analysis in edge computing resources,1,0,1,Towards Trustworthy 6G Network Digital Twins: A Framework for Validating Counterfactual What-If Analysis in Edge Computing Resources,2026,ArXiv.org,,https://openalex.org/W7154865352,low_relevance:1
openalex_only,OpenAlex,title:using a digital twin for fringe projection profilometry optimisation,1,0,1,Using a Digital Twin for Fringe Projection Profilometry Optimisation,2026,ArXiv.org,,https://openalex.org/W7161915261,low_relevance:1
openalex_only,OpenAlex,doi:10.69650/ahstr.2026.4504,1,0,1,Digital Twins in Dentistry: Technological Foundations and Clinical Applications,2026,"Asian Health, Science and Technology Reports",10.69650/ahstr.2026.4504,https://doi.org/10.69650/ahstr.2026.4504,low_relevance:1
openalex_only,OpenAlex,doi:10.1016/j.ajps.2024.100940,1,1,0,Vat-based photopolymerization 3D printing: From materials to topical and transdermal applications,2024,Asian Journal of Pharmaceutical Sciences,10.1016/j.ajps.2024.100940,https://doi.org/10.1016/j.ajps.2024.100940,
openalex_only,OpenAlex,doi:10.1080/14488388.2026.2615609,1,1,0,Mechanics-informed AI laser 4D frameworks for adaptive materials processing and sustainable manufacturing: a quantitative review,2026,Australian Journal of Multi-Disciplinary Engineering,10.1080/14488388.2026.2615609,https://doi.org/10.1080/14488388.2026.2615609,
openalex_only,OpenAlex,doi:10.3390/automation6030037,1,1,0,Enabling Intelligent Industrial Automation: A Review of Machine Learning Applications with Digital Twin and Edge AI Integration,2025,Automation,10.3390/automation6030037,https://doi.org/10.3390/automation6030037,
openalex_only,OpenAlex,doi:10.3390/automation7020064,1,0,1,From Virtual Trajectory Generation to Real Execution and Validation in a MATLAB-ROS Hybrid Framework for a 6 DOF Industrial Robot,2026,Automation,10.3390/automation7020064,https://doi.org/10.3390/automation7020064,low_relevance:1
openalex_only,OpenAlex,doi:10.1016/j.autcon.2026.107072,1,0,1,LLM-powered natural language interaction for voxel-based underground digital twin using task-aware retrieval and prompt engineering,2026,Automation in Construction,10.1016/j.autcon.2026.107072,https://doi.org/10.1016/j.autcon.2026.107072,low_relevance:1
openalex_only,OpenAlex,doi:10.1002/best.70164,1,1,0,3D Printed Recyclable Sand Formworks: A Zero‐Waste Path for Lightweight Concrete Structures,2026,Beton- und Stahlbetonbau,10.1002/best.70164,https://doi.org/10.1002/best.70164,
openalex_only,OpenAlex,doi:10.1002/best.70132,1,0,1,"Continuous Production of Thin‐Walled, Fiber‐Reinforced Precision Concrete Elements for Free‐Form Modular Construction ‐ KoBeMo",2026,Beton- und Stahlbetonbau,10.1002/best.70132,https://doi.org/10.1002/best.70132,low_relevance:1
openalex_only,OpenAlex,doi:10.1002/best.70140,1,1,0,Design Strategies for Modular Additive Manufacturing in Construction,2026,Beton- und Stahlbetonbau,10.1002/best.70140,https://doi.org/10.1002/best.70140,
openalex_only,OpenAlex,doi:10.30516/bilgesci.1608837,1,0,1,Advancements and Emerging Trends in Mechanical Engineering Design and Manufacturing Processes: A Comprehensive Review,2026,Bilge International Journal of Science and Technology Research,10.30516/bilgesci.1608837,https://doi.org/10.30516/bilgesci.1608837,low_relevance:1
openalex_only,OpenAlex,doi:10.1007/s42242-024-00295-1,1,0,1,Light-based 3D printing of stimulus-responsive hydrogels for miniature devices: recent progress and perspective,2024,Bio-Design and Manufacturing,10.1007/s42242-024-00295-1,https://doi.org/10.1007/s42242-024-00295-1,low_relevance:1
openalex_only,OpenAlex,doi:10.3390/bioengineering13020216,1,1,0,Advancing Scoliosis Treatment with Patient-Specific Functionally Graded NiTi-SMA Rods: Key Considerations and Development Objectives,2026,Bioengineering,10.3390/bioengineering13020216,https://doi.org/10.3390/bioengineering13020216,
openalex_only,OpenAlex,doi:10.3390/bioengineering13030363,1,0,1,Lab-on-a-Chip and Microfluidics Technologies for Nano Drug Delivery,2026,Bioengineering,10.3390/bioengineering13030363,https://doi.org/10.3390/bioengineering13030363,low_relevance:1
openalex_only,OpenAlex,doi:10.3390/bioengineering13060644,1,1,0,Mechatronic Design and Development of a Lower-Limb Exoskeleton System Based on Knee Joint Biomechanical Principles Using Electro-Pneumatic Actuation with an Embedded EMG Controller for Experimental Validation in Elderly Gait Rehabilitation Support,2026,Bioengineering,10.3390/bioengineering13060644,https://doi.org/10.3390/bioengineering13060644,
openalex_only,OpenAlex,doi:10.1088/1758-5090/ad1e6f,1,0,1,4D printed shape-shifting biomaterials for tissue engineering and regenerative medicine applications,2024,Biofabrication,10.1088/1758-5090/ad1e6f,https://doi.org/10.1088/1758-5090/ad1e6f,low_relevance:1
openalex_only,OpenAlex,doi:10.1088/1758-5090/ae7835,1,0,1,Topology Optimization of 3D-Printed Mycelium Hydrogels,2026,Biofabrication,10.1088/1758-5090/ae7835,https://doi.org/10.1088/1758-5090/ae7835,low_relevance:1
openalex_only,OpenAlex,doi:10.1021/acs.biomac.5c02638,1,1,0,Engineering and Exploring Hydrolytic Degradation in 3D-Printed Liquid Crystalline Elastomers,2026,Biomacromolecules,10.1021/acs.biomac.5c02638,https://doi.org/10.1021/acs.biomac.5c02638,
openalex_only,OpenAlex,doi:10.1039/d3bm02044d,1,1,0,"4D hydrogels: fabrication strategies, stimulation mechanisms, and biomedical applications",2024,Biomaterials Science,10.1039/d3bm02044d,https://doi.org/10.1039/d3bm02044d,
openalex_only,OpenAlex,doi:10.26717/bjstr.2024.54.008601,1,1,0,"""Guidelines for Biomimetic 3D/4D Printing in Soft Tissues Biomaterials""",2024,Biomedical Journal of Scientific & Technical Research,10.26717/bjstr.2024.54.008601,https://doi.org/10.26717/bjstr.2024.54.008601,
openalex_only,OpenAlex,doi:10.3390/biomedicines14040843,1,1,0,"Natural Polymers in Tissue Engineering and Regeneration: Material–Cell Mechanotransduction, Biofabrication Strategies, and Clinical Translation",2026,Biomedicines,10.3390/biomedicines14040843,https://doi.org/10.3390/biomedicines14040843,
openalex_only,OpenAlex,doi:10.3390/biomimetics9090530,1,1,0,Integration of Sustainable and Net-Zero Concepts in Shape-Memory Polymer Composites to Enhance Environmental Performance,2024,Biomimetics,10.3390/biomimetics9090530,https://doi.org/10.3390/biomimetics9090530,
openalex_only,OpenAlex,doi:10.3390/biomimetics9080484,1,1,0,Smart Multi-Responsive Biomaterials and Their Applications for 4D Bioprinting,2024,Biomimetics,10.3390/biomimetics9080484,https://doi.org/10.3390/biomimetics9080484,
openalex_only,OpenAlex,doi:10.3390/biomimetics10070453,1,1,0,Biomimetic Additive Manufacturing: Engineering Complexity Inspired by Nature’s Simplicity,2025,Biomimetics,10.3390/biomimetics10070453,https://doi.org/10.3390/biomimetics10070453,
openalex_only,OpenAlex,doi:10.3390/biomimetics10090595,1,0,1,Bioprinted Scaffolds for Biomimetic Applications: A State-of-the-Art Technology,2025,Biomimetics,10.3390/biomimetics10090595,https://doi.org/10.3390/biomimetics10090595,low_relevance:1
openalex_only,OpenAlex,doi:10.3390/biomimetics10060391,1,1,0,Teaching Bioinspired Design for Assistive Technologies Using Additive Manufacturing: A Collaborative Experience,2025,Biomimetics,10.3390/biomimetics10060391,https://doi.org/10.3390/biomimetics10060391,
openalex_only,OpenAlex,doi:10.3390/biomimetics10070429,1,0,1,Three-Dimensionally Printed Scaffolds and Drug Delivery Systems in Treatment of Osteoporosis,2025,Biomimetics,10.3390/biomimetics10070429,https://doi.org/10.3390/biomimetics10070429,low_relevance:1
openalex_only,OpenAlex,doi:10.3390/biomimetics11060414,1,0,1,3D-Printed Plantar Orthoses and the Conditional Viability of Recycled PLA,2026,Biomimetics,10.3390/biomimetics11060414,https://doi.org/10.3390/biomimetics11060414,low_relevance:1
openalex_only,OpenAlex,doi:10.3390/biomimetics11050330,1,0,1,Advances in Biomaterials for Tissue Regeneration: From Scaffold Design to CAP-Enabled Interfaces and AI-Driven Optimization,2026,Biomimetics,10.3390/biomimetics11050330,https://doi.org/10.3390/biomimetics11050330,low_relevance:1
openalex_only,OpenAlex,doi:10.1016/j.bprint.2026.e00491,1,1,0,"Emerging Paradigms in 3D Bioprinting: A Critical Review of Volumetric, Embedded, and Multi-Material Fabrication for Biomedical Applications",2026,Bioprinting,10.1016/j.bprint.2026.e00491,https://doi.org/10.1016/j.bprint.2026.e00491,
openalex_only,OpenAlex,doi:10.1101/2025.09.15.676407,1,1,0,Optical Properties of Gelatin Methacrylate and Implications for In Situ Cross-Linking in Spinal Cord Lesions and Engineered Hydrogel Systems,2025,bioRxiv (Cold Spring Harbor Laboratory),10.1101/2025.09.15.676407,https://doi.org/10.1101/2025.09.15.676407,
openalex_only,OpenAlex,doi:10.64898/2026.01.29.702588,1,1,0,"Shaping hydrogel bioinks into 3D, multiscale, perfusable models using multimodal printing",2026,bioRxiv (Cold Spring Harbor Laboratory),10.64898/2026.01.29.702588,https://doi.org/10.64898/2026.01.29.702588,
openalex_only,OpenAlex,doi:10.64898/2026.02.26.708161,1,1,0,Tomographic Printing in a Chip: A Versatile Platform for Biomimetic 3D Organ-on-Chip,2026,bioRxiv (Cold Spring Harbor Laboratory),10.64898/2026.02.26.708161,https://doi.org/10.64898/2026.02.26.708161,
openalex_only,OpenAlex,doi:10.3390/bios15090619,1,1,0,3D Printing Assisted Wearable and Implantable Biosensors,2025,Biosensors,10.3390/bios15090619,https://doi.org/10.3390/bios15090619,
openalex_only,OpenAlex,doi:10.1016/j.biotechadv.2025.108763,1,1,0,Strategies to Enhance Stability of Cryopreservation Processes for Cell-Based Products,2025,Biotechnology Advances,10.1016/j.biotechadv.2025.108763,https://doi.org/10.1016/j.biotechadv.2025.108763,
openalex_only,OpenAlex,doi:10.21278/brod76403,1,1,0,Digital twin of USV thruster based on CFD simulations and towing tank experiments,2025,Brodogradnja,10.21278/brod76403,https://doi.org/10.21278/brod76403,
openalex_only,OpenAlex,doi:10.3390/buildings16091839,1,0,1,Kinetic-Aware Distributionally Robust HVAC Optimization for Multi-Zone Building Systems with Physics-Informed Reinforcement Learning,2026,Buildings,10.3390/buildings16091839,https://doi.org/10.3390/buildings16091839,low_relevance:1
openalex_only,OpenAlex,doi:10.3390/buildings16071434,1,0,1,Knowledge-Informed Technology-Enabled Asset Management and Compliance Assurance in Construction: A Systematic Grey Literature Review,2026,Buildings,10.3390/buildings16071434,https://doi.org/10.3390/buildings16071434,low_relevance:1
openalex_only,OpenAlex,doi:10.53360/2788-7995-2026-1(21)-10,1,0,1,APPLICATION OF DIGITAL TWINS IN AUTOMATION TEACHING LABORATORY,2026,Bulletin of Shakarim University Technical Sciences,10.53360/2788-7995-2026-1(21)-10,https://doi.org/10.53360/2788-7995-2026-1%2821%29-10,low_relevance:1
openalex_only,OpenAlex,doi:10.47533/2026.1606-146x.1-01,1,0,1,Optimization of food production efficiency using adaptive digital modeling and digital twin technologies,2026,Bulletin of the National Engineering Academy of the Republic of Kazakhstan,10.47533/2026.1606-146x.1-01,https://doi.org/10.47533/2026.1606-146x.1-01,low_relevance:1
openalex_only,OpenAlex,doi:10.20998/2222-0631.2025.02(9).16,1,1,0,COMPUTATIONAL ANALYSIS OF THE DEFORMATION BEHAVIOR OF 4D-PRINTED LIQUID CRYSTAL ELASTOMERS UNDER CHANGE OF TEMPERATURE,2025,Bulletin of the National Technical University KhPI Series Mathematical modeling in engineering and technologies,10.20998/2222-0631.2025.02(9).16,https://doi.org/10.20998/2222-0631.2025.02%289%29.16,
openalex_only,OpenAlex,doi:10.20998/2079-0775.2026.2.01,1,1,0,TECHNICAL AND TECHNOLOGICAL JUSTIFICATION FOR THE APPLICATION OF MODULAR SCREWS IN MACHINES FOR HANDLING DISCRETE LOADS,2026,Bulletin of the National Technical University «KhPI» Series Engineering and CAD,10.20998/2079-0775.2026.2.01,https://doi.org/10.20998/2079-0775.2026.2.01,
openalex_only,OpenAlex,doi:10.36096/9m418242,1,0,1,"Aviation 4.0: the impacts of digital transformation on the aviation industry: evidence from maintenance, repair and overhaul operations",2026,Bussecon Review of Social Sciences (2687-2285),10.36096/9m418242,https://doi.org/10.36096/9m418242,low_relevance:1
openalex_only,OpenAlex,doi:10.1002/cepa.70026,1,1,0,A New Generation of Lattice Structural Elements Produced with Wire‐Arc Additive Manufacturing,2025,ce/papers,10.1002/cepa.70026,https://doi.org/10.1002/cepa.70026,
openalex_only,OpenAlex,doi:10.1016/j.xcrp.2024.102172,1,1,0,3D-printed fused silica glass microlattice as mechanical metamaterial,2024,Cell Reports Physical Science,10.1016/j.xcrp.2024.102172,https://doi.org/10.1016/j.xcrp.2024.102172,
openalex_only,OpenAlex,doi:10.1016/j.xcrp.2024.102244,1,1,0,4D-printed photochromic contact lenses for ultraviolet monitoring and protection,2024,Cell Reports Physical Science,10.1016/j.xcrp.2024.102244,https://doi.org/10.1016/j.xcrp.2024.102244,
openalex_only,OpenAlex,doi:10.1016/j.xcrp.2025.102614,1,1,0,Multi-layer screen-printing of magnetic soft robots with integrated materials and functions,2025,Cell Reports Physical Science,10.1016/j.xcrp.2025.102614,https://doi.org/10.1016/j.xcrp.2025.102614,
openalex_only,OpenAlex,doi:10.1007/s12195-026-00910-4,1,0,1,The Tumor Microenvironment: Translating Intravital Insights into Microphysiological Systems,2026,Cellular and Molecular Bioengineering,10.1007/s12195-026-00910-4,https://doi.org/10.1007/s12195-026-00910-4,low_relevance:1
openalex_only,OpenAlex,doi:10.65591/cai-143-2026,1,0,1,"Cybersecurity in Autonomous AI Robotics: A Review of Emerging Threats, Adversarial Attacks, and Mitigation Techniques",2026,Center of Artificial Intelligence,10.65591/cai-143-2026,https://doi.org/10.65591/cai-143-2026,low_relevance:1
openalex_only,OpenAlex,doi:10.3390/ceramics9050043,1,1,0,"Additive Manufacturing of Ceramics and Ceramic-Based Composites: Processing, Properties, and Engineering Applications",2026,Ceramics,10.3390/ceramics9050043,https://doi.org/10.3390/ceramics9050043,
openalex_only,OpenAlex,doi:10.47982/cgc.10.777,1,0,1,An AAS-Based Digital Twin Framework for Load-Bearing Glass Structures under Seismic Testing,2026,Challenging glass conference proceedings,10.47982/cgc.10.777,https://doi.org/10.47982/cgc.10.777,low_relevance:1
openalex_only,OpenAlex,doi:10.1021/cbe.3c00088,1,0,1,Grayscale Color 3D/4D Printing via Orthogonal Photochemistry,2024,Chem & Bio Engineering,10.1021/cbe.3c00088,https://doi.org/10.1021/cbe.3c00088,low_relevance:1
openalex_only,OpenAlex,doi:10.1021/cbe.3c00126,1,1,0,"Photoreaction Drives Efficient, Precise, and Sustainable Additive Manufacturing",2024,Chem & Bio Engineering,10.1021/cbe.3c00126,https://doi.org/10.1021/cbe.3c00126,
openalex_only,OpenAlex,doi:10.1021/cbe.4c00028,1,1,0,Recent Progress in 3D Printing of Polymer Materials as Soft Actuators and Robots,2024,Chem & Bio Engineering,10.1021/cbe.4c00028,https://doi.org/10.1021/cbe.4c00028,
openalex_only,OpenAlex,doi:10.24425/cpe.2024.149472,1,1,0,Chemical engineering aspects in the design and construction of a new type of multimaterial 3D printer using photopolymerization and electrodeposition processes,2024,Chemical and Process Engineering New Frontiers,10.24425/cpe.2024.149472,https://doi.org/10.24425/cpe.2024.149472,
openalex_only,OpenAlex,doi:10.1016/j.cej.2025.161815,1,1,0,Topology optimization of porous electrodes for electrochemical flow reactors using the finite element method and triply periodic minimal surfaces,2025,Chemical Engineering Journal,10.1016/j.cej.2025.161815,https://doi.org/10.1016/j.cej.2025.161815,
openalex_only,OpenAlex,doi:10.1021/acs.chemrev.6c00012,1,0,1,Artificial Intelligence for Materials Science: Transforming Research Paradigms,2026,Chemical Reviews,10.1021/acs.chemrev.6c00012,https://doi.org/10.1021/acs.chemrev.6c00012,low_relevance:1
openalex_only,OpenAlex,doi:10.1021/acs.chemmater.6c00379,1,0,1,Soft Actuators Based on Stimuli-Responsive Materials: From Material Design to Robotic Systems,2026,Chemistry of Materials,10.1021/acs.chemmater.6c00379,https://doi.org/10.1021/acs.chemmater.6c00379,low_relevance:1
openalex_only,OpenAlex,doi:10.1002/cptc.202500337,1,1,0,Novel Photoinitiators for Two‐Step Absorption‐Based 3D Laser Nanoprinting: From Molecular Design to Printing Behavior,2026,ChemPhotoChem,10.1002/cptc.202500337,https://doi.org/10.1002/cptc.202500337,
openalex_only,OpenAlex,doi:10.26434/chemrxiv-2025-907lw,1,1,0,Green-to-Violet Photon Upconversion Enables Simultaneous 3D Printing of Macro and Microscale Features with Vat Photopolymerization,2025,ChemRxiv,10.26434/chemrxiv-2025-907lw,https://doi.org/10.26434/chemrxiv-2025-907lw,
openalex_only,OpenAlex,doi:10.26434/chemrxiv-2025-gmt1k,1,1,0,Trioxanes as photodegradable motifs for additive manufacturing,2025,ChemRxiv,10.26434/chemrxiv-2025-gmt1k,https://doi.org/10.26434/chemrxiv-2025-gmt1k,
openalex_only,OpenAlex,doi:10.26434/chemrxiv-2025-kc7l8,1,0,1,Two for one: Semi-crystalline and amorphous materials via multi-temperature 3D printing from one formulation,2025,ChemRxiv,10.26434/chemrxiv-2025-kc7l8,https://doi.org/10.26434/chemrxiv-2025-kc7l8,low_relevance:1
openalex_only,OpenAlex,doi:10.26434/chemrxiv-2025-209t6,1,1,0,Volumetric Additive Manufacturing of Dormant Catalytic Chemistries to Generate Silicone Micro- and Millifluidic Devices,2025,ChemRxiv,10.26434/chemrxiv-2025-209t6,https://doi.org/10.26434/chemrxiv-2025-209t6,
openalex_only,OpenAlex,doi:10.26434/chemrxiv.15000115/v2,1,0,1,Digital infrastructure to support and share daily high-throughput experimental materials research,2026,ChemRxiv,10.26434/chemrxiv.15000115/v2,https://doi.org/10.26434/chemrxiv.15000115/v2,low_relevance:1
openalex_only,OpenAlex,doi:10.26434/chemrxiv.15000333/v3,1,0,1,Reaction-aware control of autonomous batch synthesis,2026,ChemRxiv,10.26434/chemrxiv.15000333/v3,https://doi.org/10.26434/chemrxiv.15000333/v3,low_relevance:1
openalex_only,OpenAlex,doi:10.26434/chemrxiv.15000333/v2,1,0,1,Reaction-aware control of autonomous batch synthesis,2026,ChemRxiv,10.26434/chemrxiv.15000333/v2,https://doi.org/10.26434/chemrxiv.15000333/v2,low_relevance:1
openalex_only,OpenAlex,doi:10.26434/chemrxiv.15004285/v3,1,1,0,Red-Light Tomographic Volumetric 3D Printing in Seconds for Fabrication of Colorless Structures,2026,ChemRxiv,10.26434/chemrxiv.15004285/v3,https://doi.org/10.26434/chemrxiv.15004285/v3,
openalex_only,OpenAlex,doi:10.26434/chemrxiv.15004285/v2,1,0,1,Red-Light Tomographic Volumetric 3D Printing in Seconds for Fabrication of Colorless Structures,2026,ChemRxiv,10.26434/chemrxiv.15004285/v2,https://doi.org/10.26434/chemrxiv.15004285/v2,duplicate_title:1
openalex_only,OpenAlex,doi:10.26434/chemrxiv.15004285/v1,1,0,1,Red-Light Tomographic Volumetric 3D Printing in Seconds for Fabrication of Colorless Structures,2026,ChemRxiv,10.26434/chemrxiv.15004285/v1,https://doi.org/10.26434/chemrxiv.15004285/v1,duplicate_title:1
openalex_only,OpenAlex,doi:10.26434/chemrxiv.15004310/v1,1,0,1,Small Science Agentic Models for Automated Perovskite Thin Film Exploration via Monte Carlo Decision Trees and Delayed Bayesian Optimization Feedback,2026,ChemRxiv,10.26434/chemrxiv.15004310/v1,https://doi.org/10.26434/chemrxiv.15004310/v1,low_relevance:1
openalex_only,OpenAlex,doi:10.26434/chemrxiv.15001539/v1,1,1,0,Vat photopolymerization of semicrystalline thermoplastics via photoinitiated ring opening metathesis polymerization,2026,ChemRxiv,10.26434/chemrxiv.15001539/v1,https://doi.org/10.26434/chemrxiv.15001539/v1,
openalex_only,OpenAlex,title:divenire metodo processo e progetto di un sistema di facciata dinamico realizzato tramite stampa 3d e 4d method process and design of a dynamic facade system created using 3d and 4d printing,1,1,0,"DIVENIRE Metodo, processo e progetto di un sistema di facciata dinamico realizzato tramite stampa 3D e 4D - Method, process and design of a dynamic facade system created using 3D and 4D printing",2026,CINECA IRIS Institutial Research Information System (University of Genoa),,https://openalex.org/W7161207818,
openalex_only,OpenAlex,doi:10.1007/s43615-026-01026-7,1,0,1,Harnessing Industry 4.0: Sustainable Manufacturing and Circular Economy Practices in Indian Small and Medium Enterprises (SMEs),2026,Circular Economy and Sustainability,10.1007/s43615-026-01026-7,https://doi.org/10.1007/s43615-026-01026-7,low_relevance:1
openalex_only,OpenAlex,doi:10.1016/j.cirp.2025.05.004,1,1,0,Metal multi-material additive manufacturing: Overcoming barriers to implementation,2025,CIRP Annals,10.1016/j.cirp.2025.05.004,https://doi.org/10.1016/j.cirp.2025.05.004,
openalex_only,OpenAlex,doi:10.1007/s44213-025-00066-3,1,1,0,"Multiscale thermal optimization of 3D-printed walls: integrating structure, material, and process with fire-thermal synergy",2025,City and Built Environment,10.1007/s44213-025-00066-3,https://doi.org/10.1007/s44213-025-00066-3,
openalex_only,OpenAlex,doi:10.3390/cleantechnol7040087,1,1,0,Hydrogen Economy and Climate Change: Additive Manufacturing in Perspective,2025,Clean Technologies,10.3390/cleantechnol7040087,https://doi.org/10.3390/cleantechnol7040087,
openalex_only,OpenAlex,doi:10.3390/cleantechnol8030070,1,0,1,Digital Twin-Driven Intelligent Transformation of Solid Waste Treatment,2026,Clean Technologies,10.3390/cleantechnol8030070,https://doi.org/10.3390/cleantechnol8030070,low_relevance:1
openalex_only,OpenAlex,doi:10.1007/s10238-026-02107-5,1,0,1,Artificial intelligence in immunotherapy: revolutionizing diagnostic and therapeutic applications in cancer and autoimmune diseases,2026,Clinical and Experimental Medicine,10.1007/s10238-026-02107-5,https://doi.org/10.1007/s10238-026-02107-5,low_relevance:1
openalex_only,OpenAlex,doi:10.1007/s10586-026-06037-5,1,0,1,Defense-Aware Temporal Graph Neural Network for fault-tolerant intrusion detection in IIoT–5G environments,2026,Cluster Computing,10.1007/s10586-026-06037-5,https://doi.org/10.1007/s10586-026-06037-5,low_relevance:1
openalex_only,OpenAlex,doi:10.3390/coatings16040397,1,1,0,Functionally Graded Nickel-Based Coatings: A Comprehensive Review,2026,Coatings,10.3390/coatings16040397,https://doi.org/10.3390/coatings16040397,
openalex_only,OpenAlex,doi:10.1007/s12559-026-10574-x,1,0,1,A Brain-Inspired Model for Efficient Graph Learning in Human Cyber Physical Networks,2026,Cognitive Computation,10.1007/s12559-026-10574-x,https://doi.org/10.1007/s12559-026-10574-x,low_relevance:1
openalex_only,OpenAlex,doi:10.1007/978-3-032-29003-8_32,1,1,0,FPGA-Driven Nonlinear Analogue Networks for Deterministic Machine Learning,2026,Communications in computer and information science,10.1007/978-3-032-29003-8_32,https://doi.org/10.1007/978-3-032-29003-8_32,
openalex_only,OpenAlex,doi:10.1038/s43246-024-00448-w,1,0,1,Curvature tuning through defect-based 4D printing,2024,Communications Materials,10.1038/s43246-024-00448-w,https://doi.org/10.1038/s43246-024-00448-w,low_relevance:1
openalex_only,OpenAlex,doi:10.1038/s43246-026-01206-w,1,0,1,Machine learning-guided optimization of atomic layer deposition process,2026,Communications Materials,10.1038/s43246-026-01206-w,https://doi.org/10.1038/s43246-026-01206-w,low_relevance:1
openalex_only,OpenAlex,doi:10.1038/s43246-026-01074-4,1,1,0,MXene-based stimuli-responsive and autonomous intelligent materials,2026,Communications Materials,10.1038/s43246-026-01074-4,https://doi.org/10.1038/s43246-026-01074-4,
openalex_only,OpenAlex,doi:10.52783/cana.v32.6677,1,1,0,Mechanical Performance of FDM Printed Thermoplastics: Influence of Process Parameters and Hybrid Carbon Fiber Reinforcement,2025,Communications on Applied Nonlinear Analysis,10.52783/cana.v32.6677,https://doi.org/10.52783/cana.v32.6677,
openalex_only,OpenAlex,doi:10.1007/s40747-026-02348-7,1,1,0,"Multi-domain fusion meta-model for digital twin in precision manufacturing: design, implementation and verification",2026,Complex & Intelligent Systems,10.1007/s40747-026-02348-7,https://doi.org/10.1007/s40747-026-02348-7,
openalex_only,OpenAlex,doi:10.1016/j.jcomc.2025.100632,1,1,0,Combining hydromorphic and shape-shifting effects for programmable passive actuation in 4D-printed biocomposites,2025,Composites Part C Open Access,10.1016/j.jcomc.2025.100632,https://doi.org/10.1016/j.jcomc.2025.100632,
openalex_only,OpenAlex,doi:10.1016/j.jcomc.2025.100602,1,0,1,Current status and future outlook of 4D printing of polymers and composites-A prospective,2025,Composites Part C Open Access,10.1016/j.jcomc.2025.100602,https://doi.org/10.1016/j.jcomc.2025.100602,low_relevance:1
openalex_only,OpenAlex,doi:10.1109/mc.2026.3671749,1,1,0,"InterwovenXR: A Cyber–Physical–Social Testbed System for Robotics, Digital Twins, and Hyperautomation",2026,Computer,10.1109/mc.2026.3671749,https://doi.org/10.1109/mc.2026.3671749,
openalex_only,OpenAlex,doi:10.1016/j.cose.2026.105001,1,0,1,Organisational cybersecurity challenges in digital twin development: A critical analysis and research directions,2026,Computers & Security,10.1016/j.cose.2026.105001,https://doi.org/10.1016/j.cose.2026.105001,low_relevance:1
openalex_only,OpenAlex,doi:10.1016/j.compstruc.2026.108142,1,1,0,ShapeGen3DCP: A deep learning framework for layer shape prediction in 3D concrete printing,2026,Computers & Structures,10.1016/j.compstruc.2026.108142,https://doi.org/10.1016/j.compstruc.2026.108142,
openalex_only,OpenAlex,doi:10.3390/cryst14100859,1,1,0,The Role of Liquid Crystal Elastomers in Pioneering Biological Applications,2024,Crystals,10.3390/cryst14100859,https://doi.org/10.3390/cryst14100859,
openalex_only,OpenAlex,doi:10.7759/cureus.58572,1,0,1,Exploring the Horizons of Four-Dimensional Printing Technology in Dentistry,2024,Cureus,10.7759/cureus.58572,https://doi.org/10.7759/cureus.58572,low_relevance:1
openalex_only,OpenAlex,doi:10.1016/j.crfs.2024.100686,1,1,0,A smart thermoresponsive macroporous 4D structure by 4D printing of Pickering-high internal phase emulsions stabilized by plasma-functionalized starch nanomaterials for a possible delivery system,2024,Current Research in Food Science,10.1016/j.crfs.2024.100686,https://doi.org/10.1016/j.crfs.2024.100686,
openalex_only,OpenAlex,doi:10.1186/s42400-026-00597-0,1,0,1,Bridg-ics: AI-grounded knowledge graphs for intelligent threat analytics in industry 5.0 cyber-physical systems,2026,Cybersecurity,10.1186/s42400-026-00597-0,https://doi.org/10.1186/s42400-026-00597-0,low_relevance:1
openalex_only,OpenAlex,doi:10.4028/p-dcjc3i,1,1,0,3D-Printed Pyrography Using PLA/Wood Filaments,2026,"Defect and diffusion forum/Diffusion and defect data, solid state data. Part A, Defect and diffusion forum",10.4028/p-dcjc3i,https://doi.org/10.4028/p-dcjc3i,
openalex_only,OpenAlex,doi:10.3390/dj13120555,1,1,0,"Transforming Dental Care, Practice and Education with Additive Manufacturing and 3D Printing: Innovations in Materials, Technologies, and Future Pathways",2025,Dentistry Journal,10.3390/dj13120555,https://doi.org/10.3390/dj13120555,
openalex_only,OpenAlex,title:boyutlu yaz c teknolojileri ve di hekimli inde uygulama alanlar g ncel yakla mlar ve gelecek perspektifleri,1,1,0,Üç Boyutlu Yazıcı Teknolojileri ve Diş Hekimliğinde Uygulama Alanları: Güncel Yaklaşımlar ve Gelecek Perspektifleri,2025,DergiPark (Istanbul University),,https://openalex.org/W7160976246,
openalex_only,OpenAlex,title:an investigation into the use of digital technologies to promote circularity in the construction industry,1,1,0,An Investigation -into the Use of Digital Technologies to Promote Circularity in the Construction Industry,2026,DergiPark (Istanbul University),,https://openalex.org/W7155290063,
openalex_only,OpenAlex,doi:10.3390/designs9050102,1,1,0,"Smart Design Aided by Mathematical Approaches: Adaptive Manufacturing, Sustainability, and Biomimetic Materials",2025,Designs,10.3390/designs9050102,https://doi.org/10.3390/designs9050102,
openalex_only,OpenAlex,title:programmable assembly of genetically engineered human tissues,1,1,0,Programmable Assembly of Genetically Engineered Human Tissues,2024,Digital Access to Scholarship at Harvard (DASH) (Harvard University),,https://openalex.org/W7112185091,
openalex_only,OpenAlex,title:architected liquid crystal elastomers with spatially programmed alignment shape morphing and mechanics,1,0,1,"Architected Liquid Crystal Elastomers with Spatially Programmed Alignment, Shape Morphing, and Mechanics",2025,Digital Access to Scholarship at Harvard (DASH) (Harvard University),,https://openalex.org/W7111508102,low_relevance:1
openalex_only,OpenAlex,doi:10.1039/d4dd00281d,1,1,0,Multi-objective Bayesian optimization: a case study in material extrusion,2025,Digital Discovery,10.1039/d4dd00281d,https://doi.org/10.1039/d4dd00281d,
openalex_only,OpenAlex,doi:10.1039/d4dd00320a,1,0,1,Preferential Bayesian optimization improves the efficiency of printing objects with subjective qualities,2025,Digital Discovery,10.1039/d4dd00320a,https://doi.org/10.1039/d4dd00320a,low_relevance:1
openalex_only,OpenAlex,doi:10.1016/j.dte.2026.100129,1,0,1,Digital Engineering and Digital Twins for Smart Manufacturing,2026,Digital engineering.,10.1016/j.dte.2026.100129,https://doi.org/10.1016/j.dte.2026.100129,low_relevance:1
openalex_only,OpenAlex,doi:10.1049/dgt2.70027,1,1,0,The Role of Digital Twin for Space and Remote Terrestrial Construction,2026,Digital twins and applications.,10.1049/dgt2.70027,https://doi.org/10.1049/dgt2.70027,
openalex_only,OpenAlex,doi:10.1007/s44163-026-01427-5,1,1,0,5D orthodontics: integration of multidimensional imaging and predictive technologies—a scoping review,2026,Discover Artificial Intelligence,10.1007/s44163-026-01427-5,https://doi.org/10.1007/s44163-026-01427-5,
openalex_only,OpenAlex,doi:10.1007/s44327-026-00294-0,1,1,0,Urban circularity digital twin to support decision-making for sustainable mobility,2026,Discover Cities,10.1007/s44327-026-00294-0,https://doi.org/10.1007/s44327-026-00294-0,
openalex_only,OpenAlex,doi:10.1007/s10791-026-10161-6,1,0,1,"An examination of IIoT and fog computing architectures, applications and challenges from IoT to Industry 4.0",2026,Discover Computing,10.1007/s10791-026-10161-6,https://doi.org/10.1007/s10791-026-10161-6,low_relevance:1
openalex_only,OpenAlex,doi:10.1007/s43939-026-00685-5,1,0,1,"A review of computational modeling, artificial intelligence, and digital twins in metal casting and foundry operations",2026,Discover Materials,10.1007/s43939-026-00685-5,https://doi.org/10.1007/s43939-026-00685-5,low_relevance:1
openalex_only,OpenAlex,doi:10.1007/s44245-025-00163-x,1,1,0,Exploring research trends in use of finite element analysis for optimization of stress concentration factor in bars with fillets,2025,Discover Mechanical Engineering,10.1007/s44245-025-00163-x,https://doi.org/10.1007/s44245-025-00163-x,
openalex_only,OpenAlex,doi:10.1007/s44245-026-00249-0,1,0,1,Future research directions and applications of artificial intelligence in tribology,2026,Discover Mechanical Engineering,10.1007/s44245-026-00249-0,https://doi.org/10.1007/s44245-026-00249-0,low_relevance:1
openalex_only,OpenAlex,doi:10.1007/s44245-026-00274-z,1,1,0,Recent advances in machine learning based optimization of porous propeller aerodynamics for unmanned aerial vehicle systems,2026,Discover Mechanical Engineering,10.1007/s44245-026-00274-z,https://doi.org/10.1007/s44245-026-00274-z,
openalex_only,OpenAlex,doi:10.1186/s11671-025-04230-w,1,1,0,Transformative bioprinting: 4D printing and its role in the evolution of engineering and personalized medicine,2025,Discover Nano,10.1186/s11671-025-04230-w,https://doi.org/10.1186/s11671-025-04230-w,
openalex_only,OpenAlex,doi:10.1007/s44372-026-00696-9,1,1,0,"A review of AI-driven phenomics, genomics, and predictive breeding in wheat",2026,Discover Plants.,10.1007/s44372-026-00696-9,https://doi.org/10.1007/s44372-026-00696-9,
openalex_only,OpenAlex,doi:10.1007/s43621-024-00638-z,1,1,0,Antenna systems for IoT applications: a review,2024,Discover Sustainability,10.1007/s43621-024-00638-z,https://doi.org/10.1007/s43621-024-00638-z,
openalex_only,OpenAlex,doi:10.13374/j.issn2095-9389.2025.10.15.001,1,0,1,Construction of an industrial digital twin platform for multi-robot arm collaborative control,2026,DOAJ (DOAJ: Directory of Open Access Journals),10.13374/j.issn2095-9389.2025.10.15.001,https://doi.org/10.13374/j.issn2095-9389.2025.10.15.001,low_relevance:1
openalex_only,OpenAlex,title:recent advances and development trends of global top drive drilling systems,1,1,0,Recent Advances and Development Trends of Global Top Drive Drilling Systems,2026,DOAJ (DOAJ: Directory of Open Access Journals),,https://openalex.org/W7164873194,
openalex_only,OpenAlex,doi:10.4108/dtip.12988,1,0,1,Digital Product Passport for Machine Tools as an Information Core of Sustainable Manufacturing Engineering,2026,EAI Endorsed Transactions on Digital Transformation of Industrial Processes,10.4108/dtip.12988,https://doi.org/10.4108/dtip.12988,low_relevance:1
openalex_only,OpenAlex,doi:10.4108/dtip.12476,1,0,1,Integrating Industry 4.0 Technologies into Project Management: A Framework Proposal,2026,EAI Endorsed Transactions on Digital Transformation of Industrial Processes,10.4108/dtip.12476,https://doi.org/10.4108/dtip.12476,low_relevance:1
openalex_only,OpenAlex,title:ottimizzazione del processo di fabbricazione mediante stampa 3d di sonde plasmoniche con applicazioni mediche iot,1,1,0,OTTIMIZZAZIONE DEL PROCESSO DI FABBRICAZIONE MEDIANTE STAMPA 3D DI SONDE PLASMONICHE CON APPLICAZIONI MEDICHE IOT,2026,Electronic Theses and Dissertations Repository (University of Pisa),,https://openalex.org/W7158430966,
openalex_only,OpenAlex,doi:10.3390/electronics14204083,1,1,0,Review of Applications of Regression and Predictive Modeling in Wafer Manufacturing,2025,Electronics,10.3390/electronics14204083,https://doi.org/10.3390/electronics14204083,
openalex_only,OpenAlex,doi:10.1002/elps.70041,1,1,0,"Microfluidic‐ and Field‐Assisted 3D Printing: Leveraging Fluidic Control, Electrokinetic Phenomena, and Other Physical Fields to Advance Additive Manufacturing",2025,Electrophoresis,10.1002/elps.70041,https://doi.org/10.1002/elps.70041,
openalex_only,OpenAlex,title:metric driven framework for evaluaiton of logistics in phm,1,0,1,Metric Driven Framework for Evaluaiton of Logistics in PHM,2026,elib (German Aerospace Center),,https://openalex.org/W7161220351,low_relevance:1
openalex_only,OpenAlex,doi:10.3390/encyclopedia6060134,1,1,0,Digital Tools in Aluminum Alloy Processing,2026,Encyclopedia,10.3390/encyclopedia6060134,https://doi.org/10.3390/encyclopedia6060134,
openalex_only,OpenAlex,doi:10.3390/en19040991,1,1,0,Assessment of the State and Development Trends of Centrifugal Compressors for Marine Power Plants,2026,Energies,10.3390/en19040991,https://doi.org/10.3390/en19040991,
openalex_only,OpenAlex,doi:10.1016/j.egyai.2026.100749,1,0,1,Bridging data-driven and physics-based models for lithium-ion battery state analysis and future performance assessment via active material volume fraction,2026,Energy and AI,10.1016/j.egyai.2026.100749,https://doi.org/10.1016/j.egyai.2026.100749,low_relevance:1
openalex_only,OpenAlex,doi:10.1016/j.eng.2024.10.017,1,1,0,3D and 4D Printing of Electromagnetic Metamaterials,2024,Engineering,10.1016/j.eng.2024.10.017,https://doi.org/10.1016/j.eng.2024.10.017,
openalex_only,OpenAlex,doi:10.47191/etj/v11i04.02,1,0,1,"IoT–AI Convergence in Smart Manufacturing: A Survey of Technologies, Applications, And Challenges",2026,Engineering and Technology Journal,10.47191/etj/v11i04.02,https://doi.org/10.47191/etj/v11i04.02,low_relevance:1
openalex_only,OpenAlex,doi:10.1016/j.engappai.2026.114487,1,0,1,Active learning with neural ordinary differential equations for data-efficient modeling of tuned mass dampers,2026,Engineering Applications of Artificial Intelligence,10.1016/j.engappai.2026.114487,https://doi.org/10.1016/j.engappai.2026.114487,low_relevance:1
openalex_only,OpenAlex,doi:10.4186/ej.2026.30.4.31,1,0,1,3D Printed Soft Actuator Evaluation: A Simulation and Experiment Approach,2026,Engineering Journal (Chulalongkorn University),10.4186/ej.2026.30.4.31,https://doi.org/10.4186/ej.2026.30.4.31,low_relevance:1
openalex_only,OpenAlex,doi:10.1007/s10010-026-00940-4,1,0,1,Digital twins in engineering: a literature review and expert survey for potential analysis,2026,Engineering Research,10.1007/s10010-026-00940-4,https://doi.org/10.1007/s10010-026-00940-4,low_relevance:1
openalex_only,OpenAlex,doi:10.1007/s10010-026-00950-2,1,1,0,Vibroacoustic metamaterials in sheet metal structures for the reduction of sound radiation,2026,Engineering Research,10.1007/s10010-026-00950-2,https://doi.org/10.1007/s10010-026-00950-2,
openalex_only,OpenAlex,doi:10.1088/2631-8695/adfacc,1,1,0,Additive manufacturing of high-performance adsorbents for environmental use,2025,Engineering Research Express,10.1088/2631-8695/adfacc,https://doi.org/10.1088/2631-8695/adfacc,
openalex_only,OpenAlex,doi:10.1088/2631-8695/adb5da,1,0,1,Electrothermal-responsive flexible actuator of paper-based MWCNTs/PEDOT:PSS composites and PLA using 4D printing,2025,Engineering Research Express,10.1088/2631-8695/adb5da,https://doi.org/10.1088/2631-8695/adb5da,low_relevance:1
openalex_only,OpenAlex,doi:10.1088/2631-8695/ae73e4,1,0,1,A low-cost partial Hardware-in-the-Loop virtual platform for dual-axis photovoltaic solar tracking control,2026,Engineering Research Express,10.1088/2631-8695/ae73e4,https://doi.org/10.1088/2631-8695/ae73e4,low_relevance:1
openalex_only,OpenAlex,doi:10.51594/estj.v7i6.2290,1,0,1,"AI-Integrated predictive control and digital twin systems for high-yield, low-energy specialty chemicals batch manufacturing",2026,Engineering Science & Technology Journal,10.51594/estj.v7i6.2290,https://doi.org/10.51594/estj.v7i6.2290,low_relevance:1
openalex_only,OpenAlex,doi:10.36922/esam026180008,1,1,0,Shape morphing of extrusion-printed thermoresponsive hydrogels regulated by infill topology and layer design,2026,Engineering Science in Additive Manufacturing,10.36922/esam026180008,https://doi.org/10.36922/esam026180008,
openalex_only,OpenAlex,doi:10.3390/eng7050225,1,0,1,"Next-Generation Manufacturing Technologies for High-Performance Turbomachinery Blades: Trends, Challenges, and Future Directions",2026,Eng—Advances in Engineering,10.3390/eng7050225,https://doi.org/10.3390/eng7050225,low_relevance:1
openalex_only,OpenAlex,doi:10.1080/17517575.2026.2653241,1,1,0,A hybrid self-evolving edge-AI framework for scalable digital process twins in enterprise systems,2026,Enterprise Information Systems,10.1080/17517575.2026.2653241,https://doi.org/10.1080/17517575.2026.2653241,
openalex_only,OpenAlex,doi:10.1007/s10669-026-10097-8,1,1,0,Evaluating digital twin adoption for sustainable supply chains in pharma: a fuzzy MEREC–TOPSIS approach,2026,Environment Systems & Decisions,10.1007/s10669-026-10097-8,https://doi.org/10.1007/s10669-026-10097-8,
openalex_only,OpenAlex,doi:10.1016/j.yebeh.2026.111142,1,0,1,Digital twins. The future of personalized epilepsy care,2026,Epilepsy & Behavior,10.1016/j.yebeh.2026.111142,https://doi.org/10.1016/j.yebeh.2026.111142,low_relevance:1
openalex_only,OpenAlex,title:intelligent framework for radio resource management for future heterogeneous wireless networks,1,0,1,Intelligent framework for radio resource management for future heterogeneous wireless networks,2026,Espace École de technologie supérieure (École de technologie supérieure),,https://openalex.org/W7162232634,low_relevance:1
openalex_only,OpenAlex,doi:10.82417/sd26-2219,1,1,0,Digital twin modeling for defect detection in LPBF parts,2025,Espace ÉTS (ETS),10.82417/sd26-2219,https://doi.org/10.82417/sd26-2219,
openalex_only,OpenAlex,doi:10.82417/95e1-ar12,1,1,0,Meltpool temperature measurement and monitoring during wire-DED via optical thermal devices,2025,Espace ÉTS (ETS),10.82417/95e1-ar12,https://doi.org/10.82417/95e1-ar12,
openalex_only,OpenAlex,doi:10.82417/z6t0-md09,1,1,0,Resin properties and part size interrelationships in computed tomography-based volumetric additive manufacturing,2025,Espace ÉTS (ETS),10.82417/z6t0-md09,https://doi.org/10.82417/z6t0-md09,
openalex_only,OpenAlex,doi:10.71222/9h1vxf69,1,0,1,Decision-Making in Industry 4.0: A Layered Framework for Converting Cyber-Physical Information into Governed Action,2026,European Journal of AI Computing & Informatics,10.71222/9h1vxf69,https://doi.org/10.71222/9h1vxf69,low_relevance:1
openalex_only,OpenAlex,doi:10.1055/s-0044-1801276,1,1,0,Precision and Customization: The Role of 3D Printing in Modern Prosthodontics,2025,European Journal of Dentistry,10.1055/s-0044-1801276,https://doi.org/10.1055/s-0044-1801276,
openalex_only,OpenAlex,doi:10.1016/j.ejso.2026.111849,1,0,1,Digital twins in urological oncology and surgery: A review of emerging applications,2026,European Journal of Surgical Oncology,10.1016/j.ejso.2026.111849,https://doi.org/10.1016/j.ejso.2026.111849,low_relevance:1
openalex_only,OpenAlex,doi:10.1016/j.eurpolymj.2023.112718,1,1,0,3D printing of magneto-active smart materials for advanced actuators and soft robotics applications,2024,European Polymer Journal,10.1016/j.eurpolymj.2023.112718,https://doi.org/10.1016/j.eurpolymj.2023.112718,
openalex_only,OpenAlex,doi:10.15151/esrf-es-2268040401,1,0,1,Quantifying the microstructure of 4D printed materials for soft robotics,2025,European Synchrotron Radiation Facility,10.15151/esrf-es-2268040401,https://doi.org/10.15151/esrf-es-2268040401,low_relevance:1
openalex_only,OpenAlex,doi:10.70267/ic-aimees.202502,1,1,0,AI-Enabled Design and Additive Manufacturing of Mechanical Materials: Methods and Future Directions,2025,Exploring Science Academic Conference Series,10.70267/ic-aimees.202502,https://doi.org/10.70267/ic-aimees.202502,
openalex_only,OpenAlex,doi:10.70267/ic-aimees.20260407413,1,0,1,AI-Assisted 3D Modeling and Engineering Optimization of Artistic Mechanical Parts for TWS Earbud Charging Cases,2026,Exploring Science Academic Conference Series,10.70267/ic-aimees.20260407413,https://doi.org/10.70267/ic-aimees.20260407413,low_relevance:1
openalex_only,OpenAlex,doi:10.70267/icbms.2601.302312,1,0,1,The Impact of Digital Transformation on Supply Chain Efficiency: A Case Study of JD Logistics,2026,Exploring Science Academic Conference Series,10.70267/icbms.2601.302312,https://doi.org/10.70267/icbms.2601.302312,low_relevance:1
openalex_only,OpenAlex,doi:10.12688/f1000research.178740.1,1,0,1,Digital transformation as a driver of operational sustainability in manufacturing: a systematic review (2015–2025),2026,F1000Research,10.12688/f1000research.178740.1,https://doi.org/10.12688/f1000research.178740.1,low_relevance:1
openalex_only,OpenAlex,doi:10.17654/0974325126005,1,0,1,AI-ENABLED DIGITAL TWIN FRAMEWORK FOR MECHANICAL COMPONENTS OF ELECTROMECHANICAL SYSTEMS WITH DISTRIBUTED PARAMETERS,2026,Far East Journal of Experimental and Theoretical Artificial Intelligence,10.17654/0974325126005,https://doi.org/10.17654/0974325126005,low_relevance:1
openalex_only,OpenAlex,doi:10.1186/s40691-025-00412-3,1,0,1,Characterization of thermo-responsive shape memory bio-based thermoplastic polyurethane (SMTPU) for 3D/4D printing applications,2025,Fashion and Textiles,10.1186/s40691-025-00412-3,https://doi.org/10.1186/s40691-025-00412-3,low_relevance:1
openalex_only,OpenAlex,doi:10.3390/fib14060069,1,0,1,Research Progress on Advanced Molding Technologies for Carbon Fiber-Reinforced Polymer Composites: Defect Control and Process Optimization,2026,Fibers,10.3390/fib14060069,https://doi.org/10.3390/fib14060069,low_relevance:1
openalex_only,OpenAlex,doi:10.1021/acsami.5c08979.s001,1,0,1,DynamicallySwitchable 3D Shape-Morphing and Rotationfrom Liquid Crystal Elastomer Actuators,2025,Figshare,10.1021/acsami.5c08979.s001,https://doi.org/10.1021/acsami.5c08979.s001,low_relevance:1
openalex_only,OpenAlex,doi:10.1021/acsami.5c08979.s010,1,0,1,DynamicallySwitchable 3D Shape-Morphing and Rotationfrom Liquid Crystal Elastomer Actuators,2025,Figshare,10.1021/acsami.5c08979.s010,https://doi.org/10.1021/acsami.5c08979.s010,low_relevance:1
openalex_only,OpenAlex,doi:10.1021/acsami.5c08979.s004,1,0,1,DynamicallySwitchable 3D Shape-Morphing and Rotationfrom Liquid Crystal Elastomer Actuators,2025,Figshare,10.1021/acsami.5c08979.s004,https://doi.org/10.1021/acsami.5c08979.s004,low_relevance:1
openalex_only,OpenAlex,doi:10.1021/acsami.5c08979.s006,1,0,1,DynamicallySwitchable 3D Shape-Morphing and Rotationfrom Liquid Crystal Elastomer Actuators,2025,Figshare,10.1021/acsami.5c08979.s006,https://doi.org/10.1021/acsami.5c08979.s006,low_relevance:1
openalex_only,OpenAlex,doi:10.1021/acsami.5c08979.s007,1,0,1,DynamicallySwitchable 3D Shape-Morphing and Rotationfrom Liquid Crystal Elastomer Actuators,2025,Figshare,10.1021/acsami.5c08979.s007,https://doi.org/10.1021/acsami.5c08979.s007,low_relevance:1
openalex_only,OpenAlex,doi:10.1021/acsami.5c08979.s005,1,0,1,DynamicallySwitchable 3D Shape-Morphing and Rotationfrom Liquid Crystal Elastomer Actuators,2025,Figshare,10.1021/acsami.5c08979.s005,https://doi.org/10.1021/acsami.5c08979.s005,low_relevance:1
openalex_only,OpenAlex,doi:10.1021/acsami.5c08979.s008,1,0,1,DynamicallySwitchable 3D Shape-Morphing and Rotationfrom Liquid Crystal Elastomer Actuators,2025,Figshare,10.1021/acsami.5c08979.s008,https://doi.org/10.1021/acsami.5c08979.s008,low_relevance:1
openalex_only,OpenAlex,doi:10.1021/acsami.5c08979.s009,1,0,1,DynamicallySwitchable 3D Shape-Morphing and Rotationfrom Liquid Crystal Elastomer Actuators,2025,Figshare,10.1021/acsami.5c08979.s009,https://doi.org/10.1021/acsami.5c08979.s009,low_relevance:1
openalex_only,OpenAlex,doi:10.1021/acsami.5c08979.s003,1,0,1,DynamicallySwitchable 3D Shape-Morphing and Rotationfrom Liquid Crystal Elastomer Actuators,2025,Figshare,10.1021/acsami.5c08979.s003,https://doi.org/10.1021/acsami.5c08979.s003,low_relevance:1
openalex_only,OpenAlex,doi:10.1021/acsami.5c08979.s002,1,0,1,DynamicallySwitchable 3D Shape-Morphing and Rotationfrom Liquid Crystal Elastomer Actuators,2025,Figshare,10.1021/acsami.5c08979.s002,https://doi.org/10.1021/acsami.5c08979.s002,low_relevance:1
openalex_only,OpenAlex,doi:10.1021/acsami.5c09353.s004,1,1,0,High-Strength andFast-Response Liquid Crystal ElastomerFiber and Fabric Actuators,2025,Figshare,10.1021/acsami.5c09353.s004,https://doi.org/10.1021/acsami.5c09353.s004,
openalex_only,OpenAlex,doi:10.1021/acsami.5c09353.s001,1,0,1,High-Strength andFast-Response Liquid Crystal ElastomerFiber and Fabric Actuators,2025,Figshare,10.1021/acsami.5c09353.s001,https://doi.org/10.1021/acsami.5c09353.s001,duplicate_title:1
openalex_only,OpenAlex,doi:10.1021/acsami.5c09353.s007,1,0,1,High-Strength andFast-Response Liquid Crystal ElastomerFiber and Fabric Actuators,2025,Figshare,10.1021/acsami.5c09353.s007,https://doi.org/10.1021/acsami.5c09353.s007,duplicate_title:1
openalex_only,OpenAlex,doi:10.1021/acsami.5c09353.s006,1,0,1,High-Strength andFast-Response Liquid Crystal ElastomerFiber and Fabric Actuators,2025,Figshare,10.1021/acsami.5c09353.s006,https://doi.org/10.1021/acsami.5c09353.s006,duplicate_title:1
openalex_only,OpenAlex,doi:10.1021/acsami.5c09353.s005,1,0,1,High-Strength andFast-Response Liquid Crystal ElastomerFiber and Fabric Actuators,2025,Figshare,10.1021/acsami.5c09353.s005,https://doi.org/10.1021/acsami.5c09353.s005,duplicate_title:1
openalex_only,OpenAlex,doi:10.1021/acsami.5c09353.s002,1,0,1,High-Strength andFast-Response Liquid Crystal ElastomerFiber and Fabric Actuators,2025,Figshare,10.1021/acsami.5c09353.s002,https://doi.org/10.1021/acsami.5c09353.s002,duplicate_title:1
openalex_only,OpenAlex,doi:10.1021/acsami.5c09353.s003,1,0,1,High-Strength andFast-Response Liquid Crystal ElastomerFiber and Fabric Actuators,2025,Figshare,10.1021/acsami.5c09353.s003,https://doi.org/10.1021/acsami.5c09353.s003,duplicate_title:1
openalex_only,OpenAlex,doi:10.1021/acsami.5c09353.s009,1,0,1,High-Strength andFast-Response Liquid Crystal ElastomerFiber and Fabric Actuators,2025,Figshare,10.1021/acsami.5c09353.s009,https://doi.org/10.1021/acsami.5c09353.s009,duplicate_title:1
openalex_only,OpenAlex,doi:10.1021/acsami.5c09353.s008,1,0,1,High-Strength andFast-Response Liquid Crystal ElastomerFiber and Fabric Actuators,2025,Figshare,10.1021/acsami.5c09353.s008,https://doi.org/10.1021/acsami.5c09353.s008,duplicate_title:1
openalex_only,OpenAlex,doi:10.48550/arxiv.2512.06209,1,1,0,Lensless and Lossless HoloVAM,2025,Figshare,10.48550/arxiv.2512.06209,https://doi.org/10.48550/arxiv.2512.06209,
openalex_only,OpenAlex,doi:10.6084/m9.figshare.32560697.v1,1,0,1,Sharp dual-regime thermal transition driven by bead morphology in metal fused filament fabrication: bead-resolved digital twin analysis,2026,Figshare,10.6084/m9.figshare.32560697.v1,https://doi.org/10.6084/m9.figshare.32560697.v1,low_relevance:1
openalex_only,OpenAlex,doi:10.6084/m9.figshare.32560697,1,0,1,Sharp dual-regime thermal transition driven by bead morphology in metal fused filament fabrication: bead-resolved digital twin analysis,2026,Figshare,10.6084/m9.figshare.32560697,https://doi.org/10.6084/m9.figshare.32560697,low_relevance:1
openalex_only,OpenAlex,doi:10.58014/aubh.32615007.v1,1,0,1,Smart manufacturing: MLOps-enabled event-driven architecture for enhanced control in steel production,2026,Figshare,10.58014/aubh.32615007.v1,https://doi.org/10.58014/aubh.32615007.v1,low_relevance:1
openalex_only,OpenAlex,doi:10.3390/fintech5020042,1,0,1,Blockchain-Secured Digital Twin Framework for Fuzzy Multi-Objective Optimization in Supply Chain Finance,2026,FinTech,10.3390/fintech5020042,https://doi.org/10.3390/fintech5020042,low_relevance:1
openalex_only,OpenAlex,doi:10.1016/j.foodres.2026.118859,1,1,0,4D-printing of dough: Shape shifting mechanism of baked dough filaments,2026,Food Research International,10.1016/j.foodres.2026.118859,https://doi.org/10.1016/j.foodres.2026.118859,
openalex_only,OpenAlex,doi:10.3221/igf-esis.76.03,1,1,0,Experimental calibration of a virtual raster section for high-accuracy FDM simulation in Abaqus,2026,Frattura ed Integrità Strutturale,10.3221/igf-esis.76.03,https://doi.org/10.3221/igf-esis.76.03,
openalex_only,OpenAlex,doi:10.6094/unifr/283834,1,1,0,Development of novel materials and fabrication methods for surfaces with wettability patterns,2026,FreiDok plus (Universitätsbibliothek Freiburg),10.6094/unifr/283834,https://doi.org/10.6094/unifr/283834,
openalex_only,OpenAlex,doi:10.3389/frai.2026.1751785,1,0,1,Hybrid physics-informed artificial intelligence for high-fidelity modeling and optimization of electrical systems,2026,Frontiers in Artificial Intelligence,10.3389/frai.2026.1751785,https://doi.org/10.3389/frai.2026.1751785,low_relevance:1
openalex_only,OpenAlex,doi:10.3389/fbioe.2023.1327441,1,1,0,"Advancements in materials, manufacturing, propulsion and localization: propelling soft robotics for medical applications",2024,Frontiers in Bioengineering and Biotechnology,10.3389/fbioe.2023.1327441,https://doi.org/10.3389/fbioe.2023.1327441,
openalex_only,OpenAlex,doi:10.3389/fbioe.2024.1464129,1,1,0,Vat photopolymerization of multifunctional fresnel lenses for ocular management,2024,Frontiers in Bioengineering and Biotechnology,10.3389/fbioe.2024.1464129,https://doi.org/10.3389/fbioe.2024.1464129,
openalex_only,OpenAlex,doi:10.3389/fbioe.2025.1590021,1,1,0,Current clinical and translational challenges in temporomandibular joint reconstruction,2025,Frontiers in Bioengineering and Biotechnology,10.3389/fbioe.2025.1590021,https://doi.org/10.3389/fbioe.2025.1590021,
openalex_only,OpenAlex,doi:10.3389/fbioe.2026.1677364,1,1,0,Advancing in vitro vascular wall modelling using digital light processing to study hyperglycemia-driven cell changes,2026,Frontiers in Bioengineering and Biotechnology,10.3389/fbioe.2026.1677364,https://doi.org/10.3389/fbioe.2026.1677364,
openalex_only,OpenAlex,doi:10.3389/fbioe.2026.1765936,1,0,1,Artificial intelligence and robotic technologies redefining precision and personalization in orthopedic surgery: a narrative review,2026,Frontiers in Bioengineering and Biotechnology,10.3389/fbioe.2026.1765936,https://doi.org/10.3389/fbioe.2026.1765936,low_relevance:1
openalex_only,OpenAlex,doi:10.3389/fbioe.2026.1825326,1,0,1,Bifunctional scaffolds: strategic bridges coordinating osteosarcoma therapy and bone regeneration,2026,Frontiers in Bioengineering and Biotechnology,10.3389/fbioe.2026.1825326,https://doi.org/10.3389/fbioe.2026.1825326,low_relevance:1
openalex_only,OpenAlex,doi:10.3389/fbioe.2026.1691953,1,1,0,Integrated strategies in meniscus tissue engineering: from biomaterials to stem cell–driven regeneration,2026,Frontiers in Bioengineering and Biotechnology,10.3389/fbioe.2026.1691953,https://doi.org/10.3389/fbioe.2026.1691953,
openalex_only,OpenAlex,doi:10.3389/fbioe.2026.1792573,1,0,1,"Smart exoskeleton-assisted rehabilitation after fracture surgery: closed-loop control, personalized load management, and integrated telemonitoring",2026,Frontiers in Bioengineering and Biotechnology,10.3389/fbioe.2026.1792573,https://doi.org/10.3389/fbioe.2026.1792573,low_relevance:1
openalex_only,OpenAlex,doi:10.3389/fbioe.2026.1698245,1,0,1,The application of tissue engineering in cartilage regeneration: technological advances and future challenges,2026,Frontiers in Bioengineering and Biotechnology,10.3389/fbioe.2026.1698245,https://doi.org/10.3389/fbioe.2026.1698245,low_relevance:1
openalex_only,OpenAlex,doi:10.3389/fcomp.2025.1652190,1,0,1,Explainable AI framework for psilocybin depression treatment optimization,2026,Frontiers in Computer Science,10.3389/fcomp.2025.1652190,https://doi.org/10.3389/fcomp.2025.1652190,low_relevance:1
openalex_only,OpenAlex,doi:10.3389/fdgth.2026.1753906,1,0,1,Multi-scale digital twins for personalized medicine,2026,Frontiers in Digital Health,10.3389/fdgth.2026.1753906,https://doi.org/10.3389/fdgth.2026.1753906,low_relevance:1
openalex_only,OpenAlex,doi:10.3389/fddev.2026.1753384,1,1,0,Advancing transdermal drug delivery through 4D bioprinting and dynamic skin modelling,2026,Frontiers in Drug Delivery,10.3389/fddev.2026.1753384,https://doi.org/10.3389/fddev.2026.1753384,
openalex_only,OpenAlex,doi:10.63313/fe.9009,1,0,1,Analysis of Fault Diagnosis and Safety Protection Technologies for New Energy Vehicle Battery Systems,2026,Frontiers in Engineering,10.63313/fe.9009,https://doi.org/10.63313/fe.9009,low_relevance:1
openalex_only,OpenAlex,doi:10.3389/fmats.2026.1849375,1,1,0,Bridging processing and performance in Ti–6Al–4V: WAAM parameters and wear behavior across traditional and additive manufacturing routes,2026,Frontiers in Materials,10.3389/fmats.2026.1849375,https://doi.org/10.3389/fmats.2026.1849375,
openalex_only,OpenAlex,doi:10.3389/fmech.2025.1696957,1,1,0,A systematic review of thermodynamic modeling and machine learning integration for optimizing plate heat exchanger performance in Uganda’s brewing industry,2025,Frontiers in Mechanical Engineering,10.3389/fmech.2025.1696957,https://doi.org/10.3389/fmech.2025.1696957,
openalex_only,OpenAlex,doi:10.3389/fmech.2026.1842880,1,0,1,A review of intelligent chassis structure design for electric vehicles with centralized drive configurations,2026,Frontiers in Mechanical Engineering,10.3389/fmech.2026.1842880,https://doi.org/10.3389/fmech.2026.1842880,low_relevance:1
openalex_only,OpenAlex,doi:10.3389/fmech.2026.1850568,1,1,0,"A review on condition monitoring and control of industrial drilling systems: fault detection, fuzzy control, and human-induced faults",2026,Frontiers in Mechanical Engineering,10.3389/fmech.2026.1850568,https://doi.org/10.3389/fmech.2026.1850568,
openalex_only,OpenAlex,doi:10.3389/fmech.2026.1854257,1,1,0,Development of a hybrid reinforcement learning (hybrid-RL) system for manufacturing resilience,2026,Frontiers in Mechanical Engineering,10.3389/fmech.2026.1854257,https://doi.org/10.3389/fmech.2026.1854257,
openalex_only,OpenAlex,doi:10.3389/fmech.2026.1774757,1,0,1,"Intelligent composite 3D printing: the role of artificial intelligence, machine learning, and in-situ monitoring in next-generation additive manufacturing",2026,Frontiers in Mechanical Engineering,10.3389/fmech.2026.1774757,https://doi.org/10.3389/fmech.2026.1774757,low_relevance:1
openalex_only,OpenAlex,doi:10.3389/fmech.2026.1808820,1,0,1,Optimizing assembly line productivity in passenger car manufacturing: a comprehensive review with evidence from the Pune automotive region,2026,Frontiers in Mechanical Engineering,10.3389/fmech.2026.1808820,https://doi.org/10.3389/fmech.2026.1808820,low_relevance:1
openalex_only,OpenAlex,doi:10.3389/fmech.2026.1783396,1,0,1,Target product grabbing of factory robotic arm based on digital twin technology,2026,Frontiers in Mechanical Engineering,10.3389/fmech.2026.1783396,https://doi.org/10.3389/fmech.2026.1783396,low_relevance:1
openalex_only,OpenAlex,doi:10.3389/fphar.2026.1681040,1,1,0,AI-driven pilot platforms and computational pharmaceutics: accelerating innovation in small molecule drug development under industry 4.0 and 5.0 paradigms,2026,Frontiers in Pharmacology,10.3389/fphar.2026.1681040,https://doi.org/10.3389/fphar.2026.1681040,
openalex_only,OpenAlex,doi:10.3389/frsgr.2026.1805035,1,0,1,A systematic literature review on the use of digital twin technology in electrical engineering research and applications,2026,Frontiers in Smart Grids,10.3389/frsgr.2026.1805035,https://doi.org/10.3389/frsgr.2026.1805035,low_relevance:1
openalex_only,OpenAlex,doi:10.3389/frsc.2026.1837026,1,0,1,"Digital twins for sustainable urban energy systems: a systematic review of market mechanisms, flexibility, and coordination at the district scale",2026,Frontiers in Sustainable Cities,10.3389/frsc.2026.1837026,https://doi.org/10.3389/frsc.2026.1837026,low_relevance:1
openalex_only,OpenAlex,doi:10.3389/fsysb.2026.1776941,1,0,1,Multilayer network approaches to omics data integration in digital twins for cancer research,2026,Frontiers in Systems Biology,10.3389/fsysb.2026.1776941,https://doi.org/10.3389/fsysb.2026.1776941,low_relevance:1
openalex_only,OpenAlex,doi:10.66883/fejpr.v1.i1.000006,1,1,0,Advancements in Non-Conventional Manufacturing: Process Optimization and Applications,2025,Future Edge Journal of Progressive Research,10.66883/fejpr.v1.i1.000006,https://doi.org/10.66883/fejpr.v1.i1.000006,
openalex_only,OpenAlex,doi:10.3390/fi18010023,1,0,1,A Physics-Aware Latent Diffusion Framework for Mitigating Adversarial Perturbations in Manufacturing Quality Control,2026,Future Internet,10.3390/fi18010023,https://doi.org/10.3390/fi18010023,low_relevance:1
openalex_only,OpenAlex,doi:10.1186/s43094-025-00866-8,1,0,1,"Recent advances in 3D and 4D printing in pharmaceutical technology: applications, challenges, and future perspectives",2025,Future Journal of Pharmaceutical Sciences,10.1186/s43094-025-00866-8,https://doi.org/10.1186/s43094-025-00866-8,low_relevance:1
openalex_only,OpenAlex,doi:10.30855/gmbd.070525a02,1,1,0,2-D Geometric Accuracy Investigation of Vat-Photopolymerisation Printed Yttrium Stabilised Zirconia Ceramics,2025,Gazi Journal of Engineering Sciences,10.30855/gmbd.070525a02,https://doi.org/10.30855/gmbd.070525a02,
openalex_only,OpenAlex,doi:10.3390/gels11120981,1,0,1,Artificial Intelligence Informed Hydrogel Biomaterials in Additive Manufacturing,2025,Gels,10.3390/gels11120981,https://doi.org/10.3390/gels11120981,low_relevance:1
openalex_only,OpenAlex,doi:10.3390/gels12060483,1,0,1,Digital Twin-Driven Optimization of Pilot-Scale Polyurethane Aerogel Production Using SVR Modelling,2026,Gels,10.3390/gels12060483,https://doi.org/10.3390/gels12060483,low_relevance:1
openalex_only,OpenAlex,doi:10.3390/gels12040289,1,1,0,"Gel-Based 3D Food Printing for Dysphagia Management: Advances in Personalized Nutrition, Texture Control, and Clinical Translation",2026,Gels,10.3390/gels12040289,https://doi.org/10.3390/gels12040289,
openalex_only,OpenAlex,doi:10.3390/gels12040332,1,0,1,"Recent Advances in Carbon Quantum Dot-Enhanced Stimuli-Sensitive Hydrogels: Synthesis, Properties, and Applications",2026,Gels,10.3390/gels12040332,https://doi.org/10.3390/gels12040332,low_relevance:1
openalex_only,OpenAlex,doi:10.3390/gels12010049,1,0,1,Ultra-Short Peptide Hydrogels as 3D Bioprinting Materials,2026,Gels,10.3390/gels12010049,https://doi.org/10.3390/gels12010049,low_relevance:1
openalex_only,OpenAlex,doi:10.3390/gels12050393,1,1,0,Vat Photopolymerization-Fabricated Theranostic Hydrogels for Smart Wound Management,2026,Gels,10.3390/gels12050393,https://doi.org/10.3390/gels12050393,
openalex_only,OpenAlex,doi:10.65150/ep-gjetr/v2e3/2026-03,1,0,1,Predictive Safety Analytics Model for Early Detection of High-Risk Construction Activities,2026,Global Journal of Engineering and Technology Research,10.65150/ep-gjetr/v2e3/2026-03,https://doi.org/10.65150/ep-gjetr/v2e3/2026-03,low_relevance:1
openalex_only,OpenAlex,doi:10.3724/jfmd.2602028,1,1,0,Research progress on superelastic materials,2026,Gongneng cailiao yu qijian xuebao,10.3724/jfmd.2602028,https://doi.org/10.3724/jfmd.2602028,
openalex_only,OpenAlex,doi:10.65582/gti.2026.008,1,0,1,"From Optimization to Stability Preservation: A Self-Healing, Action-Bearing Digital Twin for Climate-Stressed Building Energy Systems",2026,Green Technology & Innovation,10.65582/gti.2026.008,https://doi.org/10.65582/gti.2026.008,low_relevance:1
openalex_only,OpenAlex,doi:10.12677/hjbm.2025.153057,1,0,1,Research Progress of Shape Memory Polymers in Biomedical Applications,2025,Hans Journal of Biomedicine,10.12677/hjbm.2025.153057,https://doi.org/10.12677/hjbm.2025.153057,low_relevance:1
openalex_only,OpenAlex,doi:10.1016/j.heliyon.2024.e37051,1,1,0,A virtual visualization method for improving the manufacturing accuracy based VPP 3D printers,2024,Heliyon,10.1016/j.heliyon.2024.e37051,https://doi.org/10.1016/j.heliyon.2024.e37051,
openalex_only,OpenAlex,doi:10.3390/heritage9050186,1,0,1,Bridging “Nature” and “Spirit”: The CRMhs Ontology for the Integration of Heritage Science and Cultural Heritage Data,2026,Heritage,10.3390/heritage9050186,https://doi.org/10.3390/heritage9050186,low_relevance:1
openalex_only,OpenAlex,doi:10.3390/heritage9030123,1,0,1,Heritage 4.0: How Applied 3D Technologies and Digital Twins Are Redefining Cultural Preservation Beyond Replication,2026,Heritage,10.3390/heritage9030123,https://doi.org/10.3390/heritage9030123,low_relevance:1
openalex_only,OpenAlex,doi:10.63371/ic.v5.n2.a1204,1,0,1,Tendencias Transdisciplinarias de Integración de Tecnologías Digitales: Gemelos Digitales y Manufactura Aditiva,2026,Ibero Ciencias - Revista Científica y Académica - ISSN 3072-7197,10.63371/ic.v5.n2.a1204,https://doi.org/10.63371/ic.v5.n2.a1204,low_relevance:1
openalex_only,OpenAlex,doi:10.64388/irev9i12-1718608,1,0,1,4D BIM-Based Master Scheduling for Giga-Projects: Improving Schedule Reliability and Stakeholder Alignment,2026,Iconic Research and Engineering Journals,10.64388/irev9i12-1718608,https://doi.org/10.64388/irev9i12-1718608,low_relevance:1
openalex_only,OpenAlex,doi:10.64388/irev9i10-1716928,1,0,1,A Review on Quality Control and Inspection Strategies in Aerospace Industry,2026,Iconic Research and Engineering Journals,10.64388/irev9i10-1716928,https://doi.org/10.64388/irev9i10-1716928,low_relevance:1
openalex_only,OpenAlex,doi:10.4108/eetss.10667,1,1,0,Enhancing Information Security in Industry 5.0: A Human-Centric LL-ISMS Framework to Bridge PDCA Gaps&lt;b&gt;&lt;/b&gt;,2026,ICST Transactions on Security and Safety,10.4108/eetss.10667,https://doi.org/10.4108/eetss.10667,
openalex_only,OpenAlex,doi:10.1109/lra.2026.3662618,1,1,0,FORTE: Tactile Force and Slip Sensing on Compliant Fingers for Delicate Manipulation,2026,IEEE Robotics and Automation Letters,10.1109/lra.2026.3662618,https://doi.org/10.1109/lra.2026.3662618,
openalex_only,OpenAlex,doi:10.1109/jsen.2024.3471812,1,1,0,TacPalm: A Soft Gripper With a Biomimetic Optical Tactile Palm for Stable Precise Grasping,2024,IEEE Sensors Journal,10.1109/jsen.2024.3471812,https://doi.org/10.1109/jsen.2024.3471812,
openalex_only,OpenAlex,doi:10.1049/icp.2025.3680,1,1,0,Low-cost online dimensional quality monitoring in 3D Printing using standardised cyber-physical production architecture,2025,IET conference proceedings.,10.1049/icp.2025.3680,https://doi.org/10.1049/icp.2025.3680,
openalex_only,OpenAlex,doi:10.1049/csy2.70001,1,1,0,3D‐printed biomimetic and bioinspired soft actuators,2024,IET Cyber-Systems and Robotics,10.1049/csy2.70001,https://doi.org/10.1049/csy2.70001,
openalex_only,OpenAlex,doi:10.1007/978-3-032-03515-8_35,1,1,0,Extending ISO 23247: A Production Logistics Information Model for Integrated Digital Twins,2025,IFIP advances in information and communication technology,10.1007/978-3-032-03515-8_35,https://doi.org/10.1007/978-3-032-03515-8_35,
openalex_only,OpenAlex,doi:10.24294/irr026130001,1,0,1,"Scheduling and realizing image-assisted robotic processes fusing adapted, minimally invasive, harmless and truthful therapies",2026,Imaging and Radiation Research,10.24294/irr026130001,https://doi.org/10.24294/irr026130001,low_relevance:1
openalex_only,OpenAlex,doi:10.56042/ijct.v32i1.12274,1,1,0,Hydrogel-based bio-inks: Current progress and future directions in 3D printing,2025,Indian Journal of Chemical Technology,10.56042/ijct.v32i1.12274,https://doi.org/10.56042/ijct.v32i1.12274,
openalex_only,OpenAlex,doi:10.17485/ijst/v18i48.183,1,0,1,Comparative Study of Cartesian and Polar 3D Printer Architectures by Mathematical Modelling,2025,Indian Journal of Science and Technology,10.17485/ijst/v18i48.183,https://doi.org/10.17485/ijst/v18i48.183,low_relevance:1
openalex_only,OpenAlex,doi:10.5772/intechopen.1008537,1,1,0,"High-k, Low-Loss Ceramic-Thermoplastic Composite Feedstock Filaments for Fused Deposition Modeling of Microwave and mm-Wave Devices",2025,Industrial engineering and management.,10.5772/intechopen.1008537,https://doi.org/10.5772/intechopen.1008537,
openalex_only,OpenAlex,doi:10.3390/industries1010002,1,0,1,Physics-Informed Machine Learning for Property Prediction and Process Optimization in Additively Manufactured Filled Polymer Composites: A Bayesian Optimization Approach,2026,Industries,10.3390/industries1010002,https://doi.org/10.3390/industries1010002,low_relevance:1
openalex_only,OpenAlex,doi:10.1002/inm3.70009,1,1,0,Beyond a Conduit: The Evolution of Functional Biliary Stents From Active Intervention to Enabling Platforms,2025,iNew Medicine,10.1002/inm3.70009,https://doi.org/10.1002/inm3.70009,
openalex_only,OpenAlex,doi:10.31449/inf.v49i14.11235,1,1,0,"A Modular Deep Learning Pipeline (CNN+U-Net+GAN) for Color-Accurate, Cross-Material Digital Textile Printing with Transfer-Learning-Based Material Adaptation",2025,Informatica,10.31449/inf.v49i14.11235,https://doi.org/10.31449/inf.v49i14.11235,
openalex_only,OpenAlex,doi:10.3390/info17020196,1,1,0,A Digital Twin Architecture for Integrating Lean Manufacturing with Industrial IoT and Predictive Analytics,2026,Information,10.3390/info17020196,https://doi.org/10.3390/info17020196,
openalex_only,OpenAlex,doi:10.3390/info17020153,1,0,1,"Cloud, Edge, and Digital Twin Architectures for Condition Monitoring of Computer Numerical Control Machine Tools: A Systematic Review",2026,Information,10.3390/info17020153,https://doi.org/10.3390/info17020153,low_relevance:1
openalex_only,OpenAlex,doi:10.5075/epfl-thesis-11063,1,1,0,3D printing assisted by upconversion nanoparticles,2026,Infoscience (Ecole Polytechnique Fédérale de Lausanne),10.5075/epfl-thesis-11063,https://doi.org/10.5075/epfl-thesis-11063,
openalex_only,OpenAlex,doi:10.3390/infrastructures11030087,1,0,1,"Digitalised Predictive Maintenance in Railways: A Systematic Review of AI, BIM, and Digital Twins",2026,Infrastructures,10.3390/infrastructures11030087,https://doi.org/10.3390/infrastructures11030087,low_relevance:1
openalex_only,OpenAlex,doi:10.35633/inmateh-77-88,1,1,0,RESEARCH PROGRESS AND CHALLENGES OF DIGITAL TWIN TECHNOLOGY IN THE FIELD OF AGRICULTURAL MACHINERY TOOL WEAR,2025,INMATEH Agricultural Engineering,10.35633/inmateh-77-88,https://doi.org/10.35633/inmateh-77-88,
openalex_only,OpenAlex,doi:10.63385/ipt.v2i3.502,1,0,1,Foundations for Post-Disciplinary and Transdisciplinary Education for Next-Generation Cyber-Physical Systems,2026,Innovations in Pedagogy and Technology,10.63385/ipt.v2i3.502,https://doi.org/10.63385/ipt.v2i3.502,low_relevance:1
openalex_only,OpenAlex,doi:10.46361/2449-2604.13.1.2026.60-72,1,0,1,Transformation of International Marketing of Companies in the Context of Sustainable Development and Economic Digitalization,2026,Innovative economics and management,10.46361/2449-2604.13.1.2026.60-72,https://doi.org/10.46361/2449-2604.13.1.2026.60-72,low_relevance:1
openalex_only,OpenAlex,doi:10.48505/nims.6295,1,0,1,"Polymeric soft materials with molecular recognition: From static binding to dynamic functions in gels, particles, and interfaces",2026,Institutional Repositories DataBase (IRDB),10.48505/nims.6295,https://doi.org/10.48505/nims.6295,low_relevance:1
openalex_only,OpenAlex,doi:10.5772/intechopen.1015227,1,1,0,AI – Mixed Reality Framework for the Enhancement of Human–Robot Interaction,2026,IntechOpen eBooks,10.5772/intechopen.1015227,https://doi.org/10.5772/intechopen.1015227,
openalex_only,OpenAlex,doi:10.5772/intechopen.1014934,1,0,1,Development of a Fast-Solving Machine Learning Surrogate Model for a Pharmaceutical Manufacturing Digital Twin,2026,IntechOpen eBooks,10.5772/intechopen.1014934,https://doi.org/10.5772/intechopen.1014934,low_relevance:1
openalex_only,OpenAlex,doi:10.5772/intechopen.1015304,1,0,1,Digital Twin-Based Self-Adaptation: Value-at-Risk and Learning-to-Synchronize,2026,IntechOpen eBooks,10.5772/intechopen.1015304,https://doi.org/10.5772/intechopen.1015304,low_relevance:1
openalex_only,OpenAlex,doi:10.5772/intechopen.1015442,1,0,1,"Enhancing Medical Equipment Management with EMR/EHR Connectivity: Streamlining Maintenance, Inventory and Compliance through Digital Integration",2026,IntechOpen eBooks,10.5772/intechopen.1015442,https://doi.org/10.5772/intechopen.1015442,low_relevance:1
openalex_only,OpenAlex,doi:10.5772/intechopen.1015854,1,1,0,Predictive Maintenance – An Overview,2026,IntechOpen eBooks,10.5772/intechopen.1015854,https://doi.org/10.5772/intechopen.1015854,
openalex_only,OpenAlex,doi:10.5772/intechopen.1016043,1,0,1,Smart Supply Chains as Digital Value-Creation Networks,2026,IntechOpen eBooks,10.5772/intechopen.1016043,https://doi.org/10.5772/intechopen.1016043,low_relevance:1
openalex_only,OpenAlex,doi:10.55041/ijsrem51297,1,1,0,Development of Multi-Material Composite Structures Using PolyJet Additive Manufacturing,2025,INTERANTIONAL JOURNAL OF SCIENTIFIC RESEARCH IN ENGINEERING AND MANAGEMENT,10.55041/ijsrem51297,https://doi.org/10.55041/ijsrem51297,
openalex_only,OpenAlex,doi:10.36948/ijfmr.2025.v07i06.63507,1,1,0,A Comprehensive Review on Fatigue Life Prediction Approaches for Additively Manufactured Components,2025,International Journal For Multidisciplinary Research,10.36948/ijfmr.2025.v07i06.63507,https://doi.org/10.36948/ijfmr.2025.v07i06.63507,
openalex_only,OpenAlex,doi:10.36948/ijfmr.2026.v08i03.81457,1,1,0,Concrete for Extraterrestrial Construction – Ideal for 3D Printing in Space,2026,International Journal For Multidisciplinary Research,10.36948/ijfmr.2026.v08i03.81457,https://doi.org/10.36948/ijfmr.2026.v08i03.81457,
openalex_only,OpenAlex,doi:10.36948/ijfmr.2026.v08i03.79527,1,0,1,Consumer Industry Transformation,2026,International Journal For Multidisciplinary Research,10.36948/ijfmr.2026.v08i03.79527,https://doi.org/10.36948/ijfmr.2026.v08i03.79527,low_relevance:1
openalex_only,OpenAlex,doi:10.36948/ijfmr.2026.v08i03.78633,1,0,1,Viksit Bharat @2047: A Competency Framework for Future-Ready Civil Engineers,2026,International Journal For Multidisciplinary Research,10.36948/ijfmr.2026.v08i03.78633,https://doi.org/10.36948/ijfmr.2026.v08i03.78633,low_relevance:1
openalex_only,OpenAlex,doi:10.22214/ijraset.2025.73890,1,1,0,Why CAD/CAM Software Is Essential in Industrial 3D Printing and Additive Manufacturing,2025,International Journal for Research in Applied Science and Engineering Technology,10.22214/ijraset.2025.73890,https://doi.org/10.22214/ijraset.2025.73890,
openalex_only,OpenAlex,doi:10.22214/ijraset.2026.83303,1,1,0,A Review on Mechanical and Process Characteristics of PETG and ASA Materials in FDM 3D Printing,2026,International Journal for Research in Applied Science and Engineering Technology,10.22214/ijraset.2026.83303,https://doi.org/10.22214/ijraset.2026.83303,
openalex_only,OpenAlex,doi:10.22214/ijraset.2026.77700,1,1,0,"Robotics Arm based 3D Food Printing: Design, Challenges, and Feasibility for Culinary Automation",2026,International Journal for Research in Applied Science and Engineering Technology,10.22214/ijraset.2026.77700,https://doi.org/10.22214/ijraset.2026.77700,
openalex_only,OpenAlex,doi:10.62311/nesx/rp4-30032026,1,0,1,"Artificial Intelligence for Autonomous Manufacturing, Predictive Maintenance and Real-Time Quality Assurance",2026,International Journal of Academic and Industrial Research Innovations(IJAIRI),10.62311/nesx/rp4-30032026,https://doi.org/10.62311/nesx/rp4-30032026,low_relevance:1
openalex_only,OpenAlex,doi:10.14569/ijacsa.2024.0151001,1,0,1,Development of an AI Based Failure Predictor Model to Reduce Filament Waste for a Sustainable 3D Printing Process,2024,International Journal of Advanced Computer Science and Applications,10.14569/ijacsa.2024.0151001,https://doi.org/10.14569/ijacsa.2024.0151001,low_relevance:1
openalex_only,OpenAlex,doi:10.48175/ijarsct-25026,1,1,0,Additive Manufacturing (3D Printing) in Smart Factories,2025,International Journal of Advanced Research in Science Communication and Technology,10.48175/ijarsct-25026,https://doi.org/10.48175/ijarsct-25026,
openalex_only,OpenAlex,doi:10.48175/ijarsct-36253,1,0,1,"Smart Technologies for Smart Futures: A Study Across Business, Science and Society",2026,International Journal of Advanced Research in Science Communication and Technology,10.48175/ijarsct-36253,https://doi.org/10.48175/ijarsct-36253,low_relevance:1
openalex_only,OpenAlex,doi:10.36922/ijamd025340030,1,0,1,"Hybrid multimodal artificial intelligence, vision sensory, and robotic cyber-physical systems for plastic inspection and sorting in digital circular remanufacturing: A review",2026,International Journal of AI for Materials and Design,10.36922/ijamd025340030,https://doi.org/10.36922/ijamd025340030,low_relevance:1
openalex_only,OpenAlex,doi:10.70388/ijabs250172,1,1,0,"Polymers in the 21st Century: Design, Functionality and Performance",2026,International Journal of Applied and Behavioral Sciences,10.70388/ijabs250172,https://doi.org/10.70388/ijabs250172,
openalex_only,OpenAlex,doi:10.4018/ijaibm.410302,1,0,1,Artificial Intelligence and Machine Learning Framework for Smart Manufacturing Optimization,2026,International Journal of Artificial Intelligence,10.4018/ijaibm.410302,https://doi.org/10.4018/ijaibm.410302,low_relevance:1
openalex_only,OpenAlex,doi:10.54878/55595k59,1,0,1,"Systems Modelling Language-Driven Digital Twins - Applications, Challenges and Sustainability: A Comprehensive Review",2026,International Journal of Automation and Digital Transformation,10.54878/55595k59,https://doi.org/10.54878/55595k59,low_relevance:1
openalex_only,OpenAlex,doi:10.30939/ijastech..1676422,1,1,0,Optimizing Large-Scale Data Processing in Smart Manufacturing: A Benchmarking Study on Automotive Industry Data,2026,International Journal of Automotive Science And Technology,10.30939/ijastech..1676422,https://doi.org/10.30939/ijastech..1676422,
openalex_only,OpenAlex,doi:10.36922/ijb026180162,1,1,0,3D-bioprinted tumor organoids enable programmable tumor microenvironment reconstruction for precision oncology,2026,International Journal of Bioprinting,10.36922/ijb026180162,https://doi.org/10.36922/ijb026180162,
openalex_only,OpenAlex,doi:10.36922/ijb025500517,1,1,0,New frontiers in bioengineering: A perspective on the open challenges in bioprinting,2026,International Journal of Bioprinting,10.36922/ijb025500517,https://doi.org/10.36922/ijb025500517,
openalex_only,OpenAlex,doi:10.36922/ijb026160142,1,1,0,"Three-dimensionally printed elastomeric materials: Matrix innovation, functional expansion, and advances in multifield applications",2026,International Journal of Bioprinting,10.36922/ijb026160142,https://doi.org/10.36922/ijb026160142,
openalex_only,OpenAlex,doi:10.1007/s40789-026-00866-w,1,0,1,Evolution of visualisation and digital twin technologies in mining,2026,International Journal of Coal Science & Technology,10.1007/s40789-026-00866-w,https://doi.org/10.1007/s40789-026-00866-w,low_relevance:1
openalex_only,OpenAlex,doi:10.5120/ijcafd4b2cbcdd0d,1,0,1,Adaptive SKU Allocation in Mattress Manufacturing via Multi-Agent Reinforcement Learning under Dynamic Loading Conditions,2026,International Journal of Computer Applications,10.5120/ijcafd4b2cbcdd0d,https://doi.org/10.5120/ijcafd4b2cbcdd0d,low_relevance:1
openalex_only,OpenAlex,doi:10.1007/s11548-026-03644-w,1,0,1,TwinOR: photorealistic digital twins of dynamic operating rooms for embodied AI research,2026,International Journal of Computer Assisted Radiology and Surgery,10.1007/s11548-026-03644-w,https://doi.org/10.1007/s11548-026-03644-w,low_relevance:1
openalex_only,OpenAlex,doi:10.22362/ijcert/2026/v13/i3/v13i303,1,0,1,Next-Generation ECE Hardware Framework for IoT Using Generative AI and Edge Intelligence for Real-Time Smart Applications,2026,International Journal of Computer Engineering in Research Trends,10.22362/ijcert/2026/v13/i3/v13i303,https://doi.org/10.22362/ijcert/2026/v13/i3/v13i303,low_relevance:1
openalex_only,OpenAlex,doi:10.64751/ijdim.v5i2.911,1,0,1,An Adaptive Probabilistic and Sparse Learning Paradigm for High Dimensional Fault Diagnosis in Industrial Cyber-Physical Systems,2026,International Journal of Data Science and IoT Management System,10.64751/ijdim.v5i2.911,https://doi.org/10.64751/ijdim.v5i2.911,low_relevance:1
openalex_only,OpenAlex,doi:10.25258/ijddt.16.42s.95,1,0,1,4D Printing in Regenerative Medicine and Smart Wound Healing: StimuliResponsive Materials for Next-Generation Biomedical Devices,2026,International Journal of Drug Delivery Technology,10.25258/ijddt.16.42s.95,https://doi.org/10.25258/ijddt.16.42s.95,low_relevance:1
openalex_only,OpenAlex,doi:10.25258/ijddt.16.45s.136,1,1,0,Pharmaceutical Industry 4.0: A Review of Advance Technology Shaping Drug Development and Manufacturing,2026,International Journal of Drug Delivery Technology,10.25258/ijddt.16.45s.136,https://doi.org/10.25258/ijddt.16.45s.136,
openalex_only,OpenAlex,doi:10.25258/ijddt.16.56s.121,1,0,1,"Semiconductor Optimization: A Comprehensive Study of Automation, Fabrication Process Control, Defect Detection, Enhancement, and Sustainable Smart Manufacturing",2026,International Journal of Drug Delivery Technology,10.25258/ijddt.16.56s.121,https://doi.org/10.25258/ijddt.16.56s.121,low_relevance:1
openalex_only,OpenAlex,doi:10.23910/2/2026.6916,1,0,1,Digital Twins in Agriculture: A Comprehensive Bibliometric Exploration of Applications and Future Trends,2026,International Journal of Economic Plants,10.23910/2/2026.6916,https://doi.org/10.23910/2/2026.6916,low_relevance:1
openalex_only,OpenAlex,doi:10.1088/2631-7990/ae0bc7,1,1,0,Advanced biofabrication techniques of muscle cell-powered biohybrid robots,2025,International Journal of Extreme Manufacturing,10.1088/2631-7990/ae0bc7,https://doi.org/10.1088/2631-7990/ae0bc7,
openalex_only,OpenAlex,doi:10.1088/2631-7990/adbc75,1,0,1,An overview on ceramic multi-material additive manufacturing: progress and challenges,2025,International Journal of Extreme Manufacturing,10.1088/2631-7990/adbc75,https://doi.org/10.1088/2631-7990/adbc75,low_relevance:1
openalex_only,OpenAlex,doi:10.1088/2631-7990/add81c,1,1,0,Biomass materials and their application in 4D printing,2025,International Journal of Extreme Manufacturing,10.1088/2631-7990/add81c,https://doi.org/10.1088/2631-7990/add81c,
openalex_only,OpenAlex,doi:10.1088/2631-7990/ae098e,1,1,0,External-field-assisted additive manufacturing for micro/nano device fabrication,2025,International Journal of Extreme Manufacturing,10.1088/2631-7990/ae098e,https://doi.org/10.1088/2631-7990/ae098e,
openalex_only,OpenAlex,doi:10.1088/2631-7990/ae01ff,1,1,0,Laser additive manufacturing of high-resolution microscale shell lattices by toolpath engineering,2025,International Journal of Extreme Manufacturing,10.1088/2631-7990/ae01ff,https://doi.org/10.1088/2631-7990/ae01ff,
openalex_only,OpenAlex,doi:10.1088/2631-7990/adbd0a,1,1,0,Time-dependent volumetric printing of precision lenses through dynamic laser writing,2025,International Journal of Extreme Manufacturing,10.1088/2631-7990/adbd0a,https://doi.org/10.1088/2631-7990/adbd0a,
openalex_only,OpenAlex,doi:10.1088/2631-7990/ae6b19,1,1,0,A dual-functional curcumin strategy for light scattering mitigation in high-fidelity DLP ceramic 3D printing,2026,International Journal of Extreme Manufacturing,10.1088/2631-7990/ae6b19,https://doi.org/10.1088/2631-7990/ae6b19,
openalex_only,OpenAlex,doi:10.1088/2631-7990/ae79b9,1,1,0,Digital incoherent synthesis of holographic light fields boosted volumetric printing speed and resolution,2026,International Journal of Extreme Manufacturing,10.1088/2631-7990/ae79b9,https://doi.org/10.1088/2631-7990/ae79b9,
openalex_only,OpenAlex,doi:10.1088/2631-7990/ae703d,1,1,0,Material-Structure-Function Integrated Additive Manufacturing of SiC/Mullite Metamaterial with Low-frequency Compatible Ultra-broadband Electromagnetic Absorption,2026,International Journal of Extreme Manufacturing,10.1088/2631-7990/ae703d,https://doi.org/10.1088/2631-7990/ae703d,
openalex_only,OpenAlex,doi:10.36838/ijhsr88.29,1,0,1,From Operations to Satisfaction: How Digital Twin Systems Shape Startup Success in the UAE’s Renewable Energy Sector,2026,International journal of high school research,10.36838/ijhsr88.29,https://doi.org/10.36838/ijhsr88.29,low_relevance:1
openalex_only,OpenAlex,doi:10.57012/ijhhr.v4n1.026,1,1,0,Role of Soft Robotics in 4D Clothing Assembly and Custom Fit: A Review,2025,International Journal of Home Economics Hospitality and Allied Research,10.57012/ijhhr.v4n1.026,https://doi.org/10.57012/ijhhr.v4n1.026,
openalex_only,OpenAlex,doi:10.1007/s10207-026-01274-6,1,0,1,Explainable digital twin–driven ensemble anomaly detection framework for cyber-physical infrastructure security,2026,International Journal of Information Security,10.1007/s10207-026-01274-6,https://doi.org/10.1007/s10207-026-01274-6,low_relevance:1
openalex_only,OpenAlex,doi:10.69968/ijisem.2026v5i2304-313,1,1,0,Design and Development of Flexible Soft Robotic Grippers for Safe and Adaptive Human-Robot Interaction,2026,International Journal of Innovations in Science Engineering and Management.,10.69968/ijisem.2026v5i2304-313,https://doi.org/10.69968/ijisem.2026v5i2304-313,
openalex_only,OpenAlex,doi:10.37082/ijirmps.v14.i3.233155,1,1,0,Matter - AI A Multimodal AI Framework for Accelerated Materials Discovery in Physical Sciences,2026,International Journal of Innovative Research in Engineering & Multidisciplinary Physical Sciences,10.37082/ijirmps.v14.i3.233155,https://doi.org/10.37082/ijirmps.v14.i3.233155,
openalex_only,OpenAlex,doi:10.15680/ijirset.2026.1506022,1,0,1,Design and Implementation of a Low-Cost Prosthetic Twin System for Real-Time Motion Replication using ESP-NOW,2026,International Journal of Innovative Research in Science Engineering and Technology,10.15680/ijirset.2026.1506022,https://doi.org/10.15680/ijirset.2026.1506022,low_relevance:1
openalex_only,OpenAlex,doi:10.33889/ijmems.2026.11.3.049,1,0,1,Touchless Quality Control in Pharma Using a Digital Twin–Driven Fuzzy Multi-Objective Optimization Framework for Risk-Aware Release Decisions,2026,International Journal of Mathematical Engineering and Management Sciences,10.33889/ijmems.2026.11.3.049,https://doi.org/10.33889/ijmems.2026.11.3.049,low_relevance:1
openalex_only,OpenAlex,doi:10.14445/23488360/ijme-v13i3p106,1,0,1,A Driver-Based Framework for Integrating Industry 4.0 Practices with Additive Manufacturing,2026,International Journal of Mechanical Engineering,10.14445/23488360/ijme-v13i3p106,https://doi.org/10.14445/23488360/ijme-v13i3p106,low_relevance:1
openalex_only,OpenAlex,doi:10.14445/23488360/ijme-v13i3p107,1,0,1,Assessing the Impact of the Fourth Industrial Revolution on Sustainability and Manufacturing Performance: An Integrated Multi-Criteria Decision-Making Approach,2026,International Journal of Mechanical Engineering,10.14445/23488360/ijme-v13i3p107,https://doi.org/10.14445/23488360/ijme-v13i3p107,low_relevance:1
openalex_only,OpenAlex,doi:10.3390/ijms262110707,1,1,0,3D Bioprinting Functional Engineered Heart Tissues,2025,International Journal of Molecular Sciences,10.3390/ijms262110707,https://doi.org/10.3390/ijms262110707,
openalex_only,OpenAlex,doi:10.2147/ijn.s618407,1,0,1,"Nanomedicine in 2026: Illustrative Quantitative Analyses of EPR Heterogeneity, Clinical Trial Attrition, and Emerging Horizons for Active Nanotherapeutics",2026,International Journal of Nanomedicine,10.2147/ijn.s618407,https://doi.org/10.2147/ijn.s618407,low_relevance:1
openalex_only,OpenAlex,doi:10.35629/4494-1004329338,1,1,0,A Review on 3d And 4d Printing of Pharmaceuticals: A Prospective Technology in Developing Personalized Formulations,2025,International Journal of Pharmaceutical Research and Applications,10.35629/4494-1004329338,https://doi.org/10.35629/4494-1004329338,
openalex_only,OpenAlex,doi:10.33545/26646862.2026.v8.i5a.329,1,0,1,"Artificial intelligence in modern pharmacy: Transforming discovery, clinical practice, and manufacturing",2026,International Journal of Pharmaceutical Research and Development,10.33545/26646862.2026.v8.i5a.329,https://doi.org/10.33545/26646862.2026.v8.i5a.329,low_relevance:1
openalex_only,OpenAlex,doi:10.33545/26647222.2026.v8.i6a.406,1,0,1,Artificial intelligence technologies in drug discovery: Innovations and future challenges,2026,International Journal of Pharmacy and Pharmaceutical Science,10.33545/26647222.2026.v8.i6a.406,https://doi.org/10.33545/26647222.2026.v8.i6a.406,low_relevance:1
openalex_only,OpenAlex,doi:10.1007/s12541-025-01318-2,1,1,0,Exploring Challenges and Opportunities in Manufacturing and Intelligence for Future Robotics,2025,International Journal of Precision Engineering and Manufacturing,10.1007/s12541-025-01318-2,https://doi.org/10.1007/s12541-025-01318-2,
openalex_only,OpenAlex,doi:10.1007/s12541-026-01465-0,1,1,0,"A Comprehensive Review of Smart Coordinate Measuring Machines: Architectural Innovations, Multi-Sensor Integration, and Uncertainty Evaluation for Industry 4.0",2026,International Journal of Precision Engineering and Manufacturing,10.1007/s12541-026-01465-0,https://doi.org/10.1007/s12541-026-01465-0,
openalex_only,OpenAlex,doi:10.1007/s40684-026-00856-y,1,1,0,"Mass Customization Through Additive Manufacturing: Review of Technologies, Applications, and Scalability Challenges",2026,International Journal of Precision Engineering and Manufacturing-Green Technology,10.1007/s40684-026-00856-y,https://doi.org/10.1007/s40684-026-00856-y,
openalex_only,OpenAlex,doi:10.1007/s40684-026-00906-5,1,1,0,Smart Operation Platform for Railway Rolling Stock Production Using Digital Twin and AI,2026,International Journal of Precision Engineering and Manufacturing-Green Technology,10.1007/s40684-026-00906-5,https://doi.org/10.1007/s40684-026-00906-5,
openalex_only,OpenAlex,doi:10.61096/ijrpp.v15.iss1.2026.98-109,1,1,0,Multiprocess Approaches for Increasing Component Functionality in 3D Printing,2026,International Journal of Research in Pharmacology & Pharmacotherapeutics,10.61096/ijrpp.v15.iss1.2026.98-109,https://doi.org/10.61096/ijrpp.v15.iss1.2026.98-109,
openalex_only,OpenAlex,doi:10.56975/ijsdr.v11i3.307610,1,1,0,APPLICATION OF MACHINE LEARINING AND COMPUTER MODELING IN METALLURGY COMPHERENSIVE REVIEW,2026,International Journal of Scientific Development and Research,10.56975/ijsdr.v11i3.307610,https://doi.org/10.56975/ijsdr.v11i3.307610,
openalex_only,OpenAlex,doi:10.32628/cseit26121340,1,1,0,"Engineering Simulation Approaches for Improving Efficiency, Reliability, and Sustainability in Mechanical Systems",2026,International Journal of Scientific Research in Computer Science Engineering and Information Technology,10.32628/cseit26121340,https://doi.org/10.32628/cseit26121340,
openalex_only,OpenAlex,doi:10.32628/cseit26121334,1,0,1,Smart Factory Evolution: Emerging IoT Manufacturing Trends with CPS and Robotic Automation,2026,International Journal of Scientific Research in Computer Science Engineering and Information Technology,10.32628/cseit26121334,https://doi.org/10.32628/cseit26121334,low_relevance:1
openalex_only,OpenAlex,doi:10.59828/ijsrmst.v4i8.353,1,1,0,A Review of Wire Arc Additive Manufacturing,2025,International Journal of Scientific Research in Modern Science and Technology,10.59828/ijsrmst.v4i8.353,https://doi.org/10.59828/ijsrmst.v4i8.353,
openalex_only,OpenAlex,doi:10.2507/ijsimm25-2-co8,1,0,1,Carbon–Efficiency Coupled Scheduling for New Energy Manufacturing Systems,2026,International Journal of Simulation Modelling,10.2507/ijsimm25-2-co8,https://doi.org/10.2507/ijsimm25-2-co8,low_relevance:1
openalex_only,OpenAlex,doi:10.2507/ijsimm25-2-760,1,0,1,Continuous Validation of Digital Twins: Conceptual and Applied Approaches,2026,International Journal of Simulation Modelling,10.2507/ijsimm25-2-760,https://doi.org/10.2507/ijsimm25-2-760,low_relevance:1
openalex_only,OpenAlex,doi:10.1007/s12369-026-01402-1,1,0,1,Human Autonomy and Sense of Agency in Human-Robot Interaction: A Systematic Literature Review,2026,International Journal of Social Robotics,10.1007/s12369-026-01402-1,https://doi.org/10.1007/s12369-026-01402-1,low_relevance:1
openalex_only,OpenAlex,doi:10.35940/ijsce.f3704.16020526,1,0,1,Digital Twin-Enabled Predictive Maintenance and Supply Chain Optimization for Fighter Aircraft,2026,International Journal of Soft Computing and Engineering,10.35940/ijsce.f3704.16020526,https://doi.org/10.35940/ijsce.f3704.16020526,low_relevance:1
openalex_only,OpenAlex,doi:10.1007/s13198-026-03315-8,1,0,1,Intelligent PID-based control systems for adaptive and sustainable manufacturing,2026,International Journal of Systems Assurance Engineering and Management,10.1007/s13198-026-03315-8,https://doi.org/10.1007/s13198-026-03315-8,low_relevance:1
openalex_only,OpenAlex,doi:10.59035/kqap1542,1,0,1,"Cybersecurity challenges in industry 5.0: Human centric security, converged vulnerabilities, and resilience by design in smart manufacturing",2026,International Journal on Information Technologies and Security,10.59035/kqap1542,https://doi.org/10.59035/kqap1542,low_relevance:1
openalex_only,OpenAlex,doi:10.1007/s12008-026-02596-4,1,0,1,High-fidelity digital twin implementation for the yaskawa GP4 robot via YMConnect and high-speed ethernet communication,2026,International Journal on Interactive Design and Manufacturing (IJIDeM),10.1007/s12008-026-02596-4,https://doi.org/10.1007/s12008-026-02596-4,low_relevance:1
openalex_only,OpenAlex,doi:10.71097/ijsat.v16.i3.6810,1,1,0,Combination and Testing of Two Resins of 3D Printing Material: Comparison with ABS and PLA Materials,2025,International Journal on Science and Technology,10.71097/ijsat.v16.i3.6810,https://doi.org/10.71097/ijsat.v16.i3.6810,
openalex_only,OpenAlex,doi:10.54392/irjmt26314,1,0,1,A Hybrid Machine Learning and Swarm Optimization Framework for Real-Time Energy Prediction and Optimization in Additive Manufacturing,2026,International Research Journal of Multidisciplinary Technovation,10.54392/irjmt26314,https://doi.org/10.54392/irjmt26314,low_relevance:1
openalex_only,OpenAlex,doi:10.55041/isjem.acme168,1,0,1,Technological Advancements in Operations and Supply Chain Management in Pharmaceutical Industry,2026,International Scientific Journal of Engineering and Management,10.55041/isjem.acme168,https://doi.org/10.55041/isjem.acme168,low_relevance:1
openalex_only,OpenAlex,doi:10.11141/ia.73.4,1,0,1,"Place, Identity and Wellbeing: Bradford and Beyond",2026,Internet Archaeology,10.11141/ia.73.4,https://doi.org/10.11141/ia.73.4,low_relevance:1
openalex_only,OpenAlex,doi:10.1016/j.iot.2026.101938,1,0,1,Cyber-physical systems security: A comprehensive review of anomaly detection techniques,2026,Internet of Things,10.1016/j.iot.2026.101938,https://doi.org/10.1016/j.iot.2026.101938,low_relevance:1
openalex_only,OpenAlex,doi:10.1016/j.iot.2026.101976,1,0,1,TWINE: ISO 23247-compliant digital twin and explainable AI framework for anomaly detection,2026,Internet of Things,10.1016/j.iot.2026.101976,https://doi.org/10.1016/j.iot.2026.101976,low_relevance:1
openalex_only,OpenAlex,doi:10.3390/inventions11010002,1,1,0,A Three-Dimensional Visualization System for Tea Production Lines Based on Digital Twins,2025,Inventions,10.3390/inventions11010002,https://doi.org/10.3390/inventions11010002,
openalex_only,OpenAlex,doi:10.3390/inventions11010007,1,1,0,"Integrating Additive Manufacturing into Dental Production: Innovations, Applications and Challenges",2026,Inventions,10.3390/inventions11010007,https://doi.org/10.3390/inventions11010007,
openalex_only,OpenAlex,doi:10.3390/iot7020046,1,0,1,"Internet of Things for Industry 4.0: A Systematic Literature Review of Technologies, Architectures, Applications, and Challenges",2026,IoT,10.3390/iot7020046,https://doi.org/10.3390/iot7020046,low_relevance:1
openalex_only,OpenAlex,doi:10.25820/etd.008232,1,1,0,Hyperbranched prepolymer additives and in situ NMR to improve material properties and methods for monitoring reaction kinetics in photopolymer systems,2025,Iowa Research Online (The University of Iowa),10.25820/etd.008232,https://doi.org/10.25820/etd.008232,
openalex_only,OpenAlex,title:research and development of design tools and methods for additive manufacturing virtual prototyping and artificial intelligence,1,0,1,Research and development of design tools and methods for Additive Manufacturing: virtual prototyping and artificial intelligence,2026,Iris (Roma Tre University),,https://openalex.org/W7164453893,low_relevance:1
openalex_only,OpenAlex,doi:10.1016/j.isci.2026.116385,1,1,0,"Insights of 3D-printed dielectric elastomer layers: Electrical and mechanical properties, and prospects for artificial muscle applications",2026,iScience,10.1016/j.isci.2026.116385,https://doi.org/10.1016/j.isci.2026.116385,
openalex_only,OpenAlex,doi:10.2355/isijinternational.isijint-2026-038,1,1,0,Systematic study of rapid solidification in laser powder-bed fusion of stainless steels to verify applicability of columnar-equiaxed transition,2026,ISIJ International,10.2355/isijinternational.isijint-2026-038,https://doi.org/10.2355/isijinternational.isijint-2026-038,
openalex_only,OpenAlex,doi:10.5194/isprs-annals-x-4-w8-2025-617-2026,1,0,1,A Hybrid Digital Twin and AI Framework for Traffic Simulation and Route Finding,2026,"ISPRS annals of the photogrammetry, remote sensing and spatial information sciences",10.5194/isprs-annals-x-4-w8-2025-617-2026,https://doi.org/10.5194/isprs-annals-x-4-w8-2025-617-2026,low_relevance:1
openalex_only,OpenAlex,doi:10.3390/ijgi15030100,1,0,1,"Shedding Light on Explainable AI: Insights, Challenges, and the Future of Infrastructure Management",2026,ISPRS International Journal of Geo-Information,10.3390/ijgi15030100,https://doi.org/10.3390/ijgi15030100,low_relevance:1
openalex_only,OpenAlex,doi:10.5935/jetia.v12i58.3405,1,1,0,Digital Twin for Integration of Control and Diagnostics of Electromechanical Systems Under Uncertainty,2026,ITEGAM- Journal of Engineering and Technology for Industrial Applications (ITEGAM-JETIA),10.5935/jetia.v12i58.3405,https://doi.org/10.5935/jetia.v12i58.3405,
openalex_only,OpenAlex,doi:10.5935/jetia.v12i58.3071,1,1,0,Digital Twin Implementation Strategies for Complex Manufacturing Ecosystems: A Multi-Level Integration Framework,2026,ITEGAM- Journal of Engineering and Technology for Industrial Applications (ITEGAM-JETIA),10.5935/jetia.v12i58.3071,https://doi.org/10.5935/jetia.v12i58.3071,
openalex_only,OpenAlex,doi:10.18522/2311-3103-2025-4-182-188,1,1,0,ANALYSIS OF THE EFFECTIVENESS OF TRADITIONAL AND MODERNTECHNOLOGIES FOR MONITORING POWER TRANSMISSION LINES,2025,Izvestiâ ÛFU. Tehničeskie nauki,10.18522/2311-3103-2025-4-182-188,https://doi.org/10.18522/2311-3103-2025-4-182-188,
openalex_only,OpenAlex,doi:10.3390/j9020012,1,0,1,"CsPbI3 Perovskites at the Edge of Commercialization: Persistent Barriers, Multidisciplinary Solutions, and the Emerging Role of AI",2026,J — Multidisciplinary Scientific Journal,10.3390/j9020012,https://doi.org/10.3390/j9020012,low_relevance:1
openalex_only,OpenAlex,doi:10.56975/jaafr.v4i6.511251,1,0,1,From RF Channel to Federated Defence: An Extended Review of Digital Twin Methods in 6G-Enabled Internet of Vehicles,2026,JOURNAL OF ADVANCE AND FUTURE RESEARCH,10.56975/jaafr.v4i6.511251,https://doi.org/10.56975/jaafr.v4i6.511251,low_relevance:1
openalex_only,OpenAlex,doi:10.26599/jac.2026.9221313,1,1,0,Achieving superior thermal stability in vat photopolymerized silica-based ceramic cores via kyanite-induced expansion compensation,2026,Journal of Advanced Ceramics,10.26599/jac.2026.9221313,https://doi.org/10.26599/jac.2026.9221313,
openalex_only,OpenAlex,doi:10.1142/s0219686727500065,1,1,0,Exploring Stochastic Surface and Structural Characteristics in 3D-Printed Polymer Parts Using a Digital Twin Approach,2025,Journal of Advanced Manufacturing Systems,10.1142/s0219686727500065,https://doi.org/10.1142/s0219686727500065,
openalex_only,OpenAlex,doi:10.24321/2393.8315.202602,1,1,0,Time-Responsive Manufacturing: An Extensive Review of 4DP Applications in IoT and Mechatronic Systems,2026,Journal of Advanced Research in Manufacturing Material Science & Metallurgical Engineering,10.24321/2393.8315.202602,https://doi.org/10.24321/2393.8315.202602,
openalex_only,OpenAlex,doi:10.1115/1.4066084,1,1,0,Multistep and Elastically Stable Mechanical Metamaterials,2024,Journal of Applied Mechanics,10.1115/1.4066084,https://doi.org/10.1115/1.4066084,
openalex_only,OpenAlex,doi:10.1002/app.57177,1,1,0,<scp>4D</scp> Printing of Composite Thermoplastic Elastomers for Super‐Stretchable Soft Artificial Muscles,2025,Journal of Applied Polymer Science,10.1002/app.57177,https://doi.org/10.1002/app.57177,
openalex_only,OpenAlex,doi:10.1002/app.57742,1,0,1,Development of Near Infrared Light and Electrically Responsive Shape Memory Polymer Composites Based on Copolyester Thermoplastic Elastomer/Polycaprolactone Blend and Carbon Nanotubes,2025,Journal of Applied Polymer Science,10.1002/app.57742,https://doi.org/10.1002/app.57742,low_relevance:1
openalex_only,OpenAlex,doi:10.1002/app.70430,1,1,0,Toward Sustainable Biodegradable Composites Through Thermal Management: <scp>3D</scp> Printing‐Assisted Lamination of Poly(Lactic Acid) With Polypropylene as an Alternative to Conventional Blending,2026,Journal of Applied Polymer Science,10.1002/app.70430,https://doi.org/10.1002/app.70430,
openalex_only,OpenAlex,doi:10.53941/jaia.2026.100009,1,0,1,Transition of Architecture of Industrial Cyber-Physical Systems (iCPS) from Hierarchy to Cloud-Edge-Device,2026,Journal of Artificial Intelligence for Automation,10.53941/jaia.2026.100009,https://doi.org/10.53941/jaia.2026.100009,low_relevance:1
openalex_only,OpenAlex,doi:10.1002/jbm.a.37897,1,1,0,Rapid and Inexpensive Image‐Guided Grayscale Biomaterial Customization via <scp>LCD</scp> Printing,2025,Journal of Biomedical Materials Research Part A,10.1002/jbm.a.37897,https://doi.org/10.1002/jbm.a.37897,
openalex_only,OpenAlex,doi:10.12974/2311-8717.2025.13.04,1,1,0,"Fused Deposition Modelling of Wood-Plastic Composites: Materials, Processes, and Future Directions",2025,Journal of Composites and Biodegradable Polymers,10.12974/2311-8717.2025.13.04,https://doi.org/10.12974/2311-8717.2025.13.04,
openalex_only,OpenAlex,doi:10.3390/jcs8020048,1,1,0,Impact of CoFe2O4 Magnetic Nanoparticles on the Physical and Mechanical Properties and Shape Memory Effect of Polylactide,2024,Journal of Composites Science,10.3390/jcs8020048,https://doi.org/10.3390/jcs8020048,
openalex_only,OpenAlex,doi:10.3390/jcs10030158,1,1,0,Advances in Lightweight Composites and Additive Manufacturing for the Development of Service Robotic Systems,2026,Journal of Composites Science,10.3390/jcs10030158,https://doi.org/10.3390/jcs10030158,
openalex_only,OpenAlex,doi:10.3390/jcs10030155,1,1,0,Shape Memory and Self-Healing Behavior of 4D-Printed Electroactive Polycaprolactone/Polylactic Acid/Graphene Nanocomposite: Structure-Properties Relations,2026,Journal of Composites Science,10.3390/jcs10030155,https://doi.org/10.3390/jcs10030155,
openalex_only,OpenAlex,doi:10.69739/jcsp.v3i1.1539,1,0,1,Cyber-Resilient IoT-Driven SCADA Integration for Secure and Intelligent Fuel Station Monitoring and Predictive Analysis,2026,"Journal of computer, software and program.",10.69739/jcsp.v3i1.1539,https://doi.org/10.69739/jcsp.v3i1.1539,low_relevance:1
openalex_only,OpenAlex,doi:10.1115/1.4070329,1,1,0,Differentiating Between Digital Twins and Control Systems for Complex Systems,2025,Journal of Computing and Information Science in Engineering,10.1115/1.4070329,https://doi.org/10.1115/1.4070329,
openalex_only,OpenAlex,doi:10.1097/scs.0000000000012085,1,1,0,3D Printed Beta-TCP Ceramic Bone Replacement Manufactured by Lithography-Based Ceramic Manufacturing: A Short-Term Pilot Study,2025,Journal of Craniofacial Surgery,10.1097/scs.0000000000012085,https://doi.org/10.1097/scs.0000000000012085,
openalex_only,OpenAlex,doi:10.12911/22998993/217885,1,0,1,A robust offline digital twin for regenerative wastewater treatment: Multi-pollutant stress testing and resilience analysis,2026,Journal of Ecological Engineering,10.12911/22998993/217885,https://doi.org/10.12911/22998993/217885,low_relevance:1
openalex_only,OpenAlex,doi:10.3352/jeehp.2026.23.13,1,0,1,Analysis of digital twin applications in nursing practice and education: a scoping review,2026,Journal of Educational Evaluation for Health Professions,10.3352/jeehp.2026.23.13,https://doi.org/10.3352/jeehp.2026.23.13,low_relevance:1
openalex_only,OpenAlex,doi:10.53941/jetia.2026.100001,1,0,1,Part I: Industrial Information Integration Review 2020–2025,2026,Journal of Emerging Technologies With Industrial Applications,10.53941/jetia.2026.100001,https://doi.org/10.53941/jetia.2026.100001,low_relevance:1
openalex_only,OpenAlex,doi:10.53941/jetia.2026.100002,1,1,0,Part II: Industrial Information Integration Review 2020–2025,2026,Journal of Emerging Technologies With Industrial Applications,10.53941/jetia.2026.100002,https://doi.org/10.53941/jetia.2026.100002,
openalex_only,OpenAlex,doi:10.54554/jet.2025.16.2.011,1,1,0,MECHANICAL PERFORMANCE AND SHAPE MEMORY BEHAVIOR OF 4D PRINTING POLYLACTIC ACID/BIOBASED THERMOPLASTIC POLYURETHANE,2025,Journal of Engineering and Technology (JET),10.54554/jet.2025.16.2.011,https://doi.org/10.54554/jet.2025.16.2.011,
openalex_only,OpenAlex,doi:10.1002/rob.70162,1,1,0,Innovative Soft Material‐Assisted Robot Grasping Devices: From Design Concept to Fabrication and Application Scenarios,2026,Journal of Field Robotics,10.1002/rob.70162,https://doi.org/10.1002/rob.70162,
openalex_only,OpenAlex,doi:10.1016/j.jflm.2026.103137,1,0,1,Digital twin technology in forensic mental health,2026,Journal of Forensic and Legal Medicine,10.1016/j.jflm.2026.103137,https://doi.org/10.1016/j.jflm.2026.103137,low_relevance:1
openalex_only,OpenAlex,doi:10.3390/jfb16090338,1,1,0,Modified Polysaccharides: Potential Biomaterials for Bioprinting,2025,Journal of Functional Biomaterials,10.3390/jfb16090338,https://doi.org/10.3390/jfb16090338,
openalex_only,OpenAlex,doi:10.3390/jfb17040203,1,1,0,4D Printing in Biomedical Implants and Functional Healthcare Devices,2026,Journal of Functional Biomaterials,10.3390/jfb17040203,https://doi.org/10.3390/jfb17040203,
openalex_only,OpenAlex,doi:10.3390/jfb17020072,1,1,0,4D Printing in Regenerative Medicine: Bio-Inspired Applications for Dynamic Tissue Repair,2026,Journal of Functional Biomaterials,10.3390/jfb17020072,https://doi.org/10.3390/jfb17020072,
openalex_only,OpenAlex,doi:10.63158/journalisi.v8i2.1540,1,0,1,Large Language Models for Intelligent Decision Support in Inventory and Supply Chain Operations: A Systematic Literature Review,2026,Journal of Information Systems and Informatics,10.63158/journalisi.v8i2.1540,https://doi.org/10.63158/journalisi.v8i2.1540,low_relevance:1
openalex_only,OpenAlex,doi:10.36680/j.itcon.2026.012,1,0,1,Digital twins in civil engineering,2026,Journal of Information Technology in Construction,10.36680/j.itcon.2026.012,https://doi.org/10.36680/j.itcon.2026.012,low_relevance:1
openalex_only,OpenAlex,doi:10.1186/s43065-025-00147-x,1,1,0,Leveraging emerging technologies to address the crisis of aging concrete infrastructure,2025,Journal of Infrastructure Preservation and Resilience,10.1186/s43065-025-00147-x,https://doi.org/10.1186/s43065-025-00147-x,
openalex_only,OpenAlex,doi:10.1007/s10844-026-01065-4,1,1,0,Semantic modelling of AI-integrated digital twins for enhanced transparency,2026,Journal of Intelligent Information Systems,10.1007/s10844-026-01065-4,https://doi.org/10.1007/s10844-026-01065-4,
openalex_only,OpenAlex,doi:10.1007/s10845-025-02737-8,1,1,0,Evolutionary artificial intelligence for 3D microstructure reconstruction based on inverse pole figure images,2025,Journal of Intelligent Manufacturing,10.1007/s10845-025-02737-8,https://doi.org/10.1007/s10845-025-02737-8,
openalex_only,OpenAlex,doi:10.1007/s10845-026-02820-8,1,0,1,Bridging Physics and Data in Metal Powder Bed Fusion with Scientific Machine Learning,2026,Journal of Intelligent Manufacturing,10.1007/s10845-026-02820-8,https://doi.org/10.1007/s10845-026-02820-8,low_relevance:1
openalex_only,OpenAlex,doi:10.1007/s10845-026-02899-z,1,1,0,Camera based in situ layer segmentation and object reconstruction for digital twins in FFF 3D printing,2026,Journal of Intelligent Manufacturing,10.1007/s10845-026-02899-z,https://doi.org/10.1007/s10845-026-02899-z,
openalex_only,OpenAlex,doi:10.1007/s10845-026-02884-6,1,0,1,Digital twin for joining mechanical structures in assembly processes,2026,Journal of Intelligent Manufacturing,10.1007/s10845-026-02884-6,https://doi.org/10.1007/s10845-026-02884-6,low_relevance:1
openalex_only,OpenAlex,doi:10.1108/jimse-12-2025-0036,1,0,1,Resilient model predictive control framework for networked industrial cyber-physical systems with multi-disturbance adaptation,2026,Journal of Intelligent Manufacturing and Special Equipment,10.1108/jimse-12-2025-0036,https://doi.org/10.1108/jimse-12-2025-0036,low_relevance:1
openalex_only,OpenAlex,doi:10.1177/1045389x261447392,1,1,0,Magnetorheological ultraviolet-curable resin and its mechanical properties for additive manufacturing,2026,Journal of Intelligent Material Systems and Structures,10.1177/1045389x261447392,https://doi.org/10.1177/1045389x261447392,
openalex_only,OpenAlex,doi:10.36897/jme/222460,1,0,1,Planning-Based Decision Space Exploration for Digital Twins in Immature Production Processes,2026,Journal of Machine Engineering,10.36897/jme/222460,https://doi.org/10.36897/jme/222460,low_relevance:1
openalex_only,OpenAlex,doi:10.3390/jmmp8020077,1,0,1,Interrelations between Printing Patterns and Residual Stress in Fused Deposition Modelling for the 4D Printing of Acrylonitrile Butadiene Styrene and Wood–Plastic Composites,2024,Journal of Manufacturing and Materials Processing,10.3390/jmmp8020077,https://doi.org/10.3390/jmmp8020077,low_relevance:1
openalex_only,OpenAlex,doi:10.3390/jmmp10010005,1,1,0,"Additive Manufacturing at the Crossroads: Costs, Sustainability, and Global Adoption",2025,Journal of Manufacturing and Materials Processing,10.3390/jmmp10010005,https://doi.org/10.3390/jmmp10010005,
openalex_only,OpenAlex,doi:10.3390/jmmp9100332,1,1,0,Evaluation of Bond Strength in Multi-Material Specimens Using a Consumer-Grade LCD 3D Printer,2025,Journal of Manufacturing and Materials Processing,10.3390/jmmp9100332,https://doi.org/10.3390/jmmp9100332,
openalex_only,OpenAlex,doi:10.3390/jmmp9100343,1,1,0,Fabricating Three-Dimensional Metamaterials Using Additive Manufacturing: An Overview,2025,Journal of Manufacturing and Materials Processing,10.3390/jmmp9100343,https://doi.org/10.3390/jmmp9100343,
openalex_only,OpenAlex,doi:10.3390/jmmp9090286,1,1,0,"Linking Process Parameters, Structure, and Properties in Material Extrusion Additive Manufacturing of Polymers and Composites: A Review",2025,Journal of Manufacturing and Materials Processing,10.3390/jmmp9090286,https://doi.org/10.3390/jmmp9090286,
openalex_only,OpenAlex,doi:10.3390/jmmp9120385,1,1,0,Tailoring the Functional Properties of NiTi Shape Memory Alloy by Laser Powder Bed Fusion Process Conditions for 4D Printing,2025,Journal of Manufacturing and Materials Processing,10.3390/jmmp9120385,https://doi.org/10.3390/jmmp9120385,
openalex_only,OpenAlex,doi:10.3390/jmmp10010031,1,0,1,Design Strategies for Enhanced Performance of 3D-Printed Microneedle Arrays,2026,Journal of Manufacturing and Materials Processing,10.3390/jmmp10010031,https://doi.org/10.3390/jmmp10010031,low_relevance:1
openalex_only,OpenAlex,doi:10.3390/jmmp10050175,1,0,1,Intelligent Non-Destructive Evaluation of Additively Manufactured Metal Parts: From Advanced Inspections to Data-Driven Quality Predictions,2026,Journal of Manufacturing and Materials Processing,10.3390/jmmp10050175,https://doi.org/10.3390/jmmp10050175,low_relevance:1
openalex_only,OpenAlex,doi:10.3390/jmmp10030106,1,0,1,Modeling and Simulation of Multi-Layer WAAM Structures for Digital Twin Integration,2026,Journal of Manufacturing and Materials Processing,10.3390/jmmp10030106,https://doi.org/10.3390/jmmp10030106,low_relevance:1
openalex_only,OpenAlex,doi:10.3390/jmmp10040121,1,1,0,Progresses and Challenges in Additive Manufacturing of Bulk Metallic Glasses,2026,Journal of Manufacturing and Materials Processing,10.3390/jmmp10040121,https://doi.org/10.3390/jmmp10040121,
openalex_only,OpenAlex,doi:10.3390/jmmp10040133,1,1,0,Tailoring the Mechanical Response of 3D-Printed Polymer Metamaterials for Biomechanical Customization: A Predictive Manufacturing Framework,2026,Journal of Manufacturing and Materials Processing,10.3390/jmmp10040133,https://doi.org/10.3390/jmmp10040133,
openalex_only,OpenAlex,doi:10.3390/jmmp10040117,1,0,1,Toward Large Language Model-Driven Symbolic Topology Optimisation for Rapid Structural Concept Generation in Manufacturable Design,2026,Journal of Manufacturing and Materials Processing,10.3390/jmmp10040117,https://doi.org/10.3390/jmmp10040117,low_relevance:1
openalex_only,OpenAlex,doi:10.3390/jmmp10040116,1,0,1,Validation and Generalization of Key Building Blocks for Cyber-Physical Systems in Manufacturing: Insights from Automotive Inspection and Assembly Use Cases,2026,Journal of Manufacturing and Materials Processing,10.3390/jmmp10040116,https://doi.org/10.3390/jmmp10040116,low_relevance:1
openalex_only,OpenAlex,doi:10.1016/j.jmapro.2026.04.069,1,1,0,"Integration of reinforcement learning in robotic additive manufacturing control: Advances, challenges, and future perspectives",2026,Journal of Manufacturing Processes,10.1016/j.jmapro.2026.04.069,https://doi.org/10.1016/j.jmapro.2026.04.069,
openalex_only,OpenAlex,doi:10.1115/1.4072029,1,1,0,Nozzle-Assisted Continuous Additive Manufacturing of Mesoscale Multimaterial Structures,2026,Journal of Manufacturing Science and Engineering,10.1115/1.4072029,https://doi.org/10.1115/1.4072029,
openalex_only,OpenAlex,doi:10.3390/jmse14040396,1,0,1,"Digitalisation of Shipyard Production Planning: A Review of Simulation, Optimisation, AI, and Digital Twin Methods (2010–2025)",2026,Journal of Marine Science and Engineering,10.3390/jmse14040396,https://doi.org/10.3390/jmse14040396,low_relevance:1
openalex_only,OpenAlex,doi:10.3390/jmse14010106,1,0,1,Framework for the Development of a Process Digital Twin in Shipbuilding: A Case Study in a Robotized Minor Pre-Assembly Workstation,2026,Journal of Marine Science and Engineering,10.3390/jmse14010106,https://doi.org/10.3390/jmse14010106,low_relevance:1
openalex_only,OpenAlex,doi:10.55546/jmm.1675925,1,1,0,Development Of Electronically Controlled Dual-Component Continuous Powder Feeder To Build Functional Graded Materials With Additive Manufacturing Process,2025,Journal of Materials and Mechatronics A,10.55546/jmm.1675925,https://doi.org/10.55546/jmm.1675925,
openalex_only,OpenAlex,doi:10.1039/d4tb00006d,1,0,1,4D printing for biomedical applications,2024,Journal of Materials Chemistry B,10.1039/d4tb00006d,https://doi.org/10.1039/d4tb00006d,duplicate_title:1
openalex_only,OpenAlex,doi:10.1016/j.jmrt.2025.10.174,1,1,0,"Biomedical <mml:math xmlns:mml=""http://www.w3.org/1998/Math/MathML"" altimg=""si38.svg"" display=""inline"" id=""d1e781""> <mml:mi>β</mml:mi> </mml:math> -titanium alloys from pure metal powders - Key role of Sn during additive manufacturing",2025,Journal of Materials Research and Technology,10.1016/j.jmrt.2025.10.174,https://doi.org/10.1016/j.jmrt.2025.10.174,
openalex_only,OpenAlex,doi:10.1557/s43578-025-01778-2,1,1,0,Architected Materials for Soft Robotics,2026,Journal of materials research/Pratt's guide to venture capital sources,10.1557/s43578-025-01778-2,https://doi.org/10.1557/s43578-025-01778-2,
openalex_only,OpenAlex,doi:10.1186/s42252-025-00073-x,1,1,0,"Atomic-scale characterization: a review of advances in microscopy, spectroscopy, and machine learning",2025,Journal of Materials Science Composites,10.1186/s42252-025-00073-x,https://doi.org/10.1186/s42252-025-00073-x,
openalex_only,OpenAlex,doi:10.1186/s40712-025-00306-8,1,1,0,A review article on the assessment of additive manufacturing,2025,Journal of Materials Science Materials in Engineering,10.1186/s40712-025-00306-8,https://doi.org/10.1186/s40712-025-00306-8,
openalex_only,OpenAlex,doi:10.53941/jmem.2026.100022,1,0,1,"Machine Learning for Process Optimization and Defect Detection in Metal Additive Manufacturing: A Critical Review of Algorithms, In-Situ Monitoring Strategies, and Quality Assurance Frameworks",2026,Journal of Mechanical Engineering and Manufacturing,10.53941/jmem.2026.100022,https://doi.org/10.53941/jmem.2026.100022,low_relevance:1
openalex_only,OpenAlex,doi:10.31284/j.jmesi.2025.v5i2.8201,1,1,0,Comparative Performance of Material Extrusion and Vat Photopolymerization Systems for Automotive Product,2025,Journal of Mechanical Engineering Science and Innovation,10.31284/j.jmesi.2025.v5i2.8201,https://doi.org/10.31284/j.jmesi.2025.v5i2.8201,
openalex_only,OpenAlex,doi:10.1088/1361-6439/ae7b47,1,1,0,Embedded electrohydrodynamic printing of magnetically responsive microspheres,2026,Journal of Micromechanics and Microengineering,10.1088/1361-6439/ae7b47,https://doi.org/10.1088/1361-6439/ae7b47,
openalex_only,OpenAlex,doi:10.1016/j.jmig.2026.04.005,1,0,1,Static Digital Twins for Surgical Planning in Complex Gynecologic Cancer Recurrence: A Proof-of-Concept Feasibility Study,2026,Journal of Minimally Invasive Gynecology,10.1016/j.jmig.2026.04.005,https://doi.org/10.1016/j.jmig.2026.04.005,low_relevance:1
openalex_only,OpenAlex,doi:10.3390/jpm16040202,1,0,1,"Integrating AI Segmentation, Simulated Digital Twins, and Extended Reality into Medical Education: A Narrative Technical Review and Proof-of-Concept Case Study",2026,Journal of Personalized Medicine,10.3390/jpm16040202,https://doi.org/10.3390/jpm16040202,low_relevance:1
openalex_only,OpenAlex,doi:10.3390/jpbi3020009,1,1,0,Precision and Personalized Medicine in Transdermal Drug Delivery Systems: Integrating AI Approaches,2026,Journal of Pharmaceutical and BioTech Industry,10.3390/jpbi3020009,https://doi.org/10.3390/jpbi3020009,
openalex_only,OpenAlex,doi:10.1007/s12247-026-10778-6,1,0,1,Data Integrity Failures in Pharmaceutical Digital Twins and Continuous Manufacturing: An Alcoa + + Framework Integrating Human Factors and Simulation Vulnerabilities,2026,Journal of Pharmaceutical Innovation,10.1007/s12247-026-10778-6,https://doi.org/10.1007/s12247-026-10778-6,low_relevance:1
openalex_only,OpenAlex,doi:10.1088/1742-6596/3175/1/012154,1,1,0,Design of a bio-inspired soft robotic gripper for millimeter-scale object grasping,2026,Journal of Physics Conference Series,10.1088/1742-6596/3175/1/012154,https://doi.org/10.1088/1742-6596/3175/1/012154,
openalex_only,OpenAlex,doi:10.1088/1742-6596/3256/1/011001,1,0,1,Preface,2026,Journal of Physics Conference Series,10.1088/1742-6596/3256/1/011001,https://doi.org/10.1088/1742-6596/3256/1/011001,low_relevance:1
openalex_only,OpenAlex,doi:10.1088/1361-6463/adade5,1,0,1,Mechanical metamaterial sensors: from design to applications,2025,Journal of Physics D Applied Physics,10.1088/1361-6463/adade5,https://doi.org/10.1088/1361-6463/adade5,low_relevance:1
openalex_only,OpenAlex,doi:10.1088/1361-6463/adb3b0,1,0,1,"Numerical modelling of wire arc additive manufacturing: methods, status, trends, and opportunities",2025,Journal of Physics D Applied Physics,10.1088/1361-6463/adb3b0,https://doi.org/10.1088/1361-6463/adb3b0,low_relevance:1
openalex_only,OpenAlex,doi:10.62762/jpe.2026.885819,1,0,1,Digital Monitoring of Electromagnetic Radiation Associated with Biodiversity (One Health) in Natural Parks: A Narrative Review,2026,Journal of Plant Electrobiology,10.62762/jpe.2026.885819,https://doi.org/10.62762/jpe.2026.885819,low_relevance:1
openalex_only,OpenAlex,doi:10.29328/journal.jpsp.1001167,1,0,1,Analytical Report on Digital Twin Technology: Status and Future Direction,2026,Journal of Plant Science and Phytopathology,10.29328/journal.jpsp.1001167,https://doi.org/10.29328/journal.jpsp.1001167,low_relevance:1
openalex_only,OpenAlex,doi:10.1002/pola.70209,1,1,0,Liquid Glass: Polymerizable Silica Precursors for Microstructured Silica Glass Manufacturing: A Review,2026,Journal of Polymer Science,10.1002/pola.70209,https://doi.org/10.1002/pola.70209,
openalex_only,OpenAlex,doi:10.1177/07316844261444238,1,1,0,A stress field-based path planning method for fiber-reinforced FDM-printed parts with joining hole structure,2026,Journal of Reinforced Plastics and Composites,10.1177/07316844261444238,https://doi.org/10.1177/07316844261444238,
openalex_only,OpenAlex,doi:10.1177/10996362261460208,1,1,0,Enhanced mechanical performance of 3D-printed PLA and carbon-fiber reinforced PLA sandwich structures via Taguchi-based process optimization,2026,Journal of Sandwich Structures & Materials,10.1177/10996362261460208,https://doi.org/10.1177/10996362261460208,
openalex_only,OpenAlex,doi:10.1002/jssc.70371,1,1,0,Integrating Optical Feedback Alignment and Fluidic Control for Multiphase Flow‐Assisted In Situ 3D Printing,2026,Journal of Separation Science,10.1002/jssc.70371,https://doi.org/10.1002/jssc.70371,
openalex_only,OpenAlex,doi:10.63456/jsegt-1-1-14,1,1,0,TRANSFORMING MOLD MANUFACTURING: A REVIEW OF ADDITIVE MANUFACTURING IN METALLIC AND COMPOSITE TOOLING,2025,Journal of Sustainable Engineering & Green Technologies,10.63456/jsegt-1-1-14,https://doi.org/10.63456/jsegt-1-1-14,
openalex_only,OpenAlex,doi:10.65904/3083-3604.2026.02.01,1,1,0,"Recent Advancements, Trends and Future Prospects of Upper Limb Prosthesis through 3D printing- A Systematic Review",2026,Journal of Sustainable Smart Materials and Structural Systems,10.65904/3083-3604.2026.02.01,https://doi.org/10.65904/3083-3604.2026.02.01,
openalex_only,OpenAlex,doi:10.1016/j.jss.2026.112965,1,0,1,Automated variability evaluation using a model-based approach with an implementation in CubeSat,2026,Journal of Systems and Software,10.1016/j.jss.2026.112965,https://doi.org/10.1016/j.jss.2026.112965,low_relevance:1
openalex_only,OpenAlex,doi:10.1021/jacs.4c01642,1,1,0,Photoresponsive Biomimetic Functions by Light-Driven Molecular Motors in Three Dimensionally Printed Liquid Crystal Elastomers,2024,Journal of the American Chemical Society,10.1021/jacs.4c01642,https://doi.org/10.1021/jacs.4c01642,
openalex_only,OpenAlex,doi:10.1007/s40430-026-06409-3,1,0,1,Towards digital twins in additive manufacturing: a physics-informed machine learning framework for thermal modeling in directed energy deposition process,2026,Journal of the Brazilian Society of Mechanical Sciences and Engineering,10.1007/s40430-026-06409-3,https://doi.org/10.1007/s40430-026-06409-3,low_relevance:1
openalex_only,OpenAlex,doi:10.1186/s43046-026-00371-w,1,0,1,Artificial intelligence in cancer immunotherapy: current trends in predicting response and personalizing treatment,2026,Journal of the Egyptian National Cancer Institute,10.1186/s43046-026-00371-w,https://doi.org/10.1186/s43046-026-00371-w,low_relevance:1
openalex_only,OpenAlex,doi:10.7736/jkspe.025.00035,1,0,1,A VP-based 3D Human Pose Correction and Digital Twin Mapping Framework Using a Single RGB Image,2026,Journal of the Korean Society for Precision Engineering,10.7736/jkspe.025.00035,https://doi.org/10.7736/jkspe.025.00035,low_relevance:1
openalex_only,OpenAlex,doi:10.14775/ksmpe.2026.25.1.108,1,1,0,Additive Manufacturing of Refractory Alloy-based Multi-Material Structures: A Review,2026,Journal of the Korean Society of Manufacturing Process Engineers,10.14775/ksmpe.2026.25.1.108,https://doi.org/10.14775/ksmpe.2026.25.1.108,
openalex_only,OpenAlex,doi:10.1016/j.jmbbm.2026.107377,1,1,0,"3D-printed CF-PLA bone plates with metamaterial structures: Design, fabrication, and mechanical evaluation",2026,Journal of the mechanical behavior of biomedical materials/Journal of mechanical behavior of biomedical materials,10.1016/j.jmbbm.2026.107377,https://doi.org/10.1016/j.jmbbm.2026.107377,
openalex_only,OpenAlex,doi:10.1177/08927057261445850,1,1,0,Grey relational approach to investigate the physio-mechanical characteristics of 3D printed multi-material polyamide-carbon fibre and polyamide-glass fibre composite structures,2026,Journal of Thermoplastic Composite Materials,10.1177/08927057261445850,https://doi.org/10.1177/08927057261445850,
openalex_only,OpenAlex,doi:10.46632/jeae/5/1/4,1,1,0,Evaluating Additive Manufacturing Options through TOPSIS Method A Comprehensive Decision-Making Approach,2026,Journal on Electronic and Automation Engineering,10.46632/jeae/5/1/4,https://doi.org/10.46632/jeae/5/1/4,
openalex_only,OpenAlex,doi:10.4028/p-mjr4b1,1,1,0,Implementing Inkjet Printing to Manufacture Piezopolymer Films for Sensing Applications,2026,Key engineering materials,10.4028/p-mjr4b1,https://doi.org/10.4028/p-mjr4b1,
openalex_only,OpenAlex,doi:10.1039/d4lc00836g,1,1,0,Light-based 3D printing and post-treatments of moulds for PDMS soft lithography,2025,Lab on a Chip,10.1039/d4lc00836g,https://doi.org/10.1039/d4lc00836g,
openalex_only,OpenAlex,doi:10.1039/d5lc01011j,1,1,0,"3D printing of droplet microfluidic devices: principles, wetting control, scale-up, and beyond",2026,Lab on a Chip,10.1039/d5lc01011j,https://doi.org/10.1039/d5lc01011j,
openalex_only,OpenAlex,title:unsecurities lab participant report 31st march at goldsmiths university,1,0,1,Unsecurities Lab participant report : 31st March at Goldsmiths University,2026,Lancaster EPrints (Lancaster University),,https://openalex.org/W7162235655,low_relevance:1
openalex_only,OpenAlex,doi:10.1002/lpor.202400179,1,1,0,Hydrogen‐Sensitive Inks with 4D Printing of a Fiber‐Tip Hydrogen Microsensor,2024,Laser & Photonics Review,10.1002/lpor.202400179,https://doi.org/10.1002/lpor.202400179,
openalex_only,OpenAlex,doi:10.1007/978-3-032-16253-3_8,1,1,0,Digital Twin Inference from Multi-physical Simulation Data of DED Additive Manufacturing Processes with Neural ODEs,2026,Lecture notes in computational science and engineering,10.1007/978-3-032-16253-3_8,https://doi.org/10.1007/978-3-032-16253-3_8,
openalex_only,OpenAlex,doi:10.1007/978-981-95-2668-0_4,1,1,0,Committee II.2: Dynamic Response,2026,Lecture notes in mechanical engineering,10.1007/978-981-95-2668-0_4,https://doi.org/10.1007/978-981-95-2668-0_4,
openalex_only,OpenAlex,doi:10.58088/3sfh-r850,1,1,0,Additive manufacturing of electromagnetic multifunctional composites,2024,"Library, Museums and Press - UDSpace (University of Delaware)",10.58088/3sfh-r850,https://doi.org/10.58088/3sfh-r850,
openalex_only,OpenAlex,doi:10.37188/lam.2024.003,1,1,0,A multi-photon (7 × 7)-focus 3D laser printer based on a 3D-printed diffractive optical element and a 3D-printed multi-lens array,2024,Light Advanced Manufacturing,10.37188/lam.2024.003,https://doi.org/10.37188/lam.2024.003,
openalex_only,OpenAlex,doi:10.37188/lam.2026.039,1,1,0,"Conformal metamaterial inspired contact lenses−designing, 3d printing and characterization for ocular applications",2026,Light Advanced Manufacturing,10.37188/lam.2026.039,https://doi.org/10.37188/lam.2026.039,
openalex_only,OpenAlex,doi:10.1038/s41377-026-02331-4,1,1,0,High-efficiency multi-scale holographic volumetric 3D printing with a phase light modulator,2026,Light Science & Applications,10.1038/s41377-026-02331-4,https://doi.org/10.1038/s41377-026-02331-4,
openalex_only,OpenAlex,doi:10.3384/9789181184624,1,1,0,Adaptive Automation Strategies for Increasing Variability in Design and Production,2026,Linköping studies in science and technology. Dissertations,10.3384/9789181184624,https://doi.org/10.3384/9789181184624,
openalex_only,OpenAlex,doi:10.3384/9789181185737,1,0,1,Digital Twins and Explainable AI for Decision Support in Port and Maritime Operations,2026,Linköping studies in science and technology. Dissertations,10.3384/9789181185737,https://doi.org/10.3384/9789181185737,low_relevance:1
openalex_only,OpenAlex,doi:10.3390/lubricants13070298,1,1,0,"Tribological Performance Enhancement in FDM and SLA Additive Manufacturing: Materials, Mechanisms, Surface Engineering, and Hybrid Strategies—A Holistic Review",2025,Lubricants,10.3390/lubricants13070298,https://doi.org/10.3390/lubricants13070298,
openalex_only,OpenAlex,doi:10.3390/lubricants14020072,1,0,1,Artificial Intelligence in Lubricant Research—Advances in Monitoring and Predictive Maintenance,2026,Lubricants,10.3390/lubricants14020072,https://doi.org/10.3390/lubricants14020072,low_relevance:1
openalex_only,OpenAlex,title:experimental and numerical study of the poynting effect in additively manufactured tpu components for soft robotic applications,1,1,0,Experimental and numerical study of the Poynting effect in additively manufactured TPU components for soft robotic applications,2026,LUTPub (LUT University),,https://openalex.org/W7163605490,
openalex_only,OpenAlex,title:performance management with novel technologies integrating sustainability performance in digital transformation,1,0,1,Performance management with novel technologies : integrating sustainability performance in digital transformation,2026,LUTPub (LUT University),,https://openalex.org/W7154875092,low_relevance:1
openalex_only,OpenAlex,doi:10.3390/machines14010029,1,1,0,Adherend-Limited Failure in LCD Print-to-Bond Woven Fabric-Photopolymer Joints: A Process Efficiency Communication,2025,Machines,10.3390/machines14010029,https://doi.org/10.3390/machines14010029,
openalex_only,OpenAlex,doi:10.3390/machines13090755,1,1,0,Electronic Artificial Intelligence and Digital Twins in Industry 5.0: A Systematic Review and Perspectives,2025,Machines,10.3390/machines13090755,https://doi.org/10.3390/machines13090755,
openalex_only,OpenAlex,doi:10.3390/machines13090813,1,1,0,Recent Advances in Additive Manufacturing: A Review of Current Developments and Future Directions,2025,Machines,10.3390/machines13090813,https://doi.org/10.3390/machines13090813,
openalex_only,OpenAlex,doi:10.3390/machines14020197,1,1,0,A Digital-Twin-Enabled AI-Driven Adaptive Planning Platform for Sustainable and Reliable Manufacturing,2026,Machines,10.3390/machines14020197,https://doi.org/10.3390/machines14020197,
openalex_only,OpenAlex,doi:10.3390/machines14050508,1,1,0,A Verifiable Steady-State Frequency–Velocity Mapping for Desktop FDM Printers Based on an Electromechanical Coupling Framework,2026,Machines,10.3390/machines14050508,https://doi.org/10.3390/machines14050508,
openalex_only,OpenAlex,doi:10.3390/machines14060635,1,1,0,"Hybrid Manufacturing: Process Taxonomy, Planning Bottlenecks, and Application Frontiers",2026,Machines,10.3390/machines14060635,https://doi.org/10.3390/machines14060635,
openalex_only,OpenAlex,doi:10.3390/machines14060595,1,0,1,Real-Time Feasibility of Digital Twins for Process Control: A Computational Analysis,2026,Machines,10.3390/machines14060595,https://doi.org/10.3390/machines14060595,low_relevance:1
openalex_only,OpenAlex,doi:10.3390/machines14050550,1,0,1,Recent Advances in Artificial Intelligence and Machine Learning for Life Cycle-Wide Additive Manufacturing: A Comprehensive Review,2026,Machines,10.3390/machines14050550,https://doi.org/10.3390/machines14050550,low_relevance:1
openalex_only,OpenAlex,doi:10.1002/mame.202500082,1,1,0,3D Freeze‐Printing of Binder‐Free PEDOT:PSS,2025,Macromolecular Materials and Engineering,10.1002/mame.202500082,https://doi.org/10.1002/mame.202500082,
openalex_only,OpenAlex,doi:10.1002/mame.202500402,1,1,0,3D Polymeric Nanonetworks: From Self‐Assembly to Advanced Fabrication,2025,Macromolecular Materials and Engineering,10.1002/mame.202500402,https://doi.org/10.1002/mame.202500402,
openalex_only,OpenAlex,doi:10.1002/mame.202500227,1,1,0,Leveraging Itaconic Acid in Microcrystalline Cellulose Reinforced Shape Memory Photopolymers for Sustainable 4D Printing,2025,Macromolecular Materials and Engineering,10.1002/mame.202500227,https://doi.org/10.1002/mame.202500227,
openalex_only,OpenAlex,doi:10.1002/mame.202500338,1,1,0,Morphological and Computational Analysis of Additively Manufacturable Polyimide Precursors: Implications for Rationally Designing New Polyimide Structures,2025,Macromolecular Materials and Engineering,10.1002/mame.202500338,https://doi.org/10.1002/mame.202500338,
openalex_only,OpenAlex,doi:10.1002/marc.202500884,1,1,0,4D Printable Formulations of Mixed Low and High Molecular Weight Liquid Crystalline Units: A Versatile Route to Functional Soft Actuators,2026,Macromolecular Rapid Communications,10.1002/marc.202500884,https://doi.org/10.1002/marc.202500884,
openalex_only,OpenAlex,doi:10.1021/acs.macromol.5c01580,1,1,0,Dexter Energy Transfer-Enabled Biobased Oxime Ester-Photosensitizer System for Rapid Visible-Light/Sunlight-Induced Photocuring and 3D Printing,2025,Macromolecules,10.1021/acs.macromol.5c01580,https://doi.org/10.1021/acs.macromol.5c01580,
openalex_only,OpenAlex,doi:10.1021/acs.macromol.5c01310,1,1,0,Polycaprolactone–Itaconic Acid Resins for Additive Manufacturing of Environmentally Degradable 3D and 4D Materials by Thiol-ene Photopolymerization,2025,Macromolecules,10.1021/acs.macromol.5c01310,https://doi.org/10.1021/acs.macromol.5c01310,
openalex_only,OpenAlex,doi:10.1021/acs.macromol.5c03638,1,1,0,Real-Time Polarized Photo-Rheo-IR Investigation of Shear-Induced Alignment in Liquid Crystal Elastomers,2026,Macromolecules,10.1021/acs.macromol.5c03638,https://doi.org/10.1021/acs.macromol.5c03638,
openalex_only,OpenAlex,doi:10.33175/mtr.2025.277313,1,0,1,"Harnessing cutting-edge technologies for sustainable future shipping: An overview of innovations, drivers, barriers, and opportunities",2025,Maritime Technology and Research,10.33175/mtr.2025.277313,https://doi.org/10.33175/mtr.2025.277313,low_relevance:1
openalex_only,OpenAlex,doi:10.52209/2706-977x_2026_1_62,1,0,1,A Review of Modeling and Preparation of Functionally Graded Materials for Bone Tissue Engineering,2026,Material and Mechanical Engineering Technology,10.52209/2706-977x_2026_1_62,https://doi.org/10.52209/2706-977x_2026_1_62,low_relevance:1
openalex_only,OpenAlex,doi:10.3390/ma17205028,1,0,1,Four-Dimensional Printing of Multi-Material Origami and Kirigami-Inspired Hydrogel Self-Folding Structures,2024,Materials,10.3390/ma17205028,https://doi.org/10.3390/ma17205028,low_relevance:1
openalex_only,OpenAlex,doi:10.3390/ma17163980,1,1,0,Fundamental Aspects of Stretchable Mechanochromic Materials: Fabrication and Characterization,2024,Materials,10.3390/ma17163980,https://doi.org/10.3390/ma17163980,
openalex_only,OpenAlex,doi:10.3390/ma18225070,1,1,0,"3D-Printed Carbon-Based Electrochemical Energy Storage Devices: Material Design, Structural Engineering, and Application Frontiers",2025,Materials,10.3390/ma18225070,https://doi.org/10.3390/ma18225070,
openalex_only,OpenAlex,doi:10.3390/ma18225146,1,1,0,Application of CMT-Twin DED-Arc Process on the Fabrication of Invar 36 by In Situ Alloying,2025,Materials,10.3390/ma18225146,https://doi.org/10.3390/ma18225146,
openalex_only,OpenAlex,doi:10.3390/ma18204720,1,1,0,Impact of Autoclaving on the Material Properties of Vat-Photopolymerization-Produced Components Intended for Bioprocess Engineering,2025,Materials,10.3390/ma18204720,https://doi.org/10.3390/ma18204720,
openalex_only,OpenAlex,doi:10.3390/ma18081750,1,0,1,Improved Mechanical Properties of Polyurethane-Driven 4D Printing of Aluminum Oxide Ceramics,2025,Materials,10.3390/ma18081750,https://doi.org/10.3390/ma18081750,low_relevance:1
openalex_only,OpenAlex,doi:10.3390/ma18225237,1,0,1,"Laser Technologies of Welding, Surfacing and Regeneration of Metals with HCP Structure (Mg, Ti, Zr): State of the Art, Challenges and Prospects",2025,Materials,10.3390/ma18225237,https://doi.org/10.3390/ma18225237,low_relevance:1
openalex_only,OpenAlex,doi:10.3390/ma18020240,1,1,0,Mechanical Characterization and Computational Analysis of TPU 60A: Integrating Experimental Testing and Simulation for Performance Optimization,2025,Materials,10.3390/ma18020240,https://doi.org/10.3390/ma18020240,
openalex_only,OpenAlex,doi:10.3390/ma18174004,1,1,0,Pyrolysis Kinetics-Driven Resin Optimization for Enhanced Reliability in Ceramic Vat Photopolymerization Manufacturing,2025,Materials,10.3390/ma18174004,https://doi.org/10.3390/ma18174004,
openalex_only,OpenAlex,doi:10.3390/ma18133146,1,1,0,Recent Trends in Non-Destructive Testing Approaches for Composite Materials: A Review of Successful Implementations,2025,Materials,10.3390/ma18133146,https://doi.org/10.3390/ma18133146,
openalex_only,OpenAlex,doi:10.3390/ma18163859,1,1,0,Research on Laser Cladding Single-Pass Continuous Carbon Fiber-Reinforced Aluminum Matrix Composite Process Based on Abaqus,2025,Materials,10.3390/ma18163859,https://doi.org/10.3390/ma18163859,
openalex_only,OpenAlex,doi:10.3390/ma19061208,1,1,0,Advanced Manufacturing of PLA Surgical Templates for Orbital Floor Geometry: Optimizing Fidelity and Surface Morphology via Variable Layer Height MEX 3D Printing,2026,Materials,10.3390/ma19061208,https://doi.org/10.3390/ma19061208,
openalex_only,OpenAlex,doi:10.3390/ma19020426,1,0,1,Advanced Numerical Modeling of Powder Bed Fusion: From Physics-Based Simulations to AI-Augmented Digital Twins,2026,Materials,10.3390/ma19020426,https://doi.org/10.3390/ma19020426,low_relevance:1
openalex_only,OpenAlex,doi:10.3390/ma19122538,1,1,0,Artificial Intelligence in the Design and Optimization of Orthodontic Materials: A Clinical Perspective on Current State and Future Directions,2026,Materials,10.3390/ma19122538,https://doi.org/10.3390/ma19122538,
openalex_only,OpenAlex,doi:10.3390/ma19091789,1,0,1,"Biodegradable Metals and Corrosion Control: Challenges, Limits and New Opportunities for Innovating in Orthopedic Fixations",2026,Materials,10.3390/ma19091789,https://doi.org/10.3390/ma19091789,low_relevance:1
openalex_only,OpenAlex,doi:10.3390/ma19071443,1,1,0,"Biopolymer-Based Electrospun Nanofibers for Wound Healing, Regeneration, and Therapeutics",2026,Materials,10.3390/ma19071443,https://doi.org/10.3390/ma19071443,
openalex_only,OpenAlex,doi:10.3390/ma19112220,1,1,0,Comparison of the Mechanical Properties and Surface Characteristics of Vat Photopolymerization Resin Materials and a Polymethyl Methacrylate Disc Material,2026,Materials,10.3390/ma19112220,https://doi.org/10.3390/ma19112220,
openalex_only,OpenAlex,doi:10.3390/ma19081502,1,0,1,The Low-Velocity Oblique Impact Resistance of 3D-Printed Bouligand Laminates,2026,Materials,10.3390/ma19081502,https://doi.org/10.3390/ma19081502,low_relevance:1
openalex_only,OpenAlex,doi:10.3390/ma19061064,1,1,0,Thermal Deformation in Non-Planar Large-Scale Additive Manufacturing of ABS: Experimental and Finite Element Analysis,2026,Materials,10.3390/ma19061064,https://doi.org/10.3390/ma19061064,
openalex_only,OpenAlex,doi:10.1016/j.matdes.2024.112725,1,1,0,4D printing of semi-crystalline crosslinked polymer networks with two-way shape-memory effect,2024,Materials & Design,10.1016/j.matdes.2024.112725,https://doi.org/10.1016/j.matdes.2024.112725,
openalex_only,OpenAlex,doi:10.1016/j.matdes.2025.114139,1,1,0,Machine learning-aided lattice optimization for ultra-lightweight 3D-printed aligners,2025,Materials & Design,10.1016/j.matdes.2025.114139,https://doi.org/10.1016/j.matdes.2025.114139,
openalex_only,OpenAlex,doi:10.1016/j.matdes.2026.116367,1,1,0,Interfacial structure − property relationships in additively manufactured WC-Co/316L multi-material systems,2026,Materials & Design,10.1016/j.matdes.2026.116367,https://doi.org/10.1016/j.matdes.2026.116367,
openalex_only,OpenAlex,doi:10.1016/j.matdes.2026.115980,1,0,1,Seams matter: Introducing seam-induced defects and their structural and mechanical influence in 3D printed thin-walled structures and metamaterials,2026,Materials & Design,10.1016/j.matdes.2026.115980,https://doi.org/10.1016/j.matdes.2026.115980,low_relevance:1
openalex_only,OpenAlex,doi:10.1039/d4ma00874j,1,1,0,A review on mechanical metamaterials and additive manufacturing techniques for biomedical applications,2024,Materials Advances,10.1039/d4ma00874j,https://doi.org/10.1039/d4ma00874j,
openalex_only,OpenAlex,doi:10.1088/2752-5724/ad69af,1,0,1,Recent advances in 3D-printable aggregation-induced emission materials,2024,Materials Futures,10.1088/2752-5724/ad69af,https://doi.org/10.1088/2752-5724/ad69af,low_relevance:1
openalex_only,OpenAlex,doi:10.1039/d4mh01680g,1,0,1,From 3D to 4D printing of lignin towards green materials and sustainable manufacturing,2025,Materials Horizons,10.1039/d4mh01680g,https://doi.org/10.1039/d4mh01680g,low_relevance:1
openalex_only,OpenAlex,doi:10.1039/d5mh01907a,1,1,0,Shape programming of liquid crystal elastomers by two-stage wavelength-selective photopolymerization,2025,Materials Horizons,10.1039/d5mh01907a,https://doi.org/10.1039/d5mh01907a,
openalex_only,OpenAlex,doi:10.1016/j.materresbull.2026.114251,1,0,1,Materials by machines: A review on intuition and knowledge-driven learning for rapid discovery and optimization,2026,Materials Research Bulletin,10.1016/j.materresbull.2026.114251,https://doi.org/10.1016/j.materresbull.2026.114251,low_relevance:1
openalex_only,OpenAlex,doi:10.1080/21663831.2026.2680191,1,1,0,Additive manufacturing of metallic heterostructured materials: from 1D to 4D,2026,Materials Research Letters,10.1080/21663831.2026.2680191,https://doi.org/10.1080/21663831.2026.2680191,
openalex_only,OpenAlex,doi:10.1016/j.mser.2024.100890,1,1,0,Hybrid 4D printing of flexible multifunctional composites by multi jet fusion and direct ink writing,2024,Materials Science and Engineering R Reports,10.1016/j.mser.2024.100890,https://doi.org/10.1016/j.mser.2024.100890,
openalex_only,OpenAlex,doi:10.1016/j.mtcomm.2025.114490,1,1,0,"Smart materials for 4D printing: Emerging biomedical applications, stimuli, techniques, and future directions",2025,Materials Today Communications,10.1016/j.mtcomm.2025.114490,https://doi.org/10.1016/j.mtcomm.2025.114490,
openalex_only,OpenAlex,doi:10.1016/j.mtcomm.2026.115492,1,1,0,Rate-dependent and anisotropic mechanical behavior of Elastic-50A and Flexible-80A photopolymer resins,2026,Materials Today Communications,10.1016/j.mtcomm.2026.115492,https://doi.org/10.1016/j.mtcomm.2026.115492,
openalex_only,OpenAlex,doi:10.1016/j.mtsust.2026.101339,1,1,0,Towards sustainable hydrogen infrastructures: Additive manufacturing of metallic materials for enhanced resistance to hydrogen embrittlement,2026,Materials Today Sustainability,10.1016/j.mtsust.2026.101339,https://doi.org/10.1016/j.mtsust.2026.101339,
openalex_only,OpenAlex,doi:10.54097/30b91y36,1,1,0,Integrated Manufacturing of Soft Robots Based on 3D Printing,2026,Mathematical Modeling and Algorithm Application,10.54097/30b91y36,https://doi.org/10.54097/30b91y36,
openalex_only,OpenAlex,doi:10.3390/math14050763,1,0,1,"Advanced Graph Neural Networks for Smart Mining: A Systematic Literature Review of Equivariant, Topological, Symplectic, and Generative Models",2026,Mathematics,10.3390/math14050763,https://doi.org/10.3390/math14050763,low_relevance:1
openalex_only,OpenAlex,doi:10.1016/j.matt.2024.01.006,1,1,0,Movement with light: Photoresponsive shape morphing of printed liquid crystal elastomers,2024,Matter,10.1016/j.matt.2024.01.006,https://doi.org/10.1016/j.matt.2024.01.006,
openalex_only,OpenAlex,doi:10.1088/1361-6501/ae671e,1,1,0,Importance of surface roughness to the performance of additively-manufactured magnets,2026,Measurement Science and Technology,10.1088/1361-6501/ae671e,https://doi.org/10.1088/1361-6501/ae671e,
openalex_only,OpenAlex,doi:10.1016/j.ymssp.2026.114453,1,0,1,Study on real-time prediction for porosity in laser melting based on a digital twin-driven deep learning framework,2026,Mechanical Systems and Signal Processing,10.1016/j.ymssp.2026.114453,https://doi.org/10.1016/j.ymssp.2026.114453,low_relevance:1
openalex_only,OpenAlex,doi:10.5755/j02.mech.40395,1,1,0,Recent Advances in Friction Stir Additive Manufacturing: A Review of Mechanical and Microstructural Performance in Similar and Dissimilar Composites,2026,Mechanika,10.5755/j02.mech.40395,https://doi.org/10.5755/j02.mech.40395,
openalex_only,OpenAlex,doi:10.1016/j.mechatronics.2026.103558,1,0,1,A digital twin of evaporative thermo-fluidic process in the fixation unit of DoD inkjet printers,2026,Mechatronics,10.1016/j.mechatronics.2026.103558,https://doi.org/10.1016/j.mechatronics.2026.103558,low_relevance:1
openalex_only,OpenAlex,doi:10.1002/mco2.70597,1,0,1,"AI‐Driven Revolution of Medical Robotics Across Surgical Innovation, Rehabilitation Intelligence, and Multimodal Healthcare Delivery",2026,MedComm,10.1002/mco2.70597,https://doi.org/10.1002/mco2.70597,low_relevance:1
openalex_only,OpenAlex,doi:10.3390/met15101163,1,0,1,Enhancing Biomedical Metal 3D Printing with AI and Nanomaterials Integration,2025,Metals,10.3390/met15101163,https://doi.org/10.3390/met15101163,low_relevance:1
openalex_only,OpenAlex,doi:10.3390/met16010049,1,1,0,Joining Technologies and Extended Producer Responsibility: A Review on Sustainability and End-of-Life Management of Metal Structures,2025,Metals,10.3390/met16010049,https://doi.org/10.3390/met16010049,
openalex_only,OpenAlex,doi:10.3390/met15121315,1,1,0,Metallic Mechanical Metamaterials Produced by LPBF for Energy Absorption Systems,2025,Metals,10.3390/met15121315,https://doi.org/10.3390/met15121315,
openalex_only,OpenAlex,doi:10.3390/met16040390,1,0,1,Industry 4.0-Enabled Friction Stir Welding: A Review of Intelligent Joining for Aerospace and Automotive Applications,2026,Metals,10.3390/met16040390,https://doi.org/10.3390/met16040390,low_relevance:1
openalex_only,OpenAlex,doi:10.3390/metrology6010003,1,1,0,"Recent Advances in Digital Fringe Projection Profilometry (2022–2025): Techniques, Applications, and Metrological Challenges—A Review",2026,Metrology,10.3390/metrology6010003,https://doi.org/10.3390/metrology6010003,
openalex_only,OpenAlex,doi:10.1007/s00604-025-07634-8,1,1,0,Multi-material integrated 3D-printed electrochemical detection platform for rapid on-site screening of nimesulide in industrial sewage,2025,Microchimica Acta,10.1007/s00604-025-07634-8,https://doi.org/10.1007/s00604-025-07634-8,
openalex_only,OpenAlex,doi:10.1007/s00604-026-07848-4,1,1,0,Tunable gold nanoparticle synthesis using microfluidic flow focusing enabled by reusable 3D-printed multimaterial connectors,2026,Microchimica Acta,10.1007/s00604-026-07848-4,https://doi.org/10.1007/s00604-026-07848-4,
openalex_only,OpenAlex,doi:10.3390/mi15121433,1,1,0,Advancements in Materials for 3D-Printed Microneedle Arrays: Enhancing Performance and Biocompatibility,2024,Micromachines,10.3390/mi15121433,https://doi.org/10.3390/mi15121433,
openalex_only,OpenAlex,doi:10.3390/mi15040438,1,0,1,Control of Self-Winding Microrobot Using an Electromagnetic Drive System: Integration of Movable Electromagnetic Coil and Permanent Magnet,2024,Micromachines,10.3390/mi15040438,https://doi.org/10.3390/mi15040438,low_relevance:1
openalex_only,OpenAlex,doi:10.3390/mi15020275,1,1,0,Evolution of the Microrobots: Stimuli-Responsive Materials and Additive Manufacturing Technologies Turn Small Structures into Microscale Robots,2024,Micromachines,10.3390/mi15020275,https://doi.org/10.3390/mi15020275,
openalex_only,OpenAlex,doi:10.3390/mi16080940,1,1,0,Advances in 3D Printing: Microfabrication Techniques and Forming Applications,2025,Micromachines,10.3390/mi16080940,https://doi.org/10.3390/mi16080940,
openalex_only,OpenAlex,doi:10.3390/mi17020226,1,1,0,A Transferable Digital Twin-Driven Process Design Framework for High-Performance Multi-Jet Polishing,2026,Micromachines,10.3390/mi17020226,https://doi.org/10.3390/mi17020226,
openalex_only,OpenAlex,doi:10.3390/mi17030282,1,1,0,"Advances in 3D Bioprinting: Materials, Processes, and Emerging Applications",2026,Micromachines,10.3390/mi17030282,https://doi.org/10.3390/mi17030282,
openalex_only,OpenAlex,doi:10.3390/mi17060698,1,1,0,Comprehensive Review of Research Progress on Trajectory Planning and Weld Seam Tracking in Wire Arc Additive Manufacturing,2026,Micromachines,10.3390/mi17060698,https://doi.org/10.3390/mi17060698,
openalex_only,OpenAlex,doi:10.3390/mi17040494,1,1,0,"Surface Acoustic Wave Devices: New Mechanisms, Enabling Techniques, and Application Frontiers",2026,Micromachines,10.3390/mi17040494,https://doi.org/10.3390/mi17040494,
openalex_only,OpenAlex,doi:10.1038/s41378-025-00975-7,1,1,0,Micro-spring force sensors using conductive photosensitive resin fabricated via two-photon polymerization,2025,Microsystems & Nanoengineering,10.1038/s41378-025-00975-7,https://doi.org/10.1038/s41378-025-00975-7,
openalex_only,OpenAlex,doi:10.1038/s41378-026-01237-w,1,1,0,Electrohydrodynamic printed ultra-high performance liquid metal strain sensor,2026,Microsystems & Nanoengineering,10.1038/s41378-026-01237-w,https://doi.org/10.1038/s41378-026-01237-w,
openalex_only,OpenAlex,doi:10.1038/s41378-025-01035-w,1,1,0,Proximal sound printing: direct 3D printing of microstructures on polymers,2026,Microsystems & Nanoengineering,10.1038/s41378-025-01035-w,https://doi.org/10.1038/s41378-025-01035-w,
openalex_only,OpenAlex,doi:10.1016/j.mmr.2026.100006,1,1,0,3D bioprinting of tissues and organs for systemic diseases and localized injuries,2026,Military Medical Research,10.1016/j.mmr.2026.100006,https://doi.org/10.1016/j.mmr.2026.100006,
openalex_only,OpenAlex,doi:10.3390/molecules29020319,1,1,0,"Polymer Composites in 3D/4D Printing: Materials, Advances, and Prospects",2024,Molecules,10.3390/molecules29020319,https://doi.org/10.3390/molecules29020319,
openalex_only,OpenAlex,doi:10.3390/molecules30194000,1,1,0,"Three-Dimensional Printable Photocurable Elastomer Composed of Hydroxyethyl Acrylate and Hydroxy Fatty Acid Derived from Waste Cooking Oil: An Innovative Strategy for Sustainable, Highly Flexible Resin Development",2025,Molecules,10.3390/molecules30194000,https://doi.org/10.3390/molecules30194000,
openalex_only,OpenAlex,doi:10.3390/molecules31081316,1,1,0,Initial Study of Feedstock Material Compositions for 3D Printing of Hybrid Metal–Polymer Components via Electrodeposition and Photopolymerization in an Electroplating Bath Environment,2026,Molecules,10.3390/molecules31081316,https://doi.org/10.3390/molecules31081316,
openalex_only,OpenAlex,doi:10.1557/s43579-026-00919-w,1,1,0,Additive manufacturing for structuring stimuli-responsive materials,2026,MRS Communications,10.1557/s43579-026-00919-w,https://doi.org/10.1557/s43579-026-00919-w,
openalex_only,OpenAlex,doi:10.26599/nr.2025.94907334,1,0,1,Processable subnanowire-liquid crystal ink for encryption and anti-counterfeiting,2025,Nano Research,10.26599/nr.2025.94907334,https://doi.org/10.26599/nr.2025.94907334,low_relevance:1
openalex_only,OpenAlex,doi:10.26599/nr.2026.94908451,1,1,0,Advanced micro-/nano additive manufacturing of multi-materials,2026,Nano Research,10.26599/nr.2026.94908451,https://doi.org/10.26599/nr.2026.94908451,
openalex_only,OpenAlex,doi:10.1007/s40820-026-02130-x,1,1,0,Information Security with Smart Hydrogels: Photo-Patterning and Multi-Stimuli Responsive Structural Color,2026,Nano-Micro Letters,10.1007/s40820-026-02130-x,https://doi.org/10.1007/s40820-026-02130-x,
openalex_only,OpenAlex,doi:10.1007/s40820-025-02026-2,1,1,0,Microscale Architectures for Intelligent Soft Robotics: From Functional Microneedles to Biointegrated Wearable Systems,2026,Nano-Micro Letters,10.1007/s40820-025-02026-2,https://doi.org/10.1007/s40820-025-02026-2,
openalex_only,OpenAlex,doi:10.1007/s40820-026-02154-3,1,1,0,MXene-Assembled Liquid Metal Hybrid Microparticles for Multifunctional and Stretchable Printed Electronics,2026,Nano-Micro Letters,10.1007/s40820-026-02154-3,https://doi.org/10.1007/s40820-026-02154-3,
openalex_only,OpenAlex,doi:10.1007/s40820-025-01986-9,1,1,0,Rational Design and Functionalization of Melt Electrowritten 4D Scaffolds for Biomedical Applications,2026,Nano-Micro Letters,10.1007/s40820-025-01986-9,https://doi.org/10.1007/s40820-025-01986-9,
openalex_only,OpenAlex,doi:10.3390/nanomanufacturing6010001,1,1,0,Advancements in Two-Photon Polymerization (2PP) for Micro and Nanoscale Fabrication,2025,Nanomanufacturing,10.3390/nanomanufacturing6010001,https://doi.org/10.3390/nanomanufacturing6010001,
openalex_only,OpenAlex,doi:10.3390/nano15161228,1,1,0,"Smart Polymers and Adaptive Systems in Pilot Suit Engineering: Toward Autonomous, Responsive, and Wearable Flight Technologies",2025,Nanomaterials,10.3390/nano15161228,https://doi.org/10.3390/nano15161228,
openalex_only,OpenAlex,doi:10.3390/nano16020100,1,1,0,"Graphene/CNT Nanocomposites: Processing, Properties, and Applications",2026,Nanomaterials,10.3390/nano16020100,https://doi.org/10.3390/nano16020100,
openalex_only,OpenAlex,doi:10.66754/nase.1901556,1,0,1,Development of an Offline Digital Twin Framework for Forging Dies Based on the Upper Bound Energy Method,2026,Natural Sciences and Engineering Bulletin,10.66754/nase.1901556,https://doi.org/10.66754/nase.1901556,low_relevance:1
openalex_only,OpenAlex,doi:10.1038/s41586-024-07399-9,1,1,0,"A renewably sourced, circular photopolymer resin for additive manufacturing",2024,Nature,10.1038/s41586-024-07399-9,https://doi.org/10.1038/s41586-024-07399-9,
openalex_only,OpenAlex,doi:10.1038/s41586-024-08077-6,1,1,0,Dynamic interface printing,2024,Nature,10.1038/s41586-024-08077-6,https://doi.org/10.1038/s41586-024-08077-6,
openalex_only,OpenAlex,doi:10.1038/s41586-025-09436-7,1,1,0,Adaptive and context-aware volumetric printing,2025,Nature,10.1038/s41586-025-09436-7,https://doi.org/10.1038/s41586-025-09436-7,
openalex_only,OpenAlex,doi:10.1038/s44286-026-00392-1,1,0,1,A knowledge graph framework for digital twins of chemical processes,2026,Nature Chemical Engineering,10.1038/s44286-026-00392-1,https://doi.org/10.1038/s44286-026-00392-1,low_relevance:1
openalex_only,OpenAlex,doi:10.1038/s41467-024-46532-0,1,1,0,3D printing by stereolithography using thermal initiators,2024,Nature Communications,10.1038/s41467-024-46532-0,https://doi.org/10.1038/s41467-024-46532-0,
openalex_only,OpenAlex,doi:10.1038/s41467-024-45938-0,1,1,0,4D printed hydrogel scaffold with swelling-stiffening properties and programmable deformation for minimally invasive implantation,2024,Nature Communications,10.1038/s41467-024-45938-0,https://doi.org/10.1038/s41467-024-45938-0,
openalex_only,OpenAlex,doi:10.1038/s41467-023-44599-9,1,0,1,A dynamic knowledge graph approach to distributed self-driving laboratories,2024,Nature Communications,10.1038/s41467-023-44599-9,https://doi.org/10.1038/s41467-023-44599-9,low_relevance:1
openalex_only,OpenAlex,doi:10.1038/s41467-024-45725-x,1,0,1,An agricultural digital twin for mandarins demonstrates the potential for individualized agriculture,2024,Nature Communications,10.1038/s41467-024-45725-x,https://doi.org/10.1038/s41467-024-45725-x,low_relevance:1
openalex_only,OpenAlex,doi:10.1038/s41467-024-47070-5,1,0,1,An integrated high-throughput robotic platform and active learning approach for accelerated discovery of optimal electrolyte formulations,2024,Nature Communications,10.1038/s41467-024-47070-5,https://doi.org/10.1038/s41467-024-47070-5,low_relevance:1
openalex_only,OpenAlex,doi:10.1038/s41467-024-45345-5,1,1,0,Automatic data-driven design and 3D printing of custom ocular prostheses,2024,Nature Communications,10.1038/s41467-024-45345-5,https://doi.org/10.1038/s41467-024-45345-5,
openalex_only,OpenAlex,doi:10.1038/s41467-024-51086-2,1,1,0,Capillary trapping of various nanomaterials on additively manufactured scaffolds for 3D micro-/nanofabrication,2024,Nature Communications,10.1038/s41467-024-51086-2,https://doi.org/10.1038/s41467-024-51086-2,
openalex_only,OpenAlex,doi:10.1038/s41467-024-54712-1,1,0,1,Conditional neural field latent diffusion model for generating spatiotemporal turbulence,2024,Nature Communications,10.1038/s41467-024-54712-1,https://doi.org/10.1038/s41467-024-54712-1,low_relevance:1
openalex_only,OpenAlex,doi:10.1038/s41467-024-49469-6,1,1,0,Consecutive multimaterial printing of biomimetic ionic hydrogel power sources with high flexibility and stretchability,2024,Nature Communications,10.1038/s41467-024-49469-6,https://doi.org/10.1038/s41467-024-49469-6,
openalex_only,OpenAlex,doi:10.1038/s41467-024-45039-y,1,1,0,Direct 4D printing of ceramics driven by hydrogel dehydration,2024,Nature Communications,10.1038/s41467-024-45039-y,https://doi.org/10.1038/s41467-024-45039-y,
openalex_only,OpenAlex,doi:10.1038/s41467-024-46591-3,1,1,0,Electrothermally controlled origami fabricated by 4D printing of continuous fiber-reinforced composites,2024,Nature Communications,10.1038/s41467-024-46591-3,https://doi.org/10.1038/s41467-024-46591-3,
openalex_only,OpenAlex,doi:10.1038/s41467-024-47360-y,1,1,0,Gradient matters via filament diameter-adjustable 3D printing,2024,Nature Communications,10.1038/s41467-024-47360-y,https://doi.org/10.1038/s41467-024-47360-y,
openalex_only,OpenAlex,doi:10.1038/s41467-024-50797-w,1,1,0,Highly conductive and stretchable nanostructured ionogels for 3D printing capacitive sensors with superior performance,2024,Nature Communications,10.1038/s41467-024-50797-w,https://doi.org/10.1038/s41467-024-50797-w,
openalex_only,OpenAlex,doi:10.1038/s41467-024-50923-8,1,1,0,Holographic direct sound printing,2024,Nature Communications,10.1038/s41467-024-50923-8,https://doi.org/10.1038/s41467-024-50923-8,
openalex_only,OpenAlex,doi:10.1038/s41467-024-46233-8,1,0,1,Lunar rock investigation and tri-aspect characterization of lunar farside regolith by a digital twin,2024,Nature Communications,10.1038/s41467-024-46233-8,https://doi.org/10.1038/s41467-024-46233-8,low_relevance:1
openalex_only,OpenAlex,doi:10.1038/s41467-024-49775-z,1,1,0,Machine learning-enabled forward prediction and inverse design of 4D-printed active plates,2024,Nature Communications,10.1038/s41467-024-49775-z,https://doi.org/10.1038/s41467-024-49775-z,
openalex_only,OpenAlex,doi:10.1038/s41467-024-54939-y,1,1,0,Metamaterial-based injection molding for the cost-effective production of whole cuts,2024,Nature Communications,10.1038/s41467-024-54939-y,https://doi.org/10.1038/s41467-024-54939-y,
openalex_only,OpenAlex,doi:10.1038/s41467-024-52261-1,1,1,0,Multicomponent alloys designed to sinter,2024,Nature Communications,10.1038/s41467-024-52261-1,https://doi.org/10.1038/s41467-024-52261-1,
openalex_only,OpenAlex,doi:10.1038/s41467-024-46929-x,1,1,0,One-photon three-dimensional printed fused silica glass with sub-micron features,2024,Nature Communications,10.1038/s41467-024-46929-x,https://doi.org/10.1038/s41467-024-46929-x,
openalex_only,OpenAlex,doi:10.1038/s41467-024-46498-z,1,1,0,"Programming mechanics in knitted materials, stitch by stitch",2024,Nature Communications,10.1038/s41467-024-46498-z,https://doi.org/10.1038/s41467-024-46498-z,
openalex_only,OpenAlex,doi:10.1038/s41467-024-47452-9,1,1,0,Vapor-induced phase-separation-enabled versatile direct ink writing,2024,Nature Communications,10.1038/s41467-024-47452-9,https://doi.org/10.1038/s41467-024-47452-9,
openalex_only,OpenAlex,doi:10.1038/s41467-024-46337-1,1,1,0,Wood-inspired metamaterial catalyst for robust and high-throughput water purification,2024,Nature Communications,10.1038/s41467-024-46337-1,https://doi.org/10.1038/s41467-024-46337-1,
openalex_only,OpenAlex,doi:10.1038/s41467-025-66554-6,1,1,0,4D printed deformation labels with machine learning for monitoring and preservation of respiring climacteric fruits,2025,Nature Communications,10.1038/s41467-025-66554-6,https://doi.org/10.1038/s41467-025-66554-6,
openalex_only,OpenAlex,doi:10.1038/s41467-025-67323-1,1,1,0,4D printing of trigger-free shape-memory hydrogels towards self-adaptive substrates for bioelectronics,2025,Nature Communications,10.1038/s41467-025-67323-1,https://doi.org/10.1038/s41467-025-67323-1,
openalex_only,OpenAlex,doi:10.1038/s41467-025-65306-w,1,0,1,A digital twin framework for urban parking management and mobility forecasting,2025,Nature Communications,10.1038/s41467-025-65306-w,https://doi.org/10.1038/s41467-025-65306-w,low_relevance:1
openalex_only,OpenAlex,doi:10.1038/s41467-025-56025-3,1,1,0,A framework for soft mechanism driven robots,2025,Nature Communications,10.1038/s41467-025-56025-3,https://doi.org/10.1038/s41467-025-56025-3,
openalex_only,OpenAlex,doi:10.1038/s41467-025-64075-w,1,1,0,A high-κ homogeneous ink for printable electroluminescent devices,2025,Nature Communications,10.1038/s41467-025-64075-w,https://doi.org/10.1038/s41467-025-64075-w,
openalex_only,OpenAlex,doi:10.1038/s41467-025-61533-3,1,1,0,Cascade upconversion: a strategy enabling four-photon lithography in weak light intensity,2025,Nature Communications,10.1038/s41467-025-61533-3,https://doi.org/10.1038/s41467-025-61533-3,
openalex_only,OpenAlex,doi:10.1038/s41467-025-64078-7,1,1,0,Digitally fabricated 3D slippery architectures for multifunctional liquid manipulation,2025,Nature Communications,10.1038/s41467-025-64078-7,https://doi.org/10.1038/s41467-025-64078-7,
openalex_only,OpenAlex,doi:10.1038/s41467-025-65434-3,1,1,0,Dynamically crosslinked-interpenetrating networks for sustainable 3D-printed elastomeric foams,2025,Nature Communications,10.1038/s41467-025-65434-3,https://doi.org/10.1038/s41467-025-65434-3,
openalex_only,OpenAlex,doi:10.1038/s41467-026-73456-8,1,1,0,Enhanced Volumetric Additive Manufacturing via Reversible Addition-Fragmentation Chain Transfer (RAFT) Polymerization,2025,Nature Communications,10.1038/s41467-026-73456-8,https://doi.org/10.1038/s41467-026-73456-8,
openalex_only,OpenAlex,doi:10.1038/s41467-025-66455-8,1,1,0,"Evaporation-driven generic, high-throughput and roll-to-roll printing of nanomaterials",2025,Nature Communications,10.1038/s41467-025-66455-8,https://doi.org/10.1038/s41467-025-66455-8,
openalex_only,OpenAlex,doi:10.1038/s41467-025-56636-w,1,1,0,Flexible electro-hydraulic power chips,2025,Nature Communications,10.1038/s41467-025-56636-w,https://doi.org/10.1038/s41467-025-56636-w,
openalex_only,OpenAlex,doi:10.1038/s41467-025-62883-8,1,1,0,Geometrically insensitive deform-and-go liquid crystal elastomer actuators through controlled radical diffusion,2025,Nature Communications,10.1038/s41467-025-62883-8,https://doi.org/10.1038/s41467-025-62883-8,
openalex_only,OpenAlex,doi:10.1038/s41467-025-65378-8,1,1,0,Halftone-encoded 4D printing of stimulus-reconfigurable binary domains for cephalopod-inspired synthetic smart skins,2025,Nature Communications,10.1038/s41467-025-65378-8,https://doi.org/10.1038/s41467-025-65378-8,
openalex_only,OpenAlex,doi:10.1038/s41467-025-65189-x,1,1,0,High-throughput printing of functionally gradient material from self-propagation,2025,Nature Communications,10.1038/s41467-025-65189-x,https://doi.org/10.1038/s41467-025-65189-x,
openalex_only,OpenAlex,doi:10.1038/s41467-025-64596-4,1,1,0,Ligand-exchange-assisted printing of colloidal nanocrystals to enable all-printed sub-micron optoelectronics,2025,Nature Communications,10.1038/s41467-025-64596-4,https://doi.org/10.1038/s41467-025-64596-4,
openalex_only,OpenAlex,doi:10.1038/s41467-024-55323-6,1,1,0,Multimaterial cryogenic printing of three-dimensional soft hydrogel machines,2025,Nature Communications,10.1038/s41467-024-55323-6,https://doi.org/10.1038/s41467-024-55323-6,
openalex_only,OpenAlex,doi:10.1038/s41467-025-64232-1,1,0,1,Noise-aware training of neuromorphic dynamic device networks,2025,Nature Communications,10.1038/s41467-025-64232-1,https://doi.org/10.1038/s41467-025-64232-1,low_relevance:1
openalex_only,OpenAlex,doi:10.1038/s41467-025-64011-y,1,1,0,Programmable material via thiol-ene polymerization initiated by electric-field induced thiyl radical on piezoelectric ZnO,2025,Nature Communications,10.1038/s41467-025-64011-y,https://doi.org/10.1038/s41467-025-64011-y,
openalex_only,OpenAlex,doi:10.1038/s41467-025-64127-1,1,0,1,Reac-Discovery: an artificial intelligence–driven platform for continuous-flow catalytic reactor discovery and optimization,2025,Nature Communications,10.1038/s41467-025-64127-1,https://doi.org/10.1038/s41467-025-64127-1,low_relevance:1
openalex_only,OpenAlex,doi:10.1038/s41467-025-64092-9,1,1,0,Semi-crystalline and amorphous materials via multi-temperature 3D printing from one formulation,2025,Nature Communications,10.1038/s41467-025-64092-9,https://doi.org/10.1038/s41467-025-64092-9,
openalex_only,OpenAlex,doi:10.1038/s41467-024-55022-2,1,1,0,Soft Metalens for Broadband Ultrasonic Focusing through Aberration Layers,2025,Nature Communications,10.1038/s41467-024-55022-2,https://doi.org/10.1038/s41467-024-55022-2,
openalex_only,OpenAlex,doi:10.1038/s41467-025-63871-8,1,0,1,Spectral tuning and nanoscale localization of single color centers in silicon via controllable strain,2025,Nature Communications,10.1038/s41467-025-63871-8,https://doi.org/10.1038/s41467-025-63871-8,low_relevance:1
openalex_only,OpenAlex,doi:10.1038/s41467-025-65279-w,1,1,0,Synthetic fascia for stiff and tough 4D printed multifunctional structures that detect and tolerate damage,2025,Nature Communications,10.1038/s41467-025-65279-w,https://doi.org/10.1038/s41467-025-65279-w,
openalex_only,OpenAlex,doi:10.1038/s41467-025-56140-1,1,1,0,Time Code for multifunctional 3D printhead controls,2025,Nature Communications,10.1038/s41467-025-56140-1,https://doi.org/10.1038/s41467-025-56140-1,
openalex_only,OpenAlex,doi:10.1038/s41467-024-53513-w,1,1,0,Ultra-light antennas via charge programmed deposition additive manufacturing,2025,Nature Communications,10.1038/s41467-024-53513-w,https://doi.org/10.1038/s41467-024-53513-w,
openalex_only,OpenAlex,doi:10.1038/s41467-025-60087-8,1,1,0,Vat photopolymerization of stretchable foam with highly entangled and crosslinked structures,2025,Nature Communications,10.1038/s41467-025-60087-8,https://doi.org/10.1038/s41467-025-60087-8,
openalex_only,OpenAlex,doi:10.1038/s41467-025-59502-x,1,1,0,Visualization of photocuring and 4D printing with real-time phosphorescence,2025,Nature Communications,10.1038/s41467-025-59502-x,https://doi.org/10.1038/s41467-025-59502-x,
openalex_only,OpenAlex,doi:10.1038/s41467-026-68923-1,1,0,1,Advancing neuroengineering with Neuromorphic Twins,2026,Nature Communications,10.1038/s41467-026-68923-1,https://doi.org/10.1038/s41467-026-68923-1,low_relevance:1
openalex_only,OpenAlex,doi:10.1038/s41467-026-68694-9,1,1,0,Chainmail-inspired conformable and switchable microwave metamaterial absorber,2026,Nature Communications,10.1038/s41467-026-68694-9,https://doi.org/10.1038/s41467-026-68694-9,
openalex_only,OpenAlex,doi:10.1038/s41467-026-73035-x,1,1,0,Diffusion-guided 4D microprinting of soft microactuators,2026,Nature Communications,10.1038/s41467-026-73035-x,https://doi.org/10.1038/s41467-026-73035-x,
openalex_only,OpenAlex,doi:10.1038/s41467-026-70675-x,1,1,0,Experimental mechanician for plate lattice metamaterial discovery,2026,Nature Communications,10.1038/s41467-026-70675-x,https://doi.org/10.1038/s41467-026-70675-x,
openalex_only,OpenAlex,doi:10.1038/s41467-026-71920-z,1,1,0,High-strength liquid metal composite–hydrogel interfaces enable robust stretchable electronics,2026,Nature Communications,10.1038/s41467-026-71920-z,https://doi.org/10.1038/s41467-026-71920-z,
openalex_only,OpenAlex,doi:10.1038/s41467-026-69378-0,1,1,0,Laser-stimulated 4D printing of magnetostrictive Fe-Co-V,2026,Nature Communications,10.1038/s41467-026-69378-0,https://doi.org/10.1038/s41467-026-69378-0,
openalex_only,OpenAlex,doi:10.1038/s41467-026-73735-4,1,1,0,Machine learning guided formulation design of digital light processing printable elastomers beyond viscosity stretchability tradeoff,2026,Nature Communications,10.1038/s41467-026-73735-4,https://doi.org/10.1038/s41467-026-73735-4,
openalex_only,OpenAlex,doi:10.1038/s41467-026-73204-y,1,1,0,Single-parameter programmed thermomechanical actuation via 3D-printed helical director fields in liquid crystal elastomers,2026,Nature Communications,10.1038/s41467-026-73204-y,https://doi.org/10.1038/s41467-026-73204-y,
openalex_only,OpenAlex,doi:10.1038/s41563-024-01810-6,1,1,0,Artificial-goosebump-driven microactuation,2024,Nature Materials,10.1038/s41563-024-01810-6,https://doi.org/10.1038/s41563-024-01810-6,
openalex_only,OpenAlex,doi:10.1038/s41563-024-02031-7,1,1,0,Direct laser 3D nanowriting of metals and their alloys,2024,Nature Materials,10.1038/s41563-024-02031-7,https://doi.org/10.1038/s41563-024-02031-7,
openalex_only,OpenAlex,doi:10.1038/s41563-025-02146-5,1,1,0,Stiff and self-healing hydrogels by polymer entanglements in co-planar nanoconfinement,2025,Nature Materials,10.1038/s41563-025-02146-5,https://doi.org/10.1038/s41563-025-02146-5,
openalex_only,OpenAlex,doi:10.1038/s41563-025-02223-9,1,1,0,Warm metalworking for plastic manufacturing in brittle semiconductors,2025,Nature Materials,10.1038/s41563-025-02223-9,https://doi.org/10.1038/s41563-025-02223-9,
openalex_only,OpenAlex,doi:10.1038/s41563-025-02459-5,1,1,0,Mechanical behaviour of additively manufactured metals,2026,Nature Materials,10.1038/s41563-025-02459-5,https://doi.org/10.1038/s41563-025-02459-5,
openalex_only,OpenAlex,doi:10.1038/s41563-026-02578-7,1,1,0,The data-only illusion in materials discovery,2026,Nature Materials,10.1038/s41563-026-02578-7,https://doi.org/10.1038/s41563-026-02578-7,
openalex_only,OpenAlex,doi:10.1038/s41596-025-01258-1,1,1,0,Sonicated inks and focused-ultrasound writing enable deep-penetration acoustic volumetric printing,2025,Nature Protocols,10.1038/s41596-025-01258-1,https://doi.org/10.1038/s41596-025-01258-1,
openalex_only,OpenAlex,doi:10.1016/j.nxmate.2026.102524,1,1,0,"Comparative review of additive manufacturing techniques for shape memory alloys: Process optimization, property-functionality relationships, and future 4D printing opportunities",2026,Next Materials,10.1016/j.nxmate.2026.102524,https://doi.org/10.1016/j.nxmate.2026.102524,
openalex_only,OpenAlex,doi:10.1080/10589759.2026.2679734,1,0,1,Hybrid AI-Physics framework for predicting failure zones in 3D-Printed protective gear for contact sports,2026,Nondestructive Testing And Evaluation,10.1080/10589759.2026.2679734,https://doi.org/10.1080/10589759.2026.2679734,low_relevance:1
openalex_only,OpenAlex,doi:10.1038/s44334-025-00045-w,1,1,0,Advances and perspectives in multi-material additive manufacturing of heterogenous metal-polymer components,2025,npj Advanced Manufacturing,10.1038/s44334-025-00045-w,https://doi.org/10.1038/s44334-025-00045-w,
openalex_only,OpenAlex,doi:10.1038/s44334-026-00073-0,1,1,0,Multi-material direct ink writing and co-sintering of gadolinium oxide – zirconium oxide components,2026,npj Advanced Manufacturing,10.1038/s44334-026-00073-0,https://doi.org/10.1038/s44334-026-00073-0,
openalex_only,OpenAlex,doi:10.1038/s44334-026-00075-y,1,1,0,Printing orientation and interfacial mechanical design enable superior bonding in multimaterial additive manufacturing,2026,npj Advanced Manufacturing,10.1038/s44334-026-00075-y,https://doi.org/10.1038/s44334-026-00075-y,
openalex_only,OpenAlex,doi:10.1038/s44334-026-00074-z,1,1,0,"Recent advances in ultra-precision manufacturing of electronic, photonic and quantum devices",2026,npj Advanced Manufacturing,10.1038/s44334-026-00074-z,https://doi.org/10.1038/s44334-026-00074-z,
openalex_only,OpenAlex,doi:10.1038/s44387-026-00088-0,1,1,0,Enabling geometry and toolpath generalization for machine learning based thermal modeling in laser powder bed fusion,2026,npj Artificial Intelligence,10.1038/s44387-026-00088-0,https://doi.org/10.1038/s44387-026-00088-0,
openalex_only,OpenAlex,doi:10.1038/s44385-026-00073-x,1,1,0,3D biofabricated in vitro models as new approach methodologies for animal alternatives,2026,npj Biomedical Innovations.,10.1038/s44385-026-00073-x,https://doi.org/10.1038/s44385-026-00073-x,
openalex_only,OpenAlex,doi:10.1038/s44385-026-00076-8,1,0,1,The optimization of neuroprosthetic interfaces relying on biophysical and surrogate digital twins,2026,npj Biomedical Innovations.,10.1038/s44385-026-00076-8,https://doi.org/10.1038/s44385-026-00076-8,low_relevance:1
openalex_only,OpenAlex,doi:10.1038/s41524-026-02168-w,1,0,1,Escaping the hydrolysis trap: a react agent for inverse design of durable photocatalytic covalent organic frameworks,2026,npj Computational Materials,10.1038/s41524-026-02168-w,https://doi.org/10.1038/s41524-026-02168-w,low_relevance:1
openalex_only,OpenAlex,doi:10.1038/s41524-026-02054-5,1,0,1,Microstructure-based variational deep material networks for robust uncertainty quantification in materials digital twins,2026,npj Computational Materials,10.1038/s41524-026-02054-5,https://doi.org/10.1038/s41524-026-02054-5,low_relevance:1
openalex_only,OpenAlex,doi:10.1038/s41524-026-02154-2,1,0,1,PhaseTransfer: A transfer learning framework for efficient phase diagram mapping,2026,npj Computational Materials,10.1038/s41524-026-02154-2,https://doi.org/10.1038/s41524-026-02154-2,low_relevance:1
openalex_only,OpenAlex,doi:10.1038/s44484-025-00001-3,1,0,1,"Reimagining surgery in a world powered by intelligence, connectivity, and code",2026,npj Digital Surgery,10.1038/s44484-025-00001-3,https://doi.org/10.1038/s44484-025-00001-3,low_relevance:1
openalex_only,OpenAlex,doi:10.1038/s41528-026-00529-5,1,1,0,3D micropatterning of PEDOT:PSS/Gelatin conductive hydrogels via two-photon lithography for soft bioelectronics,2026,npj Flexible Electronics,10.1038/s41528-026-00529-5,https://doi.org/10.1038/s41528-026-00529-5,
openalex_only,OpenAlex,doi:10.1038/s40494-026-02649-7,1,0,1,Digital regeneration of historical buildings using UAV photogrammetry and 3D Gaussian splatting for metaverse environments,2026,npj Heritage Science,10.1038/s40494-026-02649-7,https://doi.org/10.1038/s40494-026-02649-7,low_relevance:1
openalex_only,OpenAlex,doi:10.1038/s44455-025-00010-9,1,1,0,Functional nano-architected mechanical metamaterials and devices,2026,npj Metamaterials,10.1038/s44455-025-00010-9,https://doi.org/10.1038/s44455-025-00010-9,
openalex_only,OpenAlex,doi:10.1038/s44455-026-00030-z,1,0,1,Statistical average strain energy density fatigue estimation of strut-based metamaterials via synthetic as-built CAD digital twins,2026,npj Metamaterials,10.1038/s44455-026-00030-z,https://doi.org/10.1038/s44455-026-00030-z,duplicate_title:1
openalex_only,OpenAlex,doi:10.1038/s44431-025-00006-5,1,1,0,Non-planar additive manufacturing with hydrogels: a review of flow control and toolpath strategies,2025,npj Soft Matter,10.1038/s44431-025-00006-5,https://doi.org/10.1038/s44431-025-00006-5,
openalex_only,OpenAlex,doi:10.11594/nstp.2026.5498,1,1,0,Advances and Challenges in Personalized Socket Design: A Review of Pho-togrammetry and Additive Manufacturing Techniques for Lower-Limb Prosthetics,2026,Nusantara Science and Technology Proceedings,10.11594/nstp.2026.5498,https://doi.org/10.11594/nstp.2026.5498,
openalex_only,OpenAlex,doi:10.1016/j.oceram.2024.100655,1,1,0,Linear volumetric additive manufacturing of zirconia from a transparent photopolymerizable ceramic slurry via Xolography,2024,Open Ceramics,10.1016/j.oceram.2024.100655,https://doi.org/10.1016/j.oceram.2024.100655,
openalex_only,OpenAlex,doi:10.32620/oikit.2026.107.07,1,0,1,Evolution of approaches to intelligent microclimate control in industrial environments: A review of models for cyber-physical systems,2026,Open Information and Computer Integrated Technologies,10.32620/oikit.2026.107.07,https://doi.org/10.32620/oikit.2026.107.07,low_relevance:1
openalex_only,OpenAlex,doi:10.26153/tsw/63507,1,1,0,Characterisation of Geometric Fidelity as a Function of Attenuation in Tomographic Volumetric Additive Manufacturing,2025,Open MIND,10.26153/tsw/63507,https://doi.org/10.26153/tsw/63507,
openalex_only,OpenAlex,doi:10.26153/tsw/63586,1,1,0,Development of a Novel ShL AM Process for Deployable and Metamaterial Devices,2025,Open MIND,10.26153/tsw/63586,https://doi.org/10.26153/tsw/63586,
openalex_only,OpenAlex,doi:10.5281/zenodo.18270595,1,1,0,Digital Twin for Fused Filament Fabrication (FFF),2025,Open MIND,10.5281/zenodo.18270595,https://doi.org/10.5281/zenodo.18270595,
openalex_only,OpenAlex,doi:10.7302/28310,1,1,0,From Static Models to Dynamic Twins: Integrating Probabilistic Carbon Footprint Assessment and Additive Manufacturing Verification,2025,Open MIND,10.7302/28310,https://doi.org/10.7302/28310,
openalex_only,OpenAlex,doi:10.26153/tsw/63595,1,1,0,Oxygen Saturation as a Strategy to Mitigate User-Induced Variation in Tomographic Volumetric Additive Manufacturing,2025,Open MIND,10.26153/tsw/63595,https://doi.org/10.26153/tsw/63595,
openalex_only,OpenAlex,doi:10.26153/tsw/63511,1,1,0,Topology and Toolpath Optimization-Inspired Toolpath Planning for Continuous Fiber Material Extrusion,2025,Open MIND,10.26153/tsw/63511,https://doi.org/10.26153/tsw/63511,
openalex_only,OpenAlex,doi:10.48550/arxiv.2602.17421,1,1,0,3D-printed Soft Optical sensor with a Lens (SOLen) for light guidance in mechanosensing,2026,Open MIND,10.48550/arxiv.2602.17421,https://doi.org/10.48550/arxiv.2602.17421,
openalex_only,OpenAlex,doi:10.5281/zenodo.19187298,1,1,0,EPFL-LAPD/Overprinting-with-Tomographic-Volumetric-Additive-Manufacturing: publication,2026,Open MIND,10.5281/zenodo.19187298,https://doi.org/10.5281/zenodo.19187298,
openalex_only,OpenAlex,doi:10.5281/zenodo.20509899,1,0,1,"Federated Learning-Based Intelligent Product Lifecycle Management Framework for Automotive Supply Chains: Enhancing Data Privacy, Predictive Analytics and Collaborative Decision-Making",2026,Open MIND,10.5281/zenodo.20509899,https://doi.org/10.5281/zenodo.20509899,low_relevance:1
openalex_only,OpenAlex,doi:10.11575/prism/51343,1,0,1,Fused deposition modelling (FDM) 3D printing process optimization using a crowding-distance-augmented acquisition function,2026,Open MIND,10.11575/prism/51343,https://doi.org/10.11575/prism/51343,low_relevance:1
openalex_only,OpenAlex,doi:10.48550/arxiv.2603.04694,1,0,1,Rotational 3D printing of active-passive filaments and lattices with programmable shape morphing,2026,Open MIND,10.48550/arxiv.2603.04694,https://doi.org/10.48550/arxiv.2603.04694,duplicate_title:1
openalex_only,OpenAlex,doi:10.48550/arxiv.2602.12178,1,1,0,Systematic Analysis of Penalty-Optimised Illumination Design for Tomographic Volumetric Additive Manufacturing via the Extendable Framework TVAM AID Using the Core Imaging Library,2026,Open MIND,10.48550/arxiv.2602.12178,https://doi.org/10.48550/arxiv.2602.12178,
openalex_only,OpenAlex,title:multiscale heterogeneous polymer composites and soft synthetic fascia for 4d printed electrically controllable multifunctional structures with high stiffness and toughness,1,1,0,Multiscale heterogeneous polymer composites and soft synthetic fascia for 4D printed electrically controllable multifunctional structures with high stiffness and toughness,2024,OpenBU (Boston University),,https://openalex.org/W7126354022,
openalex_only,OpenAlex,doi:10.1021/acs.oprd.5c00449,1,0,1,Breaking the Boundaries of Bayesian Optimization Utilizing Continuous Chemistry Digital Twins,2026,Organic Process Research & Development,10.1021/acs.oprd.5c00449,https://doi.org/10.1021/acs.oprd.5c00449,low_relevance:1
openalex_only,OpenAlex,doi:10.36922/or026050007,1,0,1,Advancing tumor organoid 3D culture with functionalized hydrogels: Applications in precision medicine and technological challenges,2026,Organoid Research,10.36922/or026050007,https://doi.org/10.36922/or026050007,low_relevance:1
openalex_only,OpenAlex,title:digital twins in remote and virtual healthcare a scoping review,1,0,1,Digital Twins in Remote and Virtual Healthcare: A Scoping Review,2026,OSF Preprints (OSF Preprints),,https://openalex.org/W7164452638,low_relevance:1
openalex_only,OpenAlex,doi:10.26153/tsw/58254,1,1,0,Fundamental Path Optimization Strategies for Extrusion-Based Additive Manufacturing,2024,OSTI OAI (U.S. Department of Energy Office of Scientific and Technical Information),10.26153/tsw/58254,https://doi.org/10.26153/tsw/58254,
openalex_only,OpenAlex,doi:10.3311/ppci.30373,1,1,0,Algorithm for Generating Gradient Infills in Load-bearing 3D-printed Parts,2026,Periodica Polytechnica Civil Engineering,10.3311/ppci.30373,https://doi.org/10.3311/ppci.30373,
openalex_only,OpenAlex,doi:10.3311/ppee.43471,1,0,1,Detection of Cyber Attacks in Critical Infrastructure Systems Using Deep Learning Approaches,2026,Periodica Polytechnica Electrical Engineering and Computer Science,10.3311/ppee.43471,https://doi.org/10.3311/ppee.43471,low_relevance:1
openalex_only,OpenAlex,doi:10.71428/pjs.2026.0113,1,0,1,The Role of Intelligent Technologies in Advancing Operations Research Models and Statistical Methods: A Review,2026,Pharaonic Journal of Science,10.71428/pjs.2026.0113,https://doi.org/10.71428/pjs.2026.0113,low_relevance:1
openalex_only,OpenAlex,doi:10.1088/1402-4896/ae719e,1,0,1,A unified rheological model for shape memory polymers in 4D printing: from additive manufacturing to thermomechanical programming,2026,Physica Scripta,10.1088/1402-4896/ae719e,https://doi.org/10.1088/1402-4896/ae719e,low_relevance:1
openalex_only,OpenAlex,doi:10.1088/1361-6560/ae794c,1,1,0,A standardized workflow for the development and manufacturing of tissue-equivalent anthropomorphic phantoms for radiotherapy using 3D-printing,2026,Physics in Medicine and Biology,10.1088/1361-6560/ae794c,https://doi.org/10.1088/1361-6560/ae794c,
openalex_only,OpenAlex,doi:10.1088/1361-6560/ae456d,1,0,1,Evaluation of radiological properties and anisotropy with air channels analysis in 3D-printed flexible lung-mimicking materials for radiotherapy,2026,Physics in Medicine and Biology,10.1088/1361-6560/ae456d,https://doi.org/10.1088/1361-6560/ae456d,low_relevance:1
openalex_only,OpenAlex,doi:10.35164/0554-2901-2024-05-42-48,1,1,0,Current state of research in the field of 3D printing device designs using photopolymer composites (review),2024,Plasticheskie massy,10.35164/0554-2901-2024-05-42-48,https://doi.org/10.35164/0554-2901-2024-05-42-48,
openalex_only,OpenAlex,doi:10.1371/journal.pone.0347030,1,0,1,"Conceptual qualitative system dynamics model for simulation of perceived workload, stress and performance from industrial work content",2026,PLoS ONE,10.1371/journal.pone.0347030,https://doi.org/10.1371/journal.pone.0347030,low_relevance:1
openalex_only,OpenAlex,doi:10.1371/journal.pone.0345757,1,0,1,Remanufacturing workshop management in blockchain and digital twin-based cloud remanufacturing service platform,2026,PLoS ONE,10.1371/journal.pone.0345757,https://doi.org/10.1371/journal.pone.0345757,low_relevance:1
openalex_only,OpenAlex,doi:10.1093/pnasnexus/pgaf074,1,1,0,Electric field-coupled two-photon polymerization system for on-demand modulation of 3D-printed structural color,2025,PNAS Nexus,10.1093/pnasnexus/pgaf074,https://doi.org/10.1093/pnasnexus/pgaf074,
openalex_only,OpenAlex,doi:10.1039/d4py01120a,1,1,0,Photobase-catalyzed thiol–ene click chemistry for light-based additive manufacturing,2024,Polymer Chemistry,10.1039/d4py01120a,https://doi.org/10.1039/d4py01120a,
openalex_only,OpenAlex,doi:10.1039/d5py00199d,1,1,0,"Multifunctional dithiolane monomers for multi-scale, recyclable light-driven additive manufacturing",2025,Polymer Chemistry,10.1039/d5py00199d,https://doi.org/10.1039/d5py00199d,
openalex_only,OpenAlex,doi:10.1002/pc.28854,1,1,0,"Innovative polymer‐based composite materials in additive manufacturing: A review of methods, materials, and applications",2024,Polymer Composites,10.1002/pc.28854,https://doi.org/10.1002/pc.28854,
openalex_only,OpenAlex,doi:10.3390/polym16172460,1,0,1,Influence of Infill Patterns on the Shape Memory Effect of Cold-Programmed Additively Manufactured PLA,2024,Polymers,10.3390/polym16172460,https://doi.org/10.3390/polym16172460,low_relevance:1
openalex_only,OpenAlex,doi:10.3390/polym16192686,1,0,1,Integrative Modeling and Experimental Insights into 3D and 4D Printing Technologies,2024,Polymers,10.3390/polym16192686,https://doi.org/10.3390/polym16192686,low_relevance:1
openalex_only,OpenAlex,doi:10.3390/polym16223125,1,0,1,Machine Learning in 3D and 4D Printing of Polymer Composites: A Review,2024,Polymers,10.3390/polym16223125,https://doi.org/10.3390/polym16223125,low_relevance:1
openalex_only,OpenAlex,doi:10.3390/polym16152138,1,0,1,Material Compatibility in 4D Printing: Identifying the Optimal Combination for Programmable Multi-Material Structures,2024,Polymers,10.3390/polym16152138,https://doi.org/10.3390/polym16152138,low_relevance:1
openalex_only,OpenAlex,doi:10.3390/polym16182660,1,0,1,Stimuli-Responsive Polymer Actuator for Soft Robotics,2024,Polymers,10.3390/polym16182660,https://doi.org/10.3390/polym16182660,low_relevance:1
openalex_only,OpenAlex,doi:10.3390/polym17121601,1,1,0,"3D Printing Continuous Fiber Reinforced Polymers: A Review of Material Selection, Process, and Mechanics-Function Integration for Targeted Applications",2025,Polymers,10.3390/polym17121601,https://doi.org/10.3390/polym17121601,
openalex_only,OpenAlex,doi:10.3390/polym17223078,1,1,0,Advances in 3D Bioprinting and Microfluidics for Organ-on-a-Chip Platforms,2025,Polymers,10.3390/polym17223078,https://doi.org/10.3390/polym17223078,
openalex_only,OpenAlex,doi:10.3390/polym17243307,1,1,0,An Overview of Additive Manufacturing of Triply Periodic Minimal Surface (TPMS) Structures,2025,Polymers,10.3390/polym17243307,https://doi.org/10.3390/polym17243307,
openalex_only,OpenAlex,doi:10.3390/polym17182557,1,1,0,Data-Driven Optimization of Discontinuous and Continuous Fiber Composite Processes Using Machine Learning: A Review,2025,Polymers,10.3390/polym17182557,https://doi.org/10.3390/polym17182557,
openalex_only,OpenAlex,doi:10.3390/polym17192594,1,1,0,Design and Performance of 3D-Printed Hybrid Polymers Exhibiting Shape Memory and Self-Healing via Acrylate–Epoxy–Thiol–Ene Chemistry,2025,Polymers,10.3390/polym17192594,https://doi.org/10.3390/polym17192594,
openalex_only,OpenAlex,doi:10.3390/polym17091180,1,1,0,Experimental and Numerical Research of 3D DLP-Printed Solid and Voronoi PLA Resin Specimens Under Tensile and Bending Loads,2025,Polymers,10.3390/polym17091180,https://doi.org/10.3390/polym17091180,
openalex_only,OpenAlex,doi:10.3390/polym17111466,1,1,0,Experimental Study of Comprehensive Performance Analysis Regarding the Dynamical/Mechanical Aspects of 3D-Printed UAV Propellers and Sound Footprint,2025,Polymers,10.3390/polym17111466,https://doi.org/10.3390/polym17111466,
openalex_only,OpenAlex,doi:10.3390/polym18010024,1,0,1,Four-Dimensional Printing of Shape Memory Polymers for Biomedical Applications: Advances in DLP and SLA Manufacturing,2025,Polymers,10.3390/polym18010024,https://doi.org/10.3390/polym18010024,low_relevance:1
openalex_only,OpenAlex,doi:10.3390/polym17040455,1,1,0,From Soft Lithography to 3D Printing: Current Status and Future of Microfluidic Device Fabrication,2025,Polymers,10.3390/polym17040455,https://doi.org/10.3390/polym17040455,
openalex_only,OpenAlex,doi:10.3390/polym17233179,1,1,0,High-Tg Vat Photopolymerization Materials Based on In Situ Sequential Interpenetrating Polymer Networks of Maleimide and Cyanate Ester Monomers,2025,Polymers,10.3390/polym17233179,https://doi.org/10.3390/polym17233179,
openalex_only,OpenAlex,doi:10.3390/polym18010123,1,0,1,Integrating Polymeric 3D-Printed Microneedles with Wearable Devices: Toward Smart and Personalized Healthcare Solutions,2025,Polymers,10.3390/polym18010123,https://doi.org/10.3390/polym18010123,duplicate_title:1
openalex_only,OpenAlex,doi:10.3390/polym17111564,1,1,0,Projection-Based Simulation Method for Robotic 3D Printing of Large-Scale Polymer Composite Structures,2025,Polymers,10.3390/polym17111564,https://doi.org/10.3390/polym17111564,
openalex_only,OpenAlex,doi:10.3390/polym17152028,1,1,0,The Influence of Print Orientation and Discontinuous Carbon Fiber Content on the Tensile Properties of Selective Laser-Sintered Polyamide 12,2025,Polymers,10.3390/polym17152028,https://doi.org/10.3390/polym17152028,
openalex_only,OpenAlex,doi:10.3390/polym17111504,1,1,0,Thermal and Chemical Characterization of Digital Light Processing (DLP)-Manufactured Polymer Composites Reinforced with Jute Fibers,2025,Polymers,10.3390/polym17111504,https://doi.org/10.3390/polym17111504,
openalex_only,OpenAlex,doi:10.3390/polym17202789,1,0,1,Wet-Spun Disulphide LCE Fibres for Continuous Production of Fibrous Artificial Muscles,2025,Polymers,10.3390/polym17202789,https://doi.org/10.3390/polym17202789,low_relevance:1
openalex_only,OpenAlex,doi:10.3390/polym18091045,1,1,0,"Additive Manufacturing Using Multi-Materials: Materials, Processes, and Applications",2026,Polymers,10.3390/polym18091045,https://doi.org/10.3390/polym18091045,
openalex_only,OpenAlex,doi:10.3390/polym18020214,1,1,0,Advanced Design Concepts for Shape-Memory Polymers in Biomedical Applications and Soft Robotics,2026,Polymers,10.3390/polym18020214,https://doi.org/10.3390/polym18020214,
openalex_only,OpenAlex,doi:10.3390/polym18091038,1,0,1,"Biopolymer—Nanoparticle Interactions in 3D-Printing for Biomedical Applications: Advantages, Limitations and Future Perspectives",2026,Polymers,10.3390/polym18091038,https://doi.org/10.3390/polym18091038,low_relevance:1
openalex_only,OpenAlex,doi:10.3390/polym18060763,1,1,0,Characterization of PC-ABS and PETG Multi-Material Laminates Fabricated by MEX Method,2026,Polymers,10.3390/polym18060763,https://doi.org/10.3390/polym18060763,
openalex_only,OpenAlex,doi:10.3390/polym18030420,1,1,0,Compressive Response and Energy Absorption of Additively Manufactured Elastomers with Varied Simple Cubic Architectures,2026,Polymers,10.3390/polym18030420,https://doi.org/10.3390/polym18030420,
openalex_only,OpenAlex,doi:10.3390/polym18020306,1,0,1,Integrating Artificial Intelligence into Circular Strategies for Plastic Recycling and Upcycling,2026,Polymers,10.3390/polym18020306,https://doi.org/10.3390/polym18020306,low_relevance:1
openalex_only,OpenAlex,doi:10.3390/polym18040499,1,1,0,Machine Learning for Predicting Mechanical Properties of 3D-Printed Polymers from Process Parameters: A Review,2026,Polymers,10.3390/polym18040499,https://doi.org/10.3390/polym18040499,
openalex_only,OpenAlex,doi:10.3390/polym18060753,1,0,1,"Polyester Resin–Quartz Composites in the Age of Artificial Intelligence and Digital Twins: Current Advances, Future Perspectives and an Application Example",2026,Polymers,10.3390/polym18060753,https://doi.org/10.3390/polym18060753,low_relevance:1
openalex_only,OpenAlex,doi:10.3390/polym18020192,1,1,0,"Polymer Composites in Additive Manufacturing: Current Technologies, Applications, and Emerging Trends",2026,Polymers,10.3390/polym18020192,https://doi.org/10.3390/polym18020192,
openalex_only,OpenAlex,doi:10.3390/polym18091039,1,1,0,Research on Shape Memory Properties of PETG Based on 4D-Printed Negative Poisson’s Ratio Structures,2026,Polymers,10.3390/polym18091039,https://doi.org/10.3390/polym18091039,
openalex_only,OpenAlex,doi:10.3390/polym18050608,1,0,1,Six-Axis Robotic Milling for Enhancing Surface Quality and Dimensional Accuracy of Fused Granular Fabrication Parts,2026,Polymers,10.3390/polym18050608,https://doi.org/10.3390/polym18050608,low_relevance:1
openalex_only,OpenAlex,doi:10.3390/polym18040455,1,1,0,The Effect of Non-Uniform Material Distribution on the Bending Strength and Energy Absorption of TPMS Structures,2026,Polymers,10.3390/polym18040455,https://doi.org/10.3390/polym18040455,
openalex_only,OpenAlex,doi:10.3390/polym18020178,1,1,0,Transition Behavior in Blended Material Large Format Additive Manufacturing,2026,Polymers,10.3390/polym18020178,https://doi.org/10.3390/polym18020178,
openalex_only,OpenAlex,doi:10.20944/preprints202507.1943.v1,1,1,0,Bioinspired NeuroPods: AI-Enhanced 4D Composite Bioprinting Revolutionizing Brain-on-Chip and Neural Regeneration,2025,Preprints.org,10.20944/preprints202507.1943.v1,https://doi.org/10.20944/preprints202507.1943.v1,
openalex_only,OpenAlex,doi:10.20944/preprints202506.2041.v1,1,0,1,Enabling Intelligent Industrial Automation: A Review of Machine Learning Applications with Digital Twin and Edge AI Integration,2025,Preprints.org,10.20944/preprints202506.2041.v1,https://doi.org/10.20944/preprints202506.2041.v1,duplicate_title:1
openalex_only,OpenAlex,doi:10.20944/preprints202511.0374.v1,1,1,0,Integrating Polymeric 3D-Printed Microneedles with Wearable Devices: Toward Smart and Personalized Healthcare Solutions,2025,Preprints.org,10.20944/preprints202511.0374.v1,https://doi.org/10.20944/preprints202511.0374.v1,
openalex_only,OpenAlex,doi:10.20944/preprints202603.1935.v1,1,0,1,Analyzing the Influence of Artificial Intelligence Technologies on Contemporary Manufacturing Operations,2026,Preprints.org,10.20944/preprints202603.1935.v1,https://doi.org/10.20944/preprints202603.1935.v1,low_relevance:1
openalex_only,OpenAlex,doi:10.20944/preprints202606.0518.v1,1,0,1,Artificial Intelligence in Nanopharmaceutical Development: From Predictive Design to Clinical Translation,2026,Preprints.org,10.20944/preprints202606.0518.v1,https://doi.org/10.20944/preprints202606.0518.v1,low_relevance:1
openalex_only,OpenAlex,doi:10.20944/preprints202603.1360.v1,1,0,1,Decentralised Manufacturing as a Networked Cyber-Physical System: Formalising Free and Open Source Software Governance and ML Adaptation for Distributed Robustness,2026,Preprints.org,10.20944/preprints202603.1360.v1,https://doi.org/10.20944/preprints202603.1360.v1,low_relevance:1
openalex_only,OpenAlex,doi:10.20944/preprints202605.1733.v1,1,0,1,"Digital Twin Enabled Predictive Maintenance: A Systematic Review of Modeling Strategies, Maintenance Functions, and Application Domains",2026,Preprints.org,10.20944/preprints202605.1733.v1,https://doi.org/10.20944/preprints202605.1733.v1,low_relevance:1
openalex_only,OpenAlex,doi:10.20944/preprints202602.1643.v1,1,0,1,Digital Twin Technology and Process Validation in Pharmaceutical Manufacturing:Bridging Virtual Simulation and Regulatory Compliance for Next-Generation Drug Production,2026,Preprints.org,10.20944/preprints202602.1643.v1,https://doi.org/10.20944/preprints202602.1643.v1,low_relevance:1
openalex_only,OpenAlex,doi:10.20944/preprints202603.0251.v1,1,1,0,"Emerging 4D-Printed pH-Responsive Nanofiber Implants for Spatiotemporal Breast Cancer Therapy: Design Principles, Tumour Microenvironment Modulation, Translational Barriers, and Future Perspectives",2026,Preprints.org,10.20944/preprints202603.0251.v1,https://doi.org/10.20944/preprints202603.0251.v1,
openalex_only,OpenAlex,doi:10.20944/preprints202604.1131.v1,1,0,1,Energy‐Aware AI for Landscape‐Scale Conservation: A Digital Twin Architecture for the Greater Yellowstone Ecosystem,2026,Preprints.org,10.20944/preprints202604.1131.v1,https://doi.org/10.20944/preprints202604.1131.v1,low_relevance:1
openalex_only,OpenAlex,doi:10.20944/preprints202603.1871.v1,1,0,1,Enhancing Supply Chain Flexibility and Responsiveness Through Digital Technology Adoption,2026,Preprints.org,10.20944/preprints202603.1871.v1,https://doi.org/10.20944/preprints202603.1871.v1,low_relevance:1
openalex_only,OpenAlex,doi:10.20944/preprints202604.1110.v1,1,0,1,"Mechanism-Based Degradation and Structural Integrity of Marine Renewable Energy Systems: Multiscale Modelling, Materials Challenges, and Future Qualification Frameworks",2026,Preprints.org,10.20944/preprints202604.1110.v1,https://doi.org/10.20944/preprints202604.1110.v1,low_relevance:1
openalex_only,OpenAlex,doi:10.20944/preprints202603.2098.v1,1,0,1,The Role of Data Analytics and Digital Twin Technologies in Enhancing Smart Factory Performance,2026,Preprints.org,10.20944/preprints202603.2098.v1,https://doi.org/10.20944/preprints202603.2098.v1,low_relevance:1
openalex_only,OpenAlex,doi:10.21606/drs.2026.2363,1,1,0,Material articulation: Toward an ornamental thinking in digital tectonics,2026,Proceedings of DRS,10.21606/drs.2026.2363,https://doi.org/10.21606/drs.2026.2363,
openalex_only,OpenAlex,doi:10.1609/aaaiss.v8i1.42514,1,1,0,Time-Aware Two-Dimensional Packing for Slicing-Aware 3D Printing Throughput Optimization,2026,Proceedings of the AAAI Symposium Series,10.1609/aaaiss.v8i1.42514,https://doi.org/10.1609/aaaiss.v8i1.42514,
openalex_only,OpenAlex,doi:10.1073/pnas.2414960122,1,1,0,Spatially programmed alignment and actuation in printed liquid crystal elastomers,2025,Proceedings of the National Academy of Sciences,10.1073/pnas.2414960122,https://doi.org/10.1073/pnas.2414960122,
openalex_only,OpenAlex,doi:10.1073/pnas.2535708123,1,1,0,Entanglement-driven responses through multiscale 3D-printed knits,2026,Proceedings of the National Academy of Sciences,10.1073/pnas.2535708123,https://doi.org/10.1073/pnas.2535708123,
openalex_only,OpenAlex,doi:10.1073/pnas.2537250123,1,1,0,Rotational 3D printing of active–passive filaments and lattices with programmable shape morphing,2026,Proceedings of the National Academy of Sciences,10.1073/pnas.2537250123,https://doi.org/10.1073/pnas.2537250123,
openalex_only,OpenAlex,doi:10.3390/pr14060914,1,0,1,Artificial Intelligence-Driven Design and Sustainability of Selective Absorber Coatings for Solar Thermal Collectors: A Systematic Review,2026,Processes,10.3390/pr14060914,https://doi.org/10.3390/pr14060914,low_relevance:1
openalex_only,OpenAlex,doi:10.3390/pr14050785,1,1,0,Critical Review of Electro-Coalescence for the Separation of Water/Oil Emulsions,2026,Processes,10.3390/pr14050785,https://doi.org/10.3390/pr14050785,
openalex_only,OpenAlex,doi:10.3390/pr14030468,1,0,1,Multi-Phase Demand Modeling and Simulation of Mission-Oriented Supply Chains Using Digital Twin and Adaptive PSO,2026,Processes,10.3390/pr14030468,https://doi.org/10.3390/pr14030468,low_relevance:1
openalex_only,OpenAlex,doi:10.3390/pr14111789,1,0,1,The Digital Transformation of Food Systems: A Review of Artificial Intelligence in Food Technology,2026,Processes,10.3390/pr14111789,https://doi.org/10.3390/pr14111789,low_relevance:1
openalex_only,OpenAlex,doi:10.1007/s11740-026-01446-2,1,0,1,A structured framework for defining and prioritizing quality criteria for industrial digital twins,2026,Production Engineering,10.1007/s11740-026-01446-2,https://doi.org/10.1007/s11740-026-01446-2,low_relevance:1
openalex_only,OpenAlex,doi:10.1007/s11740-026-01443-5,1,0,1,Unifying data model of manufacturing processes for cross-domain collaboration in the Internet of Production,2026,Production Engineering,10.1007/s11740-026-01443-5,https://doi.org/10.1007/s11740-026-01443-5,low_relevance:1
openalex_only,OpenAlex,doi:10.1017/pma.2024.4,1,1,0,Selective near-infrared laser programming for shape-memory polymer–carbon nanotube composite material 4D printing,2024,Programmable Materials,10.1017/pma.2024.4,https://doi.org/10.1017/pma.2024.4,
openalex_only,OpenAlex,doi:10.1007/s40964-025-01140-2,1,1,0,3D printed microfluidic devices for nanoparticle fabrication: a review,2025,Progress in Additive Manufacturing,10.1007/s40964-025-01140-2,https://doi.org/10.1007/s40964-025-01140-2,
openalex_only,OpenAlex,doi:10.1007/s40964-025-01383-z,1,1,0,An open-source and low-cost dual-extruder 3D printer for macroscale biotic materials,2025,Progress in Additive Manufacturing,10.1007/s40964-025-01383-z,https://doi.org/10.1007/s40964-025-01383-z,
openalex_only,OpenAlex,doi:10.1007/s40964-025-01262-7,1,0,1,Current approaches to digital twins in additive manufacturing: a systematic literature review,2025,Progress in Additive Manufacturing,10.1007/s40964-025-01262-7,https://doi.org/10.1007/s40964-025-01262-7,low_relevance:1
openalex_only,OpenAlex,doi:10.1007/s40964-026-01735-3,1,0,1,Conformal morphing meta-cylinders 3D printing for mechanical intelligence programming,2026,Progress in Additive Manufacturing,10.1007/s40964-026-01735-3,https://doi.org/10.1007/s40964-026-01735-3,low_relevance:1
openalex_only,OpenAlex,doi:10.1007/s40964-026-01736-2,1,1,0,Influence of irradiation process and RAFT-mediated photopolymerization on polymer network structure: a comparison between 3D-printed objects and cured films,2026,Progress in Additive Manufacturing,10.1007/s40964-026-01736-2,https://doi.org/10.1007/s40964-026-01736-2,
openalex_only,OpenAlex,doi:10.1007/s40964-026-01687-8,1,1,0,"On the role of interlayer cooling time in wire laser cladding of 316L: microstructural, mechanical, dimensional and residual stress analysis",2026,Progress in Additive Manufacturing,10.1007/s40964-026-01687-8,https://doi.org/10.1007/s40964-026-01687-8,
openalex_only,OpenAlex,doi:10.1007/s40964-026-01587-x,1,1,0,Printing-induced particles segregation governs anisotropic shrinkage in binder jet additive manufacturing,2026,Progress in Additive Manufacturing,10.1007/s40964-026-01587-x,https://doi.org/10.1007/s40964-026-01587-x,
openalex_only,OpenAlex,doi:10.1007/s40964-026-01541-x,1,1,0,Vat photopolymerization of bio-derived conductive composites for smart devices with Joule heating capabilities,2026,Progress in Additive Manufacturing,10.1007/s40964-026-01541-x,https://doi.org/10.1007/s40964-026-01541-x,
openalex_only,OpenAlex,doi:10.34901/mul.pub.2026.101,1,0,1,Integration of Optical 3D Measurement Technology into a Cyber-Physical Production System for Wire Arc Additive Manufacturing,2026,PureMUL,10.34901/mul.pub.2026.101,https://doi.org/10.34901/mul.pub.2026.101,low_relevance:1
openalex_only,OpenAlex,doi:10.1088/2058-9565/ad8678,1,1,0,Additive manufacturing of functionalised atomic vapour cells for next-generation quantum technologies,2024,Quantum Science and Technology,10.1088/2058-9565/ad8678,https://doi.org/10.1088/2058-9565/ad8678,
openalex_only,OpenAlex,doi:10.1108/rpj-04-2024-0166,1,1,0,Effect of sintering temperature on feature resolution and flexural strength of ceramics fabricated through vat photopolymerization additive manufacturing,2024,Rapid Prototyping Journal,10.1108/rpj-04-2024-0166,https://doi.org/10.1108/rpj-04-2024-0166,
openalex_only,OpenAlex,doi:10.1108/rpj-07-2024-0291,1,1,0,Geometric strut optimisation of as-manufactured AlSi10Mg lattice structures for enhanced energy absorption,2025,Rapid Prototyping Journal,10.1108/rpj-07-2024-0291,https://doi.org/10.1108/rpj-07-2024-0291,
openalex_only,OpenAlex,doi:10.1108/rpj-03-2024-0109,1,1,0,Robotic FDM for free-form fabrication: evaluating adaptive non-planar slicing with different contour methods,2025,Rapid Prototyping Journal,10.1108/rpj-03-2024-0109,https://doi.org/10.1108/rpj-03-2024-0109,
openalex_only,OpenAlex,doi:10.1108/rpj-12-2025-0666,1,1,0,A review of architectures and process strategies for large-format additive manufacturing,2026,Rapid Prototyping Journal,10.1108/rpj-12-2025-0666,https://doi.org/10.1108/rpj-12-2025-0666,
openalex_only,OpenAlex,doi:10.1108/rpj-05-2025-0206,1,1,0,"Functionally graded SS316L/Inconel 625 fabricated by SLM: the effects of remelting and ultrasonic burnishing on pore topology, surface integrity and electrochemical properties",2026,Rapid Prototyping Journal,10.1108/rpj-05-2025-0206,https://doi.org/10.1108/rpj-05-2025-0206,
openalex_only,OpenAlex,doi:10.1002/rar2.70320,1,1,0,Advancements and Applications of 3D Printing Techniques and Novel Materials in Soft Robotics for Medical Devices,2026,Rare Metals,10.1002/rar2.70320,https://doi.org/10.1002/rar2.70320,
openalex_only,OpenAlex,doi:10.1016/j.reactfunctpolym.2024.106096,1,1,0,Radical inhibition in tomographic volumetric 3D printing for thiol-ene photoresists: From photorheology to printability,2024,Reactive and Functional Polymers,10.1016/j.reactfunctpolym.2024.106096,https://doi.org/10.1016/j.reactfunctpolym.2024.106096,
openalex_only,OpenAlex,doi:10.1016/j.reactfunctpolym.2025.106455,1,1,0,Progressive transpose from 3D to 4D printed materials for drug delivery and biomedical applications,2025,Reactive and Functional Polymers,10.1016/j.reactfunctpolym.2025.106455,https://doi.org/10.1016/j.reactfunctpolym.2025.106455,
openalex_only,OpenAlex,doi:10.5445/ir/1000193431,1,1,0,Enhancing mechanical performance of elastomeric vat-photopolymerized resins via functionalized cellulose nanocrystals,2026,Repository KITopen (Karlsruhe Institute of Technology),10.5445/ir/1000193431,https://doi.org/10.5445/ir/1000193431,
openalex_only,OpenAlex,doi:10.5445/ir/1000190367,1,0,1,Novel Photoinitiators for Two‐Step Absorption‐Based 3D Laser Nanoprinting: From Molecular Design to Printing Behavior,2026,Repository KITopen (Karlsruhe Institute of Technology),10.5445/ir/1000190367,https://doi.org/10.5445/ir/1000190367,duplicate_title:1
openalex_only,OpenAlex,doi:10.5445/ir/1000192650,1,0,1,Wavelength‐Dependent 3D Printing: Introducing 3D Printed Action Plots,2026,Repository KITopen (Karlsruhe Institute of Technology),10.5445/ir/1000192650,https://doi.org/10.5445/ir/1000192650,duplicate_title:1
openalex_only,OpenAlex,doi:10.34726/hss.2026.99525,1,1,0,Process Simulation for Laser-Assisted Additive Manufacturing,2026,reposiTUm (TU Wien),10.34726/hss.2026.99525,https://doi.org/10.34726/hss.2026.99525,
openalex_only,OpenAlex,title:residual stress prediction by element birth within a digital twin of a wire arc additive manufacturing cell,1,1,0,Residual stress prediction by element birth within a digital twin of a wire arc additive manufacturing cell,2025,Research Explorer (The University of Manchester),,https://openalex.org/W7112279104,
openalex_only,OpenAlex,doi:10.21203/rs.3.rs-7721890/v1,1,1,0,"Case study report on design, manufacturing and digital twinning of a DED-arc steel node for construction",2025,Research Square,10.21203/rs.3.rs-7721890/v1,https://doi.org/10.21203/rs.3.rs-7721890/v1,
openalex_only,OpenAlex,doi:10.21203/rs.3.rs-8140679/v1,1,1,0,Physics Informed Activation Functions and Loss Functions for Signal Reconstruction and Digital Twinning,2025,Research Square,10.21203/rs.3.rs-8140679/v1,https://doi.org/10.21203/rs.3.rs-8140679/v1,
openalex_only,OpenAlex,doi:10.21203/rs.3.rs-7368558/v1,1,0,1,Smart manufacturing towards cyber-physical resilience in 3D printing process monitoring and anomaly detection,2025,Research Square,10.21203/rs.3.rs-7368558/v1,https://doi.org/10.21203/rs.3.rs-7368558/v1,low_relevance:1
openalex_only,OpenAlex,doi:10.21203/rs.3.rs-9518570/v1,1,0,1,A Geant4 digital twin for high-resolution neutron tomography of medieval filigree: detectability limits for Hg-rich amalgam gilding,2026,Research Square,10.21203/rs.3.rs-9518570/v1,https://doi.org/10.21203/rs.3.rs-9518570/v1,low_relevance:1
openalex_only,OpenAlex,doi:10.21203/rs.3.rs-9569960/v1,1,0,1,A Multi-Layer Digital Twin Framework for Enhanced Production Resilience in Railcar Manufacturing,2026,Research Square,10.21203/rs.3.rs-9569960/v1,https://doi.org/10.21203/rs.3.rs-9569960/v1,low_relevance:1
openalex_only,OpenAlex,doi:10.21203/rs.3.rs-9929298/v1,1,0,1,A Predictive Human Digital Twin Framework for Cognitiveand Stress State Dynamics,2026,Research Square,10.21203/rs.3.rs-9929298/v1,https://doi.org/10.21203/rs.3.rs-9929298/v1,low_relevance:1
openalex_only,OpenAlex,doi:10.21203/rs.3.rs-9848737/v1,1,1,0,AI-Driven layout reconfiguration for lab-scale production lines by the Integration of genetic algorithms and LSTM networks with a digital twin,2026,Research Square,10.21203/rs.3.rs-9848737/v1,https://doi.org/10.21203/rs.3.rs-9848737/v1,
openalex_only,OpenAlex,doi:10.21203/rs.3.rs-9829838/v1,1,1,0,Comparative Study of Basic and Interleaved Pixel Toolpaths in Wire Arc Additive Manufacturing,2026,Research Square,10.21203/rs.3.rs-9829838/v1,https://doi.org/10.21203/rs.3.rs-9829838/v1,
openalex_only,OpenAlex,doi:10.21203/rs.3.rs-9228048/v1,1,0,1,Digital Twin Architectures for Remote Monitoring and Control in CNC Manufacturing Systems: A Systematic Review,2026,Research Square,10.21203/rs.3.rs-9228048/v1,https://doi.org/10.21203/rs.3.rs-9228048/v1,low_relevance:1
openalex_only,OpenAlex,doi:10.21203/rs.3.rs-8702698/v1,1,0,1,"Digital Twin-Enabled Predictive Analytics for Friction Stir Welding: Multi-Physics Simulation, Sensor Synchronization, and Defect Detection",2026,Research Square,10.21203/rs.3.rs-8702698/v1,https://doi.org/10.21203/rs.3.rs-8702698/v1,low_relevance:1
openalex_only,OpenAlex,doi:10.21203/rs.3.rs-9039690/v1,1,0,1,Digital Twin: A new Technology for Future Building Sector,2026,Research Square,10.21203/rs.3.rs-9039690/v1,https://doi.org/10.21203/rs.3.rs-9039690/v1,low_relevance:1
openalex_only,OpenAlex,doi:10.21203/rs.3.rs-9799593/v1,1,0,1,Explainable Causal Graph Neural Networks for Cyber-Physical Attack Detection in Smart Water Infrastructure,2026,Research Square,10.21203/rs.3.rs-9799593/v1,https://doi.org/10.21203/rs.3.rs-9799593/v1,low_relevance:1
openalex_only,OpenAlex,doi:10.21203/rs.3.rs-8791467/v1,1,1,0,Hybrid Injection–Volumetric Additive Manufacturing for Rapid Fabrication of Low-Viscosity Multi-Material and Composite Structures,2026,Research Square,10.21203/rs.3.rs-8791467/v1,https://doi.org/10.21203/rs.3.rs-8791467/v1,
openalex_only,OpenAlex,doi:10.21203/rs.3.rs-9717799/v1,1,0,1,Operationalizing the Twin Transition: A Cross-Sector DigiCircular Digital Twin Framework for Sustainable Production and Consumption,2026,Research Square,10.21203/rs.3.rs-9717799/v1,https://doi.org/10.21203/rs.3.rs-9717799/v1,low_relevance:1
openalex_only,OpenAlex,doi:10.21203/rs.3.rs-8971871/v1,1,1,0,"Shrinkage-induced alignment in multiphoton 3D printed liquid crystal elastomers enables direct-write, arbitrary axis microactuators",2026,Research Square,10.21203/rs.3.rs-8971871/v1,https://doi.org/10.21203/rs.3.rs-8971871/v1,
openalex_only,OpenAlex,doi:10.21203/rs.3.rs-8740563/v1,1,1,0,Statistical Average Strain Energy Density fatigue estimation of strut-based metamaterials via synthetic as-built CAD digital twins,2026,Research Square,10.21203/rs.3.rs-8740563/v1,https://doi.org/10.21203/rs.3.rs-8740563/v1,
openalex_only,OpenAlex,doi:10.1016/j.rineng.2026.110181,1,1,0,Grasp strategy-driven design of soft robotic grippers for food industry applications,2026,Results in Engineering,10.1016/j.rineng.2026.110181,https://doi.org/10.1016/j.rineng.2026.110181,
openalex_only,OpenAlex,doi:10.1016/j.revmat.2026.100229,1,0,1,The next-generation polymer composite revolution: AI-driven multi-functional polymer composite for intelligent additive manufacturing,2026,Review of Materials Research,10.1016/j.revmat.2026.100229,https://doi.org/10.1016/j.revmat.2026.100229,low_relevance:1
openalex_only,OpenAlex,doi:10.1515/rams-2024-0028,1,1,0,Recent advances in 4D printing of hydrogels,2024,REVIEWS ON ADVANCED MATERIALS SCIENCE,10.1515/rams-2024-0028,https://doi.org/10.1515/rams-2024-0028,
openalex_only,OpenAlex,doi:10.70773/revistatopicos/781064796,1,0,1,IMPACTOS DA MANUFATURA ADITIVA NOS PROCESSOS PRODUTIVOS DA INDÚSTRIA AUTOMOTIVA,2026,Revista Tópicos.,10.70773/revistatopicos/781064796,https://doi.org/10.70773/revistatopicos/781064796,low_relevance:1
openalex_only,OpenAlex,doi:10.3280/rgioa1-2026oa22427,1,0,1,L'intelligenza artificiale come modello della realtà. Riflessioni intorno ai gemelli digitali,2026,RIVISTA GEOGRAFICA ITALIANA,10.3280/rgioa1-2026oa22427,https://doi.org/10.3280/rgioa1-2026oa22427,low_relevance:1
openalex_only,OpenAlex,doi:10.3390/robotics14110152,1,1,0,Development of an Anthropometric Soft Pneumatic Gripper with Reconfigurable Fingers for Assistive Robotics,2025,Robotics,10.3390/robotics14110152,https://doi.org/10.3390/robotics14110152,
openalex_only,OpenAlex,doi:10.1016/j.rcim.2026.103289,1,1,0,A machine learning–based tool for enhancing position accuracy in industrial robots with a reduced dataset,2026,Robotics and Computer-Integrated Manufacturing,10.1016/j.rcim.2026.103289,https://doi.org/10.1016/j.rcim.2026.103289,
openalex_only,OpenAlex,doi:10.54851/v8i1y202603,1,0,1,Securing Mechatronic Control Modules in the Context of Current Cyber Threats,2026,Romanian Cyber Security Journal,10.54851/v8i1y202603,https://doi.org/10.54851/v8i1y202603,low_relevance:1
openalex_only,OpenAlex,doi:10.1039/d5ra09513a,1,1,0,"Advanced additive manufacturing in orthopedics: a comprehensive review of biomaterials, structural design, biological functions and clinical technology applications",2026,RSC Advances,10.1039/d5ra09513a,https://doi.org/10.1039/d5ra09513a,
openalex_only,OpenAlex,doi:10.1039/d5lp00010f,1,1,0,Advances in vat photopolymerization: early-career researchers shine light on a path forward,2025,RSC Applied Polymers,10.1039/d5lp00010f,https://doi.org/10.1039/d5lp00010f,
openalex_only,OpenAlex,doi:10.1039/d5lp00101c,1,1,0,Harnessing near-infrared light for advanced 3D printing,2025,RSC Applied Polymers,10.1039/d5lp00101c,https://doi.org/10.1039/d5lp00101c,
openalex_only,OpenAlex,doi:10.4271/05-19-04-0029,1,0,1,"A Review of Welding Techniques in Metal Additive Manufacturing: Advancements, Challenges, and Future Directions",2026,SAE International Journal of Materials and Manufacturing,10.4271/05-19-04-0029,https://doi.org/10.4271/05-19-04-0029,low_relevance:1
openalex_only,OpenAlex,doi:10.4271/2026-99-0746,1,0,1,Mechanism and Experimental Investigation of Variable Stiffness in Soft Actuators Based on Particles Jamming,2026,SAE technical papers on CD-ROM/SAE technical paper series,10.4271/2026-99-0746,https://doi.org/10.4271/2026-99-0746,low_relevance:1
openalex_only,OpenAlex,title:threat analysis oriented digital twinning of ml powered future autonomous weapon systems,1,0,1,Threat-Analysis Oriented Digital Twinning of ML-Powered Future Autonomous Weapon Systems,2026,Scholarly Commons (Embry–Riddle Aeronautical University),,https://openalex.org/W7154882143,low_relevance:1
openalex_only,OpenAlex,doi:10.1126/science.adn6925,1,1,0,Additive manufacturing of highly entangled polymer networks,2024,Science,10.1126/science.adn6925,https://doi.org/10.1126/science.adn6925,
openalex_only,OpenAlex,doi:10.1126/science.adh9607,1,0,1,Big data in Earth science: Emerging practice and promise,2024,Science,10.1126/science.adh9607,https://doi.org/10.1126/science.adh9607,low_relevance:1
openalex_only,OpenAlex,doi:10.1126/science.ads3880,1,1,0,Circular 3D printing of high-performance photopolymers through dissociative network design,2025,Science,10.1126/science.ads3880,https://doi.org/10.1126/science.ads3880,
openalex_only,OpenAlex,doi:10.1126/science.ado8554,1,1,0,Magnetic modulation of keyhole instability during laser welding and additive manufacturing,2025,Science,10.1126/science.ado8554,https://doi.org/10.1126/science.ado8554,
openalex_only,OpenAlex,doi:10.1126/science.aeb3637,1,1,0,Lithographic crystallinity regulation in additive fabrication of thermoplastics (CRAFT),2026,Science,10.1126/science.aeb3637,https://doi.org/10.1126/science.aeb3637,
openalex_only,OpenAlex,doi:10.1126/sciadv.adq2597,1,1,0,Alignment and actuation of liquid crystals via 3D confinement and two-photon laser printing,2024,Science Advances,10.1126/sciadv.adq2597,https://doi.org/10.1126/sciadv.adq2597,
openalex_only,OpenAlex,doi:10.1126/sciadv.adl1549,1,0,1,Magnetically driven formation of 3D freestanding soft bioscaffolds,2024,Science Advances,10.1126/sciadv.adl1549,https://doi.org/10.1126/sciadv.adl1549,low_relevance:1
openalex_only,OpenAlex,doi:10.1126/sciadv.adp4814,1,1,0,Pluralizing actuation behavior of 3D printable liquid crystal elastomers via polymerization sequence control,2024,Science Advances,10.1126/sciadv.adp4814,https://doi.org/10.1126/sciadv.adp4814,
openalex_only,OpenAlex,doi:10.1126/sciadv.adl5774,1,0,1,Programmable nonreciprocal Poynting effect enabled by lattice metamaterials,2024,Science Advances,10.1126/sciadv.adl5774,https://doi.org/10.1126/sciadv.adl5774,low_relevance:1
openalex_only,OpenAlex,doi:10.1126/sciadv.adl4387,1,1,0,Reconfigurable 4D printing via mechanically robust covalent adaptable network shape memory polymer,2024,Science Advances,10.1126/sciadv.adl4387,https://doi.org/10.1126/sciadv.adl4387,
openalex_only,OpenAlex,doi:10.1126/sciadv.adx4409,1,1,0,Autonomous codesign and fabrication of multistimuli-responsive material systems,2025,Science Advances,10.1126/sciadv.adx4409,https://doi.org/10.1126/sciadv.adx4409,
openalex_only,OpenAlex,doi:10.1126/sciadv.adw9262,1,1,0,Digital light processing of photoresponsive and programmable hydrogels,2025,Science Advances,10.1126/sciadv.adw9262,https://doi.org/10.1126/sciadv.adw9262,
openalex_only,OpenAlex,doi:10.1126/sciadv.adv2169,1,1,0,Gradient double-twisted Bouligand structural design for high impact resistance over a wide range of loading velocities,2025,Science Advances,10.1126/sciadv.adv2169,https://doi.org/10.1126/sciadv.adv2169,
openalex_only,OpenAlex,doi:10.1126/sciadv.adz2928,1,1,0,Multimaterial 3D printed soft robots with embedded actuation and sensing,2025,Science Advances,10.1126/sciadv.adz2928,https://doi.org/10.1126/sciadv.adz2928,
openalex_only,OpenAlex,doi:10.1126/sciadv.adz0440,1,1,0,Spatiotemporal toughness modulation in hydrogels through on-demand cross-linking,2025,Science Advances,10.1126/sciadv.adz0440,https://doi.org/10.1126/sciadv.adz0440,
openalex_only,OpenAlex,doi:10.1126/sciadv.adz0017,1,1,0,Light-based 3D printing of mechanoluminescent living gels loaded with dinoflagellates,2026,Science Advances,10.1126/sciadv.adz0017,https://doi.org/10.1126/sciadv.adz0017,
openalex_only,OpenAlex,doi:10.1126/sciadv.adz7415,1,1,0,Three-dimensional printing of nanomaterials-based electronics with a metamaterial-inspired near-field electromagnetic structure,2026,Science Advances,10.1126/sciadv.adz7415,https://doi.org/10.1126/sciadv.adz7415,
openalex_only,OpenAlex,doi:10.1126/scirobotics.adi5908,1,1,0,A growing soft robot with climbing plant–inspired adaptive behaviors for navigation in unstructured environments,2024,Science Robotics,10.1126/scirobotics.adi5908,https://doi.org/10.1126/scirobotics.adi5908,
openalex_only,OpenAlex,doi:10.1126/scirobotics.adn4542,1,1,0,Upgrading and extending the life cycle of soft robots with in situ free-form liquid three-dimensional printing,2024,Science Robotics,10.1126/scirobotics.adn4542,https://doi.org/10.1126/scirobotics.adn4542,
openalex_only,OpenAlex,doi:10.59957/see.v11.i1.2026.3,1,0,1,Strategies and Methods for Recreating the Operating Behavior of a Technological Object Through Virtual Prototyping Based on an Optimized Initial Design,2026,"Science, Engineering & Education.",10.59957/see.v11.i1.2026.3,https://doi.org/10.59957/see.v11.i1.2026.3,low_relevance:1
openalex_only,OpenAlex,doi:10.64539/sjer.v2i2.2026.405,1,0,1,Artificial Intelligence–Driven Simulation Models for Industrial Accident Prevention in Chemical Process Engineering,2026,Scientific Journal of Engineering Research,10.64539/sjer.v2i2.2026.405,https://doi.org/10.64539/sjer.v2i2.2026.405,low_relevance:1
openalex_only,OpenAlex,doi:10.20858/sjsutst.2026.130.8,1,0,1,DIGITALIZATION OF BUSINESS PROCESSES IN THE INTEGRATED CONCEPT OF “INDUSTRY 5.0” IN ENSURING INVESTMENT AND SECURITY MANAGEMENT OF TRANSPORT ENTERPRISES,2026,Scientific Journal of Silesian University of Technology Series Transport,10.20858/sjsutst.2026.130.8,https://doi.org/10.20858/sjsutst.2026.130.8,low_relevance:1
openalex_only,OpenAlex,title:waam,1,1,0,Чисельне моделювання та цифрові двійники в адитивному виробництві з використанням дугового наплавлення (WAAM),2025,Scientific periodicals of Ukraine,,https://openalex.org/W7113720055,
openalex_only,OpenAlex,doi:10.1038/s41598-024-79084-w,1,1,0,An empirical model of soft bellows actuator,2024,Scientific Reports,10.1038/s41598-024-79084-w,https://doi.org/10.1038/s41598-024-79084-w,
openalex_only,OpenAlex,doi:10.1038/s41598-024-81139-x,1,1,0,In-situ synthesis and integration of gold nanoparticles into 3D printed optical fiber probes,2024,Scientific Reports,10.1038/s41598-024-81139-x,https://doi.org/10.1038/s41598-024-81139-x,
openalex_only,OpenAlex,doi:10.1038/s41598-024-63846-7,1,1,0,Vat photopolymerization printing of functionalized hydrogels on commercial contact lenses,2024,Scientific Reports,10.1038/s41598-024-63846-7,https://doi.org/10.1038/s41598-024-63846-7,
openalex_only,OpenAlex,doi:10.1038/s41598-025-23249-8,1,1,0,Applying high-performance resins in stereolitography printing to produce prototype injection moulds,2025,Scientific Reports,10.1038/s41598-025-23249-8,https://doi.org/10.1038/s41598-025-23249-8,
openalex_only,OpenAlex,doi:10.1038/s41598-025-19740-x,1,1,0,Design and performance assessment of custom static intermixers in extrusion 3D printing using machine learning–driven image analysis,2025,Scientific Reports,10.1038/s41598-025-19740-x,https://doi.org/10.1038/s41598-025-19740-x,
openalex_only,OpenAlex,doi:10.1038/s41598-025-25027-y,1,1,0,"Experimental, numerical, and DIC analysis of high-performance VPP composites with multilayer glass fiber reinforcement",2025,Scientific Reports,10.1038/s41598-025-25027-y,https://doi.org/10.1038/s41598-025-25027-y,
openalex_only,OpenAlex,doi:10.1038/s41598-025-26598-6,1,0,1,Inverse design framework for 4D printed structures using the finite element method,2025,Scientific Reports,10.1038/s41598-025-26598-6,https://doi.org/10.1038/s41598-025-26598-6,low_relevance:1
openalex_only,OpenAlex,doi:10.1038/s41598-025-23506-w,1,1,0,Mechanically resilient 3D lattices with soft–hard bicontinuous nanostructures via phase-separated interpenetrating composites,2025,Scientific Reports,10.1038/s41598-025-23506-w,https://doi.org/10.1038/s41598-025-23506-w,
openalex_only,OpenAlex,doi:10.1038/s41598-026-56932-5,1,0,1,A feature-centric decision-making framework for diagnosing and enhancing system efficiency in intelligent multi-agent manufacturing,2026,Scientific Reports,10.1038/s41598-026-56932-5,https://doi.org/10.1038/s41598-026-56932-5,low_relevance:1
openalex_only,OpenAlex,doi:10.1038/s41598-026-56030-6,1,1,0,A machine learning framework for structural and predictive analysis of intelligent data networks,2026,Scientific Reports,10.1038/s41598-026-56030-6,https://doi.org/10.1038/s41598-026-56030-6,
openalex_only,OpenAlex,doi:10.1038/s41598-026-40576-6,1,1,0,Adaptive human–robot collaboration in wind turbine manufacturing using digital twins,2026,Scientific Reports,10.1038/s41598-026-40576-6,https://doi.org/10.1038/s41598-026-40576-6,
openalex_only,OpenAlex,doi:10.1038/s41598-026-55442-8,1,0,1,An event-based resilient consensus algorithm for secure and low-carbon operation of cyber-physical smart grids,2026,Scientific Reports,10.1038/s41598-026-55442-8,https://doi.org/10.1038/s41598-026-55442-8,low_relevance:1
openalex_only,OpenAlex,doi:10.1038/s41598-026-37315-2,1,1,0,"Case study report on design, manufacturing and digital representation of a DED-Arc steel node for construction",2026,Scientific Reports,10.1038/s41598-026-37315-2,https://doi.org/10.1038/s41598-026-37315-2,
openalex_only,OpenAlex,doi:10.1038/s41598-026-53028-y,1,0,1,Digital twin- enabled intelligent HMI for real-time industrial automation systems,2026,Scientific Reports,10.1038/s41598-026-53028-y,https://doi.org/10.1038/s41598-026-53028-y,low_relevance:1
openalex_only,OpenAlex,doi:10.1038/s41598-026-49107-9,1,0,1,Enhancing smart factory performance via hybrid scheduling and intelligent resource management,2026,Scientific Reports,10.1038/s41598-026-49107-9,https://doi.org/10.1038/s41598-026-49107-9,low_relevance:1
openalex_only,OpenAlex,doi:10.1038/s41598-026-55594-7,1,0,1,Integrating digital twin technology with deep reinforcement learning for sustainable marine fishery resource management,2026,Scientific Reports,10.1038/s41598-026-55594-7,https://doi.org/10.1038/s41598-026-55594-7,low_relevance:1
openalex_only,OpenAlex,doi:10.1038/s41598-026-43380-4,1,1,0,Logistics equipment condition monitoring and prediction based on digital twin and machine learning,2026,Scientific Reports,10.1038/s41598-026-43380-4,https://doi.org/10.1038/s41598-026-43380-4,
openalex_only,OpenAlex,doi:10.1038/s41598-026-52507-6,1,0,1,Optimizing material and process parameters in laser engineered net shaping using liquid neural networks,2026,Scientific Reports,10.1038/s41598-026-52507-6,https://doi.org/10.1038/s41598-026-52507-6,low_relevance:1
openalex_only,OpenAlex,doi:10.1038/s41598-026-35877-9,1,0,1,Personalized skill transfer optimization in swimming training through multi-agent reinforcement learning driven digital twin environments,2026,Scientific Reports,10.1038/s41598-026-35877-9,https://doi.org/10.1038/s41598-026-35877-9,low_relevance:1
openalex_only,OpenAlex,doi:10.1038/s41598-026-51793-4,1,0,1,Quantum-safe cyber digital twin architectures for proactive threat forecasting and adaptive defense,2026,Scientific Reports,10.1038/s41598-026-51793-4,https://doi.org/10.1038/s41598-026-51793-4,low_relevance:1
openalex_only,OpenAlex,doi:10.1038/s41598-026-35393-w,1,1,0,Research on self-healing photocurable 3D-printed conductive polycaprolactone-based composites,2026,Scientific Reports,10.1038/s41598-026-35393-w,https://doi.org/10.1038/s41598-026-35393-w,
openalex_only,OpenAlex,doi:10.1038/s41598-026-41732-8,1,0,1,Slow drift aware dynamic risk assessment in cyber physical systems using quantum neutrosophic fuzzy modelling,2026,Scientific Reports,10.1038/s41598-026-41732-8,https://doi.org/10.1038/s41598-026-41732-8,low_relevance:1
openalex_only,OpenAlex,doi:10.1038/s41598-026-43774-4,1,0,1,Tri-domain prediction and optimization of nanocomposite polymers for high-performance 3D printing,2026,Scientific Reports,10.1038/s41598-026-43774-4,https://doi.org/10.1038/s41598-026-43774-4,low_relevance:1
openalex_only,OpenAlex,doi:10.1038/s41598-026-49490-3,1,0,1,TwinGuard-Sec: a federated blockchain-enabled AI framework for standardized security and privacy in cross-domain digital twin ecosystems over 6G,2026,Scientific Reports,10.1038/s41598-026-49490-3,https://doi.org/10.1038/s41598-026-49490-3,low_relevance:1
openalex_only,OpenAlex,doi:10.3390/s26010004,1,1,0,A Case Study on DNN-Based Surface Roughness QA Analysis of Hollow Metal AM Fabricated Parts in a DT-Enabled CW-GTAW Robotic Manufacturing Cell,2025,Sensors,10.3390/s26010004,https://doi.org/10.3390/s26010004,
openalex_only,OpenAlex,doi:10.3390/s25185777,1,0,1,A Point-Line-Area Paradigm: 3D Printing for Next-Generation Health Monitoring Sensors,2025,Sensors,10.3390/s25185777,https://doi.org/10.3390/s25185777,low_relevance:1
openalex_only,OpenAlex,doi:10.3390/s26082332,1,0,1,A Neural Network-Enhanced Kalman Filter for Time Series Anomaly Detection in Cyber-Physical Systems,2026,Sensors,10.3390/s26082332,https://doi.org/10.3390/s26082332,low_relevance:1
openalex_only,OpenAlex,doi:10.3390/s26020440,1,1,0,Next-Generation Biomedical Microwave Antennas: Metamaterial Design and Advanced Printing Manufacturing Techniques,2026,Sensors,10.3390/s26020440,https://doi.org/10.3390/s26020440,
openalex_only,OpenAlex,doi:10.3390/s26102961,1,1,0,Printed Piezoelectric Materials: From Functional Inks to High-Performance Transducers,2026,Sensors,10.3390/s26102961,https://doi.org/10.3390/s26102961,
openalex_only,OpenAlex,doi:10.3390/s26113581,1,0,1,"Review of Optical Fiber and Integrated Photonic Sensors for Industry and Smart Manufacturing: Technologies, Applications, Structural Health Monitoring and AI-Enabled Sensing",2026,Sensors,10.3390/s26113581,https://doi.org/10.3390/s26113581,low_relevance:1
openalex_only,OpenAlex,doi:10.3390/s26051723,1,0,1,Target Tissue Identification Based on Image Processing for Regulating Automatic Robotic Lung Biopsy Sampler: Onsite Phantom Validation,2026,Sensors,10.3390/s26051723,https://doi.org/10.3390/s26051723,low_relevance:1
openalex_only,OpenAlex,doi:10.34293/sijash.v13is2-i4-jan.10573,1,1,0,Future of Smart and Sustainable Foods: A 4D Printing Perspective,2026,Shanlax International Journal of Arts Science and Humanities,10.34293/sijash.v13is2-i4-jan.10573,https://doi.org/10.34293/sijash.v13is2-i4-jan.10573,
openalex_only,OpenAlex,title:design and rapid prototyping for cost effective slam based semi autonomous ground vehicles,1,1,0,DESIGN AND RAPID PROTOTYPING FOR COST-EFFECTIVE SLAM-BASED SEMI-AUTONOMOUS GROUND VEHICLES,2026,SHAREOK (University of Oklahoma),,https://openalex.org/W7162910461,
openalex_only,OpenAlex,title:4d printing of lce composites for enhanced damping,1,1,0,4D printing of LCE composites for enhanced damping,2025,SHAREOK (University of Oklahoma; Oklahoma State University; Central Oklahoma University),,https://openalex.org/W7110571899,
openalex_only,OpenAlex,doi:10.15589/smi2026.1(22).15,1,0,1,INTEGRATED MULTIMEDIA DATA PROTECTION IN SHIPBUILDING AND MARITIME INFRASTRUCTURE,2026,Shipbuilding and marine infrastructure,10.15589/smi2026.1(22).15,https://doi.org/10.15589/smi2026.1%2822%29.15,low_relevance:1
openalex_only,OpenAlex,doi:10.31653/2306-5761.39.2026.143-162,1,0,1,"Seaport automation: technological solutions, systemic challenges and regional specifics of implementation",2026,Shipping & Navigation,10.31653/2306-5761.39.2026.143-162,https://doi.org/10.31653/2306-5761.39.2026.143-162,low_relevance:1
openalex_only,OpenAlex,doi:10.29121/shodhkosh.v7.i1s.2026.7076,1,0,1,DIGITAL TWINS IN SCULPTURE STUDIOS: ENHANCING LEARNING,2026,ShodhKosh Journal of Visual and Performing Arts,10.29121/shodhkosh.v7.i1s.2026.7076,https://doi.org/10.29121/shodhkosh.v7.i1s.2026.7076,low_relevance:1
openalex_only,OpenAlex,doi:10.24853/sintek.19.2.113-131,1,1,0,Acoustic Analysis of 3D Printing Motion Patterns for Machine Condition Monitoring,2025,SINTEK JURNAL Jurnal Ilmiah Teknik Mesin,10.24853/sintek.19.2.113-131,https://doi.org/10.24853/sintek.19.2.113-131,
openalex_only,OpenAlex,doi:10.1002/smll.202503602,1,1,0,Grayscale 4D Printing of Ferromagnetic Soft Materials,2025,Small,10.1002/smll.202503602,https://doi.org/10.1002/smll.202503602,
openalex_only,OpenAlex,doi:10.1002/smll.202502046,1,1,0,Non‐Sticky Display Eliminates Surface Roughness and Interface Adhesion: Enabling Large‐Scale LCD‐Based 3D Printing,2025,Small,10.1002/smll.202502046,https://doi.org/10.1002/smll.202502046,
openalex_only,OpenAlex,doi:10.1002/smll.202502129,1,1,0,“Grafting‐to” Polymers of Xylan‐<i>g</i>‐allyl Glycidyl Ether Toughen PEG Hydrogel via Microphase Separation: Thermoresponsive and Photoreactive Molecular Assembly in DLP 3D Printing,2025,Small,10.1002/smll.202502129,https://doi.org/10.1002/smll.202502129,
openalex_only,OpenAlex,doi:10.1002/smll.74122,1,1,0,"3D‐Printed Metamaterial‐Based Soft Sensors: Materials, Design, and Fabrications",2026,Small,10.1002/smll.74122,https://doi.org/10.1002/smll.74122,
openalex_only,OpenAlex,doi:10.1002/smll.202510426,1,0,1,Virtualization as a New Scaling Law for Semiconductor Devices Beyond Geometric Scaling,2026,Small,10.1002/smll.202510426,https://doi.org/10.1002/smll.202510426,low_relevance:1
openalex_only,OpenAlex,doi:10.1002/smtd.202401809,1,1,0,From Single to Multi‐Material 3D Printing of Glass‐Ceramics for Micro‐Optics,2025,Small Methods,10.1002/smtd.202401809,https://doi.org/10.1002/smtd.202401809,
openalex_only,OpenAlex,doi:10.1002/smtd.202501222,1,1,0,Zwitterionic Photocurable Resin for High‐Resolution 3D Printing of Ultralow‐Fouling Microstructures,2025,Small Methods,10.1002/smtd.202501222,https://doi.org/10.1002/smtd.202501222,
openalex_only,OpenAlex,doi:10.1002/smsc.202500104,1,0,1,Sustainable 4D Printable Biobased Shape Memory Polymers with Linear Tunability and Multistimuli Actuation for Advanced Applications,2025,Small Science,10.1002/smsc.202500104,https://doi.org/10.1002/smsc.202500104,low_relevance:1
openalex_only,OpenAlex,doi:10.1108/srt-07-2025-0021,1,0,1,Reducing human error in aircraft maintenance: a dual-framework analysis of smart technologies using SWOT and HFACS in Philippine MROs,2026,Smart and Resilient Transport,10.1108/srt-07-2025-0021,https://doi.org/10.1108/srt-07-2025-0021,low_relevance:1
openalex_only,OpenAlex,doi:10.1108/sasbe-02-2026-0113,1,0,1,Artificial intelligence–based strategies for indoor environmental quality optimisation,2026,Smart and Sustainable Built Environment,10.1108/sasbe-02-2026-0113,https://doi.org/10.1108/sasbe-02-2026-0113,low_relevance:1
openalex_only,OpenAlex,doi:10.1088/1361-665x/ad5c22,1,1,0,4D printing roadmap,2024,Smart Materials and Structures,10.1088/1361-665x/ad5c22,https://doi.org/10.1088/1361-665x/ad5c22,
openalex_only,OpenAlex,doi:10.1088/1361-665x/ad3c85,1,1,0,Advancing 4D printing through designing interlocking blocks: enhancing deformation uniformity in active composite structures,2024,Smart Materials and Structures,10.1088/1361-665x/ad3c85,https://doi.org/10.1088/1361-665x/ad3c85,
openalex_only,OpenAlex,doi:10.1088/1361-665x/ad2bd8,1,1,0,Hard magnetics and soft materials—a synergy,2024,Smart Materials and Structures,10.1088/1361-665x/ad2bd8,https://doi.org/10.1088/1361-665x/ad2bd8,
openalex_only,OpenAlex,doi:10.1088/1361-665x/ad9dca,1,0,1,Ontology for smart 4D printed material systems and structures synergically applied with generative artificial intelligence for creativity promotion,2024,Smart Materials and Structures,10.1088/1361-665x/ad9dca,https://doi.org/10.1088/1361-665x/ad9dca,low_relevance:1
openalex_only,OpenAlex,doi:10.1088/1361-665x/ae7687,1,1,0,Photothermally activated shape-memory polymer-Ag nanoparticle composites for 3D-printed actuators,2026,Smart Materials and Structures,10.1088/1361-665x/ae7687,https://doi.org/10.1088/1361-665x/ae7687,
openalex_only,OpenAlex,doi:10.1002/smo.20230025,1,1,0,"Smart chiral liquid crystal elastomers: Design, properties and application",2024,Smart Molecules,10.1002/smo.20230025,https://doi.org/10.1002/smo.20230025,
openalex_only,OpenAlex,doi:10.1002/smo2.70026,1,0,1,Incorporating crystalline smart materials to fabricate 4D printed photomechanical actuators with photovoltaic performance,2025,Smart Molecules,10.1002/smo2.70026,https://doi.org/10.1002/smo2.70026,low_relevance:1
openalex_only,OpenAlex,doi:10.47852/bonviewswt52026450,1,0,1,Polymer-Based Smart Material in 4D Printing Applications,2025,Smart Wearable Technology,10.47852/bonviewswt52026450,https://doi.org/10.47852/bonviewswt52026450,low_relevance:1
openalex_only,OpenAlex,doi:10.1002/sys3.70007,1,1,0,Synergy of Smart Materials and Structures Toward Intelligent Metamaterials,2025,SmartSys,10.1002/sys3.70007,https://doi.org/10.1002/sys3.70007,
openalex_only,OpenAlex,doi:10.1007/s10270-026-01368-8,1,0,1,"Model-based digital twin engineering: insights, challenges, and future directions",2026,Software & Systems Modeling,10.1007/s10270-026-01368-8,https://doi.org/10.1007/s10270-026-01368-8,low_relevance:1
openalex_only,OpenAlex,doi:10.1051/e3sconf/202670201021,1,0,1,"A Comprehensive Review of Integrating BIM, AI, and Additive Manufacturing for Net-Zero Construction",2026,Springer Link (Chiba Institute of Technology),10.1051/e3sconf/202670201021,https://doi.org/10.1051/e3sconf/202670201021,low_relevance:1
openalex_only,OpenAlex,doi:10.1051/e3sconf/202671604047,1,0,1,Closed-Loop Digital Twins for Building-Integrated Photovoltaics: A Focused Review,2026,Springer Link (Chiba Institute of Technology),10.1051/e3sconf/202671604047,https://doi.org/10.1051/e3sconf/202671604047,low_relevance:1
openalex_only,OpenAlex,doi:10.1051/e3sconf/202671701009,1,0,1,"Digital Twin of Urban Rivers for Smart Water Management: Concepts, Key Technology Applications and Challenges",2026,Springer Link (Chiba Institute of Technology),10.1051/e3sconf/202671701009,https://doi.org/10.1051/e3sconf/202671701009,low_relevance:1
openalex_only,OpenAlex,doi:10.1051/mfreview/2026005,1,1,0,Hybrid path planning method for PCB drilling based on feature-aware and zone-optimization strategy,2026,Springer Link (Chiba Institute of Technology),10.1051/mfreview/2026005,https://doi.org/10.1051/mfreview/2026005,
openalex_only,OpenAlex,doi:10.1051/bioconf/202623601026,1,0,1,Industrial IoT in the Food Sector: A Scopus Bibliometric Mapping,2026,Springer Link (Chiba Institute of Technology),10.1051/bioconf/202623601026,https://doi.org/10.1051/bioconf/202623601026,low_relevance:1
openalex_only,OpenAlex,doi:10.1051/mfreview/2026004,1,1,0,"Light-derived additive manufacturing: advances, challenges and prospects",2026,Springer Link (Chiba Institute of Technology),10.1051/mfreview/2026004,https://doi.org/10.1051/mfreview/2026004,
openalex_only,OpenAlex,doi:10.1051/aacus/2026054,1,1,0,Semi-analytical Timoshenko beam model for symmetrical 1D acoustic black holes: Efficient quantification of the influence of geometric model parameters on vibration behaviour,2026,Springer Link (Chiba Institute of Technology),10.1051/aacus/2026054,https://doi.org/10.1051/aacus/2026054,
openalex_only,OpenAlex,doi:10.1051/e3sconf/202671606007,1,0,1,Transformer-based Generative AI for HVAC Control with Fragmented Data Center Histories of IT Workload and Cooling Infrastructure,2026,Springer Link (Chiba Institute of Technology),10.1051/e3sconf/202671606007,https://doi.org/10.1051/e3sconf/202671606007,low_relevance:1
openalex_only,OpenAlex,doi:10.1051/matecconf/202641901018,1,1,0,Transitioning from Industry 4.0 to Industry 5.0: A Review and Analysis of Future Research Directions,2026,Springer Link (Chiba Institute of Technology),10.1051/matecconf/202641901018,https://doi.org/10.1051/matecconf/202641901018,
openalex_only,OpenAlex,doi:10.2139/ssrn.5157227,1,1,0,Impact of Oxygen Inhibition on Acrylate Photopolymerization in Tomographic Volumetric Printing,2025,SSRN Electronic Journal,10.2139/ssrn.5157227,https://doi.org/10.2139/ssrn.5157227,
openalex_only,OpenAlex,doi:10.1007/s00158-026-04324-8,1,0,1,Real-time sensing digital twin for aerospace structural health monitoring,2026,Structural and Multidisciplinary Optimization,10.1007/s00158-026-04324-8,https://doi.org/10.1007/s00158-026-04324-8,low_relevance:1
openalex_only,OpenAlex,doi:10.1007/s00158-026-04304-y,1,0,1,Reinforcement learning-based control co-design of digital twin-enabled full-vehicle active suspension systems,2026,Structural and Multidisciplinary Optimization,10.1007/s00158-026-04304-y,https://doi.org/10.1007/s00158-026-04304-y,low_relevance:1
openalex_only,OpenAlex,doi:10.1080/16258312.2026.2677455,1,0,1,Digital innovations in sustainable fashion supply chains: a SCOR-Driven synthesis,2026,Supply Chain Forum an International Journal,10.1080/16258312.2026.2677455,https://doi.org/10.1080/16258312.2026.2677455,low_relevance:1
openalex_only,OpenAlex,doi:10.1007/s44251-025-00113-5,1,0,1,"Machine learning in thermal spraying: applications, challenges, and future perspectives",2026,Surface Science and Technology,10.1007/s44251-025-00113-5,https://doi.org/10.1007/s44251-025-00113-5,low_relevance:1
openalex_only,OpenAlex,doi:10.3390/surfaces8030058,1,1,0,Vat Photopolymerization of Additively Manufactured Zirconia Ceramic Structures from Slurries of Surface Functionalized Particles: A Critical Review,2025,Surfaces,10.3390/surfaces8030058,https://doi.org/10.3390/surfaces8030058,
openalex_only,OpenAlex,doi:10.3390/su162411174,1,0,1,3D/4D Printing in Advanced Robotics Systems—Recent Developments and Applications,2024,Sustainability,10.3390/su162411174,https://doi.org/10.3390/su162411174,low_relevance:1
openalex_only,OpenAlex,doi:10.3390/su18115785,1,0,1,AI-Driven Digital Twins in Sustainable Manufacturing: A Critical Review,2026,Sustainability,10.3390/su18115785,https://doi.org/10.3390/su18115785,low_relevance:1
openalex_only,OpenAlex,doi:10.3390/su18052361,1,0,1,Can Digital Twin Technology Enhance Supply-Chain Resilience? A Systematic Literature Review,2026,Sustainability,10.3390/su18052361,https://doi.org/10.3390/su18052361,low_relevance:1
openalex_only,OpenAlex,doi:10.3390/su18094602,1,0,1,Sustainable Manufacturing: Enabling Technologies and Emerging Research Trends—A Scoping Review,2026,Sustainability,10.3390/su18094602,https://doi.org/10.3390/su18094602,low_relevance:1
openalex_only,OpenAlex,doi:10.1016/j.susmat.2025.e01346,1,1,0,4D printing of natural materials: A review,2025,Sustainable materials and technologies,10.1016/j.susmat.2025.e01346,https://doi.org/10.1016/j.susmat.2025.e01346,
openalex_only,OpenAlex,doi:10.1016/j.susmat.2025.e01430,1,1,0,Strategies for recycling multi-material polymer blends for additive manufacturing,2025,Sustainable materials and technologies,10.1016/j.susmat.2025.e01430,https://doi.org/10.1016/j.susmat.2025.e01430,
openalex_only,OpenAlex,doi:10.1016/j.susmat.2026.e02096,1,1,0,A Spirulina-derived pigment extract combining phycocyanin and chlorophyll for optically responsive photopolymer architectures,2026,Sustainable materials and technologies,10.1016/j.susmat.2026.e02096,https://doi.org/10.1016/j.susmat.2026.e02096,
openalex_only,OpenAlex,doi:10.70322/spe.2026.10005,1,1,0,Sustainable Additive Manufacturing of Polymer Composites for Advanced Water Treatment: A Review,2026,Sustainable polymer & energy,10.70322/spe.2026.10005,https://doi.org/10.70322/spe.2026.10005,
openalex_only,OpenAlex,doi:10.3390/systems14040417,1,0,1,A Federated Digital Twin Framework for Consumer Wellbeing Systems,2026,Systems,10.3390/systems14040417,https://doi.org/10.3390/systems14040417,low_relevance:1
openalex_only,OpenAlex,doi:10.25140/2411-5363-2025-3(41)-63-69,1,1,0,Design of an educational stand with ABB IRB 120 for online and offline programming,2025,TECHNICAL SCIENCES AND TECHNOLOGIES,10.25140/2411-5363-2025-3(41)-63-69,https://doi.org/10.25140/2411-5363-2025-3%2841%29-63-69,
openalex_only,OpenAlex,doi:10.25140/2411-5363-2026-2(44)-116-130,1,0,1,Toolkit for creating digital twins of metal-cutting machine tools,2026,TECHNICAL SCIENCES AND TECHNOLOGIES,10.25140/2411-5363-2026-2(44)-116-130,https://doi.org/10.25140/2411-5363-2026-2%2844%29-116-130,low_relevance:1
openalex_only,OpenAlex,doi:10.3390/technologies14030165,1,1,0,"Additive Manufacturing in Space: Technologies, Flight Heritage, and Materials",2026,Technologies,10.3390/technologies14030165,https://doi.org/10.3390/technologies14030165,
openalex_only,OpenAlex,doi:10.3390/technologies14040218,1,0,1,"From Mechanics to Machine Learning in Additive Manufacturing: A Review of Deformation, Fatigue, and Fracture",2026,Technologies,10.3390/technologies14040218,https://doi.org/10.3390/technologies14040218,low_relevance:1
openalex_only,OpenAlex,doi:10.1016/j.teler.2026.100325,1,0,1,Healthcare digital twins: A methodological literature review on integrating iot and AI for personalized medicine and predictive care,2026,Telematics and Informatics Reports,10.1016/j.teler.2026.100325,https://doi.org/10.1016/j.teler.2026.100325,low_relevance:1
openalex_only,OpenAlex,doi:10.26153/tsw/63164,1,1,0,Engineering soft materials across length scales for programmable performance,2025,Texas Digital Library (University of Texas),10.26153/tsw/63164,https://doi.org/10.26153/tsw/63164,
openalex_only,OpenAlex,doi:10.26153/tsw/63599,1,0,1,Oxygen Saturation as a Strategy to Mitigate User-Induced Variation in Tomographic Volumetric Additive Manufacturing,2025,Texas Digital Library (University of Texas),10.26153/tsw/63599,https://doi.org/10.26153/tsw/63599,duplicate_title:1
openalex_only,OpenAlex,doi:10.18738/t8/unaoda,1,1,0,Replication Data for: Hybrid epoxy–acrylate resins for wavelength-selective multimaterial 3D printing,2026,Texas Digital Library (University of Texas),10.18738/t8/unaoda,https://doi.org/10.18738/t8/unaoda,
openalex_only,OpenAlex,doi:10.1017/aer.2026.10138,1,0,1,Artificial intelligence for sustainable aviation: a review on operational implementations and future perspectives,2026,The Aeronautical Journal,10.1017/aer.2026.10138,https://doi.org/10.1017/aer.2026.10138,low_relevance:1
openalex_only,OpenAlex,doi:10.35219/mms.2025.4.06,1,1,0,Smart Metallurgy: The Impact of Industry 4.0 on Materials Processing and Innovation,2025,The Annals of “Dunarea de Jos” University of Galati Fascicle IX Metallurgy and Materials Science,10.35219/mms.2025.4.06,https://doi.org/10.35219/mms.2025.4.06,
openalex_only,OpenAlex,doi:10.1002/tcr.70186,1,1,0,Printing to Fight Antimicrobial Resistance Through Nano/Microstructured Platforms,2026,The Chemical Record,10.1002/tcr.70186,https://doi.org/10.1002/tcr.70186,
openalex_only,OpenAlex,doi:10.26855/er.2026.03.007,1,0,1,Advancing U.S. Manufacturing Competitiveness Through AI and Nanotechnology: A Strategic Curriculum Framework for Workforce Development,2026,The Educational Review USA,10.26855/er.2026.03.007,https://doi.org/10.26855/er.2026.03.007,low_relevance:1
openalex_only,OpenAlex,doi:10.1140/epjs/s11734-026-02294-y,1,1,0,Advanced RF cavity manufacturing using multi-material laser powder bed fusion,2026,The European Physical Journal Special Topics,10.1140/epjs/s11734-026-02294-y,https://doi.org/10.1140/epjs/s11734-026-02294-y,
openalex_only,OpenAlex,doi:10.1007/s00170-025-15976-z,1,1,0,Laser-based powder bed fusion additive manufacturing of thinner walls through re-melting,2025,The International Journal of Advanced Manufacturing Technology,10.1007/s00170-025-15976-z,https://doi.org/10.1007/s00170-025-15976-z,
openalex_only,OpenAlex,doi:10.1007/s00170-025-15749-8,1,1,0,Multi-axis material extrusion of continuous carbon fiber composites: tool design and mechanical characterization,2025,The International Journal of Advanced Manufacturing Technology,10.1007/s00170-025-15749-8,https://doi.org/10.1007/s00170-025-15749-8,
openalex_only,OpenAlex,doi:10.1007/s00170-025-17129-8,1,1,0,Optimizing lithium-ion battery manufacturing with digitalization and AI-driven frameworks,2025,The International Journal of Advanced Manufacturing Technology,10.1007/s00170-025-17129-8,https://doi.org/10.1007/s00170-025-17129-8,
openalex_only,OpenAlex,doi:10.1007/s00170-025-15290-8,1,0,1,"STEP-NC in additive manufacturing: a comprehensive review, architecture, and data model proposal",2025,The International Journal of Advanced Manufacturing Technology,10.1007/s00170-025-15290-8,https://doi.org/10.1007/s00170-025-15290-8,low_relevance:1
openalex_only,OpenAlex,doi:10.1007/s00170-026-18078-6,1,0,1,A review of design and fabrication strategies for thermoplastic lightweight thin-walled stiffened shells and lattice structures utilizing fused-filament fabrication (FFF),2026,The International Journal of Advanced Manufacturing Technology,10.1007/s00170-026-18078-6,https://doi.org/10.1007/s00170-026-18078-6,low_relevance:1
openalex_only,OpenAlex,doi:10.1007/s00170-025-17220-0,1,1,0,Advanced additive manufacturing and printing technologies for dental applications: a narrative review,2026,The International Journal of Advanced Manufacturing Technology,10.1007/s00170-025-17220-0,https://doi.org/10.1007/s00170-025-17220-0,
openalex_only,OpenAlex,doi:10.1007/s00170-026-18072-y,1,1,0,"Artificial intelligence in additive Manufacturing: advances in smart materials, lattice optimization, and process intelligence",2026,The International Journal of Advanced Manufacturing Technology,10.1007/s00170-026-18072-y,https://doi.org/10.1007/s00170-026-18072-y,
openalex_only,OpenAlex,doi:10.1007/s00170-026-17780-9,1,1,0,Characterisation of infill strategies in WAAM for solid components fabricated with ER100S-G wire,2026,The International Journal of Advanced Manufacturing Technology,10.1007/s00170-026-17780-9,https://doi.org/10.1007/s00170-026-17780-9,
openalex_only,OpenAlex,doi:10.1007/s00170-026-18134-1,1,1,0,Design and one-shot fabrication of a 2-DOF tendon-driven robotic finger via additive manufacturing using continuous CFRP,2026,The International Journal of Advanced Manufacturing Technology,10.1007/s00170-026-18134-1,https://doi.org/10.1007/s00170-026-18134-1,
openalex_only,OpenAlex,doi:10.1007/s00170-026-17941-w,1,0,1,Factor screening for adaptive powder feeding in Laser-Beam Directed Energy Deposition,2026,The International Journal of Advanced Manufacturing Technology,10.1007/s00170-026-17941-w,https://doi.org/10.1007/s00170-026-17941-w,low_relevance:1
openalex_only,OpenAlex,doi:10.1007/s00170-025-17055-9,1,1,0,Heterogeneous swarm manufacturing: a framework and proof-of-concept study,2026,The International Journal of Advanced Manufacturing Technology,10.1007/s00170-025-17055-9,https://doi.org/10.1007/s00170-025-17055-9,
openalex_only,OpenAlex,doi:10.1007/s00170-026-18133-2,1,0,1,Integrating artificial intelligence and digital twins into a data architecture for small-batch manufacturing,2026,The International Journal of Advanced Manufacturing Technology,10.1007/s00170-026-18133-2,https://doi.org/10.1007/s00170-026-18133-2,low_relevance:1
openalex_only,OpenAlex,doi:10.1007/s00170-026-17659-9,1,1,0,JetCal: a physics-based optimization framework for calibrating melt electrowriting,2026,The International Journal of Advanced Manufacturing Technology,10.1007/s00170-026-17659-9,https://doi.org/10.1007/s00170-026-17659-9,
openalex_only,OpenAlex,doi:10.1007/s00170-026-17902-3,1,1,0,Mechanical performance of bi-material FDM rigid–flexible joints: effects of alternate deposition and mechanical interlocking,2026,The International Journal of Advanced Manufacturing Technology,10.1007/s00170-026-17902-3,https://doi.org/10.1007/s00170-026-17902-3,
openalex_only,OpenAlex,doi:10.1007/s00170-026-17462-6,1,1,0,Nature-inspired neural network-based intelligent modeling approaches for micro additive manufacturing system,2026,The International Journal of Advanced Manufacturing Technology,10.1007/s00170-026-17462-6,https://doi.org/10.1007/s00170-026-17462-6,
openalex_only,OpenAlex,doi:10.1007/s00170-026-17723-4,1,1,0,Overcoming synchronization challenges in machining digital twins: transpiling legacy NC dialects to enhance interoperability,2026,The International Journal of Advanced Manufacturing Technology,10.1007/s00170-026-17723-4,https://doi.org/10.1007/s00170-026-17723-4,
openalex_only,OpenAlex,doi:10.1177/15485129261441817,1,0,1,On digital twins in defense: overview and applications,2026,The Journal of Defense Modeling and Simulation Applications Methodology Technology,10.1177/15485129261441817,https://doi.org/10.1177/15485129261441817,low_relevance:1
openalex_only,OpenAlex,empty:142,1,1,0,ТЕХНІКО-ТЕХНОЛОГІЧНЕ ОБҐРУНТУВАННЯ ЗАСТОСУВАННЯ МОДУЛЬНИХ ШНЕКІВ У МАШИНАХ ДЛЯ ТРАНСПОРТУВАННЯ ШТУЧНИХ ВАНТАЖІВ,2026,The Scientific Issues of Ternopil Volodymyr Hnatiuk National Pedagogical University Series pedagogy,,https://openalex.org/W7162277402,
openalex_only,OpenAlex,doi:10.54254/2753-8818/2026.32177,1,1,0,An Elephant Trunk-Inspired Modular Variable Stiffness Soft Robot,2026,Theoretical and Natural Science,10.54254/2753-8818/2026.32177,https://doi.org/10.54254/2753-8818/2026.32177,
openalex_only,OpenAlex,doi:10.54254/2753-8818/2026.dl33664,1,0,1,Fluid Dynamics Advances in Turbojet Engines: From Fundamental Mechanisms to Engineering Applications,2026,Theoretical and Natural Science,10.54254/2753-8818/2026.dl33664,https://doi.org/10.54254/2753-8818/2026.dl33664,low_relevance:1
openalex_only,OpenAlex,doi:10.2298/tsci2601041l,1,1,0,Digital twin-based intelligent warehouse thermal environment simulation and automated control optimization,2026,Thermal Science,10.2298/tsci2601041l,https://doi.org/10.2298/tsci2601041l,
openalex_only,OpenAlex,title:modelling a digital twin of kuka robot for lut hitsaustekniikka laboratory using kuka sim 4 10,1,1,0,Modelling a digital twin of KUKA Robot : for LUT hitsaustekniikka laboratory using KUKA.Sim 4.10,2026,Theseus (Ammattikorkeakoulujen),,https://openalex.org/W7163470160,
openalex_only,OpenAlex,doi:10.1016/j.tramat.2026.100316,1,1,0,Interfacial bonding mechanism and microstructural evolution in additive friction stir deposition of Ti/Al dissimilar alloys via substrate micro-grooving,2026,Transactions of Materials Research,10.1016/j.tramat.2026.100316,https://doi.org/10.1016/j.tramat.2026.100316,
openalex_only,OpenAlex,doi:10.1007/s12666-026-03848-3,1,0,1,A global approach for the digitalization of progressive sheet metal forming,2026,Transactions of the Indian Institute of Metals,10.1007/s12666-026-03848-3,https://doi.org/10.1007/s12666-026-03848-3,low_relevance:1
openalex_only,OpenAlex,doi:10.1177/01423312261442257,1,0,1,Quality-driven multi-stage dynamic scheduling optimization for flexible manufacturing via digital twin with integrated rework mechanism,2026,Transactions of the Institute of Measurement and Control,10.1177/01423312261442257,https://doi.org/10.1177/01423312261442257,low_relevance:1
openalex_only,OpenAlex,doi:10.1016/j.tdr.2026.100088,1,0,1,Advancing Orthodontic Care Through Digital Twin Technology,2026,Translational dental research.,10.1016/j.tdr.2026.100088,https://doi.org/10.1016/j.tdr.2026.100088,low_relevance:1
openalex_only,OpenAlex,title:development of stretchable antenna using laser induced graphene lig for wearable devices,1,1,0,Development of Stretchable Antenna using Laser-induced Graphene (LIG) for Wearable Devices,2026,Trepo - Institutional Repository of Tampere University,,https://openalex.org/W7133180467,
openalex_only,OpenAlex,title:mechanics and modeling of 3d printed metamaterials for energy absorption,1,1,0,Mechanics and Modeling of 3D Printed Metamaterials for Energy Absorption,2025,TSpace,,https://openalex.org/W7132921366,
openalex_only,OpenAlex,title:using multi material additive manufacturing and targeting active applications in the design and development of hydrophobic surfaces,1,0,1,Using Multi-Material Additive Manufacturing and Targeting Active Applications in the Design and Development of Hydrophobic Surfaces,2025,TSpace,,https://openalex.org/W7133006196,low_relevance:1
openalex_only,OpenAlex,title:nurbs based ray tracer modeling of tomographic volumetric additive manufacturing,1,1,0,NURBS-Based Ray Tracer Modeling of Tomographic Volumetric Additive Manufacturing,2025,TU/e Research Portal,,https://openalex.org/W7160975289,
openalex_only,OpenAlex,title:data driven optimization for city logistics,1,0,1,Data-Driven Optimization for City Logistics,2026,TU/e Research Portal,,https://openalex.org/W7163459089,low_relevance:1
openalex_only,OpenAlex,title:edge cloud assisted real time cyber physical systems,1,0,1,Edge-Cloud-Assisted Real-Time Cyber-Physical Systems,2026,TU/e Research Portal,,https://openalex.org/W7163782870,low_relevance:1
openalex_only,OpenAlex,doi:10.31127/tuje.1502587,1,1,0,A comprehensive review on application of machine intelligence in additive manufacturing,2025,Turkish Journal of Engineering,10.31127/tuje.1502587,https://doi.org/10.31127/tuje.1502587,
openalex_only,OpenAlex,doi:10.51534/tiha.1663442,1,1,0,4D Printing Technology and Its Application Possibilities in Unmanned Aerial Vehicles (UAVs),2025,Türkiye İnsansız Hava Araçları Dergisi,10.51534/tiha.1663442,https://doi.org/10.51534/tiha.1663442,
openalex_only,OpenAlex,title:study of a proposed cellular structure for a metamaterial configuration resistant to torsional effects in a power transmission shaft manufactured by layer by layer additive manufacturing,1,0,1,Study of a proposed cellular structure for a metamaterial configuration resistant to torsional effects in a power transmission shaft manufactured by layer-by-layer additive manufacturing,2026,Universidad Industrial de Santander,,https://openalex.org/W7163723861,low_relevance:1
openalex_only,OpenAlex,doi:10.1109/tii.2026.3679379,1,0,1,ML-driven unity/WebGL digital twin with RGB sensing for bioleaching process control,2026,UPCommons institutional repository (Universitat Politècnica de Catalunya),10.1109/tii.2026.3679379,https://doi.org/10.1109/tii.2026.3679379,low_relevance:1
openalex_only,OpenAlex,title:4d printed nitinol metamaterials from algorithmic design of textile based soft stiff architectures towards next generation medical implants,1,1,0,4D printed Nitinol metamaterials: from algorithmic design of textile-based soft-stiff architectures towards next generation medical implants,2026,UPM Digital Archive (Technical University of Madrid),,https://openalex.org/W7163863901,
openalex_only,OpenAlex,doi:10.4018/979-8-3373-8177-0.ch014,1,0,1,Decoding Digital Twins,2026,Venue unknown,10.4018/979-8-3373-8177-0.ch014,https://doi.org/10.4018/979-8-3373-8177-0.ch014,low_relevance:1
openalex_only,OpenAlex,doi:10.82514/digital-engineering-and-its-assimilation-in-engineering-education,1,0,1,Digital Engineering and its assimilation in engineering education,2026,Venue unknown,10.82514/digital-engineering-and-its-assimilation-in-engineering-education,https://doi.org/10.82514/digital-engineering-and-its-assimilation-in-engineering-education,low_relevance:1
openalex_only,OpenAlex,doi:10.18690/um.fov.4.2026.55,1,0,1,It Takes Two to Co-Create: Digital Twin Mechanism for Value Co-Creation,2026,Venue unknown,10.18690/um.fov.4.2026.55,https://doi.org/10.18690/um.fov.4.2026.55,low_relevance:1
openalex_only,OpenAlex,doi:10.1201/9781032662961-7,1,0,1,PAT for Process Modelling,2026,Venue unknown,10.1201/9781032662961-7,https://doi.org/10.1201/9781032662961-7,low_relevance:1
openalex_only,OpenAlex,doi:10.66308/air.e2026048,1,0,1,Smart Lean in Gamedev: Reconfiguring the Production Flow When AI Handles Routine and Humans Stop Waiting,2026,Venue unknown,10.66308/air.e2026048,https://doi.org/10.66308/air.e2026048,low_relevance:1
openalex_only,OpenAlex,doi:10.1002/9781394454600.ch4,1,1,0,The 5.0 Paradigm,2026,Venue unknown,10.1002/9781394454600.ch4,https://doi.org/10.1002/9781394454600.ch4,
openalex_only,OpenAlex,doi:10.1117/12.3117335,1,0,1,"The convergence of digital twins and cyber-physical systems: architectures, applications, and future directions",2026,Venue unknown,10.1117/12.3117335,https://doi.org/10.1117/12.3117335,low_relevance:1
openalex_only,OpenAlex,title:vers l interop rabilit cognitive jumeau num rique cognitif et architecture cognitive pour la collaboration humain cps,1,0,1,Vers l’interopérabilité cognitive : jumeau numérique cognitif et architecture cognitive pour la collaboration Humain-CPS,2026,Venue unknown,,https://openalex.org/W7159554446,low_relevance:1
openalex_only,OpenAlex,doi:10.18623/rvd.v23.6678,1,0,1,DIGITAL SUPPLY CHAIN TRANSFORMATION IN SAUDI INDUSTRIAL MANUFACTURING UNDER VISION 2030,2026,Veredas do Direito Direito Ambiental e Desenvolvimento Sustentável,10.18623/rvd.v23.6678,https://doi.org/10.18623/rvd.v23.6678,low_relevance:1
openalex_only,OpenAlex,doi:10.18623/rvd.v23.6950,1,0,1,ENHANCING OPERATIONAL EFFICIENCY IN NATURAL GAS DISTRIBUTION THROUGH - AUTOMATION AND SMART CONTROL SYSTEMS,2026,Veredas do Direito Direito Ambiental e Desenvolvimento Sustentável,10.18623/rvd.v23.6950,https://doi.org/10.18623/rvd.v23.6950,low_relevance:1
openalex_only,OpenAlex,doi:10.20998/2079-004x.2025.2(12).10,1,0,1,TECHNOLOGICAL SUPPORT FOR THE RESTORATION OF PARTS USING REVERSE ENGINEERING,2026,"Vestnik Nacionalʹnogo tehničeskogo universiteta ""HPI"". Tehnologii v mašinostroenii/Vìsnik Nacìonalʹnogo tehnìčnogo unìversitetu HPÌ. Serìâ: Tehnologìï v mašinobuduvannì",10.20998/2079-004x.2025.2(12).10,https://doi.org/10.20998/2079-004x.2025.2%2812%29.10,low_relevance:1
openalex_only,OpenAlex,doi:10.1002/vms3.70469,1,0,1,4D Printing in Veterinarian Science: The Coming Technology,2025,Veterinary Medicine and Science,10.1002/vms3.70469,https://doi.org/10.1002/vms3.70469,low_relevance:1
openalex_only,OpenAlex,doi:10.1080/17452759.2024.2445712,1,1,0,A review on artificial intelligence-enabled mechanical analysis of 3D printed and FEM-modelled auxetic metamaterials,2024,Virtual and Physical Prototyping,10.1080/17452759.2024.2445712,https://doi.org/10.1080/17452759.2024.2445712,
openalex_only,OpenAlex,doi:10.1080/17452759.2024.2346821,1,0,1,Strategies towards large-scale 3D printing without size constraints,2024,Virtual and Physical Prototyping,10.1080/17452759.2024.2346821,https://doi.org/10.1080/17452759.2024.2346821,low_relevance:1
openalex_only,OpenAlex,doi:10.1080/17452759.2024.2391480,1,1,0,Vat photopolymerization printing by thermal polymerisation utilising carbon nanotubes as photothermal converters,2024,Virtual and Physical Prototyping,10.1080/17452759.2024.2391480,https://doi.org/10.1080/17452759.2024.2391480,
openalex_only,OpenAlex,doi:10.1080/17452759.2025.2459798,1,1,0,3D printing driving innovations in extreme low-temperature energy storage,2025,Virtual and Physical Prototyping,10.1080/17452759.2025.2459798,https://doi.org/10.1080/17452759.2025.2459798,
openalex_only,OpenAlex,doi:10.1080/17452759.2025.2505994,1,1,0,"Advancements in vat photopolymerization for piezoresistive sensors: materials, mechanisms, and applications",2025,Virtual and Physical Prototyping,10.1080/17452759.2025.2505994,https://doi.org/10.1080/17452759.2025.2505994,
openalex_only,OpenAlex,doi:10.1080/17452759.2025.2466189,1,1,0,Auto-support: traction force constrained support structures optimization for bottom-up vat photopolymerization,2025,Virtual and Physical Prototyping,10.1080/17452759.2025.2466189,https://doi.org/10.1080/17452759.2025.2466189,
openalex_only,OpenAlex,doi:10.1080/17452759.2025.2462962,1,1,0,Direct 4D printing of hydrogels driven by structural topology,2025,Virtual and Physical Prototyping,10.1080/17452759.2025.2462962,https://doi.org/10.1080/17452759.2025.2462962,
openalex_only,OpenAlex,doi:10.1080/17452759.2025.2472388,1,1,0,Enhanced geometrical control in cold spray additive manufacturing through deep neural network predictive models,2025,Virtual and Physical Prototyping,10.1080/17452759.2025.2472388,https://doi.org/10.1080/17452759.2025.2472388,
openalex_only,OpenAlex,doi:10.1080/17452759.2025.2581153,1,1,0,Enhancing mechanical performance in bimetallic WAAMed structures through strategic deposition order,2025,Virtual and Physical Prototyping,10.1080/17452759.2025.2581153,https://doi.org/10.1080/17452759.2025.2581153,
openalex_only,OpenAlex,doi:10.1080/17452759.2025.2526797,1,1,0,Hot-end co-extrusion of multiple thermoplastic filaments for unblended composite additive manufacturing,2025,Virtual and Physical Prototyping,10.1080/17452759.2025.2526797,https://doi.org/10.1080/17452759.2025.2526797,
openalex_only,OpenAlex,doi:10.1080/17452759.2025.2521106,1,1,0,Improved out-of-plane properties through alternative print path and in-layer heating,2025,Virtual and Physical Prototyping,10.1080/17452759.2025.2521106,https://doi.org/10.1080/17452759.2025.2521106,
openalex_only,OpenAlex,doi:10.1080/17452759.2025.2525985,1,1,0,Inter-layer multi-material powder bed fusion additive manufacturing of a chainmail-like 3D interlocking bonding structure,2025,Virtual and Physical Prototyping,10.1080/17452759.2025.2525985,https://doi.org/10.1080/17452759.2025.2525985,
openalex_only,OpenAlex,doi:10.1080/17452759.2025.2590577,1,1,0,Lace 3D printing for deployable mechanical metamaterials,2025,Virtual and Physical Prototyping,10.1080/17452759.2025.2590577,https://doi.org/10.1080/17452759.2025.2590577,
openalex_only,OpenAlex,doi:10.1080/17452759.2025.2499450,1,1,0,Optimisation of curing models and ultra-high-precision forming strategy in vat photopolymerization of silica-based ceramic modified by graphene,2025,Virtual and Physical Prototyping,10.1080/17452759.2025.2499450,https://doi.org/10.1080/17452759.2025.2499450,
openalex_only,OpenAlex,doi:10.1080/17452759.2025.2569536,1,1,0,Process engineering and manufacturing technologies for structural control and multifunctionality in electrospun nanofibres,2025,Virtual and Physical Prototyping,10.1080/17452759.2025.2569536,https://doi.org/10.1080/17452759.2025.2569536,
openalex_only,OpenAlex,doi:10.1080/17452759.2025.2595478,1,1,0,Superelastic 3D printed nitinol lattices and wovens lead to dramatic variations of mechanical properties by design,2025,Virtual and Physical Prototyping,10.1080/17452759.2025.2595478,https://doi.org/10.1080/17452759.2025.2595478,
openalex_only,OpenAlex,doi:10.1080/17452759.2025.2487287,1,1,0,UV cross-linkable hybrid resins for additive manufacturing to achieve high performance and body-temperature programmable shape memory effect,2025,Virtual and Physical Prototyping,10.1080/17452759.2025.2487287,https://doi.org/10.1080/17452759.2025.2487287,
openalex_only,OpenAlex,doi:10.1080/17452759.2025.2549352,1,1,0,Vat photopolymerisation 3D printing of ceramic core with regulation on rheological and curing behaviour based on spherical powders,2025,Virtual and Physical Prototyping,10.1080/17452759.2025.2549352,https://doi.org/10.1080/17452759.2025.2549352,
openalex_only,OpenAlex,doi:10.1080/17452759.2025.2560021,1,1,0,Wire-powder-arc additive manufacturing of alternating graded TiC and B <sub>4</sub> C particles reinforced aluminum matrix composite structures,2025,Virtual and Physical Prototyping,10.1080/17452759.2025.2560021,https://doi.org/10.1080/17452759.2025.2560021,
openalex_only,OpenAlex,doi:10.1080/17452759.2025.2474533,1,1,0,4D-printed fibre-reinforced scaffolds with high elasticity and sustained estradiol release for uterine tissue regeneration,2026,Virtual and Physical Prototyping,10.1080/17452759.2025.2474533,https://doi.org/10.1080/17452759.2025.2474533,
openalex_only,OpenAlex,doi:10.1080/17452759.2026.2639147,1,1,0,Digital twin for in – space manufacturing: a comprehensive review from framework to future,2026,Virtual and Physical Prototyping,10.1080/17452759.2026.2639147,https://doi.org/10.1080/17452759.2026.2639147,
openalex_only,OpenAlex,doi:10.1080/17452759.2025.2610146,1,0,1,Enabling AI-Controlled additive manufacturing with real-time multiphysics digital twins,2026,Virtual and Physical Prototyping,10.1080/17452759.2025.2610146,https://doi.org/10.1080/17452759.2025.2610146,low_relevance:1
openalex_only,OpenAlex,doi:10.1080/17452759.2026.2640792,1,1,0,"Heterogeneous mechanical metamaterials: design paradigms, additive manufacturing, and emergent multifunctionality",2026,Virtual and Physical Prototyping,10.1080/17452759.2026.2640792,https://doi.org/10.1080/17452759.2026.2640792,
openalex_only,OpenAlex,doi:10.1080/17452759.2025.2611465,1,1,0,In situ multi-material μCLIP for fabricating Fe <sub>3</sub> O <sub>4</sub> /HEMA-based magnetic miniature devices with large deformation,2026,Virtual and Physical Prototyping,10.1080/17452759.2025.2611465,https://doi.org/10.1080/17452759.2025.2611465,
openalex_only,OpenAlex,doi:10.1080/17452759.2026.2668249,1,0,1,"Machine learning-aided design of metallic mechanical metamaterials: fabrication-aware modelling, property prediction, and inverse design",2026,Virtual and Physical Prototyping,10.1080/17452759.2026.2668249,https://doi.org/10.1080/17452759.2026.2668249,low_relevance:1
openalex_only,OpenAlex,doi:10.1080/17452759.2026.2632491,1,1,0,Modelling vat photopolymerization: a comprehensive review and perspectives on digital twinning and advancing multi-wavelength processes,2026,Virtual and Physical Prototyping,10.1080/17452759.2026.2632491,https://doi.org/10.1080/17452759.2026.2632491,
openalex_only,OpenAlex,doi:10.1080/17452759.2025.2603853,1,1,0,Non-planar slicing for high-genus surfaces with non-coplanar interfaces,2026,Virtual and Physical Prototyping,10.1080/17452759.2025.2603853,https://doi.org/10.1080/17452759.2025.2603853,
openalex_only,OpenAlex,doi:10.1080/17452759.2026.2627765,1,1,0,Reinforcement learning-based toolpath optimisation with 3D U-Net driven rapid thermal prediction,2026,Virtual and Physical Prototyping,10.1080/17452759.2026.2627765,https://doi.org/10.1080/17452759.2026.2627765,
openalex_only,OpenAlex,doi:10.3390/virtualworlds5020018,1,0,1,Designing Extended Intelligence: A Taxonomy of Psychobiological Effects of XR–AI Systems for Human Capability Augmentation,2026,Virtual Worlds,10.3390/virtualworlds5020018,https://doi.org/10.3390/virtualworlds5020018,low_relevance:1
openalex_only,OpenAlex,doi:10.4995/vitruvio-ijats.2026.24846,1,0,1,From BIM to Agentic AI: predictive management systems and phygital digital twins for built heritage,2026,VITRUVIO - International Journal of Architectural Technology and Sustainability,10.4995/vitruvio-ijats.2026.24846,https://doi.org/10.4995/vitruvio-ijats.2026.24846,low_relevance:1
openalex_only,OpenAlex,title:advancing new material and process capabilities for multi material high performance thermoset additive manufacturing,1,1,0,Advancing New Material and Process Capabilities for Multi-Material High Performance Thermoset Additive Manufacturing,2026,VTechWorks (Virginia Tech),,https://openalex.org/W7162227437,
openalex_only,OpenAlex,title:digital twins for accelerated qualification in additive manufacturing,1,0,1,Digital Twins for Accelerated Qualification in Additive Manufacturing,2026,VTechWorks (Virginia Tech),,https://openalex.org/W7161222871,low_relevance:1
openalex_only,OpenAlex,title:ml accelerated pipeline for understanding atomistic hardening of mpeas and predicting hardness in additive manufacturing,1,0,1,ML-accelerated pipeline for understanding atomistic hardening of MPEAs and predicting hardness in additive manufacturing,2026,VTechWorks (Virginia Tech),,https://openalex.org/W7163851953,low_relevance:1
openalex_only,OpenAlex,title:rapid characterization of material heterogeneity through acoustic resonance and physics informed artificial intelligence,1,0,1,Rapid Characterization of Material Heterogeneity through Acoustic Resonance and Physics-informed Artificial Intelligence,2026,VTechWorks (Virginia Tech),,https://openalex.org/W7161206608,low_relevance:1
openalex_only,OpenAlex,doi:10.7273/000007857,1,1,0,3D Printing of Soft Composites with Tunable Visco-Hyperelastic Properties,2025,Washington State University Dissertation,10.7273/000007857,https://doi.org/10.7273/000007857,
openalex_only,OpenAlex,doi:10.58812/wsis.v4i05.2860,1,0,1,Integration of Digital Twins and IoT Sensors to Support Monitoring Accuracy and Maintenance Effectiveness in the Manufacturing Industry in the Cikarang Region,2026,West Science Interdisciplinary Studies,10.58812/wsis.v4i05.2860,https://doi.org/10.58812/wsis.v4i05.2860,low_relevance:1
openalex_only,OpenAlex,doi:10.58812/wsshs.v4i05.2904,1,0,1,Bibliometric Analysis of Digital Twin Technology,2026,West Science Social and Humanities Studies,10.58812/wsshs.v4i05.2904,https://doi.org/10.58812/wsshs.v4i05.2904,low_relevance:1
openalex_only,OpenAlex,title:book of abstracts past present and future of particle technology conference 2026,1,0,1,"Book of Abstracts: Past, Present and Future of Particle Technology Conference 2026",2026,"White Rose Research Online (University of Leeds, The University of Sheffield, University of York)",,https://openalex.org/W7163721383,low_relevance:1
openalex_only,OpenAlex,doi:10.30574/wjaets.2026.18.3.0121,1,0,1,Scenario Modeling in Demand-Constrained Supply Chains: A Forecast to Delivery View,2026,World Journal of Advanced Engineering Technology and Sciences,10.30574/wjaets.2026.18.3.0121,https://doi.org/10.30574/wjaets.2026.18.3.0121,low_relevance:1
openalex_only,OpenAlex,title:digital printing of light driven liquid crystal elastomers toward bioinspired functions and biomedical devices,1,1,0,Digital printing of light-driven liquid crystal elastomers toward bioinspired functions and biomedical devices,2026,Zaguan (Universidad de Zaragoza),,https://openalex.org/W7162720184,
openalex_only,OpenAlex,doi:10.5281/zenodo.18270596,1,0,1,Digital Twin for Fused Filament Fabrication (FFF),2025,Zenodo (CERN European Organization for Nuclear Research),10.5281/zenodo.18270596,https://doi.org/10.5281/zenodo.18270596,duplicate_title:1
openalex_only,OpenAlex,doi:10.5281/zenodo.17608626,1,1,0,Wire-arc Additive Manufacturing Open Repository,2025,Zenodo (CERN European Organization for Nuclear Research),10.5281/zenodo.17608626,https://doi.org/10.5281/zenodo.17608626,
openalex_only,OpenAlex,doi:10.5281/zenodo.17608625,1,0,1,Wire-arc Additive Manufacturing Open Repository,2025,Zenodo (CERN European Organization for Nuclear Research),10.5281/zenodo.17608625,https://doi.org/10.5281/zenodo.17608625,duplicate_title:1
openalex_only,OpenAlex,doi:10.5281/zenodo.20379278,1,0,1,3D-Printed Soft Denture Liners: A New Era in Digital Removable Prosthodontics- A Review.,2026,Zenodo (CERN European Organization for Nuclear Research),10.5281/zenodo.20379278,https://doi.org/10.5281/zenodo.20379278,low_relevance:1
openalex_only,OpenAlex,doi:10.5281/zenodo.20379277,1,0,1,3D-Printed Soft Denture Liners: A New Era in Digital Removable Prosthodontics- A Review.,2026,Zenodo (CERN European Organization for Nuclear Research),10.5281/zenodo.20379277,https://doi.org/10.5281/zenodo.20379277,low_relevance:1
openalex_only,OpenAlex,doi:10.5281/zenodo.20108107,1,0,1,AI-Enhanced Additive Manufacturing for Bone Tissue Engineering: From PLA/Hydroxyapatite Composites to PEEK Implants,2026,Zenodo (CERN European Organization for Nuclear Research),10.5281/zenodo.20108107,https://doi.org/10.5281/zenodo.20108107,low_relevance:1
openalex_only,OpenAlex,doi:10.5281/zenodo.20108108,1,0,1,AI-Enhanced Additive Manufacturing for Bone Tissue Engineering: From PLA/Hydroxyapatite Composites to PEEK Implants,2026,Zenodo (CERN European Organization for Nuclear Research),10.5281/zenodo.20108108,https://doi.org/10.5281/zenodo.20108108,low_relevance:1
openalex_only,OpenAlex,doi:10.5281/zenodo.20110301,1,0,1,"Artificial Intelligence in Resource-Limited Healthcare Settings: Applications, Implementation Challenges, and Future Directions in Cardiology and Oncology",2026,Zenodo (CERN European Organization for Nuclear Research),10.5281/zenodo.20110301,https://doi.org/10.5281/zenodo.20110301,low_relevance:1
openalex_only,OpenAlex,doi:10.5281/zenodo.20110302,1,0,1,"Artificial Intelligence in Resource-Limited Healthcare Settings: Applications, Implementation Challenges, and Future Directions in Cardiology and Oncology",2026,Zenodo (CERN European Organization for Nuclear Research),10.5281/zenodo.20110302,https://doi.org/10.5281/zenodo.20110302,low_relevance:1
openalex_only,OpenAlex,doi:10.5281/zenodo.20044813,1,0,1,"Bead-Resolved Prediction of Warpage, Residual Stress, and Predicted Failure-Critical Locations in Metal-Filled PLA Additive Manufacturing",2026,Zenodo (CERN European Organization for Nuclear Research),10.5281/zenodo.20044813,https://doi.org/10.5281/zenodo.20044813,low_relevance:1
openalex_only,OpenAlex,doi:10.5281/zenodo.20044812,1,0,1,"Bead-Resolved Prediction of Warpage, Residual Stress, and Predicted Failure-Critical Locations in Metal-Filled PLA Additive Manufacturing",2026,Zenodo (CERN European Organization for Nuclear Research),10.5281/zenodo.20044812,https://doi.org/10.5281/zenodo.20044812,low_relevance:1
openalex_only,OpenAlex,doi:10.5281/zenodo.19140718,1,1,0,Binary Thermal Regime Transition Driven by Bead Morphology in Metal Fused Filament Fabrication: Bead-Resolved Digital Twin Analysis,2026,Zenodo (CERN European Organization for Nuclear Research),10.5281/zenodo.19140718,https://doi.org/10.5281/zenodo.19140718,
openalex_only,OpenAlex,doi:10.5281/zenodo.20406178,1,0,1,Current trends in the use of Artificial Intelligence in the Development of Pharmaceutical Formulations,2026,Zenodo (CERN European Organization for Nuclear Research),10.5281/zenodo.20406178,https://doi.org/10.5281/zenodo.20406178,low_relevance:1
openalex_only,OpenAlex,doi:10.5281/zenodo.20406179,1,0,1,Current trends in the use of Artificial Intelligence in the Development of Pharmaceutical Formulations,2026,Zenodo (CERN European Organization for Nuclear Research),10.5281/zenodo.20406179,https://doi.org/10.5281/zenodo.20406179,low_relevance:1
openalex_only,OpenAlex,doi:10.5281/zenodo.20440512,1,0,1,Cyber-Physical Attack Detection in Smart Manufacturing Using Digital Twins,2026,Zenodo (CERN European Organization for Nuclear Research),10.5281/zenodo.20440512,https://doi.org/10.5281/zenodo.20440512,low_relevance:1
openalex_only,OpenAlex,doi:10.5281/zenodo.20440511,1,0,1,Cyber-Physical Attack Detection in Smart Manufacturing Using Digital Twins,2026,Zenodo (CERN European Organization for Nuclear Research),10.5281/zenodo.20440511,https://doi.org/10.5281/zenodo.20440511,low_relevance:1
openalex_only,OpenAlex,doi:10.5281/zenodo.20022388,1,0,1,Definition and application of process tools for rib structure de-sign in Large-scale additive manufacturing,2026,Zenodo (CERN European Organization for Nuclear Research),10.5281/zenodo.20022388,https://doi.org/10.5281/zenodo.20022388,low_relevance:1
openalex_only,OpenAlex,doi:10.5281/zenodo.20022387,1,0,1,Definition and application of process tools for rib structure de-sign in Large-scale additive manufacturing,2026,Zenodo (CERN European Organization for Nuclear Research),10.5281/zenodo.20022387,https://doi.org/10.5281/zenodo.20022387,low_relevance:1
openalex_only,OpenAlex,doi:10.5281/zenodo.19606219,1,0,1,DEVELOPMENT OF QUALITY MANAGEMENT SYSTEMS IN THE CONTEXT OF DIGITAL TRANSFORMATION,2026,Zenodo (CERN European Organization for Nuclear Research),10.5281/zenodo.19606219,https://doi.org/10.5281/zenodo.19606219,low_relevance:1
openalex_only,OpenAlex,doi:10.5281/zenodo.20472134,1,0,1,"Digital Twin Frameworks for Textile Spinning Mill Optimisation: Architecture, Modelling, and Implementation Roadmap",2026,Zenodo (CERN European Organization for Nuclear Research),10.5281/zenodo.20472134,https://doi.org/10.5281/zenodo.20472134,low_relevance:1
openalex_only,OpenAlex,doi:10.5281/zenodo.20472135,1,0,1,"Digital Twin Frameworks for Textile Spinning Mill Optimisation: Architecture, Modelling, and Implementation Roadmap",2026,Zenodo (CERN European Organization for Nuclear Research),10.5281/zenodo.20472135,https://doi.org/10.5281/zenodo.20472135,low_relevance:1
openalex_only,OpenAlex,doi:10.5281/zenodo.20489262,1,0,1,DIGITAL TWIN TECHNOLOGY FOR MODERN MANUFACTURING PROCESSES,2026,Zenodo (CERN European Organization for Nuclear Research),10.5281/zenodo.20489262,https://doi.org/10.5281/zenodo.20489262,low_relevance:1
openalex_only,OpenAlex,doi:10.5281/zenodo.20489261,1,0,1,DIGITAL TWIN TECHNOLOGY FOR MODERN MANUFACTURING PROCESSES,2026,Zenodo (CERN European Organization for Nuclear Research),10.5281/zenodo.20489261,https://doi.org/10.5281/zenodo.20489261,low_relevance:1
openalex_only,OpenAlex,doi:10.5281/zenodo.20603422,1,0,1,Digital Twin-Driven Predictive Maintenance for Smart Manufacturing Systems,2026,Zenodo (CERN European Organization for Nuclear Research),10.5281/zenodo.20603422,https://doi.org/10.5281/zenodo.20603422,low_relevance:1
openalex_only,OpenAlex,doi:10.5281/zenodo.20603423,1,0,1,Digital Twin-Driven Predictive Maintenance for Smart Manufacturing Systems,2026,Zenodo (CERN European Organization for Nuclear Research),10.5281/zenodo.20603423,https://doi.org/10.5281/zenodo.20603423,low_relevance:1
openalex_only,OpenAlex,doi:10.5281/zenodo.20539420,1,0,1,Digital Twins and Cyber-Physical Systems for Industry 5.0,2026,Zenodo (CERN European Organization for Nuclear Research),10.5281/zenodo.20539420,https://doi.org/10.5281/zenodo.20539420,low_relevance:1
openalex_only,OpenAlex,doi:10.5281/zenodo.20539419,1,0,1,Digital Twins and Cyber-Physical Systems for Industry 5.0,2026,Zenodo (CERN European Organization for Nuclear Research),10.5281/zenodo.20539419,https://doi.org/10.5281/zenodo.20539419,low_relevance:1
openalex_only,OpenAlex,doi:10.5281/zenodo.19362114,1,1,0,Ep. 1016: The Immortal Airframe: Why 70-Year-Old Planes Still Fly,2026,Zenodo (CERN European Organization for Nuclear Research),10.5281/zenodo.19362114,https://doi.org/10.5281/zenodo.19362114,
openalex_only,OpenAlex,doi:10.5281/zenodo.19362113,1,0,1,Ep. 1016: The Immortal Airframe: Why 70-Year-Old Planes Still Fly,2026,Zenodo (CERN European Organization for Nuclear Research),10.5281/zenodo.19362113,https://doi.org/10.5281/zenodo.19362113,duplicate_title:1
openalex_only,OpenAlex,doi:10.5281/zenodo.19187297,1,0,1,EPFL-LAPD/Overprinting-with-Tomographic-Volumetric-Additive-Manufacturing: publication,2026,Zenodo (CERN European Organization for Nuclear Research),10.5281/zenodo.19187297,https://doi.org/10.5281/zenodo.19187297,duplicate_title:1
openalex_only,OpenAlex,doi:10.5281/zenodo.20640448,1,1,0,ESReDA Webinar - DMAD and SKILLS4EII Meeting and Research Seminar,2026,Zenodo (CERN European Organization for Nuclear Research),10.5281/zenodo.20640448,https://doi.org/10.5281/zenodo.20640448,
openalex_only,OpenAlex,doi:10.5281/zenodo.20640449,1,0,1,ESReDA Webinar - DMAD and SKILLS4EII Meeting and Research Seminar,2026,Zenodo (CERN European Organization for Nuclear Research),10.5281/zenodo.20640449,https://doi.org/10.5281/zenodo.20640449,duplicate_title:1
openalex_only,OpenAlex,doi:10.5281/zenodo.20635008,1,0,1,Estrategia de enfriamiento forzado intermitente sincronizada con tiempos muertos programados de producción en entornos artesanales reales,2026,Zenodo (CERN European Organization for Nuclear Research),10.5281/zenodo.20635008,https://doi.org/10.5281/zenodo.20635008,low_relevance:1
openalex_only,OpenAlex,doi:10.5281/zenodo.20635007,1,0,1,Estrategia de enfriamiento forzado intermitente sincronizada con tiempos muertos programados de producción en entornos artesanales reales,2026,Zenodo (CERN European Organization for Nuclear Research),10.5281/zenodo.20635007,https://doi.org/10.5281/zenodo.20635007,low_relevance:1
openalex_only,OpenAlex,doi:10.5281/zenodo.20661261,1,1,0,Future Scope of Automation in Civil Engineering,2026,Zenodo (CERN European Organization for Nuclear Research),10.5281/zenodo.20661261,https://doi.org/10.5281/zenodo.20661261,
openalex_only,OpenAlex,doi:10.5281/zenodo.20661262,1,0,1,Future Scope of Automation in Civil Engineering,2026,Zenodo (CERN European Organization for Nuclear Research),10.5281/zenodo.20661262,https://doi.org/10.5281/zenodo.20661262,duplicate_title:1
openalex_only,OpenAlex,doi:10.5281/zenodo.20604899,1,0,1,Human-Agent Teaming in Industrial Digital Twins: Real-Time Collaboration for Adaptive Smart Manufacturing,2026,Zenodo (CERN European Organization for Nuclear Research),10.5281/zenodo.20604899,https://doi.org/10.5281/zenodo.20604899,low_relevance:1
openalex_only,OpenAlex,doi:10.5281/zenodo.20604900,1,0,1,Human-Agent Teaming in Industrial Digital Twins: Real-Time Collaboration for Adaptive Smart Manufacturing,2026,Zenodo (CERN European Organization for Nuclear Research),10.5281/zenodo.20604900,https://doi.org/10.5281/zenodo.20604900,low_relevance:1
openalex_only,OpenAlex,doi:10.5281/zenodo.20610833,1,0,1,Industry 6.0: Redefining Intelligent And Ethical Manufacturing,2026,Zenodo (CERN European Organization for Nuclear Research),10.5281/zenodo.20610833,https://doi.org/10.5281/zenodo.20610833,low_relevance:1
openalex_only,OpenAlex,doi:10.5281/zenodo.20610832,1,0,1,Industry 6.0: Redefining Intelligent And Ethical Manufacturing,2026,Zenodo (CERN European Organization for Nuclear Research),10.5281/zenodo.20610832,https://doi.org/10.5281/zenodo.20610832,low_relevance:1
openalex_only,OpenAlex,doi:10.5281/zenodo.20232686,1,0,1,Integrated Design Approach For Multi-Material Additive Manufacturing Of High-Strength Biocompatible Prosthetics,2026,Zenodo (CERN European Organization for Nuclear Research),10.5281/zenodo.20232686,https://doi.org/10.5281/zenodo.20232686,low_relevance:1
openalex_only,OpenAlex,doi:10.5281/zenodo.20232685,1,0,1,Integrated Design Approach For Multi-Material Additive Manufacturing Of High-Strength Biocompatible Prosthetics,2026,Zenodo (CERN European Organization for Nuclear Research),10.5281/zenodo.20232685,https://doi.org/10.5281/zenodo.20232685,low_relevance:1
openalex_only,OpenAlex,doi:10.5281/zenodo.20560002,1,0,1,Integration Of Artificial Intelligence And Machine Learning In Quality By Design (Qbd) And Process Analytical Technology (PAT) For Real-Time Monitoring And Predictive Quality Control In Pharmaceutical Manufacturing: A Comprehensive Review,2026,Zenodo (CERN European Organization for Nuclear Research),10.5281/zenodo.20560002,https://doi.org/10.5281/zenodo.20560002,low_relevance:1
openalex_only,OpenAlex,doi:10.5281/zenodo.20560003,1,0,1,Integration Of Artificial Intelligence And Machine Learning In Quality By Design (Qbd) And Process Analytical Technology (PAT) For Real-Time Monitoring And Predictive Quality Control In Pharmaceutical Manufacturing: A Comprehensive Review,2026,Zenodo (CERN European Organization for Nuclear Research),10.5281/zenodo.20560003,https://doi.org/10.5281/zenodo.20560003,low_relevance:1
openalex_only,OpenAlex,doi:10.5281/zenodo.20570751,1,0,1,ISHLAB CHIQARISH JARAYONLARINI RAQAMLI BOSHQARISHNING NAZARIY ASOSLARI VA EVOLYUTSIYASI,2026,Zenodo (CERN European Organization for Nuclear Research),10.5281/zenodo.20570751,https://doi.org/10.5281/zenodo.20570751,low_relevance:1
openalex_only,OpenAlex,doi:10.5281/zenodo.20570752,1,0,1,ISHLAB CHIQARISH JARAYONLARINI RAQAMLI BOSHQARISHNING NAZARIY ASOSLARI VA EVOLYUTSIYASI,2026,Zenodo (CERN European Organization for Nuclear Research),10.5281/zenodo.20570752,https://doi.org/10.5281/zenodo.20570752,low_relevance:1
openalex_only,OpenAlex,doi:10.5281/zenodo.20264856,1,0,1,"ITU and Manufacturing & Industry: A Single-Axiom View of Design, Lean/TPS, Quality 4.0, Supply Chain, Robotics, 3D Printing, AI Manufacturing, and Industry 4.0 — Pass-1 Extension Paper #9, BLOCK D 1/5 OPENING",2026,Zenodo (CERN European Organization for Nuclear Research),10.5281/zenodo.20264856,https://doi.org/10.5281/zenodo.20264856,low_relevance:1
openalex_only,OpenAlex,doi:10.5281/zenodo.20264857,1,0,1,"ITU and Manufacturing & Industry: A Single-Axiom View of Design, Lean/TPS, Quality 4.0, Supply Chain, Robotics, 3D Printing, AI Manufacturing, and Industry 4.0 — Pass-1 Extension Paper #9, BLOCK D 1/5 OPENING",2026,Zenodo (CERN European Organization for Nuclear Research),10.5281/zenodo.20264857,https://doi.org/10.5281/zenodo.20264857,low_relevance:1
openalex_only,OpenAlex,doi:10.5281/zenodo.20022005,1,0,1,Machine Learning for Materials Discovery and Prediction: Accelerating Innovation in Drug Development and Beyond,2026,Zenodo (CERN European Organization for Nuclear Research),10.5281/zenodo.20022005,https://doi.org/10.5281/zenodo.20022005,low_relevance:1
openalex_only,OpenAlex,doi:10.5281/zenodo.20022004,1,0,1,Machine Learning for Materials Discovery and Prediction: Accelerating Innovation in Drug Development and Beyond,2026,Zenodo (CERN European Organization for Nuclear Research),10.5281/zenodo.20022004,https://doi.org/10.5281/zenodo.20022004,low_relevance:1
openalex_only,OpenAlex,doi:10.5281/zenodo.20022075,1,0,1,Novel Polymer Materials: From Sustainable Discovery to Advanced Drug Delivery Applications,2026,Zenodo (CERN European Organization for Nuclear Research),10.5281/zenodo.20022075,https://doi.org/10.5281/zenodo.20022075,low_relevance:1
openalex_only,OpenAlex,doi:10.5281/zenodo.20022074,1,0,1,Novel Polymer Materials: From Sustainable Discovery to Advanced Drug Delivery Applications,2026,Zenodo (CERN European Organization for Nuclear Research),10.5281/zenodo.20022074,https://doi.org/10.5281/zenodo.20022074,low_relevance:1
openalex_only,OpenAlex,doi:10.5281/zenodo.20627864,1,0,1,"Pharmaceutical Supply Chain Management in the Era of Pharma 4.0: AI, Digital Twins, Agentic Systems, and Sustainable Logistics",2026,Zenodo (CERN European Organization for Nuclear Research),10.5281/zenodo.20627864,https://doi.org/10.5281/zenodo.20627864,low_relevance:1
openalex_only,OpenAlex,doi:10.5281/zenodo.20627865,1,0,1,"Pharmaceutical Supply Chain Management in the Era of Pharma 4.0: AI, Digital Twins, Agentic Systems, and Sustainable Logistics",2026,Zenodo (CERN European Organization for Nuclear Research),10.5281/zenodo.20627865,https://doi.org/10.5281/zenodo.20627865,low_relevance:1
openalex_only,OpenAlex,doi:10.5281/zenodo.19824634,1,0,1,Quality Assurance in Decentralized Manufacturing: A Review of Validation Frameworks for 3D-Printed Personalized Medicines,2026,Zenodo (CERN European Organization for Nuclear Research),10.5281/zenodo.19824634,https://doi.org/10.5281/zenodo.19824634,low_relevance:1
openalex_only,OpenAlex,doi:10.5281/zenodo.19824633,1,0,1,Quality Assurance in Decentralized Manufacturing: A Review of Validation Frameworks for 3D-Printed Personalized Medicines,2026,Zenodo (CERN European Organization for Nuclear Research),10.5281/zenodo.19824633,https://doi.org/10.5281/zenodo.19824633,low_relevance:1
openalex_only,OpenAlex,doi:10.5281/zenodo.19559260,1,0,1,Quantum D Royal Badminton and 🕊 Bird,2026,Zenodo (CERN European Organization for Nuclear Research),10.5281/zenodo.19559260,https://doi.org/10.5281/zenodo.19559260,low_relevance:1
openalex_only,OpenAlex,doi:10.5281/zenodo.19559261,1,0,1,Quantum D Royal Badminton and 🕊 Bird,2026,Zenodo (CERN European Organization for Nuclear Research),10.5281/zenodo.19559261,https://doi.org/10.5281/zenodo.19559261,low_relevance:1
openalex_only,OpenAlex,doi:10.5281/zenodo.20038505,1,1,0,"Raw optimization files and visualization scripts for ""Overprinting with Tomographic Volumetric Additive Manufacturing""",2026,Zenodo (CERN European Organization for Nuclear Research),10.5281/zenodo.20038505,https://doi.org/10.5281/zenodo.20038505,
openalex_only,OpenAlex,doi:10.5281/zenodo.20038504,1,0,1,"Raw optimization files and visualization scripts for ""Overprinting with Tomographic Volumetric Additive Manufacturing""",2026,Zenodo (CERN European Organization for Nuclear Research),10.5281/zenodo.20038504,https://doi.org/10.5281/zenodo.20038504,duplicate_title:1
openalex_only,OpenAlex,doi:10.5281/zenodo.19187358,1,1,0,"Raw optimization files for ""Overprinting with Tomographic Volumetric Additive Manufacturing""",2026,Zenodo (CERN European Organization for Nuclear Research),10.5281/zenodo.19187358,https://doi.org/10.5281/zenodo.19187358,
openalex_only,OpenAlex,doi:10.5281/zenodo.19187359,1,0,1,"Raw optimization files for ""Overprinting with Tomographic Volumetric Additive Manufacturing""",2026,Zenodo (CERN European Organization for Nuclear Research),10.5281/zenodo.19187359,https://doi.org/10.5281/zenodo.19187359,duplicate_title:1
openalex_only,OpenAlex,doi:10.5281/zenodo.20305898,1,1,0,Reducing energy consumption and processing time by smart robot-workpiece position planning in robotic manufacturing processes,2026,Zenodo (CERN European Organization for Nuclear Research),10.5281/zenodo.20305898,https://doi.org/10.5281/zenodo.20305898,
openalex_only,OpenAlex,doi:10.5281/zenodo.19140717,1,1,0,Sharp Dual-Regime Transition Driven by Bead Morphology in Metal Fused Filament Fabrication: Bead-Resolved Digital Twin Analysis,2026,Zenodo (CERN European Organization for Nuclear Research),10.5281/zenodo.19140717,https://doi.org/10.5281/zenodo.19140717,
openalex_only,OpenAlex,doi:10.5281/zenodo.19712259,1,0,1,Sharp Dual-Regime Transition Driven by Bead Morphology in Metal Fused Filament Fabrication: Bead-Resolved Digital Twin Analysis,2026,Zenodo (CERN European Organization for Nuclear Research),10.5281/zenodo.19712259,https://doi.org/10.5281/zenodo.19712259,duplicate_title:1
openalex_only,OpenAlex,doi:10.5281/zenodo.20120087,1,0,1,SMART MATERIAL GOVERNANCE IN INDUSTRY 4.0: A CONSTRUCTION 4.0 RESEARCH FRAMEWORK,2026,Zenodo (CERN European Organization for Nuclear Research),10.5281/zenodo.20120087,https://doi.org/10.5281/zenodo.20120087,low_relevance:1
openalex_only,OpenAlex,doi:10.5281/zenodo.20120086,1,0,1,SMART MATERIAL GOVERNANCE IN INDUSTRY 4.0: A CONSTRUCTION 4.0 RESEARCH FRAMEWORK,2026,Zenodo (CERN European Organization for Nuclear Research),10.5281/zenodo.20120086,https://doi.org/10.5281/zenodo.20120086,low_relevance:1
openalex_only,OpenAlex,doi:10.5281/zenodo.20582776,1,0,1,The Future of Artificial Intelligence in Reverse Engineering and 3D Printing Technologies in AI Era.,2026,Zenodo (CERN European Organization for Nuclear Research),10.5281/zenodo.20582776,https://doi.org/10.5281/zenodo.20582776,low_relevance:1
openalex_only,OpenAlex,doi:10.5281/zenodo.20582775,1,0,1,The Future of Artificial Intelligence in Reverse Engineering and 3D Printing Technologies in AI Era.,2026,Zenodo (CERN European Organization for Nuclear Research),10.5281/zenodo.20582775,https://doi.org/10.5281/zenodo.20582775,low_relevance:1
openalex_only,OpenAlex,doi:10.5281/zenodo.19759503,1,0,1,"The Generative Revolution: How AI is Transforming Creativity Innovation, and Intelligence Part-2",2026,Zenodo (CERN European Organization for Nuclear Research),10.5281/zenodo.19759503,https://doi.org/10.5281/zenodo.19759503,low_relevance:1
openalex_only,OpenAlex,doi:10.5281/zenodo.19759504,1,0,1,"The Generative Revolution: How AI is Transforming Creativity Innovation, and Intelligence Part-2",2026,Zenodo (CERN European Organization for Nuclear Research),10.5281/zenodo.19759504,https://doi.org/10.5281/zenodo.19759504,low_relevance:1
openalex_only,OpenAlex,doi:10.5281/zenodo.20453289,1,0,1,"The Generative Revolution: How AI is Transforming Creativity Innovation, and Intelligence Part-2",2026,Zenodo (CERN European Organization for Nuclear Research),10.5281/zenodo.20453289,https://doi.org/10.5281/zenodo.20453289,low_relevance:1
openalex_only,OpenAlex,doi:10.5281/zenodo.20181492,1,0,1,The Mycelium Factory: Biomimicry-Inspired Architecture for Resilient Manufacturing Networks Through Agent-Mediated Digital Twins,2026,Zenodo (CERN European Organization for Nuclear Research),10.5281/zenodo.20181492,https://doi.org/10.5281/zenodo.20181492,low_relevance:1
openalex_only,OpenAlex,doi:10.5281/zenodo.20181491,1,0,1,The Mycelium Factory: Biomimicry-Inspired Architecture for Resilient Manufacturing Networks Through Agent-Mediated Digital Twins,2026,Zenodo (CERN European Organization for Nuclear Research),10.5281/zenodo.20181491,https://doi.org/10.5281/zenodo.20181491,low_relevance:1
openalex_only,OpenAlex,doi:10.5281/zenodo.19475054,1,0,1,"Through the Nozzle, Five Years Later: Additive Manufacturing and Modern Architecture",2026,Zenodo (CERN European Organization for Nuclear Research),10.5281/zenodo.19475054,https://doi.org/10.5281/zenodo.19475054,low_relevance:1
openalex_only,OpenAlex,doi:10.5281/zenodo.19475055,1,0,1,"Through the Nozzle, Five Years Later: Additive Manufacturing and Modern Architecture",2026,Zenodo (CERN European Organization for Nuclear Research),10.5281/zenodo.19475055,https://doi.org/10.5281/zenodo.19475055,low_relevance:1
openalex_only,OpenAlex,doi:10.1360/sspma-2025-0491,1,0,1,Challenges of digital twin applications for radio telescopes,2026,Zhongguo kexue. Wulixue Lixue Tianwenxue,10.1360/sspma-2025-0491,https://doi.org/10.1360/sspma-2025-0491,low_relevance:1
openalex_only,OpenAlex,doi:10.35546/kntu2078-4481.2026.2.5,1,0,1,ЦИФРОВІ ДВІЙНИКИ В АДИТИВНОМУ ВИРОБНИЦТВІ МЕТАЛЕВИХ ВИРОБІВ,2026,Вісник Херсонського національного технічного університету,10.35546/kntu2078-4481.2026.2.5,https://doi.org/10.35546/kntu2078-4481.2026.2.5,low_relevance:1
openalex_only,OpenAlex,doi:10.36910/10.36910/6775-2313-5352-2026-28-9,1,0,1,&lt;b&gt;IOT-МОНІТОРИНГ ПРОЦЕСУ ЕКСТРУЗІЇ ПРИ ВИРОБНИЦТВІ СНЕКІВ НА ДВОШНЕКОВОМУ ЕКСТРУДЕРІ&lt;/b&gt;&lt;b&gt;&lt;/b&gt;,2026,Перспективні технології та прилади,10.36910/10.36910/6775-2313-5352-2026-28-9,https://doi.org/10.36910/10.36910/6775-2313-5352-2026-28-9,low_relevance:1
openalex_only,OpenAlex,doi:10.32782/tnv-tech.2026.3.7,1,0,1,ВПЛИВ МІНІАТЮРИЗАЦІЇ НА НАДІЙНІСТЬ SMT-З’ЄДНАНЬ. БЕЗСВИНЦЕВІ ПРИПОЇ: ПРОБЛЕМИ ТА ПЕРСПЕКТИВИ,2026,Таврійський науковий вісник Серія Технічні науки,10.32782/tnv-tech.2026.3.7,https://doi.org/10.32782/tnv-tech.2026.3.7,low_relevance:1
