record_index,layer,classification,sources,title,year,venue,doi,url,archive_reason,relevance_score
1,curated,openalex_only,OpenAlex,Rotational 3D printing of active–passive filaments and lattices with programmable shape morphing,2026,Proceedings of the National Academy of Sciences,10.1073/pnas.2537250123,https://doi.org/10.1073/pnas.2537250123,,8
2,curated,crossref_only,Crossref,Recent Advances in Additively Manufactured Polymeric Structures for Mechanical Energy Absorption,2026,Polymers,10.3390/polym18091019,https://doi.org/10.3390/polym18091019,,8
3,curated,openalex_only,OpenAlex,"Polymer Composites in Additive Manufacturing: Current Technologies, Applications, and Emerging Trends",2026,Polymers,10.3390/polym18020192,https://doi.org/10.3390/polym18020192,,8
4,curated,openalex_only,OpenAlex,Multi-material direct ink writing and co-sintering of gadolinium oxide – zirconium oxide components,2026,npj Advanced Manufacturing,10.1038/s44334-026-00073-0,https://doi.org/10.1038/s44334-026-00073-0,,8
5,curated,crossref_only,Crossref,Microfluidic-mixer assisted 3D printing of functionally graded multimaterial hydrogels for engineering complex tissue interfaces,2026,Materials Advances,10.1039/d5ma01130b,https://doi.org/10.1039/d5ma01130b,,8
6,curated,openalex_only,OpenAlex,Material articulation: Toward an ornamental thinking in digital tectonics,2026,Proceedings of DRS,10.21606/drs.2026.2363,https://doi.org/10.21606/drs.2026.2363,,8
7,curated,openalex_only,OpenAlex,"Hybrid Manufacturing: Process Taxonomy, Planning Bottlenecks, and Application Frontiers",2026,Machines,10.3390/machines14060635,https://doi.org/10.3390/machines14060635,,8
8,curated,openalex_only,OpenAlex,"Functionally graded SS316L/Inconel 625 fabricated by SLM: the effects of remelting and ultrasonic burnishing on pore topology, surface integrity and electrochemical properties",2026,Rapid Prototyping Journal,10.1108/rpj-05-2025-0206,https://doi.org/10.1108/rpj-05-2025-0206,,8
9,curated,both_openalex_crossref,Crossref; OpenAlex,FUTURE OF 4D PRINTING IN SOFT ROBOTICS AND INTELLIGENT AUTOMATION,2026,Journal of Dynamics and Control,10.71058/jodac.v10i06002,https://doi.org/10.71058/jodac.v10i06002,,8
10,curated,openalex_only,OpenAlex,"Emerging Trends in Additive Manufacturing for Thermoelectric Devices: Materials, Structures, and Engineering Approaches",2026,ACS Applied Materials & Interfaces,10.1021/acsami.6c04499,https://doi.org/10.1021/acsami.6c04499,,8
11,curated,openalex_only,OpenAlex,Directed energy deposition additive manufacturing: Microstructure and composition engineering for high-performing metallic materials,2026,Additive manufacturing,10.1016/j.addma.2026.105240,https://doi.org/10.1016/j.addma.2026.105240,,8
12,curated,crossref_only,Crossref,Data-Driven Design Space Analysis for Multimaterial Thermoplastic Composites Manufactured by Fused Filament Fabrication,2026,3D Printing and Additive Manufacturing,10.1089/3dp.2024.0033,https://doi.org/10.1089/3dp.2024.0033,,8
13,curated,openalex_only,OpenAlex,Benefits and Constraints Associated with the AM of Functionally Graded Materials,2026,Additive manufacturing,10.1201/9781003544937-6,https://doi.org/10.1201/9781003544937-6,,8
14,curated,openalex_only,OpenAlex,"Applications of Additively Manufactured Composites, Functionally Graded Materials and Smart Structures",2026,Additive manufacturing,10.1201/9781003544937-12,https://doi.org/10.1201/9781003544937-12,,8
15,curated,openalex_only,OpenAlex,Advancing New Material and Process Capabilities for Multi-Material High Performance Thermoset Additive Manufacturing,2026,VTechWorks (Virginia Tech),,https://openalex.org/W7162227437,,8
16,curated,both_openalex_crossref,Crossref; OpenAlex,"Advances in multi-material polymer 3D printing depositions: techniques, materials combinations, challenges, and emerging applications",2026,Frontiers in Mechanical Engineering,10.3389/fmech.2026.1802237,https://doi.org/10.3389/fmech.2026.1802237,,8
17,curated,both_openalex_crossref,Crossref; OpenAlex,Additive Manufacturing with Graded Bio-Polymer Composites,2026,"ROB|ARCH2024 – Robotic Fabrication in Architecture, Art and Design",10.1007/978-3-032-22607-5_5,https://doi.org/10.1007/978-3-032-22607-5_5,,8
18,curated,openalex_only,OpenAlex,"3D‐Printed Metamaterial‐Based Soft Sensors: Materials, Design, and Fabrications",2026,Small,10.1002/smll.74122,https://doi.org/10.1002/smll.74122,,8
19,curated,openalex_only,OpenAlex,i-Tac: Inverse Design of 3D-Printed Tactile Elastomers with Scalable and Tunable Optical and Mechanical Properties,2026,ArXiv.org,,https://openalex.org/W7154539514,,7
20,curated,crossref_only,Crossref,Welding robot digital twin and precision degradation prediction based on physics-informed neural networks,2026,Journal of Manufacturing Systems,10.1016/j.jmsy.2026.04.024,https://doi.org/10.1016/j.jmsy.2026.04.024,,7
21,curated,both_openalex_crossref,Crossref; OpenAlex,Visualizing Catalyst Materials with Multi-Material 3D Printing,2026,ChemRxiv,10.26434/chemrxiv.15001042/v1,https://doi.org/10.26434/chemrxiv.15001042/v1,,7
22,curated,crossref_only,Crossref,"Vat Photopolymerization Additive Manufacturing for Advanced Ceramics: Techniques, Multimaterial Strategies, and Applications",2026,Advanced Engineering Materials,10.1002/adem.202501811,https://doi.org/10.1002/adem.202501811,,7
23,curated,both_openalex_crossref,Crossref; OpenAlex,Types of Metal 3D Printing,2026,Metal Additive Manufacturing,10.1201/9781003731559-3,https://doi.org/10.1201/9781003731559-3,,7
24,curated,openalex_only,OpenAlex,Tunable gold nanoparticle synthesis using microfluidic flow focusing enabled by reusable 3D-printed multimaterial connectors,2026,Microchimica Acta,10.1007/s00604-026-07848-4,https://doi.org/10.1007/s00604-026-07848-4,,7
25,curated,crossref_only,Crossref,Tribological Behaviour of Additively Manufactured Dual-Material Polymer Composites,2026,Venue unknown,10.2139/ssrn.6391577,https://doi.org/10.2139/ssrn.6391577,,7
26,curated,openalex_only,OpenAlex,Transition Behavior in Blended Material Large Format Additive Manufacturing,2026,Polymers,10.3390/polym18020178,https://doi.org/10.3390/polym18020178,,7
27,curated,openalex_only,OpenAlex,Towards sustainable hydrogen infrastructures: Additive manufacturing of metallic materials for enhanced resistance to hydrogen embrittlement,2026,Materials Today Sustainability,10.1016/j.mtsust.2026.101339,https://doi.org/10.1016/j.mtsust.2026.101339,,7
28,curated,crossref_only,Crossref,Toolpath Design Calibration for Robotic Spatial Printing with Supervised Learning,2026,"ROB|ARCH2024 – Robotic Fabrication in Architecture, Art and Design",10.1007/978-3-032-22607-5_24,https://doi.org/10.1007/978-3-032-22607-5_24,,7
29,curated,openalex_only,OpenAlex,Thermal Deformation in Non-Planar Large-Scale Additive Manufacturing of ABS: Experimental and Finite Element Analysis,2026,Materials,10.3390/ma19061064,https://doi.org/10.3390/ma19061064,,7
30,curated,crossref_only,Crossref,Synergy between Digital Twin and Cyber-Physical System in Manufacturing,2026,Manufacturing Process Optimization for Sustainable Development Using Digital Twin Applications,10.1201/9781003504825-9,https://doi.org/10.1201/9781003504825-9,,7
31,curated,crossref_only,Crossref,"Sustainability in 3D Printing: Embracing the Circular Economy Model for Challenges, Opportunities, and Strategies",2026,Venue unknown,10.31224/6823,https://doi.org/10.31224/6823,,7
32,curated,both_openalex_crossref,Crossref; OpenAlex,Structural design of a multimaterial DLP photocuring 3D printer for unsupported printing,2026,"International Conference on Mechanical, Engineering, and Interaction Design (ICMEID 2025)",10.1117/12.3088793,https://doi.org/10.1117/12.3088793,,7
33,curated,openalex_only,OpenAlex,Smart Operation Platform for Railway Rolling Stock Production Using Digital Twin and AI,2026,International Journal of Precision Engineering and Manufacturing-Green Technology,10.1007/s40684-026-00906-5,https://doi.org/10.1007/s40684-026-00906-5,,7
34,curated,openalex_only,OpenAlex,Single-parameter programmed thermomechanical actuation via 3D-printed helical director fields in liquid crystal elastomers,2026,Nature Communications,10.1038/s41467-026-73204-y,https://doi.org/10.1038/s41467-026-73204-y,,7
35,curated,openalex_only,OpenAlex,Sharp Dual-Regime Transition Driven by Bead Morphology in Metal Fused Filament Fabrication: Bead-Resolved Digital Twin Analysis,2026,Zenodo (CERN European Organization for Nuclear Research),10.5281/zenodo.19140717,https://doi.org/10.5281/zenodo.19140717,,7
36,curated,openalex_only,OpenAlex,ShapeGen3DCP: A deep learning framework for layer shape prediction in 3D concrete printing,2026,Computers & Structures,10.1016/j.compstruc.2026.108142,https://doi.org/10.1016/j.compstruc.2026.108142,,7
37,curated,crossref_only,Crossref,Rotational Multimaterial 3D Printing of Soft Robotic Matter With Embedded Asymmetrical Pneumatics,2026,Advanced Materials,10.1002/adma.202510141,https://doi.org/10.1002/adma.202510141,,7
38,curated,crossref_only,Crossref,Role of Digital Twins in Industry 4.0 and Its Significance for Sustainable Development,2026,Manufacturing Process Optimization for Sustainable Development Using Digital Twin Applications,10.1201/9781003504825-1,https://doi.org/10.1201/9781003504825-1,,7
39,curated,openalex_only,OpenAlex,"Review of Current Trends, Materials and Challenges in 3D Printing for Biomedical Applications Using Polylactic Acid",2026,Al-Khwarizmi Engineering Journal,10.22153/kej.2026.04.002,https://doi.org/10.22153/kej.2026.04.002,,7
40,curated,both_openalex_crossref,Crossref; OpenAlex,"Recent progress in 4D printing: materials, methods and applications",2026,4D Printing,10.1108/4dp-03-2026-0005,https://doi.org/10.1108/4dp-03-2026-0005,,7
41,curated,openalex_only,OpenAlex,Recent advances in machine learning based optimization of porous propeller aerodynamics for unmanned aerial vehicle systems,2026,Discover Mechanical Engineering,10.1007/s44245-026-00274-z,https://doi.org/10.1007/s44245-026-00274-z,,7
42,curated,openalex_only,OpenAlex,Recent Advances in Friction Stir Additive Manufacturing: A Review of Mechanical and Microstructural Performance in Similar and Dissimilar Composites,2026,Mechanika,10.5755/j02.mech.40395,https://doi.org/10.5755/j02.mech.40395,,7
43,curated,openalex_only,OpenAlex,Recent Advances and Development Trends of Global Top Drive Drilling Systems,2026,DOAJ (DOAJ: Directory of Open Access Journals),,https://openalex.org/W7164873194,,7
44,curated,crossref_only,Crossref,Quasi-real-time digital twin for robotic assembly: a physics-based multi-fidelity framework,2026,Journal of Intelligent Manufacturing,10.1007/s10845-026-02879-3,https://doi.org/10.1007/s10845-026-02879-3,,7
45,curated,both_openalex_crossref,Crossref; OpenAlex,"Quality-centric digital twins in additive manufacturing: a review of the state-of-the-art, challenges, and future directions",2026,Digital Twin,10.1080/27525783.2026.2613469,https://doi.org/10.1080/27525783.2026.2613469,,7
46,curated,openalex_only,OpenAlex,Progresses and Challenges in Additive Manufacturing of Bulk Metallic Glasses,2026,Journal of Manufacturing and Materials Processing,10.3390/jmmp10040121,https://doi.org/10.3390/jmmp10040121,,7
47,curated,crossref_only,Crossref,Process Optimization in Smart Manufacturing via Data-Driven Approaches and Digital Twin Simulations,2026,Frontiers in Interdisciplinary Applied Science,10.71465/fias621,https://doi.org/10.71465/fias621,,7
48,curated,crossref_only,Crossref,Predicting the Future of Sustainable Manufacturing with Digital Twin Systems,2026,Manufacturing Process Optimization for Sustainable Development Using Digital Twin Applications,10.1201/9781003504825-8,https://doi.org/10.1201/9781003504825-8,,7
49,curated,both_openalex_crossref,Crossref; OpenAlex,Physics-Informed Digital Twin for Melt Pool Prediction and Stability in Laser Powder Bed Fusion of Nitinol,2026,SSRN Electronic Journal,10.2139/ssrn.6270297,https://doi.org/10.2139/ssrn.6270297,,7
50,curated,openalex_only,OpenAlex,Overcoming synchronization challenges in machining digital twins: transpiling legacy NC dialects to enhance interoperability,2026,The International Journal of Advanced Manufacturing Technology,10.1007/s00170-026-17723-4,https://doi.org/10.1007/s00170-026-17723-4,,7
51,curated,both_openalex_crossref,Crossref; OpenAlex,Optimization of the Design and Manufacturing Processes for Metal Additive Manufacturing Through Digital Twin,2026,Processes,10.3390/pr14030571,https://doi.org/10.3390/pr14030571,,7
52,curated,crossref_only,Crossref,Optimization of Mechanical Manufacturing Process Based on Digital Twin Technology,2026,Procedia Computer Science,10.1016/j.procs.2026.05.030,https://doi.org/10.1016/j.procs.2026.05.030,,7
53,curated,crossref_only,Crossref,Optimization of Manufacturing Processes Using Digital Twin/Cyber-Physical System,2026,Manufacturing Process Optimization for Sustainable Development Using Digital Twin Applications,10.1201/9781003504825-4,https://doi.org/10.1201/9781003504825-4,,7
54,curated,openalex_only,OpenAlex,Non-planar slicing for high-genus surfaces with non-coplanar interfaces,2026,Virtual and Physical Prototyping,10.1080/17452759.2025.2603853,https://doi.org/10.1080/17452759.2025.2603853,,7
55,curated,openalex_only,OpenAlex,New frontiers in bioengineering: A perspective on the open challenges in bioprinting,2026,International Journal of Bioprinting,10.36922/ijb025500517,https://doi.org/10.36922/ijb025500517,,7
56,curated,openalex_only,OpenAlex,Multimodal Layer‐Crossing Interrogation of Brain Circuits Enabled by Microfluidic Axialtrodes,2026,Advanced Science,10.1002/advs.202519744,https://doi.org/10.1002/advs.202519744,,7
57,curated,openalex_only,OpenAlex,"Multi-domain fusion meta-model for digital twin in precision manufacturing: design, implementation and verification",2026,Complex & Intelligent Systems,10.1007/s40747-026-02348-7,https://doi.org/10.1007/s40747-026-02348-7,,7
58,curated,openalex_only,OpenAlex,Modelling vat photopolymerization: a comprehensive review and perspectives on digital twinning and advancing multi-wavelength processes,2026,Virtual and Physical Prototyping,10.1080/17452759.2026.2632491,https://doi.org/10.1080/17452759.2026.2632491,,7
59,curated,openalex_only,OpenAlex,Modelling a digital twin of KUKA Robot : for LUT hitsaustekniikka laboratory using KUKA.Sim 4.10,2026,Theseus (Ammattikorkeakoulujen),,https://openalex.org/W7163470160,,7
60,curated,openalex_only,OpenAlex,Mixing‐Driven Defects and Composition Evolution in Multi‐Material Metal Additive Manufacturing,2026,Advanced Science,10.1002/advs.75723,https://doi.org/10.1002/advs.75723,,7
61,curated,openalex_only,OpenAlex,Mechatronic Design and Development of a Lower-Limb Exoskeleton System Based on Knee Joint Biomechanical Principles Using Electro-Pneumatic Actuation with an Embedded EMG Controller for Experimental Validation in Elderly Gait Rehabilitation Support,2026,Bioengineering,10.3390/bioengineering13060644,https://doi.org/10.3390/bioengineering13060644,,7
62,curated,openalex_only,OpenAlex,Mechanics-informed AI laser 4D frameworks for adaptive materials processing and sustainable manufacturing: a quantitative review,2026,Australian Journal of Multi-Disciplinary Engineering,10.1080/14488388.2026.2615609,https://doi.org/10.1080/14488388.2026.2615609,,7
63,curated,crossref_only,Crossref,Manufacturing Process Optimization for Sustainable Development Using Digital Twin Applications,2026,Venue unknown,10.1201/9781003504825,https://doi.org/10.1201/9781003504825,,7
64,curated,crossref_only,Crossref,Life Cycle Assessment (LCA) Integration and Environmental Impact Modelling of Digital Twin,2026,Manufacturing Process Optimization for Sustainable Development Using Digital Twin Applications,10.1201/9781003504825-7,https://doi.org/10.1201/9781003504825-7,,7
65,curated,both_openalex_crossref,Crossref; OpenAlex,Learning-based toolpath planning for bed-based additive manufacturing,2026,Engineering With Computers,10.1007/s00366-026-02334-0,https://doi.org/10.1007/s00366-026-02334-0,,7
66,curated,openalex_only,OpenAlex,"InterwovenXR: A Cyber–Physical–Social Testbed System for Robotics, Digital Twins, and Hyperautomation",2026,Computer,10.1109/mc.2026.3671749,https://doi.org/10.1109/mc.2026.3671749,,7
67,curated,openalex_only,OpenAlex,Interfacial structure − property relationships in additively manufactured WC-Co/316L multi-material systems,2026,Materials & Design,10.1016/j.matdes.2026.116367,https://doi.org/10.1016/j.matdes.2026.116367,,7
68,curated,openalex_only,OpenAlex,"Integration of reinforcement learning in robotic additive manufacturing control: Advances, challenges, and future perspectives",2026,Journal of Manufacturing Processes,10.1016/j.jmapro.2026.04.069,https://doi.org/10.1016/j.jmapro.2026.04.069,,7
69,curated,crossref_only,Crossref,Integration of Digital Twin Technology into Intelligent Manufacturing Systems for Enhancing Sustainability in Industry 4.0,2026,Manufacturing Process Optimization for Sustainable Development Using Digital Twin Applications,10.1201/9781003504825-2,https://doi.org/10.1201/9781003504825-2,,7
70,curated,openalex_only,OpenAlex,Integrating Optical Feedback Alignment and Fluidic Control for Multiphase Flow‐Assisted In Situ 3D Printing,2026,Journal of Separation Science,10.1002/jssc.70371,https://doi.org/10.1002/jssc.70371,,7
71,curated,openalex_only,OpenAlex,"Integrating Additive Manufacturing into Dental Production: Innovations, Applications and Challenges",2026,Inventions,10.3390/inventions11010007,https://doi.org/10.3390/inventions11010007,,7
72,curated,openalex_only,OpenAlex,Integrated Manufacturing of Soft Robots Based on 3D Printing,2026,Mathematical Modeling and Algorithm Application,10.54097/30b91y36,https://doi.org/10.54097/30b91y36,,7
73,curated,both_openalex_crossref,Crossref; OpenAlex,In-situ monitoring of geometric drift and thermo-mechanical modeling toward a digital twin for thin-wall fused filament fabrication,2026,Multifunctional Materials and Structures II,10.1117/12.3090447,https://doi.org/10.1117/12.3090447,,7
74,curated,openalex_only,OpenAlex,Importance of surface roughness to the performance of additively-manufactured magnets,2026,Measurement Science and Technology,10.1088/1361-6501/ae671e,https://doi.org/10.1088/1361-6501/ae671e,,7
75,curated,openalex_only,OpenAlex,"Graphene/CNT Nanocomposites: Processing, Properties, and Applications",2026,Nanomaterials,10.3390/nano16020100,https://doi.org/10.3390/nano16020100,,7
76,curated,openalex_only,OpenAlex,"Gel-Based 3D Food Printing for Dysphagia Management: Advances in Personalized Nutrition, Texture Control, and Clinical Translation",2026,Gels,10.3390/gels12040289,https://doi.org/10.3390/gels12040289,,7
77,curated,openalex_only,OpenAlex,Functionally Graded Nickel-Based Coatings: A Comprehensive Review,2026,Coatings,10.3390/coatings16040397,https://doi.org/10.3390/coatings16040397,,7
78,curated,openalex_only,OpenAlex,"From printed architectures to functional batteries: printing technologies, post-processing, and sintering",2026,Advanced Materials Joining,10.1007/s44500-026-00002-3,https://doi.org/10.1007/s44500-026-00002-3,,7
79,curated,crossref_only,Crossref,From Physical Realm to Digital Twin: An Additive Manufacturing Approach to Digital Twin Testbed Development,2026,AIAA SCITECH 2026 Forum,10.2514/6.2026-2122,https://doi.org/10.2514/6.2026-2122,,7
80,curated,both_openalex_crossref,Crossref; OpenAlex,From Digital Twins to Immersive Manufacturing: XR and Gesture‐Based Control for Enhancing Human–Robot Collaboration,2026,IET Collaborative Intelligent Manufacturing,10.1049/cim2.70055,https://doi.org/10.1049/cim2.70055,,7
81,curated,both_openalex_crossref,Crossref; OpenAlex,Experimental validation of the Ensemble Kalman Filter as a Laser Powder Bed Fusion digital twin,2026,Additive Manufacturing,10.1016/j.addma.2025.105054,https://doi.org/10.1016/j.addma.2025.105054,,7
82,curated,openalex_only,OpenAlex,Environment-Aware Path Generation for Robotic Additive Manufacturing of Structures,2026,ArXiv.org,,https://openalex.org/W7134291572,,7
83,curated,openalex_only,OpenAlex,Enabling geometry and toolpath generalization for machine learning based thermal modeling in laser powder bed fusion,2026,npj Artificial Intelligence,10.1038/s44387-026-00088-0,https://doi.org/10.1038/s44387-026-00088-0,,7
84,curated,openalex_only,OpenAlex,"Emerging Paradigms in 3D Bioprinting: A Critical Review of Volumetric, Embedded, and Multi-Material Fabrication for Biomedical Applications",2026,Bioprinting,10.1016/j.bprint.2026.e00491,https://doi.org/10.1016/j.bprint.2026.e00491,,7
85,curated,both_openalex_crossref,Crossref; OpenAlex,Dual-Scale Synergistic Design: Oriented Material Stiffness and Deposition Path Planning for Enhanced Performance in Large-Format Additive Manufacturing of Short Carbon Fiber Components,2026,Materials,10.3390/ma19112346,https://doi.org/10.3390/ma19112346,,7
86,curated,both_openalex_crossref,Crossref; OpenAlex,Digital twin–driven multiscale modelling for real-time defect prediction in metal additive manufacturing,2026,Scientific Reports,10.1038/s41598-026-58348-7,https://doi.org/10.1038/s41598-026-58348-7,,7
87,curated,openalex_only,OpenAlex,Digital twin-based intelligent warehouse thermal environment simulation and automated control optimization,2026,Thermal Science,10.2298/tsci2601041l,https://doi.org/10.2298/tsci2601041l,,7
88,curated,crossref_only,Crossref,Digital twin modeling features for smart manufacturing,2026,Automation Modern Techologies,10.36652/0869-4931-2026-80-1-29-34,https://doi.org/10.36652/0869-4931-2026-80-1-29-34,,7
89,curated,crossref_only,Crossref,Digital twin model for performance analysis and manufacturing process optimization,2026,Pollack Periodica,10.1556/606.2025.01511,https://doi.org/10.1556/606.2025.01511,,7
90,curated,openalex_only,OpenAlex,Digital twin for in – space manufacturing: a comprehensive review from framework to future,2026,Virtual and Physical Prototyping,10.1080/17452759.2026.2639147,https://doi.org/10.1080/17452759.2026.2639147,,7
91,curated,crossref_only,Crossref,Digital twin for early-stage fault detection in a hybrid manufacturing cell,2026,Digital Twin,10.1080/27525783.2026.2622705,https://doi.org/10.1080/27525783.2026.2622705,,7
92,curated,crossref_only,Crossref,Digital Twin–CPS Synergy in Manufacturing,2026,Manufacturing Process Optimization for Sustainable Development Using Digital Twin Applications,10.1201/9781003504825-10,https://doi.org/10.1201/9781003504825-10,,7
93,curated,crossref_only,Crossref,Digital Twin-Enabled Multi-Objective Optimization for Pilot-Scale Manufacturing of Generic BCS Class II Drug Products: Process Robustness and Economic Feasibility Analysis,2026,Venue unknown,10.2139/ssrn.6140865,https://doi.org/10.2139/ssrn.6140865,,7
94,curated,crossref_only,Crossref,Digital Twin-Based Quality Inspection and Process Optimization for Production Lines,2026,2026 International Conference on Intelligent Manufacturing and Automation (IMA),10.1109/ima68480.2026.11517804,https://doi.org/10.1109/ima68480.2026.11517804,,7
95,curated,openalex_only,OpenAlex,Digital Twin for Integration of Control and Diagnostics of Electromechanical Systems Under Uncertainty,2026,ITEGAM- Journal of Engineering and Technology for Industrial Applications (ITEGAM-JETIA),10.5935/jetia.v12i58.3405,https://doi.org/10.5935/jetia.v12i58.3405,,7
96,curated,openalex_only,OpenAlex,Digital Twin Inference from Multi-physical Simulation Data of DED Additive Manufacturing Processes with Neural ODEs,2026,Lecture notes in computational science and engineering,10.1007/978-3-032-16253-3_8,https://doi.org/10.1007/978-3-032-16253-3_8,,7
97,curated,openalex_only,OpenAlex,Digital Twin Implementation Strategies for Complex Manufacturing Ecosystems: A Multi-Level Integration Framework,2026,ITEGAM- Journal of Engineering and Technology for Industrial Applications (ITEGAM-JETIA),10.5935/jetia.v12i58.3071,https://doi.org/10.5935/jetia.v12i58.3071,,7
98,curated,openalex_only,OpenAlex,Digital Tools in Aluminum Alloy Processing,2026,Encyclopedia,10.3390/encyclopedia6060134,https://doi.org/10.3390/encyclopedia6060134,,7
99,curated,openalex_only,OpenAlex,Design and one-shot fabrication of a 2-DOF tendon-driven robotic finger via additive manufacturing using continuous CFRP,2026,The International Journal of Advanced Manufacturing Technology,10.1007/s00170-026-18134-1,https://doi.org/10.1007/s00170-026-18134-1,,7
100,curated,crossref_only,Crossref,Data-informed Digital Twin for large-scale 3D printing in construction,2026,Automation in Construction,10.1016/j.autcon.2025.106706,https://doi.org/10.1016/j.autcon.2025.106706,,7
101,curated,openalex_only,OpenAlex,Concrete for Extraterrestrial Construction – Ideal for 3D Printing in Space,2026,International Journal For Multidisciplinary Research,10.36948/ijfmr.2026.v08i03.81457,https://doi.org/10.36948/ijfmr.2026.v08i03.81457,,7
102,curated,crossref_only,Crossref,Composite potential field control for human-robot collaborative assembly robotic arm based on digital twin,2026,The International Journal of Advanced Manufacturing Technology,10.1007/s00170-026-17486-y,https://doi.org/10.1007/s00170-026-17486-y,,7
103,curated,openalex_only,OpenAlex,"Comparative review of additive manufacturing techniques for shape memory alloys: Process optimization, property-functionality relationships, and future 4D printing opportunities",2026,Next Materials,10.1016/j.nxmate.2026.102524,https://doi.org/10.1016/j.nxmate.2026.102524,,7
104,curated,openalex_only,OpenAlex,Characterisation of infill strategies in WAAM for solid components fabricated with ER100S-G wire,2026,The International Journal of Advanced Manufacturing Technology,10.1007/s00170-026-17780-9,https://doi.org/10.1007/s00170-026-17780-9,,7
105,curated,crossref_only,Crossref,Challenges in Implementing Digital Twin Solutions in Manufacturing,2026,Manufacturing Process Optimization for Sustainable Development Using Digital Twin Applications,10.1201/9781003504825-6,https://doi.org/10.1201/9781003504825-6,,7
106,curated,crossref_only,Crossref,Carbon Footprint Reduction Strategies Using Digital Twin Integration Strategy,2026,Manufacturing Process Optimization for Sustainable Development Using Digital Twin Applications,10.1201/9781003504825-5,https://doi.org/10.1201/9781003504825-5,,7
107,curated,openalex_only,OpenAlex,Camera based in situ layer segmentation and object reconstruction for digital twins in FFF 3D printing,2026,Journal of Intelligent Manufacturing,10.1007/s10845-026-02899-z,https://doi.org/10.1007/s10845-026-02899-z,,7
108,curated,both_openalex_crossref,Crossref; OpenAlex,"Bridging Model-Based Systems Engineering, Digital Twins, and Cyber-Physical Manufacturing Systems: A Foundational Framework for Operational Excellence",2026,International Multidisciplinary Journal of Emerging Technologies and Applications,10.67294/w1jdxb80,https://doi.org/10.67294/w1jdxb80,,7
109,curated,openalex_only,OpenAlex,Binary Thermal Regime Transition Driven by Bead Morphology in Metal Fused Filament Fabrication: Bead-Resolved Digital Twin Analysis,2026,Zenodo (CERN European Organization for Nuclear Research),10.5281/zenodo.19140718,https://doi.org/10.5281/zenodo.19140718,,7
110,curated,crossref_only,Crossref,Automated extraction of comprehensive digital twin models for smart manufacturing systems,2026,Journal of Manufacturing Systems,10.1016/j.jmsy.2026.01.012,https://doi.org/10.1016/j.jmsy.2026.01.012,,7
111,curated,crossref_only,Crossref,Artificial intelligence augmented digital twin for improving the machinability in a robotic carbon fiber reinforced plastics machining process,2026,Journal of Intelligent Manufacturing,10.1007/s10845-025-02642-0,https://doi.org/10.1007/s10845-025-02642-0,,7
112,curated,openalex_only,OpenAlex,Applications of Artificial Intelligence and Machine Learning Techniques in AM of Advanced Materials and Customized Components,2026,Additive manufacturing,10.1201/9781003544937-10,https://doi.org/10.1201/9781003544937-10,,7
113,curated,crossref_only,Crossref,Application of Digital Twin and 3D-Printing,2026,The Essential Guide to Public Procurement,10.4324/9781003566670-26,https://doi.org/10.4324/9781003566670-26,,7
114,curated,both_openalex_crossref,Crossref; OpenAlex,An Integrated Review of Mechanical Property Modelling from Microstructure-Based Theories to Additive Manufacturing and CAE,2026,Metal Additive Manufacturing,10.1201/9781003731559-20,https://doi.org/10.1201/9781003731559-20,,7
115,curated,openalex_only,OpenAlex,Advancing Scoliosis Treatment with Patient-Specific Functionally Graded NiTi-SMA Rods: Key Considerations and Development Objectives,2026,Bioengineering,10.3390/bioengineering13020216,https://doi.org/10.3390/bioengineering13020216,,7
116,curated,openalex_only,OpenAlex,"Advances in 3D Bioprinting: Materials, Processes, and Emerging Applications",2026,Micromachines,10.3390/mi17030282,https://doi.org/10.3390/mi17030282,,7
117,curated,openalex_only,OpenAlex,Advances and Challenges in Personalized Socket Design: A Review of Pho-togrammetry and Additive Manufacturing Techniques for Lower-Limb Prosthetics,2026,Nusantara Science and Technology Proceedings,10.11594/nstp.2026.5498,https://doi.org/10.11594/nstp.2026.5498,,7
118,curated,openalex_only,OpenAlex,Advanced micro-/nano additive manufacturing of multi-materials,2026,Nano Research,10.26599/nr.2026.94908451,https://doi.org/10.26599/nr.2026.94908451,,7
119,curated,openalex_only,OpenAlex,Advanced RF cavity manufacturing using multi-material laser powder bed fusion,2026,The European Physical Journal Special Topics,10.1140/epjs/s11734-026-02294-y,https://doi.org/10.1140/epjs/s11734-026-02294-y,,7
120,curated,openalex_only,OpenAlex,Additive manufacturing of metallic heterostructured materials: from 1D to 4D,2026,Materials Research Letters,10.1080/21663831.2026.2680191,https://doi.org/10.1080/21663831.2026.2680191,,7
121,curated,both_openalex_crossref,Crossref; OpenAlex,"Additive manufacturing of functionally graded materials: Advances, challenges, and strategies for processing and performance optimization",2026,Next Materials,10.1016/j.nxmate.2026.102285,https://doi.org/10.1016/j.nxmate.2026.102285,,7
122,curated,openalex_only,OpenAlex,Additive manufacturing for structuring stimuli-responsive materials,2026,MRS Communications,10.1557/s43579-026-00919-w,https://doi.org/10.1557/s43579-026-00919-w,,7
123,curated,openalex_only,OpenAlex,Additive Manufacturing of Refractory Alloy-based Multi-Material Structures: A Review,2026,Journal of the Korean Society of Manufacturing Process Engineers,10.14775/ksmpe.2026.25.1.108,https://doi.org/10.14775/ksmpe.2026.25.1.108,,7
124,curated,openalex_only,OpenAlex,"Additive Manufacturing of Ceramics and Ceramic-Based Composites: Processing, Properties, and Engineering Applications",2026,Ceramics,10.3390/ceramics9050043,https://doi.org/10.3390/ceramics9050043,,7
125,curated,openalex_only,OpenAlex,"Additive Manufacturing in Space: Technologies, Flight Heritage, and Materials",2026,Technologies,10.3390/technologies14030165,https://doi.org/10.3390/technologies14030165,,7
126,curated,openalex_only,OpenAlex,"Additive Manufacturing Using Multi-Materials: Materials, Processes, and Applications",2026,Polymers,10.3390/polym18091045,https://doi.org/10.3390/polym18091045,,7
127,curated,openalex_only,OpenAlex,Adaptive human–robot collaboration in wind turbine manufacturing using digital twins,2026,Scientific Reports,10.1038/s41598-026-40576-6,https://doi.org/10.1038/s41598-026-40576-6,,7
128,curated,openalex_only,OpenAlex,Adaptive Automation Strategies for Increasing Variability in Design and Production,2026,Linköping studies in science and technology. Dissertations,10.3384/9789181184624,https://doi.org/10.3384/9789181184624,,7
129,curated,openalex_only,OpenAlex,AI-Driven layout reconfiguration for lab-scale production lines by the Integration of genetic algorithms and LSTM networks with a digital twin,2026,Research Square,10.21203/rs.3.rs-9848737/v1,https://doi.org/10.21203/rs.3.rs-9848737/v1,,7
130,curated,openalex_only,OpenAlex,AI – Mixed Reality Framework for the Enhancement of Human–Robot Interaction,2026,IntechOpen eBooks,10.5772/intechopen.1015227,https://doi.org/10.5772/intechopen.1015227,,7
131,curated,openalex_only,OpenAlex,A stress field-based path planning method for fiber-reinforced FDM-printed parts with joining hole structure,2026,Journal of Reinforced Plastics and Composites,10.1177/07316844261444238,https://doi.org/10.1177/07316844261444238,,7
132,curated,openalex_only,OpenAlex,"A review on condition monitoring and control of industrial drilling systems: fault detection, fuzzy control, and human-induced faults",2026,Frontiers in Mechanical Engineering,10.3389/fmech.2026.1850568,https://doi.org/10.3389/fmech.2026.1850568,,7
133,curated,openalex_only,OpenAlex,A review of architectures and process strategies for large-format additive manufacturing,2026,Rapid Prototyping Journal,10.1108/rpj-12-2025-0666,https://doi.org/10.1108/rpj-12-2025-0666,,7
134,curated,openalex_only,OpenAlex,A hybrid self-evolving edge-AI framework for scalable digital process twins in enterprise systems,2026,Enterprise Information Systems,10.1080/17517575.2026.2653241,https://doi.org/10.1080/17517575.2026.2653241,,7
135,curated,openalex_only,OpenAlex,A Review on Mechanical and Process Characteristics of PETG and ASA Materials in FDM 3D Printing,2026,International Journal for Research in Applied Science and Engineering Technology,10.22214/ijraset.2026.83303,https://doi.org/10.22214/ijraset.2026.83303,,7
136,curated,openalex_only,OpenAlex,"A Multimodal Intelligent System for Human Digital Twin Simulation with Continuous Kinematic Data Tracking, Biometric Prognosis, and Cognitive State Feedback in Industrial Environments",2026,Advanced Intelligent Discovery,10.1002/aidi.202500217,https://doi.org/10.1002/aidi.202500217,,7
137,curated,openalex_only,OpenAlex,A Digital-Twin-Enabled AI-Driven Adaptive Planning Platform for Sustainable and Reliable Manufacturing,2026,Machines,10.3390/machines14020197,https://doi.org/10.3390/machines14020197,,7
138,curated,openalex_only,OpenAlex,A Digital Twin Architecture for Integrating Lean Manufacturing with Industrial IoT and Predictive Analytics,2026,Information,10.3390/info17020196,https://doi.org/10.3390/info17020196,,7
139,curated,openalex_only,OpenAlex,4D printed Nitinol metamaterials: from algorithmic design of textile-based soft-stiff architectures towards next generation medical implants,2026,UPM Digital Archive (Technical University of Madrid),,https://openalex.org/W7163863901,,7
140,curated,openalex_only,OpenAlex,3D-bioprinted tumor organoids enable programmable tumor microenvironment reconstruction for precision oncology,2026,International Journal of Bioprinting,10.36922/ijb026180162,https://doi.org/10.36922/ijb026180162,,7
141,curated,openalex_only,OpenAlex,3D micropatterning of PEDOT:PSS/Gelatin conductive hydrogels via two-photon lithography for soft bioelectronics,2026,npj Flexible Electronics,10.1038/s41528-026-00529-5,https://doi.org/10.1038/s41528-026-00529-5,,7
142,curated,openalex_only,OpenAlex,ТЕХНІКО-ТЕХНОЛОГІЧНЕ ОБҐРУНТУВАННЯ ЗАСТОСУВАННЯ МОДУЛЬНИХ ШНЕКІВ У МАШИНАХ ДЛЯ ТРАНСПОРТУВАННЯ ШТУЧНИХ ВАНТАЖІВ,2026,The Scientific Issues of Ternopil Volodymyr Hnatiuk National Pedagogical University Series pedagogy,,https://openalex.org/W7162277402,,6
143,curated,openalex_only,OpenAlex,Transitioning from Industry 4.0 to Industry 5.0: A Review and Analysis of Future Research Directions,2026,Springer Link (Chiba Institute of Technology),10.1051/matecconf/202641901018,https://doi.org/10.1051/matecconf/202641901018,,6
144,curated,openalex_only,OpenAlex,Toward Sustainable Biodegradable Composites Through Thermal Management: <scp>3D</scp> Printing‐Assisted Lamination of Poly(Lactic Acid) With Polypropylene as an Alternative to Conventional Blending,2026,Journal of Applied Polymer Science,10.1002/app.70430,https://doi.org/10.1002/app.70430,,6
145,curated,openalex_only,OpenAlex,Time-Aware Two-Dimensional Packing for Slicing-Aware 3D Printing Throughput Optimization,2026,Proceedings of the AAAI Symposium Series,10.1609/aaaiss.v8i1.42514,https://doi.org/10.1609/aaaiss.v8i1.42514,,6
146,curated,both_openalex_crossref,Crossref; OpenAlex,Thermally Elongated Thermoplastic Nozzles Unlock Micro-Scale Multimaterial Direct Ink Writing,2026,Research Square,10.21203/rs.3.rs-8564809/v1,https://doi.org/10.21203/rs.3.rs-8564809/v1,,6
147,curated,openalex_only,OpenAlex,The Effect of Non-Uniform Material Distribution on the Bending Strength and Energy Absorption of TPMS Structures,2026,Polymers,10.3390/polym18040455,https://doi.org/10.3390/polym18040455,,6
148,curated,openalex_only,OpenAlex,Tailoring the Mechanical Response of 3D-Printed Polymer Metamaterials for Biomechanical Customization: A Predictive Manufacturing Framework,2026,Journal of Manufacturing and Materials Processing,10.3390/jmmp10040133,https://doi.org/10.3390/jmmp10040133,,6
149,curated,crossref_only,Crossref,Tailored Infill Path Design using Surface Mesh Deformation: A Strategy for Boosting Mechanical Performance in Fused Filament Fabrication,2026,Venue unknown,10.2139/ssrn.6178599,https://doi.org/10.2139/ssrn.6178599,,6
150,curated,openalex_only,OpenAlex,TECHNICAL AND TECHNOLOGICAL JUSTIFICATION FOR THE APPLICATION OF MODULAR SCREWS IN MACHINES FOR HANDLING DISCRETE LOADS,2026,Bulletin of the National Technical University «KhPI» Series Engineering and CAD,10.20998/2079-0775.2026.2.01,https://doi.org/10.20998/2079-0775.2026.2.01,,6
151,curated,openalex_only,OpenAlex,Soft Robotics and Advanced Technologies for Minimally Invasive Bioprinting: The Future of Internal Organ Repair,2026,Advanced Science,10.1002/advs.202523532,https://doi.org/10.1002/advs.202523532,,6
152,curated,openalex_only,OpenAlex,"Shaping hydrogel bioinks into 3D, multiscale, perfusable models using multimodal printing",2026,bioRxiv (Cold Spring Harbor Laboratory),10.64898/2026.01.29.702588,https://doi.org/10.64898/2026.01.29.702588,,6
153,curated,openalex_only,OpenAlex,Semi-analytical Timoshenko beam model for symmetrical 1D acoustic black holes: Efficient quantification of the influence of geometric model parameters on vibration behaviour,2026,Springer Link (Chiba Institute of Technology),10.1051/aacus/2026054,https://doi.org/10.1051/aacus/2026054,,6
154,curated,openalex_only,OpenAlex,Self-locking non-volatile coding metasurfaces via origami-based mechanical bits,2026,ArXiv.org,,https://openalex.org/W7126001832,,6
155,curated,openalex_only,OpenAlex,Replication Data for: Hybrid epoxy–acrylate resins for wavelength-selective multimaterial 3D printing,2026,Texas Digital Library (University of Texas),10.18738/t8/unaoda,https://doi.org/10.18738/t8/unaoda,,6
156,curated,openalex_only,OpenAlex,Reinforcement learning-based toolpath optimisation with 3D U-Net driven rapid thermal prediction,2026,Virtual and Physical Prototyping,10.1080/17452759.2026.2627765,https://doi.org/10.1080/17452759.2026.2627765,,6
157,curated,openalex_only,OpenAlex,Reducing energy consumption and processing time by smart robot-workpiece position planning in robotic manufacturing processes,2026,Zenodo (CERN European Organization for Nuclear Research),10.5281/zenodo.20305898,https://doi.org/10.5281/zenodo.20305898,,6
158,curated,openalex_only,OpenAlex,"Recent Advancements, Trends and Future Prospects of Upper Limb Prosthesis through 3D printing- A Systematic Review",2026,Journal of Sustainable Smart Materials and Structural Systems,10.65904/3083-3604.2026.02.01,https://doi.org/10.65904/3083-3604.2026.02.01,,6
159,curated,openalex_only,OpenAlex,Proximal sound printing: direct 3D printing of microstructures on polymers,2026,Microsystems & Nanoengineering,10.1038/s41378-025-01035-w,https://doi.org/10.1038/s41378-025-01035-w,,6
160,curated,openalex_only,OpenAlex,Printing to Fight Antimicrobial Resistance Through Nano/Microstructured Platforms,2026,The Chemical Record,10.1002/tcr.70186,https://doi.org/10.1002/tcr.70186,,6
161,curated,openalex_only,OpenAlex,Printing orientation and interfacial mechanical design enable superior bonding in multimaterial additive manufacturing,2026,npj Advanced Manufacturing,10.1038/s44334-026-00075-y,https://doi.org/10.1038/s44334-026-00075-y,,6
162,curated,openalex_only,OpenAlex,Predictive Maintenance – An Overview,2026,IntechOpen eBooks,10.5772/intechopen.1015854,https://doi.org/10.5772/intechopen.1015854,,6
163,curated,openalex_only,OpenAlex,Precision and Personalized Medicine in Transdermal Drug Delivery Systems: Integrating AI Approaches,2026,Journal of Pharmaceutical and BioTech Industry,10.3390/jpbi3020009,https://doi.org/10.3390/jpbi3020009,,6
164,curated,crossref_only,Crossref,"Polymers, Fabric and Steel: A Hybrid Robotic Fabrication System for Bespoke Doubly-Curved Structural Concrete",2026,"ROB|ARCH2024 – Robotic Fabrication in Architecture, Art and Design",10.1007/978-3-032-22607-5_13,https://doi.org/10.1007/978-3-032-22607-5_13,,6
165,curated,openalex_only,OpenAlex,Part II: Industrial Information Integration Review 2020–2025,2026,Journal of Emerging Technologies With Industrial Applications,10.53941/jetia.2026.100002,https://doi.org/10.53941/jetia.2026.100002,,6
166,curated,crossref_only,Crossref,Optimization of FDM printing parameters for high-speed fabrication of PLA-ABS Bi-layer laminate structures,2026,Journal of Thermoplastic Composite Materials,10.1177/08927057261441528,https://doi.org/10.1177/08927057261441528,,6
167,curated,openalex_only,OpenAlex,"On the role of interlayer cooling time in wire laser cladding of 316L: microstructural, mechanical, dimensional and residual stress analysis",2026,Progress in Additive Manufacturing,10.1007/s40964-026-01687-8,https://doi.org/10.1007/s40964-026-01687-8,,6
168,curated,openalex_only,OpenAlex,Nozzle-Assisted Continuous Additive Manufacturing of Mesoscale Multimaterial Structures,2026,Journal of Manufacturing Science and Engineering,10.1115/1.4072029,https://doi.org/10.1115/1.4072029,,6
169,curated,both_openalex_crossref,Crossref; OpenAlex,Novel Approaches and Applications for Operational Sustainability,2026,"Material Selection, Product Design and Additive Manufacturing Processes for Operational Sustainability",10.1201/9781003633754-5,https://doi.org/10.1201/9781003633754-5,,6
170,curated,openalex_only,OpenAlex,Multiprocess Approaches for Increasing Component Functionality in 3D Printing,2026,International Journal of Research in Pharmacology & Pharmacotherapeutics,10.61096/ijrpp.v15.iss1.2026.98-109,https://doi.org/10.61096/ijrpp.v15.iss1.2026.98-109,,6
171,curated,crossref_only,Crossref,Multimaterial Digital Light Processing 3D Printing of Self-Sensing and Thermoresponsive Soft Actuators,2026,ACS Applied Materials &amp; Interfaces,10.1021/acsami.6c00142,https://doi.org/10.1021/acsami.6c00142,,6
172,curated,crossref_only,Crossref,Multimaterial 3D printing of high-strength metal-cermet inert anodes for aluminum electrolysis via interface-structure design,2026,Advanced Powder Materials,10.1016/j.apmate.2026.100415,https://doi.org/10.1016/j.apmate.2026.100415,,6
173,curated,crossref_only,Crossref,Multimaterial 3D Printing of Soft and Stretchable Electronics,2026,Advanced Science,10.1002/advs.202513208,https://doi.org/10.1002/advs.202513208,,6
174,curated,crossref_only,Crossref,Mobile Robotic Brickwork Disassembly for Material Reuse,2026,"ROB|ARCH2024 – Robotic Fabrication in Architecture, Art and Design",10.1007/978-3-032-22607-5_19,https://doi.org/10.1007/978-3-032-22607-5_19,,6
175,curated,openalex_only,OpenAlex,Mechanical performance of bi-material FDM rigid–flexible joints: effects of alternate deposition and mechanical interlocking,2026,The International Journal of Advanced Manufacturing Technology,10.1007/s00170-026-17902-3,https://doi.org/10.1007/s00170-026-17902-3,,6
176,curated,crossref_only,Crossref,Materials Informatics: Emergence to Autonomous Discovery in the Age of AI,2026,Advanced Materials,10.1002/adma.202515941,https://doi.org/10.1002/adma.202515941,,6
177,curated,openalex_only,OpenAlex,Machine Learning for Predicting Mechanical Properties of 3D-Printed Polymers from Process Parameters: A Review,2026,Polymers,10.3390/polym18040499,https://doi.org/10.3390/polym18040499,,6
178,curated,openalex_only,OpenAlex,MXene-based stimuli-responsive and autonomous intelligent materials,2026,Communications Materials,10.1038/s43246-026-01074-4,https://doi.org/10.1038/s43246-026-01074-4,,6
179,curated,openalex_only,OpenAlex,Isotropic conformal minimal surface generation strategies for additively manufactured metamaterials,2026,Additive manufacturing,10.1016/j.addma.2026.105182,https://doi.org/10.1016/j.addma.2026.105182,,6
180,curated,openalex_only,OpenAlex,Introduction to Different Additive Manufacturing (AM) Techniques,2026,Additive manufacturing,10.1201/9781003544937-1,https://doi.org/10.1201/9781003544937-1,,6
181,curated,openalex_only,OpenAlex,Interfacial bonding mechanism and microstructural evolution in additive friction stir deposition of Ti/Al dissimilar alloys via substrate micro-grooving,2026,Transactions of Materials Research,10.1016/j.tramat.2026.100316,https://doi.org/10.1016/j.tramat.2026.100316,,6
182,curated,both_openalex_crossref,Crossref; OpenAlex,Influence of surface morphology on joint properties of additively manufactured stainless steel/CF-PEEK-hybrids,2026,Discover Mechanical Engineering,10.1007/s44245-026-00234-7,https://doi.org/10.1007/s44245-026-00234-7,,6
183,curated,openalex_only,OpenAlex,Influence of Arc Oscillation Modes on the Porosity and Mechanical Properties of Auxiliary Wire‐Filling Gas Metal Arc‐Directed Energy Deposition 2319–1100 Aluminum‐Based Functionally Graded Material,2026,Advanced Engineering Materials,10.1002/adem.71012,https://doi.org/10.1002/adem.71012,,6
184,curated,openalex_only,OpenAlex,In situ multi-material μCLIP for fabricating Fe <sub>3</sub> O <sub>4</sub> /HEMA-based magnetic miniature devices with large deformation,2026,Virtual and Physical Prototyping,10.1080/17452759.2025.2611465,https://doi.org/10.1080/17452759.2025.2611465,,6
185,curated,openalex_only,OpenAlex,Implementing Inkjet Printing to Manufacture Piezopolymer Films for Sensing Applications,2026,Key engineering materials,10.4028/p-mjr4b1,https://doi.org/10.4028/p-mjr4b1,,6
186,curated,openalex_only,OpenAlex,Hybrid Injection–Volumetric Additive Manufacturing for Rapid Fabrication of Low-Viscosity Multi-Material and Composite Structures,2026,Research Square,10.21203/rs.3.rs-8791467/v1,https://doi.org/10.21203/rs.3.rs-8791467/v1,,6
187,curated,openalex_only,OpenAlex,High-fidelity finite element modelling of multi-layer 3D printing with complex toolpaths,2026,Advances in Computational Science and Engineering,10.3934/acse.2026006,https://doi.org/10.3934/acse.2026006,,6
188,curated,openalex_only,OpenAlex,Grey relational approach to investigate the physio-mechanical characteristics of 3D printed multi-material polyamide-carbon fibre and polyamide-glass fibre composite structures,2026,Journal of Thermoplastic Composite Materials,10.1177/08927057261445850,https://doi.org/10.1177/08927057261445850,,6
189,curated,both_openalex_crossref,Crossref; OpenAlex,Governing Artificial Intelligence for Energy Planning and Transition: Shared AI Governance for Energy Systems (SAGES) - A briefing note,2026,Venue unknown,10.33774/coe-2026-0gzfx,https://doi.org/10.33774/coe-2026-0gzfx,,6
190,curated,openalex_only,OpenAlex,Future of Smart and Sustainable Foods: A 4D Printing Perspective,2026,Shanlax International Journal of Arts Science and Humanities,10.34293/sijash.v13is2-i4-jan.10573,https://doi.org/10.34293/sijash.v13is2-i4-jan.10573,,6
191,curated,openalex_only,OpenAlex,Future Scope of Automation in Civil Engineering,2026,Zenodo (CERN European Organization for Nuclear Research),10.5281/zenodo.20661261,https://doi.org/10.5281/zenodo.20661261,,6
192,curated,openalex_only,OpenAlex,"Fused Deposition Modelling in Additive Manufacturing: A Comprehensive Review of Polymer-Based Processes, Properties, and Applications",2026,Advanced Engineering Letters,10.46793/adeletters.2026.5.1.2,https://doi.org/10.46793/adeletters.2026.5.1.2,,6
193,curated,openalex_only,OpenAlex,From High-Efficiency Devices to Reproducible Manufacturing: Self-driving Laboratories Are Reshaping Perovskite Photovoltaics,2026,ACS Energy Letters,10.1021/acsenergylett.6c01391,https://doi.org/10.1021/acsenergylett.6c01391,,6
194,curated,both_openalex_crossref,Crossref; OpenAlex,Fabrication of ceramic to metal graded structure for high temperature CSP receiver application using solid state additive manufacturing,2026,Venue unknown,10.2172/3364614,https://doi.org/10.2172/3364614,,6
195,curated,openalex_only,OpenAlex,Experimental calibration of a virtual raster section for high-accuracy FDM simulation in Abaqus,2026,Frattura ed Integrità Strutturale,10.3221/igf-esis.76.03,https://doi.org/10.3221/igf-esis.76.03,,6
196,curated,openalex_only,OpenAlex,Entanglement-driven responses through multiscale 3D-printed knits,2026,Proceedings of the National Academy of Sciences,10.1073/pnas.2535708123,https://doi.org/10.1073/pnas.2535708123,,6
197,curated,openalex_only,OpenAlex,Enhancing Bubble Removal in Geometry‐Optimized Electrodes,2026,Advanced Engineering Materials,10.1002/adem.70921,https://doi.org/10.1002/adem.70921,,6
198,curated,openalex_only,OpenAlex,Enhanced mechanical performance of 3D-printed PLA and carbon-fiber reinforced PLA sandwich structures via Taguchi-based process optimization,2026,Journal of Sandwich Structures & Materials,10.1177/10996362261460208,https://doi.org/10.1177/10996362261460208,,6
199,curated,openalex_only,OpenAlex,"Engineering Simulation Approaches for Improving Efficiency, Reliability, and Sustainability in Mechanical Systems",2026,International Journal of Scientific Research in Computer Science Engineering and Information Technology,10.32628/cseit26121340,https://doi.org/10.32628/cseit26121340,,6
200,curated,openalex_only,OpenAlex,Enabling human-centric manufacturing: A systematic review of human-machine collaboration in Industry 5.0,2026,Advanced Manufacturing Research,10.21595/amr.2026.26160,https://doi.org/10.21595/amr.2026.26160,,6
201,curated,openalex_only,OpenAlex,ESReDA Webinar - DMAD and SKILLS4EII Meeting and Research Seminar,2026,Zenodo (CERN European Organization for Nuclear Research),10.5281/zenodo.20640448,https://doi.org/10.5281/zenodo.20640448,,6
202,curated,openalex_only,OpenAlex,Development of novel materials and fabrication methods for surfaces with wettability patterns,2026,FreiDok plus (Universitätsbibliothek Freiburg),10.6094/unifr/283834,https://doi.org/10.6094/unifr/283834,,6
203,curated,openalex_only,OpenAlex,Development of Functionally Gradient Materials Using Ultrasonic Additive Manufacturing,2026,Additive manufacturing,10.1201/9781003544937-13,https://doi.org/10.1201/9781003544937-13,,6
204,curated,both_openalex_crossref,Crossref; OpenAlex,Design Optimization of a Variable Stiffness Robotic Gripper with Passive Restoration Fabricated by Multimaterial 3D Printing,2026,Advanced Robotics Research,10.1002/adrr.202500054,https://doi.org/10.1002/adrr.202500054,,6
205,curated,both_openalex_crossref,Crossref; OpenAlex,Deep Learning for Materials and Additive Manufacturing: Towards AI-Enabled Closed-Loop Systems,2026,ChemRxiv,10.26434/chemrxiv.15000912/v1,https://doi.org/10.26434/chemrxiv.15000912/v1,,6
206,curated,openalex_only,OpenAlex,Critical Review of Electro-Coalescence for the Separation of Water/Oil Emulsions,2026,Processes,10.3390/pr14050785,https://doi.org/10.3390/pr14050785,,6
207,curated,openalex_only,OpenAlex,Comprehensive Review of Research Progress on Trajectory Planning and Weld Seam Tracking in Wire Arc Additive Manufacturing,2026,Micromachines,10.3390/mi17060698,https://doi.org/10.3390/mi17060698,,6
208,curated,openalex_only,OpenAlex,Composite amalgam: development of joining approaches for additively manufactured fibre composites in complex geometry in architecture,2026,Architectural Intelligence,10.1007/s44223-026-00119-5,https://doi.org/10.1007/s44223-026-00119-5,,6
209,curated,openalex_only,OpenAlex,Comparative Study of Basic and Interleaved Pixel Toolpaths in Wire Arc Additive Manufacturing,2026,Research Square,10.21203/rs.3.rs-9829838/v1,https://doi.org/10.21203/rs.3.rs-9829838/v1,,6
210,curated,openalex_only,OpenAlex,Characterization of PC-ABS and PETG Multi-Material Laminates Fabricated by MEX Method,2026,Polymers,10.3390/polym18060763,https://doi.org/10.3390/polym18060763,,6
211,curated,openalex_only,OpenAlex,"Case study report on design, manufacturing and digital representation of a DED-Arc steel node for construction",2026,Scientific Reports,10.1038/s41598-026-37315-2,https://doi.org/10.1038/s41598-026-37315-2,,6
212,curated,openalex_only,OpenAlex,Bridging processing and performance in Ti–6Al–4V: WAAM parameters and wear behavior across traditional and additive manufacturing routes,2026,Frontiers in Materials,10.3389/fmats.2026.1849375,https://doi.org/10.3389/fmats.2026.1849375,,6
213,curated,openalex_only,OpenAlex,"Biopolymer-Based Electrospun Nanofibers for Wound Healing, Regeneration, and Therapeutics",2026,Materials,10.3390/ma19071443,https://doi.org/10.3390/ma19071443,,6
214,curated,openalex_only,OpenAlex,Beyond the Material: Engineering Sustainable Soft Robots and Electronics,2026,Advanced Science,10.1002/advs.74485,https://doi.org/10.1002/advs.74485,,6
215,curated,both_openalex_crossref,Crossref; OpenAlex,Beyond lattices: A geometry-first computational design framework for additive manufacturing of porous architectures,2026,Additive Manufacturing Letters,10.1016/j.addlet.2026.100396,https://doi.org/10.1016/j.addlet.2026.100396,,6
216,curated,crossref_only,Crossref,Bayesian Optimization of Grayscale Patterns for Layer‐Height Accuracy in Projection Multi‐Photon 3D Printing,2026,Laser &amp; Photonics Reviews,10.1002/lpor.71200,https://doi.org/10.1002/lpor.71200,,6
217,curated,openalex_only,OpenAlex,"Artificial intelligence in additive Manufacturing: advances in smart materials, lattice optimization, and process intelligence",2026,The International Journal of Advanced Manufacturing Technology,10.1007/s00170-026-18072-y,https://doi.org/10.1007/s00170-026-18072-y,,6
218,curated,openalex_only,OpenAlex,Artificial Intelligence in the Design and Optimization of Orthodontic Materials: A Clinical Perspective on Current State and Future Directions,2026,Materials,10.3390/ma19122538,https://doi.org/10.3390/ma19122538,,6
219,curated,openalex_only,OpenAlex,Algorithm for Generating Gradient Infills in Load-bearing 3D-printed Parts,2026,Periodica Polytechnica Civil Engineering,10.3311/ppci.30373,https://doi.org/10.3311/ppci.30373,,6
220,curated,openalex_only,OpenAlex,Advancing transdermal drug delivery through 4D bioprinting and dynamic skin modelling,2026,Frontiers in Drug Delivery,10.3389/fddev.2026.1753384,https://doi.org/10.3389/fddev.2026.1753384,,6
221,curated,openalex_only,OpenAlex,Advances in Lightweight Composites and Additive Manufacturing for the Development of Service Robotic Systems,2026,Journal of Composites Science,10.3390/jcs10030158,https://doi.org/10.3390/jcs10030158,,6
222,curated,openalex_only,OpenAlex,"Advanced additive manufacturing in orthopedics: a comprehensive review of biomaterials, structural design, biological functions and clinical technology applications",2026,RSC Advances,10.1039/d5ra09513a,https://doi.org/10.1039/d5ra09513a,,6
223,curated,openalex_only,OpenAlex,"Additive Manufacturing of Polymer‐Derived SiOC Ceramics: A Review of Materials, Techniques, and Applications",2026,Advanced Engineering Materials,10.1002/adem.202501961,https://doi.org/10.1002/adem.202501961,,6
224,curated,crossref_only,Crossref,Achieving strong interfacial bonding and temperature-responsive actuation in multi-material additive manufacturing through bio-inspired interlocking structures,2026,Journal of Materials Science &amp; Technology,10.1016/j.jmst.2026.03.007,https://doi.org/10.1016/j.jmst.2026.03.007,,6
225,curated,crossref_only,Crossref,Accessible Six-DOF Clay-Printing Platform Using a 3D-Printed Robotic Arm,2026,"AI, Computer Science and Robotics Technology",10.5772/acrt20250181,https://doi.org/10.5772/acrt20250181,,6
226,curated,openalex_only,OpenAlex,APPLICATION OF MACHINE LEARINING AND COMPUTER MODELING IN METALLURGY COMPHERENSIVE REVIEW,2026,International Journal of Scientific Development and Research,10.56975/ijsdr.v11i3.307610,https://doi.org/10.56975/ijsdr.v11i3.307610,,6
227,curated,openalex_only,OpenAlex,AI-driven pilot platforms and computational pharmaceutics: accelerating innovation in small molecule drug development under industry 4.0 and 5.0 paradigms,2026,Frontiers in Pharmacology,10.3389/fphar.2026.1681040,https://doi.org/10.3389/fphar.2026.1681040,,6
228,curated,both_openalex_crossref,Crossref; OpenAlex,"AI-assisted, curvature-aware post-slicing G-code optimization for material-efficient FDM printing",2026,Journal of King Saud University - Engineering Sciences,10.1007/s44444-026-00109-y,https://doi.org/10.1007/s44444-026-00109-y,,6
229,curated,openalex_only,OpenAlex,A woven-like toolpath strategy for translaminar reinforcement in continuous fiber reinforced polymer additive manufacturing,2026,Additive manufacturing,10.1016/j.addma.2026.105233,https://doi.org/10.1016/j.addma.2026.105233,,6
230,curated,openalex_only,OpenAlex,A standardized workflow for the development and manufacturing of tissue-equivalent anthropomorphic phantoms for radiotherapy using 3D-printing,2026,Physics in Medicine and Biology,10.1088/1361-6560/ae794c,https://doi.org/10.1088/1361-6560/ae794c,,6
231,curated,openalex_only,OpenAlex,"A review of AI-driven phenomics, genomics, and predictive breeding in wheat",2026,Discover Plants.,10.1007/s44372-026-00696-9,https://doi.org/10.1007/s44372-026-00696-9,,6
232,curated,openalex_only,OpenAlex,A machine learning framework for structural and predictive analysis of intelligent data networks,2026,Scientific Reports,10.1038/s41598-026-56030-6,https://doi.org/10.1038/s41598-026-56030-6,,6
233,curated,both_openalex_crossref,Crossref; OpenAlex,A generalized printing process window for preventing surface overcuring in volumetric additive manufacturing,2026,International Journal of Bioprinting,10.36922/ijb026140128,https://doi.org/10.36922/ijb026140128,,6
234,curated,openalex_only,OpenAlex,A Verifiable Steady-State Frequency–Velocity Mapping for Desktop FDM Printers Based on an Electromechanical Coupling Framework,2026,Machines,10.3390/machines14050508,https://doi.org/10.3390/machines14050508,,6
235,curated,openalex_only,OpenAlex,"A Comprehensive Review of Smart Coordinate Measuring Machines: Architectural Innovations, Multi-Sensor Integration, and Uncertainty Evaluation for Industry 4.0",2026,International Journal of Precision Engineering and Manufacturing,10.1007/s12541-026-01465-0,https://doi.org/10.1007/s12541-026-01465-0,,6
236,curated,openalex_only,OpenAlex,5D orthodontics: integration of multidimensional imaging and predictive technologies—a scoping review,2026,Discover Artificial Intelligence,10.1007/s44163-026-01427-5,https://doi.org/10.1007/s44163-026-01427-5,,6
237,curated,openalex_only,OpenAlex,4D Printing of Multimaterial Flexible Magneto‐Active Polymers,2026,Advanced Materials Technologies,10.1002/admt.202501947,https://doi.org/10.1002/admt.202501947,,6
238,curated,openalex_only,OpenAlex,3D-printed Soft Optical sensor with a Lens (SOLen) for light guidance in mechanosensing,2026,Open MIND,10.48550/arxiv.2602.17421,https://doi.org/10.48550/arxiv.2602.17421,,6
239,curated,openalex_only,OpenAlex,3D-Printed Pyrography Using PLA/Wood Filaments,2026,"Defect and diffusion forum/Diffusion and defect data, solid state data. Part A, Defect and diffusion forum",10.4028/p-dcjc3i,https://doi.org/10.4028/p-dcjc3i,,6
240,curated,crossref_only,Crossref,3D printing of multimaterial structures and their impact on sustainability,2026,Additive Manufacturing of Smart Multifunctional Materials and Structures,10.1016/b978-0-443-33500-6.00003-0,https://doi.org/10.1016/b978-0-443-33500-6.00003-0,,6
241,curated,openalex_only,OpenAlex,"3D printing of droplet microfluidic devices: principles, wetting control, scale-up, and beyond",2026,Lab on a Chip,10.1039/d5lc01011j,https://doi.org/10.1039/d5lc01011j,,6
242,curated,openalex_only,OpenAlex,3D printing formwork for casting artificial habitats for Northern House Wren (Troglodytes aedon),2026,Architecture Structures and Construction,10.1007/s44150-026-00200-7,https://doi.org/10.1007/s44150-026-00200-7,,6
243,curated,crossref_only,Crossref,3D printed soft robotic arm with integrated tool-transfer channels enables diverse interventional functions,2026,Applied Physics Reviews,10.1063/5.0307420,https://doi.org/10.1063/5.0307420,,6
244,curated,openalex_only,OpenAlex,3D Printed Recyclable Sand Formworks: A Zero‐Waste Path for Lightweight Concrete Structures,2026,Beton- und Stahlbetonbau,10.1002/best.70164,https://doi.org/10.1002/best.70164,,6
245,curated,crossref_only,Crossref,WeChemSynOntology: Semantic Modeling of Wet Chemical Syntheses in a Self-Driving Lab for Nano-and Advanced Materials,2026,Venue unknown,10.26434/chemrxiv.10001869/v1,https://doi.org/10.26434/chemrxiv.10001869/v1,,5
246,curated,crossref_only,Crossref,Wavelength‐Dependent 3D Printing: Introducing 3D Printed Action Plots,2026,Advanced Materials,10.1002/adma.202523664,https://doi.org/10.1002/adma.202523664,,5
247,curated,both_openalex_crossref,Crossref; OpenAlex,Volumetric printing of carbon-based architectures,2026,3D Printed Optics and Additive Photonic Manufacturing V,10.1117/12.3097608,https://doi.org/10.1117/12.3097608,,5
248,curated,both_openalex_crossref,Crossref; OpenAlex,Volumetric printing by reverse tomography: a new paradigm in additive manufacturing,2026,3D Printed Optics and Additive Photonic Manufacturing V,10.1117/12.3109818,https://doi.org/10.1117/12.3109818,,5
249,curated,both_openalex_crossref,Crossref; OpenAlex,Volumetric fabrication without lenses: a world-first demonstration,2026,Laser 3D Manufacturing XIII,10.1117/12.3080942,https://doi.org/10.1117/12.3080942,,5
250,curated,both_openalex_crossref,Crossref; OpenAlex,Volumetric additive manufacturing of complex geometries around complex inserts,2026,Scientific Reports,10.1038/s41598-026-35258-2,https://doi.org/10.1038/s41598-026-35258-2,,5
251,curated,crossref_only,Crossref,Volumetric additive manufacturing of a laser diode collimator lens with xolography,2026,Laser 3D Manufacturing XIII,10.1117/12.3079656,https://doi.org/10.1117/12.3079656,,5
252,curated,both_openalex_crossref,Crossref; OpenAlex,Volumetric Additive Manufacturing of Gradient Composition Glass,2026,Venue unknown,10.2172/3021939,https://doi.org/10.2172/3021939,,5
253,curated,openalex_only,OpenAlex,Volumetric Additive Manufacturing of Dormant Catalytic Chemistries to Generate Silicone Micro‐ and Millifluidic Devices and Instant Molds (Adv. Sci. 7/2026),2026,Advanced Science,10.1002/advs.73664,https://doi.org/10.1002/advs.73664,,5
254,curated,openalex_only,OpenAlex,Visuo‐Tactile Sensor Enabled by Cholesteric Liquid Crystal Elastomer for Soft Robotics,2026,Advanced Functional Materials,10.1002/adfm.202524139,https://doi.org/10.1002/adfm.202524139,,5
255,curated,openalex_only,OpenAlex,Vibroacoustic metamaterials in sheet metal structures for the reduction of sound radiation,2026,Engineering Research,10.1007/s10010-026-00950-2,https://doi.org/10.1007/s10010-026-00950-2,,5
256,curated,openalex_only,OpenAlex,Vat photopolymerization of semicrystalline thermoplastics via photoinitiated ring opening metathesis polymerization,2026,ChemRxiv,10.26434/chemrxiv.15001539/v1,https://doi.org/10.26434/chemrxiv.15001539/v1,,5
257,curated,openalex_only,OpenAlex,Vat photopolymerization of bio-derived conductive composites for smart devices with Joule heating capabilities,2026,Progress in Additive Manufacturing,10.1007/s40964-026-01541-x,https://doi.org/10.1007/s40964-026-01541-x,,5
258,curated,openalex_only,OpenAlex,Vat Photopolymerized HEMA/HEA Hydrogels for Solvent‐Responsive Transparency and Optical Encryption,2026,Advanced Optical Materials,10.1002/adom.202503454,https://doi.org/10.1002/adom.202503454,,5
259,curated,openalex_only,OpenAlex,Vat Photopolymerization-Fabricated Theranostic Hydrogels for Smart Wound Management,2026,Gels,10.3390/gels12050393,https://doi.org/10.3390/gels12050393,,5
260,curated,openalex_only,OpenAlex,Urban circularity digital twin to support decision-making for sustainable mobility,2026,Discover Cities,10.1007/s44327-026-00294-0,https://doi.org/10.1007/s44327-026-00294-0,,5
261,curated,openalex_only,OpenAlex,Two‐Photon Polymerized Poly(ε‐caprolactone) Microstructures with Shape‐Memory Behavior Under Compressive Loading,2026,Advanced Materials Technologies,10.1002/admt.202502471,https://doi.org/10.1002/admt.202502471,,5
262,curated,openalex_only,OpenAlex,Towards Active Real-to-Twin Inspection: A New Paradigm for Zero-Shot Anomaly Detection,2026,arXiv (Cornell University),,https://openalex.org/W7162606127,,5
263,curated,crossref_only,Crossref,Toward self-driving laboratory 2.0 for chemistry and materials discovery,2026,Materials Horizons,10.1039/d5mh01984b,https://doi.org/10.1039/d5mh01984b,,5
264,curated,crossref_only,Crossref,Toward More Autonomous Soft Robots: Development and Characterization of a 3D‐Printed Pneumatic Contact Sensor for a Six‐Legged Soft Robotic Walker,2026,Advanced Intelligent Systems,10.1002/aisy.202500430,https://doi.org/10.1002/aisy.202500430,,5
265,curated,openalex_only,OpenAlex,Toward 4D printed functional soft tissues,2026,Acta Biomaterialia,10.1016/j.actbio.2026.02.035,https://doi.org/10.1016/j.actbio.2026.02.035,,5
266,curated,openalex_only,OpenAlex,"Too Big, Too Small, Too $O_2$: The Pandoro Effect from Oxygen Gradients in Tomographic Volumetric Additive Manufacturing",2026,arXiv (Cornell University),10.48550/arxiv.2604.06313,https://doi.org/10.48550/arxiv.2604.06313,,5
267,curated,openalex_only,OpenAlex,Tomographic Printing in a Chip: A Versatile Platform for Biomimetic 3D Organ-on-Chip,2026,bioRxiv (Cold Spring Harbor Laboratory),10.64898/2026.02.26.708161,https://doi.org/10.64898/2026.02.26.708161,,5
268,curated,openalex_only,OpenAlex,Time-Responsive Manufacturing: An Extensive Review of 4DP Applications in IoT and Mechatronic Systems,2026,Journal of Advanced Research in Manufacturing Material Science & Metallurgical Engineering,10.24321/2393.8315.202602,https://doi.org/10.24321/2393.8315.202602,,5
269,curated,openalex_only,OpenAlex,"Three-dimensionally printed elastomeric materials: Matrix innovation, functional expansion, and advances in multifield applications",2026,International Journal of Bioprinting,10.36922/ijb026160142,https://doi.org/10.36922/ijb026160142,,5
270,curated,openalex_only,OpenAlex,Three-dimensional printing of nanomaterials-based electronics with a metamaterial-inspired near-field electromagnetic structure,2026,Science Advances,10.1126/sciadv.adz7415,https://doi.org/10.1126/sciadv.adz7415,,5
271,curated,openalex_only,OpenAlex,Thiol–Yne Photocurable Isosorbide-Derived Networks: Formulation and 3D Printing,2026,ACS Sustainable Chemistry & Engineering,10.1021/acssuschemeng.5c13600,https://doi.org/10.1021/acssuschemeng.5c13600,,5
272,curated,both_openalex_crossref,Crossref; OpenAlex,Thermomechanical Modelling and Shape Prediction in 4D Printing Using FEA,2026,Key engineering materials,10.4028/p-li38bj,https://doi.org/10.4028/p-li38bj,,5
273,curated,openalex_only,OpenAlex,The data-only illusion in materials discovery,2026,Nature Materials,10.1038/s41563-026-02578-7,https://doi.org/10.1038/s41563-026-02578-7,,5
274,curated,openalex_only,OpenAlex,The Semantic Training Gap: Ontology-Grounded Tool Architectures for Industrial AI Agent Systems,2026,ArXiv.org,,https://openalex.org/W7161205046,,5
275,curated,openalex_only,OpenAlex,The Role of Digital Twin for Space and Remote Terrestrial Construction,2026,Digital twins and applications.,10.1049/dgt2.70027,https://doi.org/10.1049/dgt2.70027,,5
276,curated,openalex_only,OpenAlex,The Influence of Vat Photopolymerization Processing Parameters on Semicrystalline Morphology,2026,ACS Applied Polymer Materials,10.1021/acsapm.6c00527,https://doi.org/10.1021/acsapm.6c00527,,5
277,curated,openalex_only,OpenAlex,The 5.0 Paradigm,2026,Venue unknown,10.1002/9781394454600.ch4,https://doi.org/10.1002/9781394454600.ch4,,5
278,curated,both_openalex_crossref,Crossref; OpenAlex,Technological progress and challenges of volumetric additive manufacturing technology,2026,Virtual and Physical Prototyping,10.1080/17452759.2026.2617762,https://doi.org/10.1080/17452759.2026.2617762,,5
279,curated,openalex_only,OpenAlex,Systematic study of rapid solidification in laser powder-bed fusion of stainless steels to verify applicability of columnar-equiaxed transition,2026,ISIJ International,10.2355/isijinternational.isijint-2026-038,https://doi.org/10.2355/isijinternational.isijint-2026-038,,5
280,curated,openalex_only,OpenAlex,Systematic Analysis of Penalty-Optimised Illumination Design for Tomographic Volumetric Additive Manufacturing via the Extendable Framework TVAM AID Using the Core Imaging Library,2026,Open MIND,10.48550/arxiv.2602.12178,https://doi.org/10.48550/arxiv.2602.12178,,5
281,curated,openalex_only,OpenAlex,"Sustainable Cellulose Ionogels With Promising Physical Structure, Properties, and Applications",2026,Advanced Physics Research,10.1002/apxr.202500217,https://doi.org/10.1002/apxr.202500217,,5
282,curated,openalex_only,OpenAlex,Sustainable Additive Manufacturing of Polymer Composites for Advanced Water Treatment: A Review,2026,Sustainable polymer & energy,10.70322/spe.2026.10005,https://doi.org/10.70322/spe.2026.10005,,5
283,curated,openalex_only,OpenAlex,"Surface Acoustic Wave Devices: New Mechanisms, Enabling Techniques, and Application Frontiers",2026,Micromachines,10.3390/mi17040494,https://doi.org/10.3390/mi17040494,,5
284,curated,crossref_only,Crossref,Suppressing part warpage in large-area Vat photopolymerization (VPP) printing: A structure-process co-optimization strategy,2026,Additive Manufacturing Frontiers,10.1016/j.amf.2026.200353,https://doi.org/10.1016/j.amf.2026.200353,,5
285,curated,crossref_only,Crossref,Strategies for vat photopolymerization additive manufacturing of metals and ceramics,2026,Materials Advances,10.1039/d6ma00166a,https://doi.org/10.1039/d6ma00166a,,5
286,curated,openalex_only,OpenAlex,Statistical Average Strain Energy Density fatigue estimation of strut-based metamaterials via synthetic as-built CAD digital twins,2026,Research Square,10.21203/rs.3.rs-8740563/v1,https://doi.org/10.21203/rs.3.rs-8740563/v1,,5
287,curated,both_openalex_crossref,Crossref; OpenAlex,Spatially programmable 4D printing of photoresponsive liquid crystal elastomers for adaptive energy dissipation,2026,Additive Manufacturing Frontiers,10.1016/j.amf.2026.200359,https://doi.org/10.1016/j.amf.2026.200359,,5
288,curated,both_openalex_crossref,Crossref; OpenAlex,Spatially Tailorable Liquid Crystalline Elastomer Alignment During Digital Light Process 3D Printing,2026,Advanced Functional Materials,10.1002/adfm.202522676,https://doi.org/10.1002/adfm.202522676,,5
289,curated,crossref_only,Crossref,Soft 3D-Printed Endoskeleton for Precise Tendon Routing in Soft Robotics,2026,IEEE Robotics and Automation Letters,10.1109/lra.2025.3648604,https://doi.org/10.1109/lra.2025.3648604,,5
290,curated,crossref_only,Crossref,Single-shot volumetric additive manufacturing via computer-generated holography,2026,3D Printed Optics and Additive Photonic Manufacturing V,10.1117/12.3102077,https://doi.org/10.1117/12.3102077,,5
291,curated,openalex_only,OpenAlex,"Shrinkage-induced alignment in multiphoton 3D printed liquid crystal elastomers enables direct-write, arbitrary axis microactuators",2026,Research Square,10.21203/rs.3.rs-8971871/v1,https://doi.org/10.21203/rs.3.rs-8971871/v1,,5
292,curated,both_openalex_crossref,Crossref; OpenAlex,Shape‐memory Hydrogels,2026,Functional Hydrogels,10.1002/9783527854578.ch08,https://doi.org/10.1002/9783527854578.ch08,,5
293,curated,openalex_only,OpenAlex,Shape morphing of extrusion-printed thermoresponsive hydrogels regulated by infill topology and layer design,2026,Engineering Science in Additive Manufacturing,10.36922/esam026180008,https://doi.org/10.36922/esam026180008,,5
294,curated,openalex_only,OpenAlex,Shape Memory and Self-Healing Behavior of 4D-Printed Electroactive Polycaprolactone/Polylactic Acid/Graphene Nanocomposite: Structure-Properties Relations,2026,Journal of Composites Science,10.3390/jcs10030155,https://doi.org/10.3390/jcs10030155,,5
295,curated,openalex_only,OpenAlex,Semantic modelling of AI-integrated digital twins for enhanced transparency,2026,Journal of Intelligent Information Systems,10.1007/s10844-026-01065-4,https://doi.org/10.1007/s10844-026-01065-4,,5
296,curated,both_openalex_crossref,Crossref; OpenAlex,Self‐Driving Laboratory Optimizes the Lower Critical Solution Temperature of Thermoresponsive Polymers,2026,Advanced Intelligent Discovery,10.1002/aidi.202500177,https://doi.org/10.1002/aidi.202500177,,5
297,curated,openalex_only,OpenAlex,Scale-invariant projection optimization in tomographic volumetric additive manufacturing,2026,arXiv (Cornell University),10.48550/arxiv.2604.08997,https://doi.org/10.48550/arxiv.2604.08997,,5
298,curated,crossref_only,Crossref,SALSA: a low-cost self-driving lab modular add-on for salt solubility assessment for battery electrolytes,2026,Digital Discovery,10.1039/d5dd00516g,https://doi.org/10.1039/d5dd00516g,,5
299,curated,openalex_only,OpenAlex,Robust Control Methodologies and Applications for Robotic Systems,2026,Applied and Computational Engineering,10.54254/2755-2721/2026.gu33780,https://doi.org/10.54254/2755-2721/2026.gu33780,,5
300,curated,openalex_only,OpenAlex,"Robotics Arm based 3D Food Printing: Design, Challenges, and Feasibility for Culinary Automation",2026,International Journal for Research in Applied Science and Engineering Technology,10.22214/ijraset.2026.77700,https://doi.org/10.22214/ijraset.2026.77700,,5
301,curated,both_openalex_crossref,Crossref; OpenAlex,Robotic conformal 4D printing of liquid crystal elastomers,2026,Science Advances,10.1126/sciadv.aeb2417,https://doi.org/10.1126/sciadv.aeb2417,,5
302,curated,openalex_only,OpenAlex,Robotic Welding Technologies for Intersecting and Irregular Pipes and Pipe Joints Toward Automated Production Line Integration: A Review,2026,Applied Sciences,10.3390/app16062974,https://doi.org/10.3390/app16062974,,5
303,curated,openalex_only,OpenAlex,Research progress on superelastic materials,2026,Gongneng cailiao yu qijian xuebao,10.3724/jfmd.2602028,https://doi.org/10.3724/jfmd.2602028,,5
304,curated,openalex_only,OpenAlex,Research on self-healing photocurable 3D-printed conductive polycaprolactone-based composites,2026,Scientific Reports,10.1038/s41598-026-35393-w,https://doi.org/10.1038/s41598-026-35393-w,,5
305,curated,openalex_only,OpenAlex,Research on Shape Memory Properties of PETG Based on 4D-Printed Negative Poisson’s Ratio Structures,2026,Polymers,10.3390/polym18091039,https://doi.org/10.3390/polym18091039,,5
306,curated,both_openalex_crossref,Crossref; OpenAlex,Reinforced scan: a reinforcement learning enabled optimal laser scan path planning in laser powder bed fusion additive manufacturing,2026,The International Journal of Advanced Manufacturing Technology,10.1007/s00170-025-17144-9,https://doi.org/10.1007/s00170-025-17144-9,,5
307,curated,openalex_only,OpenAlex,Red-Light Tomographic Volumetric 3D Printing in Seconds for Fabrication of Colorless Structures,2026,ChemRxiv,10.26434/chemrxiv.15004285/v3,https://doi.org/10.26434/chemrxiv.15004285/v3,,5
308,curated,openalex_only,OpenAlex,"Recent advances in ultra-precision manufacturing of electronic, photonic and quantum devices",2026,npj Advanced Manufacturing,10.1038/s44334-026-00074-z,https://doi.org/10.1038/s44334-026-00074-z,,5
309,curated,openalex_only,OpenAlex,"Recent Advances in Digital Fringe Projection Profilometry (2022–2025): Techniques, Applications, and Metrological Challenges—A Review",2026,Metrology,10.3390/metrology6010003,https://doi.org/10.3390/metrology6010003,,5
310,curated,openalex_only,OpenAlex,Real-Time Polarized Photo-Rheo-IR Investigation of Shear-Induced Alignment in Liquid Crystal Elastomers,2026,Macromolecules,10.1021/acs.macromol.5c03638,https://doi.org/10.1021/acs.macromol.5c03638,,5
311,curated,openalex_only,OpenAlex,"Raw optimization files for ""Overprinting with Tomographic Volumetric Additive Manufacturing""",2026,Zenodo (CERN European Organization for Nuclear Research),10.5281/zenodo.19187358,https://doi.org/10.5281/zenodo.19187358,,5
312,curated,openalex_only,OpenAlex,"Raw optimization files and visualization scripts for ""Overprinting with Tomographic Volumetric Additive Manufacturing""",2026,Zenodo (CERN European Organization for Nuclear Research),10.5281/zenodo.20038505,https://doi.org/10.5281/zenodo.20038505,,5
313,curated,openalex_only,OpenAlex,Rational Design and Functionalization of Melt Electrowritten 4D Scaffolds for Biomedical Applications,2026,Nano-Micro Letters,10.1007/s40820-025-01986-9,https://doi.org/10.1007/s40820-025-01986-9,,5
314,curated,openalex_only,OpenAlex,Rate-dependent and anisotropic mechanical behavior of Elastic-50A and Flexible-80A photopolymer resins,2026,Materials Today Communications,10.1016/j.mtcomm.2026.115492,https://doi.org/10.1016/j.mtcomm.2026.115492,,5
315,curated,openalex_only,OpenAlex,Programmable Magnetization of Small‐Scale Soft Kirigami Pads via Interlayer Stress for Light Modulation,2026,Advanced Functional Materials,10.1002/adfm.202520548,https://doi.org/10.1002/adfm.202520548,,5
316,curated,openalex_only,OpenAlex,Processing-induced magnetic softening in high-loading printable composites for additive manufacturing,2026,Advanced Composites and Hybrid Materials,10.1007/s42114-026-01715-9,https://doi.org/10.1007/s42114-026-01715-9,,5
317,curated,openalex_only,OpenAlex,Process Simulation for Laser-Assisted Additive Manufacturing,2026,reposiTUm (TU Wien),10.34726/hss.2026.99525,https://doi.org/10.34726/hss.2026.99525,,5
318,curated,both_openalex_crossref,Crossref; OpenAlex,Process Optimization for Fabricating MgO Ceramics with Vat Photopolymerization Additive Manufacturing,2026,Venue unknown,10.2172/3365093,https://doi.org/10.2172/3365093,,5
319,curated,openalex_only,OpenAlex,Printing-induced particles segregation governs anisotropic shrinkage in binder jet additive manufacturing,2026,Progress in Additive Manufacturing,10.1007/s40964-026-01587-x,https://doi.org/10.1007/s40964-026-01587-x,,5
320,curated,crossref_only,Crossref,Printing force analysis in FDM-based 4D printing of singular lines: A numerical and experimental study,2026,Additive Manufacturing,10.1016/j.addma.2026.105108,https://doi.org/10.1016/j.addma.2026.105108,,5
321,curated,openalex_only,OpenAlex,Printed Piezoelectric Materials: From Functional Inks to High-Performance Transducers,2026,Sensors,10.3390/s26102961,https://doi.org/10.3390/s26102961,,5
322,curated,crossref_only,Crossref,Print-Induced Mechanical Anisotropy in Additively Manufactured Thermoplastic Polyurethane: Tensorial Stress Decomposition and Hyperelastic Modelling,2026,Venue unknown,10.2139/ssrn.6723417,https://doi.org/10.2139/ssrn.6723417,,5
323,curated,openalex_only,OpenAlex,"Polymers in the 21st Century: Design, Functionality and Performance",2026,International Journal of Applied and Behavioral Sciences,10.70388/ijabs250172,https://doi.org/10.70388/ijabs250172,,5
324,curated,openalex_only,OpenAlex,Photothermally activated shape-memory polymer-Ag nanoparticle composites for 3D-printed actuators,2026,Smart Materials and Structures,10.1088/1361-665x/ae7687,https://doi.org/10.1088/1361-665x/ae7687,,5
325,curated,openalex_only,OpenAlex,Pharmaceutical Industry 4.0: A Review of Advance Technology Shaping Drug Development and Manufacturing,2026,International Journal of Drug Delivery Technology,10.25258/ijddt.16.45s.136,https://doi.org/10.25258/ijddt.16.45s.136,,5
326,curated,openalex_only,OpenAlex,Performance‐Driven Design Strategies for Flexible Pressure Sensors: A Comparative Guide to Conventional Fabrication and Additive Manufacturing,2026,Advanced Sensor Research,10.1002/adsr.202500158,https://doi.org/10.1002/adsr.202500158,,5
327,curated,openalex_only,OpenAlex,Oxygen‐Inhibition Driven Compartmentalization of Dextran Microgels: Toward Fusible Colloidal Biomaterial Inks for 3D Printing,2026,Advanced Materials,10.1002/adma.202519972,https://doi.org/10.1002/adma.202519972,,5
328,curated,both_openalex_crossref,Crossref; OpenAlex,Overprinting with tomographic volumetric additive manufacturing using Dr. TVAM,2026,3D Printed Optics and Additive Photonic Manufacturing V,10.1117/12.3098324,https://doi.org/10.1117/12.3098324,,5
329,curated,both_openalex_crossref,Crossref; OpenAlex,Overprinting with tomographic volumetric additive manufacturing,2026,Nature Communications,10.1038/s41467-026-73477-3,https://doi.org/10.1038/s41467-026-73477-3,,5
330,curated,openalex_only,OpenAlex,Optimizing Large-Scale Data Processing in Smart Manufacturing: A Benchmarking Study on Automotive Industry Data,2026,International Journal of Automotive Science And Technology,10.30939/ijastech..1676422,https://doi.org/10.30939/ijastech..1676422,,5
331,curated,both_openalex_crossref,Crossref; OpenAlex,Optimizing Infill Patterns for Enhanced Durability and Resilience in Direct Ink Writing-Additive Manufacturing of Silicone Elastomers,2026,3D Printing and Additive Manufacturing,10.1177/23297662261459248,https://doi.org/10.1177/23297662261459248,,5
332,curated,both_openalex_crossref,Crossref; OpenAlex,Operational Analysis and Strategic Management of Tomographic Volumetric Additive Manufacturing Systems via Discrete Event Simulation,2026,Processes,10.3390/pr14111689,https://doi.org/10.3390/pr14111689,,5
333,curated,openalex_only,OpenAlex,OTTIMIZZAZIONE DEL PROCESSO DI FABBRICAZIONE MEDIANTE STAMPA 3D DI SONDE PLASMONICHE CON APPLICAZIONI MEDICHE IOT,2026,Electronic Theses and Dissertations Repository (University of Pisa),,https://openalex.org/W7158430966,,5
334,curated,openalex_only,OpenAlex,Novel Photoinitiators for Two‐Step Absorption‐Based 3D Laser Nanoprinting: From Molecular Design to Printing Behavior,2026,ChemPhotoChem,10.1002/cptc.202500337,https://doi.org/10.1002/cptc.202500337,,5
335,curated,openalex_only,OpenAlex,Nitroxide‐Mediated Photo‐Polymerization: A Swiss Army Knife for Microfluidic Design,2026,Advanced Materials Technologies,10.1002/admt.202502204,https://doi.org/10.1002/admt.202502204,,5
336,curated,openalex_only,OpenAlex,Next-Generation Biomedical Microwave Antennas: Metamaterial Design and Advanced Printing Manufacturing Techniques,2026,Sensors,10.3390/s26020440,https://doi.org/10.3390/s26020440,,5
337,curated,openalex_only,OpenAlex,Nature-inspired neural network-based intelligent modeling approaches for micro additive manufacturing system,2026,The International Journal of Advanced Manufacturing Technology,10.1007/s00170-026-17462-6,https://doi.org/10.1007/s00170-026-17462-6,,5
338,curated,openalex_only,OpenAlex,"Natural Polymers in Tissue Engineering and Regeneration: Material–Cell Mechanotransduction, Biofabrication Strategies, and Clinical Translation",2026,Biomedicines,10.3390/biomedicines14040843,https://doi.org/10.3390/biomedicines14040843,,5
339,curated,crossref_only,Crossref,Nanoparticle-enhanced vat photopolymerization in additive manufacturing,2026,Advances in Colloid and Interface Science,10.1016/j.cis.2025.103690,https://doi.org/10.1016/j.cis.2025.103690,,5
340,curated,openalex_only,OpenAlex,"Muscle-inspired magnetic actuators that push, pull, crawl, and grasp",2026,arXiv (Cornell University),,https://openalex.org/W7155246095,,5
341,curated,crossref_only,Crossref,Multi‐Material Droplet‐Based Hydrogel Threads for Extrusion 3D Printing,2026,Small Methods,10.1002/smtd.202500928,https://doi.org/10.1002/smtd.202500928,,5
342,curated,openalex_only,OpenAlex,Multi-objective process parameter optimization using a hybrid reinforcement/machine learning model in metal additive manufacturing,2026,Advances in Manufacturing,10.1007/s40436-026-00596-x,https://doi.org/10.1007/s40436-026-00596-x,,5
343,curated,openalex_only,OpenAlex,Microscale Architectures for Intelligent Soft Robotics: From Functional Microneedles to Biointegrated Wearable Systems,2026,Nano-Micro Letters,10.1007/s40820-025-02026-2,https://doi.org/10.1007/s40820-025-02026-2,,5
344,curated,openalex_only,OpenAlex,"Metamaterials and their applications in engineering metamaterials: classification, applications - a comprehensive review",2026,Applied Physics A,10.1007/s00339-026-09309-4,https://doi.org/10.1007/s00339-026-09309-4,,5
345,curated,crossref_only,Crossref,"Metal-free, scalable synthesis of degradable polyester resins for high-resolution DLP 3D printing
                    <i>via</i>
                    organoboron-catalyzed ROCOP",2026,Green Chemistry,10.1039/d6gc00136j,https://doi.org/10.1039/d6gc00136j,,5
346,curated,openalex_only,OpenAlex,Mechanical behaviour of additively manufactured metals,2026,Nature Materials,10.1038/s41563-025-02459-5,https://doi.org/10.1038/s41563-025-02459-5,,5
347,curated,crossref_only,Crossref,Mechanical anisotropy of 3D-printed digital materials at large strains,2026,Soft Matter,10.1039/d6sm00036c,https://doi.org/10.1039/d6sm00036c,,5
348,curated,openalex_only,OpenAlex,Matter - AI A Multimodal AI Framework for Accelerated Materials Discovery in Physical Sciences,2026,International Journal of Innovative Research in Engineering & Multidisciplinary Physical Sciences,10.37082/ijirmps.v14.i3.233155,https://doi.org/10.37082/ijirmps.v14.i3.233155,,5
349,curated,openalex_only,OpenAlex,Material-Structure-Function Integrated Additive Manufacturing of SiC/Mullite Metamaterial with Low-frequency Compatible Ultra-broadband Electromagnetic Absorption,2026,International Journal of Extreme Manufacturing,10.1088/2631-7990/ae703d,https://doi.org/10.1088/2631-7990/ae703d,,5
350,curated,openalex_only,OpenAlex,"Mass Customization Through Additive Manufacturing: Review of Technologies, Applications, and Scalability Challenges",2026,International Journal of Precision Engineering and Manufacturing-Green Technology,10.1007/s40684-026-00856-y,https://doi.org/10.1007/s40684-026-00856-y,,5
351,curated,crossref_only,Crossref,Manufacturing-Aware Benchmark for Additive Manufacturing Design Optimization,2026,Journal of Materials and Mechatronics: A,10.55546/jmm.1753727,https://doi.org/10.55546/jmm.1753727,,5
352,curated,openalex_only,OpenAlex,Magnetorheological ultraviolet-curable resin and its mechanical properties for additive manufacturing,2026,Journal of Intelligent Material Systems and Structures,10.1177/1045389x261447392,https://doi.org/10.1177/1045389x261447392,,5
353,curated,openalex_only,OpenAlex,Magnet-Based Soft Robotic Skin Using a 3D-Printed Multi-Lattice Structure and CNN-Based Tactile Super-Resolution,2026,arXiv (Cornell University),,https://openalex.org/W7162817849,,5
354,curated,openalex_only,OpenAlex,Machine learning guided formulation design of digital light processing printable elastomers beyond viscosity stretchability tradeoff,2026,Nature Communications,10.1038/s41467-026-73735-4,https://doi.org/10.1038/s41467-026-73735-4,,5
355,curated,openalex_only,OpenAlex,MXene-Assembled Liquid Metal Hybrid Microparticles for Multifunctional and Stretchable Printed Electronics,2026,Nano-Micro Letters,10.1007/s40820-026-02154-3,https://doi.org/10.1007/s40820-026-02154-3,,5
356,curated,crossref_only,Crossref,MODULAR STIFFNESS MODULATION IN 3D-PRINTED SOFT ACTUATORS FOR MECHANICAL TRAJECTORY PROGRAMMING,2026,Venue unknown,10.36227/techrxiv.177130701.10973674/v1,https://doi.org/10.36227/techrxiv.177130701.10973674/v1,,5
357,curated,openalex_only,OpenAlex,"Low‐Profile, High‐Gain GRIN RF Lenses via Multi‐Material Vat Photopolymerization",2026,Advanced Functional Materials,10.1002/adfm.76457,https://doi.org/10.1002/adfm.76457,,5
358,curated,openalex_only,OpenAlex,Logistics equipment condition monitoring and prediction based on digital twin and machine learning,2026,Scientific Reports,10.1038/s41598-026-43380-4,https://doi.org/10.1038/s41598-026-43380-4,,5
359,curated,openalex_only,OpenAlex,Lithographic crystallinity regulation in additive fabrication of thermoplastics (CRAFT),2026,Science,10.1126/science.aeb3637,https://doi.org/10.1126/science.aeb3637,,5
360,curated,openalex_only,OpenAlex,Liquid Glass: Polymerizable Silica Precursors for Microstructured Silica Glass Manufacturing: A Review,2026,Journal of Polymer Science,10.1002/pola.70209,https://doi.org/10.1002/pola.70209,,5
361,curated,openalex_only,OpenAlex,Limonene as a Renewable Platform Molecule: Chemical Modifications and Polymerization Strategies toward Advanced Materials,2026,ACS Polymers Au,10.1021/acspolymersau.5c00192,https://doi.org/10.1021/acspolymersau.5c00192,,5
362,curated,openalex_only,OpenAlex,"Light-derived additive manufacturing: advances, challenges and prospects",2026,Springer Link (Chiba Institute of Technology),10.1051/mfreview/2026004,https://doi.org/10.1051/mfreview/2026004,,5
363,curated,openalex_only,OpenAlex,Light-based 3D printing of mechanoluminescent living gels loaded with dinoflagellates,2026,Science Advances,10.1126/sciadv.adz0017,https://doi.org/10.1126/sciadv.adz0017,,5
364,curated,openalex_only,OpenAlex,Laser-stimulated 4D printing of magnetostrictive Fe-Co-V,2026,Nature Communications,10.1038/s41467-026-69378-0,https://doi.org/10.1038/s41467-026-69378-0,,5
365,curated,openalex_only,OpenAlex,Laser Powder Bed Fusion Melt Pool Dynamics for Different Geometric Variations and Powder Layer Heights: High-Fidelity Multiphysics Modeling vs 2025 NIST Experiments,2026,arXiv (Cornell University),10.48550/arxiv.2604.07359,https://doi.org/10.48550/arxiv.2604.07359,,5
366,curated,crossref_only,Crossref,Knowledge-Driven Task Graph Evolution for Robotic Assembly Planning in Industrialised Construction,2026,Venue unknown,10.2139/ssrn.6862781,https://doi.org/10.2139/ssrn.6862781,,5
367,curated,openalex_only,OpenAlex,JetCal: a physics-based optimization framework for calibrating melt electrowriting,2026,The International Journal of Advanced Manufacturing Technology,10.1007/s00170-026-17659-9,https://doi.org/10.1007/s00170-026-17659-9,,5
368,curated,crossref_only,Crossref,In‐Process Magnetization for 3D Printing of Magnetorheological Elastomer with Heterogeneous Magnetic Profile for Anisotropic Actuation,2026,Advanced Science,10.1002/advs.76045,https://doi.org/10.1002/advs.76045,,5
369,curated,crossref_only,Crossref,Inverse modeling and design of additively manufactured hybrid acoustic metamaterials for low-frequency absorption,2026,Frontiers in Mechanical Engineering,10.3389/fmech.2026.1774457,https://doi.org/10.3389/fmech.2026.1774457,,5
370,curated,both_openalex_crossref,Crossref; OpenAlex,Intensity adjustment of tomographic volumetric additive manufacturing projection image sets,2026,Advanced Fabrication Technologies for Micro/Nano Optics and Photonics XIX,10.1117/12.3080463,https://doi.org/10.1117/12.3080463,,5
371,curated,openalex_only,OpenAlex,Integrated strategies in meniscus tissue engineering: from biomaterials to stem cell–driven regeneration,2026,Frontiers in Bioengineering and Biotechnology,10.3389/fbioe.2026.1691953,https://doi.org/10.3389/fbioe.2026.1691953,,5
372,curated,openalex_only,OpenAlex,"Insights of 3D-printed dielectric elastomer layers: Electrical and mechanical properties, and prospects for artificial muscle applications",2026,iScience,10.1016/j.isci.2026.116385,https://doi.org/10.1016/j.isci.2026.116385,,5
373,curated,openalex_only,OpenAlex,Innovative Soft Material‐Assisted Robot Grasping Devices: From Design Concept to Fabrication and Application Scenarios,2026,Journal of Field Robotics,10.1002/rob.70162,https://doi.org/10.1002/rob.70162,,5
374,curated,openalex_only,OpenAlex,Initial Study of Feedstock Material Compositions for 3D Printing of Hybrid Metal–Polymer Components via Electrodeposition and Photopolymerization in an Electroplating Bath Environment,2026,Molecules,10.3390/molecules31081316,https://doi.org/10.3390/molecules31081316,,5
375,curated,openalex_only,OpenAlex,Information Security with Smart Hydrogels: Photo-Patterning and Multi-Stimuli Responsive Structural Color,2026,Nano-Micro Letters,10.1007/s40820-026-02130-x,https://doi.org/10.1007/s40820-026-02130-x,,5
376,curated,both_openalex_crossref,Crossref; OpenAlex,Influence of thermal effects and fluid dynamics on part sedimentation in volumetric additive manufacturing,2026,Advances in Manufacturing,10.1007/s40436-026-00599-8,https://doi.org/10.1007/s40436-026-00599-8,,5
377,curated,openalex_only,OpenAlex,Influence of irradiation process and RAFT-mediated photopolymerization on polymer network structure: a comparison between 3D-printed objects and cured films,2026,Progress in Additive Manufacturing,10.1007/s40964-026-01736-2,https://doi.org/10.1007/s40964-026-01736-2,,5
378,curated,both_openalex_crossref,Crossref; OpenAlex,Hybrid two-photon polymerization and single-photon tomographic volumetric additive manufacturing,2026,3D Printed Optics and Additive Photonic Manufacturing V,10.1117/12.3098995,https://doi.org/10.1117/12.3098995,,5
379,curated,openalex_only,OpenAlex,Hybrid path planning method for PCB drilling based on feature-aware and zone-optimization strategy,2026,Springer Link (Chiba Institute of Technology),10.1051/mfreview/2026005,https://doi.org/10.1051/mfreview/2026005,,5
380,curated,openalex_only,OpenAlex,Hybrid manufacturing of absorbable Hydroxyapatite-Wollastonite/Mg3Zn interpenetrating phase composites for bone substitutes,2026,Additive manufacturing,10.1016/j.addma.2026.105082,https://doi.org/10.1016/j.addma.2026.105082,,5
381,curated,openalex_only,OpenAlex,Holographic Whole‐Object Photopolymerization Preserving Director Alignment in Liquid Crystalline Actuators,2026,Advanced Materials,10.1002/adma.202519970,https://doi.org/10.1002/adma.202519970,,5
382,curated,both_openalex_crossref,Crossref; OpenAlex,"High-strength, programmable energy-dissipating liquid crystal elastomers via hydrogen-bond-locked 4D printing",2026,iScience,10.1016/j.isci.2026.115746,https://doi.org/10.1016/j.isci.2026.115746,,5
383,curated,openalex_only,OpenAlex,High-strength liquid metal composite–hydrogel interfaces enable robust stretchable electronics,2026,Nature Communications,10.1038/s41467-026-71920-z,https://doi.org/10.1038/s41467-026-71920-z,,5
384,curated,openalex_only,OpenAlex,High-efficiency multi-scale holographic volumetric 3D printing with a phase light modulator,2026,Light Science & Applications,10.1038/s41377-026-02331-4,https://doi.org/10.1038/s41377-026-02331-4,,5
385,curated,both_openalex_crossref,Crossref; OpenAlex,High performance coupled opto-chemical simulation of gradient-index light transport in vat photopolymerization,2026,3D Printed Optics and Additive Photonic Manufacturing V,10.1117/12.3100381,https://doi.org/10.1117/12.3100381,,5
386,curated,both_openalex_crossref,Crossref; OpenAlex,High efficiency light engine for holographic tomographic volumetric additive manufacturing using phase light modulator (PLM),2026,Lasers and Photonics for Advanced Manufacturing II,10.1117/12.3099950,https://doi.org/10.1117/12.3099950,,5
387,curated,openalex_only,OpenAlex,Heterogeneous swarm manufacturing: a framework and proof-of-concept study,2026,The International Journal of Advanced Manufacturing Technology,10.1007/s00170-025-17055-9,https://doi.org/10.1007/s00170-025-17055-9,,5
388,curated,openalex_only,OpenAlex,"Heterogeneous mechanical metamaterials: design paradigms, additive manufacturing, and emergent multifunctionality",2026,Virtual and Physical Prototyping,10.1080/17452759.2026.2640792,https://doi.org/10.1080/17452759.2026.2640792,,5
389,curated,openalex_only,OpenAlex,Harnessing Chain Mobility via Protonation for Tough and Isotropic Hydrogel,2026,Advanced Materials,10.1002/adma.202517407,https://doi.org/10.1002/adma.202517407,,5
390,curated,openalex_only,OpenAlex,Grasp strategy-driven design of soft robotic grippers for food industry applications,2026,Results in Engineering,10.1016/j.rineng.2026.110181,https://doi.org/10.1016/j.rineng.2026.110181,,5
391,curated,both_openalex_crossref,Crossref; OpenAlex,Fundamentals and Uses of 4D Printing on Textiles,2026,Textiles,10.3390/textiles6010010,https://doi.org/10.3390/textiles6010010,,5
392,curated,openalex_only,OpenAlex,Functional nano-architected mechanical metamaterials and devices,2026,npj Metamaterials,10.1038/s44455-025-00010-9,https://doi.org/10.1038/s44455-025-00010-9,,5
393,curated,openalex_only,OpenAlex,Foundation-Model Surrogates Enable Data-Efficient Active Learning for Materials Discovery,2026,ArXiv.org,,https://openalex.org/W7138824926,,5
394,curated,both_openalex_crossref,Crossref; OpenAlex,Fluorescence profilometry for accurate volumetric additive manufacturing overprinting,2026,3D Printed Optics and Additive Photonic Manufacturing V,10.1117/12.3100156,https://doi.org/10.1117/12.3100156,,5
395,curated,openalex_only,OpenAlex,Fluctuating Curvature and Actuation in 4D Printed Asymmetric Networks by Frontal Photopolymerization,2026,Advanced Materials Interfaces,10.1002/admi.202500879,https://doi.org/10.1002/admi.202500879,,5
396,curated,crossref_only,Crossref,Flexible 3D Multi‐Material Printing beyond Layer‐by‐Layer Constraints via Sequential Multi‐Printer Fabrication,2026,Advanced Materials Technologies,10.1002/admt.202502447,https://doi.org/10.1002/admt.202502447,,5
397,curated,openalex_only,OpenAlex,"FlexiTac: A Low-Cost, Open-Source, Scalable Tactile Sensing Solution for Robotic Systems",2026,ArXiv.org,,https://openalex.org/W7159891715,,5
398,curated,crossref_only,Crossref,Fabrication of High-Density Complex Copper Microstructures with Micron-Scale Precision via In-situ Ionic Solution System DLP 3D Printing,2026,Venue unknown,10.2139/ssrn.6262439,https://doi.org/10.2139/ssrn.6262439,,5
399,curated,openalex_only,OpenAlex,FPGA-Driven Nonlinear Analogue Networks for Deterministic Machine Learning,2026,Communications in computer and information science,10.1007/978-3-032-29003-8_32,https://doi.org/10.1007/978-3-032-29003-8_32,,5
400,curated,openalex_only,OpenAlex,FORTE: Tactile Force and Slip Sensing on Compliant Fingers for Delicate Manipulation,2026,IEEE Robotics and Automation Letters,10.1109/lra.2026.3662618,https://doi.org/10.1109/lra.2026.3662618,,5
401,curated,crossref_only,Crossref,"Exploring the role of 4D printing materials, techniques, and characteristics for personalized oncology",2026,Translational Oncology,10.1016/j.tranon.2026.102818,https://doi.org/10.1016/j.tranon.2026.102818,,5
402,curated,both_openalex_crossref,Crossref; OpenAlex,Exploring new etendue configurations for next-generation blurred tomography and the volumetric fabrication of micro-optical components,2026,3D Printed Optics and Additive Photonic Manufacturing V,10.1117/12.3097707,https://doi.org/10.1117/12.3097707,,5
403,curated,both_openalex_crossref,Crossref; OpenAlex,Exploring advanced optical configurations for high-resolution tomographic volumetric additive manufacturing,2026,Advanced Fabrication Technologies for Micro/Nano Optics and Photonics XIX,10.1117/12.3091954,https://doi.org/10.1117/12.3091954,,5
404,curated,openalex_only,OpenAlex,Experimental mechanician for plate lattice metamaterial discovery,2026,Nature Communications,10.1038/s41467-026-70675-x,https://doi.org/10.1038/s41467-026-70675-x,,5
405,curated,crossref_only,Crossref,Experimental investigation of the thermal history in FDM-based 4D printing,2026,Smart Materials and Structures,10.1088/1361-665x/ae7686,https://doi.org/10.1088/1361-665x/ae7686,,5
406,curated,openalex_only,OpenAlex,Experimental and numerical study of the Poynting effect in additively manufactured TPU components for soft robotic applications,2026,LUTPub (LUT University),,https://openalex.org/W7163605490,,5
407,curated,both_openalex_crossref,Crossref; OpenAlex,Evolution of Hydrogels – From Basic to Functional,2026,Functional Hydrogels,10.1002/9783527854578.ch01,https://doi.org/10.1002/9783527854578.ch01,,5
408,curated,openalex_only,OpenAlex,Evaluating digital twin adoption for sustainable supply chains in pharma: a fuzzy MEREC–TOPSIS approach,2026,Environment Systems & Decisions,10.1007/s10669-026-10097-8,https://doi.org/10.1007/s10669-026-10097-8,,5
409,curated,openalex_only,OpenAlex,Evaluating Additive Manufacturing Options through TOPSIS Method A Comprehensive Decision-Making Approach,2026,Journal on Electronic and Automation Engineering,10.46632/jeae/5/1/4,https://doi.org/10.46632/jeae/5/1/4,,5
410,curated,openalex_only,OpenAlex,Ep. 1016: The Immortal Airframe: Why 70-Year-Old Planes Still Fly,2026,Zenodo (CERN European Organization for Nuclear Research),10.5281/zenodo.19362114,https://doi.org/10.5281/zenodo.19362114,,5
411,curated,openalex_only,OpenAlex,Enhancing mechanical performance of elastomeric vat-photopolymerized resins via functionalized cellulose nanocrystals,2026,Repository KITopen (Karlsruhe Institute of Technology),10.5445/ir/1000193431,https://doi.org/10.5445/ir/1000193431,,5
412,curated,openalex_only,OpenAlex,Enhancing Information Security in Industry 5.0: A Human-Centric LL-ISMS Framework to Bridge PDCA Gaps&lt;b&gt;&lt;/b&gt;,2026,ICST Transactions on Security and Safety,10.4108/eetss.10667,https://doi.org/10.4108/eetss.10667,,5
413,curated,openalex_only,OpenAlex,Engineering and Exploring Hydrolytic Degradation in 3D-Printed Liquid Crystalline Elastomers,2026,Biomacromolecules,10.1021/acs.biomac.5c02638,https://doi.org/10.1021/acs.biomac.5c02638,,5
414,curated,openalex_only,OpenAlex,"Emerging 4D-Printed pH-Responsive Nanofiber Implants for Spatiotemporal Breast Cancer Therapy: Design Principles, Tumour Microenvironment Modulation, Translational Barriers, and Future Perspectives",2026,Preprints.org,10.20944/preprints202603.0251.v1,https://doi.org/10.20944/preprints202603.0251.v1,,5
415,curated,openalex_only,OpenAlex,Embedded electrohydrodynamic printing of magnetically responsive microspheres,2026,Journal of Micromechanics and Microengineering,10.1088/1361-6439/ae7b47,https://doi.org/10.1088/1361-6439/ae7b47,,5
416,curated,crossref_only,Crossref,Eliminating striations in volumetric additive manufacturing via low-temperature processing,2026,Materials and Manufacturing Processes,10.1080/10426914.2026.2622025,https://doi.org/10.1080/10426914.2026.2622025,,5
417,curated,both_openalex_crossref,Crossref; OpenAlex,Electrothermally Controlled 3D‐Printed Shape Memory Polymers for Near‐Ambient Temperature Soft Robotic Applications,2026,Advanced Intelligent Systems,10.1002/aisy.202501277,https://doi.org/10.1002/aisy.202501277,,5
418,curated,openalex_only,OpenAlex,Electrohydrodynamic printed ultra-high performance liquid metal strain sensor,2026,Microsystems & Nanoengineering,10.1038/s41378-026-01237-w,https://doi.org/10.1038/s41378-026-01237-w,,5
419,curated,openalex_only,OpenAlex,"Electrohydrodynamic Printing of Functional Inks for Flexible Electronics: Mechanisms, Materials, and Applications",2026,Advanced Materials Technologies,10.1002/admt.202502339,https://doi.org/10.1002/admt.202502339,,5
420,curated,crossref_only,Crossref,Effect of Localized Deformation on Compression Properties of Additively Manufactured Al-Alloy Metamaterials,2026,3D Printing and Additive Manufacturing,10.1177/23297662251390328,https://doi.org/10.1177/23297662251390328,,5
421,curated,openalex_only,OpenAlex,EPFL-LAPD/Overprinting-with-Tomographic-Volumetric-Additive-Manufacturing: publication,2026,Open MIND,10.5281/zenodo.19187298,https://doi.org/10.5281/zenodo.19187298,,5
422,curated,openalex_only,OpenAlex,Dynamic analysis of refractive index evolution and diffraction properties during single-photon polymerization of photopolymers for micro-optical applications,2026,ArXiv.org,,https://openalex.org/W7138824458,,5
423,curated,both_openalex_crossref,Crossref; OpenAlex,"Durability of stimuli-responsive materials in space: a review of 4D printing processes, properties, and prospects",2026,European Polymer Journal,10.1016/j.eurpolymj.2026.114895,https://doi.org/10.1016/j.eurpolymj.2026.114895,,5
424,curated,crossref_only,Crossref,Dual-wavelength photoinhibition-aided vat photopolymerization (PinVPP) of bio-based polymers and functional hydrogels,2026,Engineering Science in Additive Manufacturing,10.36922/esam026080004,https://doi.org/10.36922/esam026080004,,5
425,curated,both_openalex_crossref,Crossref; OpenAlex,Dispensing Volumetric Additive Manufacturing,2026,Advanced Functional Materials,10.1002/adfm.202531982,https://doi.org/10.1002/adfm.202531982,,5
426,curated,openalex_only,OpenAlex,Digital printing of light-driven liquid crystal elastomers toward bioinspired functions and biomedical devices,2026,Zaguan (Universidad de Zaragoza),,https://openalex.org/W7162720184,,5
427,curated,openalex_only,OpenAlex,Digital incoherent synthesis of holographic light fields boosted volumetric printing speed and resolution,2026,International Journal of Extreme Manufacturing,10.1088/2631-7990/ae79b9,https://doi.org/10.1088/2631-7990/ae79b9,,5
428,curated,both_openalex_crossref,Crossref; OpenAlex,Digital design-driven intelligent additive manufacturing system,2026,Third International Conference on Intelligent Transportation and Smart Cities (ICITSC 2026),10.1117/12.3119163,https://doi.org/10.1117/12.3119163,,5
429,curated,openalex_only,OpenAlex,Diffusion-guided 4D microprinting of soft microactuators,2026,Nature Communications,10.1038/s41467-026-73035-x,https://doi.org/10.1038/s41467-026-73035-x,,5
430,curated,openalex_only,OpenAlex,Development of a hybrid reinforcement learning (hybrid-RL) system for manufacturing resilience,2026,Frontiers in Mechanical Engineering,10.3389/fmech.2026.1854257,https://doi.org/10.3389/fmech.2026.1854257,,5
431,curated,openalex_only,OpenAlex,Development of Stretchable Antenna using Laser-induced Graphene (LIG) for Wearable Devices,2026,Trepo - Institutional Repository of Tampere University,,https://openalex.org/W7133180467,,5
432,curated,openalex_only,OpenAlex,Design of a bio-inspired soft robotic gripper for millimeter-scale object grasping,2026,Journal of Physics Conference Series,10.1088/1742-6596/3175/1/012154,https://doi.org/10.1088/1742-6596/3175/1/012154,,5
433,curated,crossref_only,Crossref,Design and evaluation of 3D-printed soft pneumatic actuators,2026,Results in Materials,10.1016/j.rinma.2026.100906,https://doi.org/10.1016/j.rinma.2026.100906,,5
434,curated,both_openalex_crossref,Crossref; OpenAlex,Design and Experimental Validation of a 3D-Printed Hybrid Soft Robotic Gripper for Delicate Object Manipulation,2026,Electronics,10.3390/electronics15040848,https://doi.org/10.3390/electronics15040848,,5
435,curated,openalex_only,OpenAlex,Design and Development of Flexible Soft Robotic Grippers for Safe and Adaptive Human-Robot Interaction,2026,International Journal of Innovations in Science Engineering and Management.,10.69968/ijisem.2026v5i2304-313,https://doi.org/10.69968/ijisem.2026v5i2304-313,,5
436,curated,openalex_only,OpenAlex,Design Strategies for Modular Additive Manufacturing in Construction,2026,Beton- und Stahlbetonbau,10.1002/best.70140,https://doi.org/10.1002/best.70140,,5
437,curated,both_openalex_crossref,Crossref; OpenAlex,DLP 4D Printing of Programmable Molecularly‐Engineered Liquid Crystal Elastomer Actuators,2026,Advanced Science,10.1002/advs.202517605,https://doi.org/10.1002/advs.202517605,,5
438,curated,openalex_only,OpenAlex,"DIVENIRE Metodo, processo e progetto di un sistema di facciata dinamico realizzato tramite stampa 3D e 4D - Method, process and design of a dynamic facade system created using 3D and 4D printing",2026,CINECA IRIS Institutial Research Information System (University of Genoa),,https://openalex.org/W7161207818,,5
439,curated,openalex_only,OpenAlex,DESIGN AND RAPID PROTOTYPING FOR COST-EFFECTIVE SLAM-BASED SEMI-AUTONOMOUS GROUND VEHICLES,2026,SHAREOK (University of Oklahoma),,https://openalex.org/W7162910461,,5
440,curated,crossref_only,Crossref,Cyber-Physical Explorations of Collective Robotic Construction using Agent-Based Modelling,2026,"ROB|ARCH2024 – Robotic Fabrication in Architecture, Art and Design",10.1007/978-3-032-22607-5_1,https://doi.org/10.1007/978-3-032-22607-5_1,,5
441,curated,both_openalex_crossref,Crossref; OpenAlex,Current 3D Printing and Developed 4D Printing Technologies in Dentistry,2026,Northern Journal of Health Sciences,10.71340/njhs.1941302,https://doi.org/10.71340/njhs.1941302,,5
442,curated,openalex_only,OpenAlex,Crystallizable Surfactant-Based Interfacial Layers for Stabilizing Nonaqueous Photocurable Foams,2026,ACS Applied Polymer Materials,10.1021/acsapm.6c01751,https://doi.org/10.1021/acsapm.6c01751,,5
443,curated,both_openalex_crossref,Crossref; OpenAlex,Correction to “Volumetric Additive Manufacturing of Dicyclopentadiene by Solid‐State Photopolymerization”,2026,Advanced Science,10.1002/advs.75656,https://doi.org/10.1002/advs.75656,,5
444,curated,openalex_only,OpenAlex,Controlling Convection in Volumetric Additive Manufacturing for Large Volume Structures at Extreme Throughput,2026,Advanced Functional Materials,10.1002/adfm.202518936,https://doi.org/10.1002/adfm.202518936,,5
445,curated,openalex_only,OpenAlex,"Conformal metamaterial inspired contact lenses−designing, 3d printing and characterization for ocular applications",2026,Light Advanced Manufacturing,10.37188/lam.2026.039,https://doi.org/10.37188/lam.2026.039,,5
446,curated,openalex_only,OpenAlex,Compressive Response and Energy Absorption of Additively Manufactured Elastomers with Varied Simple Cubic Architectures,2026,Polymers,10.3390/polym18030420,https://doi.org/10.3390/polym18030420,,5
447,curated,openalex_only,OpenAlex,Comparison of the Mechanical Properties and Surface Characteristics of Vat Photopolymerization Resin Materials and a Polymethyl Methacrylate Disc Material,2026,Materials,10.3390/ma19112220,https://doi.org/10.3390/ma19112220,,5
448,curated,openalex_only,OpenAlex,Committee II.2: Dynamic Response,2026,Lecture notes in mechanical engineering,10.1007/978-981-95-2668-0_4,https://doi.org/10.1007/978-981-95-2668-0_4,,5
449,curated,both_openalex_crossref,Crossref; OpenAlex,Cold-Spray Repair of Corroded Steel Bridge Girders via an Optimization-Driven Cyber-Physical Workflow and Robotic Deposition Architecture,2026,Venue unknown,10.31224/6400,https://doi.org/10.31224/6400,,5
450,curated,openalex_only,OpenAlex,Co-optimization of Diffusive and Tomographic Blur in Computed Axial Lithography via Experimental Kernel Identification,2026,arXiv (Cornell University),10.48550/arxiv.2606.04174,https://doi.org/10.48550/arxiv.2606.04174,,5
451,curated,both_openalex_crossref,Crossref; OpenAlex,Chemical and Mechanical Evolution of a Volumetric Additive Manufacturing (VAM) Resin Under High-Temperature Storage,2026,Polymers,10.3390/polym18101213,https://doi.org/10.3390/polym18101213,,5
452,curated,openalex_only,OpenAlex,Chainmail-inspired conformable and switchable microwave metamaterial absorber,2026,Nature Communications,10.1038/s41467-026-68694-9,https://doi.org/10.1038/s41467-026-68694-9,,5
453,curated,crossref_only,Crossref,Carbon‐Regulated DLP 3D Printing of Hyperbranched Polysiloxane‐Derived Ceramic Metamaterials for Broadband Microwave Absorption,2026,Advanced Materials Technologies,10.1002/admt.202600001,https://doi.org/10.1002/admt.202600001,,5
454,curated,crossref_only,Crossref,Bistable Origami-Inspired Soft Pneumatic Actuators with Multiple Deformation Modes for Soft-Legged Robotic Locomotion,2026,Soft Robotics,10.1177/21695172261424024,https://doi.org/10.1177/21695172261424024,,5
455,curated,both_openalex_crossref,Crossref; OpenAlex,Bio-inspired 4D-printed NiTi alloy metamaterials with dynamically tunable stiffness for intelligent impact protection,2026,Engineering Structures,10.1016/j.engstruct.2026.123121,https://doi.org/10.1016/j.engstruct.2026.123121,,5
456,curated,openalex_only,OpenAlex,Bidirectional Optical sensors for Actuation Tracking (BOAT) in soft lattice systems,2026,ArXiv.org,,https://openalex.org/W7161914924,,5
457,curated,openalex_only,OpenAlex,Bayesian Optimization of Catalysis with In-Context Learning,2026,ACS Central Science,10.1021/acscentsci.5c02418,https://doi.org/10.1021/acscentsci.5c02418,,5
458,curated,both_openalex_crossref,Crossref; OpenAlex,Automation-Enabled Engineering Futures: Linking Oil-and-Gas Innovation with Renewable Biopolymer Feedstocks for Additive Manufacturing,2026,"Advanced composite materials, biopolymers, and additive manufacturing for oil-gas-chemical engineering (English edition)",10.62486/978-9915-704-06-7.ch04,https://doi.org/10.62486/978-9915-704-06-7.ch04,,5
459,curated,openalex_only,OpenAlex,Assessment of the State and Development Trends of Centrifugal Compressors for Marine Power Plants,2026,Energies,10.3390/en19040991,https://doi.org/10.3390/en19040991,,5
460,curated,crossref_only,Crossref,Architecting nanoconfined multiphase gels as a reprocessable and multistimuli-responsive 4D printing platform,2026,Nano Research,10.26599/nr.2026.94908644,https://doi.org/10.26599/nr.2026.94908644,,5
461,curated,openalex_only,OpenAlex,Architected Materials for Soft Robotics,2026,Journal of materials research/Pratt's guide to venture capital sources,10.1557/s43578-025-01778-2,https://doi.org/10.1557/s43578-025-01778-2,,5
462,curated,openalex_only,OpenAlex,An active nozzle with variable shape: Introduction and exploration of impact for silicone DIW,2026,Additive manufacturing,10.1016/j.addma.2026.105169,https://doi.org/10.1016/j.addma.2026.105169,,5
463,curated,openalex_only,OpenAlex,An Investigation -into the Use of Digital Technologies to Promote Circularity in the Construction Industry,2026,DergiPark (Istanbul University),,https://openalex.org/W7155290063,,5
464,curated,openalex_only,OpenAlex,An Elephant Trunk-Inspired Modular Variable Stiffness Soft Robot,2026,Theoretical and Natural Science,10.54254/2753-8818/2026.32177,https://doi.org/10.54254/2753-8818/2026.32177,,5
465,curated,openalex_only,OpenAlex,Advancing in vitro vascular wall modelling using digital light processing to study hyperglycemia-driven cell changes,2026,Frontiers in Bioengineering and Biotechnology,10.3389/fbioe.2026.1677364,https://doi.org/10.3389/fbioe.2026.1677364,,5
466,curated,crossref_only,Crossref,Advancements and future potential of volumetric additive manufacturing in dental applications,2026,Additive Manufacturing Frontiers,10.1016/j.amf.2026.200294,https://doi.org/10.1016/j.amf.2026.200294,,5
467,curated,openalex_only,OpenAlex,Advancements and Applications of 3D Printing Techniques and Novel Materials in Soft Robotics for Medical Devices,2026,Rare Metals,10.1002/rar2.70320,https://doi.org/10.1002/rar2.70320,,5
468,curated,openalex_only,OpenAlex,Advanced additive manufacturing and printing technologies for dental applications: a narrative review,2026,The International Journal of Advanced Manufacturing Technology,10.1007/s00170-025-17220-0,https://doi.org/10.1007/s00170-025-17220-0,,5
469,curated,openalex_only,OpenAlex,Advanced Manufacturing of PLA Surgical Templates for Orbital Floor Geometry: Optimizing Fidelity and Surface Morphology via Variable Layer Height MEX 3D Printing,2026,Materials,10.3390/ma19061208,https://doi.org/10.3390/ma19061208,,5
470,curated,openalex_only,OpenAlex,Advanced Design Concepts for Shape-Memory Polymers in Biomedical Applications and Soft Robotics,2026,Polymers,10.3390/polym18020214,https://doi.org/10.3390/polym18020214,,5
471,curated,crossref_only,Crossref,"Additive manufacturing of stainless steel with complex structures via vat photopolymerization: slurry, printing, debinding and sintering",2026,Venue unknown,10.2139/ssrn.6403081,https://doi.org/10.2139/ssrn.6403081,,5
472,curated,crossref_only,Crossref,Additive Manufacturing and Mechanical Behaviors of Carbon–Kevlar Intralayer Hybrid Continuous Fiber Composite Corrugated Sandwich Structures,2026,3D Printing and Additive Manufacturing,10.1177/23297662251377375,https://doi.org/10.1177/23297662251377375,,5
473,curated,openalex_only,OpenAlex,Adaptive 4D‐Printed Vascular Stents With Low‐Temperature‐Activated and Intelligent Deployment,2026,Advanced Functional Materials,10.1002/adfm.202521468,https://doi.org/10.1002/adfm.202521468,,5
474,curated,openalex_only,OpenAlex,Actuating and Sensing Composites of Liquid Crystal Elastomers and Poly(ionic liquid)s,2026,Advanced Functional Materials,10.1002/adfm.202529302,https://doi.org/10.1002/adfm.202529302,,5
475,curated,crossref_only,Crossref,Active learning-guided design of TiB2-reinforced 316L stainless steel via additive manufacturing: Process optimization and experimental validation,2026,Materials Science and Engineering: A,10.1016/j.msea.2026.150197,https://doi.org/10.1016/j.msea.2026.150197,,5
476,curated,openalex_only,OpenAlex,Achieving superior thermal stability in vat photopolymerized silica-based ceramic cores via kyanite-induced expansion compensation,2026,Journal of Advanced Ceramics,10.26599/jac.2026.9221313,https://doi.org/10.26599/jac.2026.9221313,,5
477,curated,openalex_only,OpenAlex,A unified multiscale 3D printer combining single-photon Tomographic Volumetric Additive Manufacturing and Two-Photon Polymerization,2026,arXiv (Cornell University),10.48550/arxiv.2601.13457,https://doi.org/10.48550/arxiv.2601.13457,,5
478,curated,crossref_only,Crossref,A planning and execution framework for robotic assembly with deformable objects using a centralized database based on the Rαβγ categorization,2026,Journal of Intelligent Manufacturing,10.1007/s10845-025-02578-5,https://doi.org/10.1007/s10845-025-02578-5,,5
479,curated,openalex_only,OpenAlex,A machine learning–based tool for enhancing position accuracy in industrial robots with a reduced dataset,2026,Robotics and Computer-Integrated Manufacturing,10.1016/j.rcim.2026.103289,https://doi.org/10.1016/j.rcim.2026.103289,,5
480,curated,both_openalex_crossref,Crossref; OpenAlex,A lightweight embedded 3D-printed soft robotic finger powered by SMA artificial muscle,2026,Results in Engineering,10.1016/j.rineng.2026.110883,https://doi.org/10.1016/j.rineng.2026.110883,,5
481,curated,both_openalex_crossref,Crossref; OpenAlex,A hierarchical and ontology-based taxonomy of stimuli–smart materials–transformation effects in 4D printing as a new interactive modality,2026,Proceedings of DRS,10.21606/drs.2026.1046,https://doi.org/10.21606/drs.2026.1046,,5
482,curated,crossref_only,Crossref,A fuzzy AHP-based additive manufacturing complexity index for optimizing VAT photopolymerization designs,2026,Progress in Additive Manufacturing,10.1007/s40964-026-01669-w,https://doi.org/10.1007/s40964-026-01669-w,,5
483,curated,openalex_only,OpenAlex,A dual-functional curcumin strategy for light scattering mitigation in high-fidelity DLP ceramic 3D printing,2026,International Journal of Extreme Manufacturing,10.1088/2631-7990/ae6b19,https://doi.org/10.1088/2631-7990/ae6b19,,5
484,curated,openalex_only,OpenAlex,A Transferable Digital Twin-Driven Process Design Framework for High-Performance Multi-Jet Polishing,2026,Micromachines,10.3390/mi17020226,https://doi.org/10.3390/mi17020226,,5
485,curated,openalex_only,OpenAlex,A Thermally Expandable Resin for the Volumetric Additive Manufacturing of Shape‐Memory Functional Foams (Adv. Mater. Technol. 1/2026),2026,Advanced Materials Technologies,10.1002/admt.70618,https://doi.org/10.1002/admt.70618,,5
486,curated,both_openalex_crossref,Crossref; OpenAlex,A Thermally Expandable Resin for the Volumetric Additive Manufacturing of Shape‐Memory Functional Foams,2026,Advanced Materials Technologies,10.1002/admt.202501355,https://doi.org/10.1002/admt.202501355,,5
487,curated,openalex_only,OpenAlex,A Spirulina-derived pigment extract combining phycocyanin and chlorophyll for optically responsive photopolymer architectures,2026,Sustainable materials and technologies,10.1016/j.susmat.2026.e02096,https://doi.org/10.1016/j.susmat.2026.e02096,,5
488,curated,both_openalex_crossref,Crossref; OpenAlex,A Closed-Loop Machine Learning and Digital Twin Framework for the Discovery of High- Performance Solid-State Electrolytes,2026,Research Square,10.21203/rs.3.rs-9345215/v1,https://doi.org/10.21203/rs.3.rs-9345215/v1,,5
489,curated,openalex_only,OpenAlex,4D-printing of dough: Shape shifting mechanism of baked dough filaments,2026,Food Research International,10.1016/j.foodres.2026.118859,https://doi.org/10.1016/j.foodres.2026.118859,,5
490,curated,openalex_only,OpenAlex,4D-printed fibre-reinforced scaffolds with high elasticity and sustained estradiol release for uterine tissue regeneration,2026,Virtual and Physical Prototyping,10.1080/17452759.2025.2474533,https://doi.org/10.1080/17452759.2025.2474533,,5
491,curated,crossref_only,Crossref,4D printing with shape memory polymers and composites: A comprehensive review,2026,Applied Materials Today,10.1016/j.apmt.2026.103308,https://doi.org/10.1016/j.apmt.2026.103308,,5
492,curated,both_openalex_crossref,Crossref; OpenAlex,4D printing through vat photopolymerization of two-stage UV-curable liquid crystal elastomers,2026,Nature Communications,10.1038/s41467-026-68370-y,https://doi.org/10.1038/s41467-026-68370-y,,5
493,curated,crossref_only,Crossref,"4D printing strategies for adaptive flexible supercapacitors: Materials design, mechanisms and electrochemical performance",2026,Journal of Power Sources,10.1016/j.jpowsour.2026.240445,https://doi.org/10.1016/j.jpowsour.2026.240445,,5
494,curated,both_openalex_crossref,Crossref; OpenAlex,4D printing of fast‐responsive liquid crystalline elastomers for light‐driven actuators,2026,Responsive materials,10.1002/rpm2.70039,https://doi.org/10.1002/rpm2.70039,,5
495,curated,openalex_only,OpenAlex,"4D Printing of Renewable Materials Derived from Glycerol and Maleic Anhydride with Tunable Thermal, Mechanical, and Fluorescent Properties",2026,ACS Omega,10.1021/acsomega.6c01077,https://doi.org/10.1021/acsomega.6c01077,,5
496,curated,openalex_only,OpenAlex,4D Printing in Regenerative Medicine: Bio-Inspired Applications for Dynamic Tissue Repair,2026,Journal of Functional Biomaterials,10.3390/jfb17020072,https://doi.org/10.3390/jfb17020072,,5
497,curated,openalex_only,OpenAlex,4D Printing in Biomedical Implants and Functional Healthcare Devices,2026,Journal of Functional Biomaterials,10.3390/jfb17040203,https://doi.org/10.3390/jfb17040203,,5
498,curated,openalex_only,OpenAlex,4D Printable Formulations of Mixed Low and High Molecular Weight Liquid Crystalline Units: A Versatile Route to Functional Soft Actuators,2026,Macromolecular Rapid Communications,10.1002/marc.202500884,https://doi.org/10.1002/marc.202500884,,5
499,curated,crossref_only,Crossref,3D-to-4D printing technologies in construction: Roadmap review of current status and potential applications,2026,Automation in Construction,10.1016/j.autcon.2026.107051,https://doi.org/10.1016/j.autcon.2026.107051,,5
500,curated,openalex_only,OpenAlex,"3D-printed CF-PLA bone plates with metamaterial structures: Design, fabrication, and mechanical evaluation",2026,Journal of the mechanical behavior of biomedical materials/Journal of mechanical behavior of biomedical materials,10.1016/j.jmbbm.2026.107377,https://doi.org/10.1016/j.jmbbm.2026.107377,,5
501,curated,crossref_only,Crossref,3D-Printed Kresling-Origami Soft Actuators Facilitate Drag Reduction by Rotational Penetration for Burrowing,2026,2026 IEEE 9th International Conference on Soft Robotics (RoboSoft),10.1109/robosoft67810.2026.11522888,https://doi.org/10.1109/robosoft67810.2026.11522888,,5
502,curated,crossref_only,Crossref,3D printing on pre-stressed textiles: peel test evaluation of adhesion factors in 4D textiles,2026,4D Printing,10.1108/4dp-02-2025-0004,https://doi.org/10.1108/4dp-02-2025-0004,,5
503,curated,openalex_only,OpenAlex,3D printing assisted by upconversion nanoparticles,2026,Infoscience (Ecole Polytechnique Fédérale de Lausanne),10.5075/epfl-thesis-11063,https://doi.org/10.5075/epfl-thesis-11063,,5
504,curated,openalex_only,OpenAlex,3D bioprinting of tissues and organs for systemic diseases and localized injuries,2026,Military Medical Research,10.1016/j.mmr.2026.100006,https://doi.org/10.1016/j.mmr.2026.100006,,5
505,curated,openalex_only,OpenAlex,3D biofabricated in vitro models as new approach methodologies for animal alternatives,2026,npj Biomedical Innovations.,10.1038/s44385-026-00073-x,https://doi.org/10.1038/s44385-026-00073-x,,5
506,curated,openalex_only,OpenAlex,"3D Printing of Stretchable, Compressible and Conductive Porous Polyurethane for Soft Robotics",2026,Advanced Materials Technologies,10.1002/admt.202502588,https://doi.org/10.1002/admt.202502588,,5
507,curated,both_openalex_crossref,Crossref; OpenAlex,3D Printing of Functional Materials and Smart Automation Systems: Integrated Technological Pathways for Modern Oil–Gas–Chemical Engineering,2026,"Advanced composite materials, biopolymers, and additive manufacturing for oil-gas-chemical engineering (English edition)",10.62486/978-9915-704-06-7.ch05,https://doi.org/10.62486/978-9915-704-06-7.ch05,,5
508,curated,openalex_only,OpenAlex,Time Code for multifunctional 3D printhead controls,2025,Nature Communications,10.1038/s41467-025-56140-1,https://doi.org/10.1038/s41467-025-56140-1,,8
509,curated,openalex_only,OpenAlex,The Influence of Print Orientation and Discontinuous Carbon Fiber Content on the Tensile Properties of Selective Laser-Sintered Polyamide 12,2025,Polymers,10.3390/polym17152028,https://doi.org/10.3390/polym17152028,,8
510,curated,openalex_only,OpenAlex,Non-planar additive manufacturing with hydrogels: a review of flow control and toolpath strategies,2025,npj Soft Matter,10.1038/s44431-025-00006-5,https://doi.org/10.1038/s44431-025-00006-5,,8
511,curated,openalex_only,OpenAlex,Laser additive manufacturing of high-resolution microscale shell lattices by toolpath engineering,2025,International Journal of Extreme Manufacturing,10.1088/2631-7990/ae01ff,https://doi.org/10.1088/2631-7990/ae01ff,,8
512,curated,both_openalex_crossref,Crossref; OpenAlex,Implicit toolpath generation for functionally graded additive manufacturing via gradient-informed slicing,2025,Additive manufacturing,10.1016/j.addma.2025.104963,https://doi.org/10.1016/j.addma.2025.104963,,8
513,curated,openalex_only,OpenAlex,Hydrogen Economy and Climate Change: Additive Manufacturing in Perspective,2025,Clean Technologies,10.3390/cleantechnol7040087,https://doi.org/10.3390/cleantechnol7040087,,8
514,curated,openalex_only,OpenAlex,Enhancing mechanical performance in bimetallic WAAMed structures through strategic deposition order,2025,Virtual and Physical Prototyping,10.1080/17452759.2025.2581153,https://doi.org/10.1080/17452759.2025.2581153,,8
515,curated,crossref_only,Crossref,Dynamic Fluid‐Assisted Continuous Multimaterial 3D Printing for Seamless Gradient Structures,2025,Advanced Materials Technologies,10.1002/admt.202500621,https://doi.org/10.1002/admt.202500621,,8
516,curated,openalex_only,OpenAlex,Design and performance assessment of custom static intermixers in extrusion 3D printing using machine learning–driven image analysis,2025,Scientific Reports,10.1038/s41598-025-19740-x,https://doi.org/10.1038/s41598-025-19740-x,,8
517,curated,openalex_only,OpenAlex,Design Strategies for Welding-Based Additive Manufacturing: A Review of Topology and Lattice Optimisation Approaches,2025,Applied Sciences,10.3390/app16010417,https://doi.org/10.3390/app16010417,,8
518,curated,openalex_only,OpenAlex,Advances in 3D Printing: Microfabrication Techniques and Forming Applications,2025,Micromachines,10.3390/mi16080940,https://doi.org/10.3390/mi16080940,,8
519,curated,openalex_only,Manual metadata check; OpenAlex,3D Printing of Soft Composites with Tunable Visco-Hyperelastic Properties,2025,Washington State University Dissertation,10.7273/000007857,https://doi.org/10.7273/000007857,,8
520,curated,crossref_only,Crossref,Wire Arc Additive Manufacturing for Industrial Part Fabrication: A Short Review,2025,Venue unknown,10.31224/4291,https://doi.org/10.31224/4291,,7
521,curated,openalex_only,OpenAlex,Why CAD/CAM Software Is Essential in Industrial 3D Printing and Additive Manufacturing,2025,International Journal for Research in Applied Science and Engineering Technology,10.22214/ijraset.2025.73890,https://doi.org/10.22214/ijraset.2025.73890,,7
522,curated,openalex_only,OpenAlex,VT-Refine: Learning Bimanual Assembly with Visuo-Tactile Feedback via Simulation Fine-Tuning,2025,arXiv (Cornell University),10.48550/arxiv.2510.14930,https://doi.org/10.48550/arxiv.2510.14930,,7
523,curated,openalex_only,OpenAlex,"Tribological Performance Enhancement in FDM and SLA Additive Manufacturing: Materials, Mechanisms, Surface Engineering, and Hybrid Strategies—A Holistic Review",2025,Lubricants,10.3390/lubricants13070298,https://doi.org/10.3390/lubricants13070298,,7
524,curated,crossref_only,Crossref,Towards safe motion planning for industrial human-robot interaction: A co-evolution approach based on human digital twin and mixed reality,2025,Robotics and Computer-Integrated Manufacturing,10.1016/j.rcim.2025.103012,https://doi.org/10.1016/j.rcim.2025.103012,,7
525,curated,crossref_only,Crossref,Towards a digital twin of extrusion-based additive manufacturing: an experimentally validated numerical model of ironing process,2025,Progress in Additive Manufacturing,10.1007/s40964-025-00988-8,https://doi.org/10.1007/s40964-025-00988-8,,7
526,curated,both_openalex_crossref,Crossref; OpenAlex,Towards Support-Free Printing in Extrusion-Based Additive Manufacturing: Path Planning and Process Control,2025,Volume 1: Additive Manufacturing &amp; 3D Printing,10.1115/imece-india2025-160285,https://doi.org/10.1115/imece-india2025-160285,,7
527,curated,openalex_only,OpenAlex,Topology optimization of porous electrodes for electrochemical flow reactors using the finite element method and triply periodic minimal surfaces,2025,Chemical Engineering Journal,10.1016/j.cej.2025.161815,https://doi.org/10.1016/j.cej.2025.161815,,7
528,curated,openalex_only,OpenAlex,Topology and Toolpath Optimization-Inspired Toolpath Planning for Continuous Fiber Material Extrusion,2025,Open MIND,10.26153/tsw/63511,https://doi.org/10.26153/tsw/63511,,7
529,curated,openalex_only,OpenAlex,TRANSFORMING MOLD MANUFACTURING: A REVIEW OF ADDITIVE MANUFACTURING IN METALLIC AND COMPOSITE TOOLING,2025,Journal of Sustainable Engineering & Green Technologies,10.63456/jsegt-1-1-14,https://doi.org/10.63456/jsegt-1-1-14,,7
530,curated,crossref_only,Crossref,Systematic selection framework for digital twin development environments in smart manufacturing,2025,Digital Twin,10.1080/27525783.2025.2565246,https://doi.org/10.1080/27525783.2025.2565246,,7
531,curated,openalex_only,OpenAlex,Strategies to Enhance Stability of Cryopreservation Processes for Cell-Based Products,2025,Biotechnology Advances,10.1016/j.biotechadv.2025.108763,https://doi.org/10.1016/j.biotechadv.2025.108763,,7
532,curated,openalex_only,OpenAlex,Strategies for recycling multi-material polymer blends for additive manufacturing,2025,Sustainable materials and technologies,10.1016/j.susmat.2025.e01430,https://doi.org/10.1016/j.susmat.2025.e01430,,7
533,curated,both_openalex_crossref,Crossref; OpenAlex,Simulation-in-the-loop additive manufacturing for real-time structural validation and digital twin development,2025,Additive Manufacturing,10.1016/j.addma.2024.104631,https://doi.org/10.1016/j.addma.2024.104631,,7
534,curated,both_openalex_crossref,Crossref; OpenAlex,Shape Optimization of Thin-Wall Geometries for Layer-Based Direct Deposition Additive Manufacturing,2025,Vth International Conference on Simulation for Additive Manufacturing,10.23967/simam.2025.004,https://doi.org/10.23967/simam.2025.004,,7
535,curated,openalex_only,OpenAlex,Self-supporting mid-air 3D printing of single-layer polypropylene structures: Flow rate-dependent analytical modeling and surface characterization,2025,Additive manufacturing,10.1016/j.addma.2025.105010,https://doi.org/10.1016/j.addma.2025.105010,,7
536,curated,both_openalex_crossref,Crossref; OpenAlex,Selective infusion of spatially controlled domains via vat photopolymerization 3D-printing for chemically diverse multimaterial parts,2025,Nature Communications,10.1038/s41467-025-66128-6,https://doi.org/10.1038/s41467-025-66128-6,,7
537,curated,openalex_only,OpenAlex,"Scan and 3D Print: Magnetic Resonance Imaging‐Guided, Monolithic Desktop Fabrication of Highly Biomimetic Skeletal System of the Human Hand",2025,Advanced Intelligent Systems,10.1002/aisy.202500470,https://doi.org/10.1002/aisy.202500470,,7
538,curated,both_openalex_crossref,Crossref; OpenAlex,"Rotary Robotic Additive Manufacturing: Type Synthesis, Process Planning, and Applications",2025,Industrial engineering and management.,10.5772/intechopen.1007333,https://doi.org/10.5772/intechopen.1007333,,7
539,curated,crossref_only,Crossref,Robotic Digital Twins in Smart Manufacturing: Resolving Real-Time Synchronisation Gaps,2025,2025 International Conference on Computer and Applications (ICCA),10.1109/icca66035.2025.11430951,https://doi.org/10.1109/icca66035.2025.11430951,,7
540,curated,both_openalex_crossref,Crossref; OpenAlex,Review of the Integration of Fused Filament Fabrication with Complementary Methods for Fabricating Hierarchical Porous Polymer Structures,2025,Applied Sciences,10.3390/app15179703,https://doi.org/10.3390/app15179703,,7
541,curated,openalex_only,OpenAlex,Review of Applications of Experimental Designs in Wafer Manufacturing,2025,Applied System Innovation,10.3390/asi8060183,https://doi.org/10.3390/asi8060183,,7
542,curated,openalex_only,OpenAlex,Residual stress prediction by element birth within a digital twin of a wire arc additive manufacturing cell,2025,Research Explorer (The University of Manchester),,https://openalex.org/W7112279104,,7
543,curated,crossref_only,Crossref,Reducing Delivery Times by Utilising On-Site Wire Arc Additive Manufacturing with Digital-Twin Methods,2025,Computers,10.3390/computers14060221,https://doi.org/10.3390/computers14060221,,7
544,curated,openalex_only,OpenAlex,Recent Trends in Non-Destructive Testing Approaches for Composite Materials: A Review of Successful Implementations,2025,Materials,10.3390/ma18133146,https://doi.org/10.3390/ma18133146,,7
545,curated,openalex_only,OpenAlex,Recent Advances in Additive Manufacturing: A Review of Current Developments and Future Directions,2025,Machines,10.3390/machines13090813,https://doi.org/10.3390/machines13090813,,7
546,curated,openalex_only,OpenAlex,"Process Parameter Specification and Control in Solution Processing of Hybrid Perovskite Photovoltaics: From Domain‐Specific Jargon to Evidence‐Based, Unambiguous Description of Experimental Workflows",2025,Advanced Energy Materials,10.1002/aenm.202503187,https://doi.org/10.1002/aenm.202503187,,7
547,curated,openalex_only,OpenAlex,Precision and Customization: The Role of 3D Printing in Modern Prosthodontics,2025,European Journal of Dentistry,10.1055/s-0044-1801276,https://doi.org/10.1055/s-0044-1801276,,7
548,curated,openalex_only,OpenAlex,Optimizing lithium-ion battery manufacturing with digitalization and AI-driven frameworks,2025,The International Journal of Advanced Manufacturing Technology,10.1007/s00170-025-17129-8,https://doi.org/10.1007/s00170-025-17129-8,,7
549,curated,crossref_only,Crossref,Optimization of 3D Printing Laboratory Digital Twin Sensors Selection and Placement Based on Genetic Algorithms,2025,NaUKMA Research Papers. Computer Science,10.18523/2617-3808.2025.8.132-137,https://doi.org/10.18523/2617-3808.2025.8.132-137,,7
550,curated,both_openalex_crossref,Crossref; OpenAlex,Numerical modeling and Digital Twins in Wire Arc Additive Manufacturing,2025,Mechanics and Advanced Technologies,10.20535/2521-1943.2025.9.3(106).338860,https://doi.org/10.20535/2521-1943.2025.9.3%28106%29.338860,,7
551,curated,crossref_only,Crossref,Myna: Connecting powder bed fusion build data to simulation tools for digital twin applications,2025,Computational Materials Science,10.1016/j.commatsci.2025.114094,https://doi.org/10.1016/j.commatsci.2025.114094,,7
552,curated,both_openalex_crossref,Crossref; OpenAlex,Multi‐Material Additive Manufacturing of Soft Robotic Systems: A Comprehensive Review,2025,Advanced Robotics Research,10.1002/adrr.202500064,https://doi.org/10.1002/adrr.202500064,,7
553,curated,crossref_only,Crossref,Multimaterial extrusion 3D printing printheads,2025,Nature Reviews Materials,10.1038/s41578-025-00809-y,https://doi.org/10.1038/s41578-025-00809-y,,7
554,curated,openalex_only,OpenAlex,Multimaterial cryogenic printing of three-dimensional soft hydrogel machines,2025,Nature Communications,10.1038/s41467-024-55323-6,https://doi.org/10.1038/s41467-024-55323-6,,7
555,curated,openalex_only,OpenAlex,"Multimaterial and Multidimensional Bioprinting in Regenerative Medicine: Advances, Limitations, and Future Directions",2025,Advanced Healthcare Materials,10.1002/adhm.202500475,https://doi.org/10.1002/adhm.202500475,,7
556,curated,crossref_only,Crossref,Multi-agent cooperative swarm learning for dynamic layout optimisation of reconfigurable robotic assembly cells based on digital twin,2025,Journal of Intelligent Manufacturing,10.1007/s10845-023-02229-7,https://doi.org/10.1007/s10845-023-02229-7,,7
557,curated,both_openalex_crossref,Crossref; OpenAlex,Multi-Axis FDM 3D Printing,2025,Venue unknown,10.31224/5307,https://doi.org/10.31224/5307,,7
558,curated,openalex_only,OpenAlex,"Microfluidic‐ and Field‐Assisted 3D Printing: Leveraging Fluidic Control, Electrokinetic Phenomena, and Other Physical Fields to Advance Additive Manufacturing",2025,Electrophoresis,10.1002/elps.70041,https://doi.org/10.1002/elps.70041,,7
559,curated,both_openalex_crossref,Crossref; OpenAlex,Metastable phase transformations are key to graded immiscible multi-materials via additive manufacturing,2025,Additive manufacturing,10.1016/j.addma.2025.104999,https://doi.org/10.1016/j.addma.2025.104999,,7
560,curated,openalex_only,OpenAlex,Meltpool temperature measurement and monitoring during wire-DED via optical thermal devices,2025,Espace ÉTS (ETS),10.82417/95e1-ar12,https://doi.org/10.82417/95e1-ar12,,7
561,curated,openalex_only,OpenAlex,Mechanical Performance of FDM Printed Thermoplastics: Influence of Process Parameters and Hybrid Carbon Fiber Reinforcement,2025,Communications on Applied Nonlinear Analysis,10.52783/cana.v32.6677,https://doi.org/10.52783/cana.v32.6677,,7
562,curated,both_openalex_crossref,Crossref; OpenAlex,Maneuverability‐Based Speed and Temperature Adaptive Robotic Control (M‐ <scp>STARC</scp> ) for Fiber Steering in Additive Manufacturing,2025,Journal of Advanced Manufacturing and Processing,10.1002/amp2.70044,https://doi.org/10.1002/amp2.70044,,7
563,curated,crossref_only,Crossref,Machine learning and digital twin assisted temperature prediction during additive manufacturing process,2025,Digital Twin,10.1080/27525783.2025.2533863,https://doi.org/10.1080/27525783.2025.2533863,,7
564,curated,both_openalex_crossref,Crossref; OpenAlex,Machine Learning-Driven Digital Twin Construction for Additive Manufacturing: A Review,2025,Venue unknown,10.36227/techrxiv.176425541.18099212/v1,https://doi.org/10.36227/techrxiv.176425541.18099212/v1,,7
565,curated,openalex_only,OpenAlex,Large-scale additive manufacturing of optimally-embedded spinodal material architectures,2025,Additive manufacturing,10.1016/j.addma.2025.104700,https://doi.org/10.1016/j.addma.2025.104700,,7
566,curated,openalex_only,OpenAlex,Joining Technologies and Extended Producer Responsibility: A Review on Sustainability and End-of-Life Management of Metal Structures,2025,Metals,10.3390/met16010049,https://doi.org/10.3390/met16010049,,7
567,curated,both_openalex_crossref,Crossref; OpenAlex,Integration of machine learning and digital twin in additive manufacturing of polymeric-based materials and products,2025,Progress in Additive Manufacturing,10.1007/s40964-025-01257-4,https://doi.org/10.1007/s40964-025-01257-4,,7
568,curated,openalex_only,OpenAlex,Integrating Polymeric 3D-Printed Microneedles with Wearable Devices: Toward Smart and Personalized Healthcare Solutions,2025,Preprints.org,10.20944/preprints202511.0374.v1,https://doi.org/10.20944/preprints202511.0374.v1,,7
569,curated,openalex_only,OpenAlex,Il ruolo del Digital Twin nell'Additive Manufacturing: opportunità e prospettive per l'ingegneria industriale,2025,AMS Degree Thesis (University of Bologna),,https://openalex.org/W7113547957,,7
570,curated,crossref_only,Crossref,Hybrid tools for tube bending processes using additive manufacturing and digital twin,2025,Venue unknown,10.21203/rs.3.rs-8040156/v1,https://doi.org/10.21203/rs.3.rs-8040156/v1,,7
571,curated,crossref_only,Crossref,Human Digital Twin in Human-Centric Smart Manufacturing,2025,Human-Centric Smart Manufacturing Towards Industry 5.0,10.1007/978-3-031-82170-7_3,https://doi.org/10.1007/978-3-031-82170-7_3,,7
572,curated,openalex_only,OpenAlex,Hot-end co-extrusion of multiple thermoplastic filaments for unblended composite additive manufacturing,2025,Virtual and Physical Prototyping,10.1080/17452759.2025.2526797,https://doi.org/10.1080/17452759.2025.2526797,,7
573,curated,crossref_only,Crossref,Highly Stable Low‐Temperature Phosphate Glass as a Platform for Multimaterial 3D Printing of Integrated Functional Microfluidic Devices,2025,Advanced Engineering Materials,10.1002/adem.202501603,https://doi.org/10.1002/adem.202501603,,7
574,curated,openalex_only,OpenAlex,"Fused Deposition Modelling of Wood-Plastic Composites: Materials, Processes, and Future Directions",2025,Journal of Composites and Biodegradable Polymers,10.12974/2311-8717.2025.13.04,https://doi.org/10.12974/2311-8717.2025.13.04,,7
575,curated,openalex_only,OpenAlex,From Single to Multi‐Material 3D Printing of Glass‐Ceramics for Micro‐Optics,2025,Small Methods,10.1002/smtd.202401809,https://doi.org/10.1002/smtd.202401809,,7
576,curated,openalex_only,OpenAlex,Extending ISO 23247: A Production Logistics Information Model for Integrated Digital Twins,2025,IFIP advances in information and communication technology,10.1007/978-3-032-03515-8_35,https://doi.org/10.1007/978-3-032-03515-8_35,,7
577,curated,openalex_only,OpenAlex,Exploring Stochastic Surface and Structural Characteristics in 3D-Printed Polymer Parts Using a Digital Twin Approach,2025,Journal of Advanced Manufacturing Systems,10.1142/s0219686727500065,https://doi.org/10.1142/s0219686727500065,,7
578,curated,openalex_only,OpenAlex,Enhanced geometrical control in cold spray additive manufacturing through deep neural network predictive models,2025,Virtual and Physical Prototyping,10.1080/17452759.2025.2472388,https://doi.org/10.1080/17452759.2025.2472388,,7
579,curated,openalex_only,OpenAlex,Enabling Intelligent Industrial Automation: A Review of Machine Learning Applications with Digital Twin and Edge AI Integration,2025,Automation,10.3390/automation6030037,https://doi.org/10.3390/automation6030037,,7
580,curated,openalex_only,OpenAlex,Direct ink writing of magnetic soft materials with optimized printing path,2025,Additive manufacturing,10.1016/j.addma.2025.104770,https://doi.org/10.1016/j.addma.2025.104770,,7
581,curated,crossref_only,Crossref,Digital twin-enabled real-time control for robot arm-based manufacturing via reinforcement learning,2025,Journal of Intelligent Manufacturing,10.1007/s10845-025-02728-9,https://doi.org/10.1007/s10845-025-02728-9,,7
582,curated,crossref_only,Crossref,Digital twin-driven virtual commissioning for robotic machining enhanced by machine learning,2025,Robotics and Computer-Integrated Manufacturing,10.1016/j.rcim.2024.102908,https://doi.org/10.1016/j.rcim.2024.102908,,7
583,curated,crossref_only,Crossref,Digital twin-based framework for an efficient execution of CPPS reconfiguration through human–robot collaboration,2025,Journal of Manufacturing Systems,10.1016/j.jmsy.2025.09.001,https://doi.org/10.1016/j.jmsy.2025.09.001,,7
584,curated,crossref_only,Crossref,Digital twin-based architecture for wire arc additive manufacturing using OPC UA,2025,Robotics and Computer-Integrated Manufacturing,10.1016/j.rcim.2024.102944,https://doi.org/10.1016/j.rcim.2024.102944,,7
585,curated,crossref_only,Crossref,Digital twin technology in modern machining: A comprehensive review of research on machining errors,2025,Journal of Manufacturing Systems,10.1016/j.jmsy.2025.01.005,https://doi.org/10.1016/j.jmsy.2025.01.005,,7
586,curated,openalex_only,OpenAlex,Digital twin modeling for defect detection in LPBF parts,2025,Espace ÉTS (ETS),10.82417/sd26-2219,https://doi.org/10.82417/sd26-2219,,7
587,curated,crossref_only,Crossref,Digital twin is revolutionising manufacturing industry,2025,Digital Twin,10.1080/27525783.2026.2620942,https://doi.org/10.1080/27525783.2026.2620942,,7
588,curated,crossref_only,Crossref,Digital twin for smart factory: Usage of digital twin to reduce manufacturing defects,2025,Exploring the Metaverse,10.1016/b978-0-443-24132-1.00006-5,https://doi.org/10.1016/b978-0-443-24132-1.00006-5,,7
589,curated,crossref_only,Crossref,Digital Twin-Driven Sorting System for 3D Printing Farm,2025,Applied Sciences,10.3390/app151810222,https://doi.org/10.3390/app151810222,,7
590,curated,crossref_only,Crossref,Digital Twin-Based 3D Printing Monitoring,2025,Scientific Journal of Technology,10.54691/f83ht194,https://doi.org/10.54691/f83ht194,,7
591,curated,crossref_only,Crossref,Digital Twin of Fused Filament Fabrication Prints for Finite Element Analysis via G-Code Reverse Engineering,2025,3D Printing and Additive Manufacturing,10.1089/3dp.2023.0325,https://doi.org/10.1089/3dp.2023.0325,,7
592,curated,openalex_only,OpenAlex,Digital Twin for Fused Filament Fabrication (FFF),2025,Open MIND,10.5281/zenodo.18270595,https://doi.org/10.5281/zenodo.18270595,,7
593,curated,openalex_only,OpenAlex,Digital Twin and Computer Vision Combination for Manufacturing and Operations: A Systematic Literature Review,2025,Applied Sciences,10.3390/app151810157,https://doi.org/10.3390/app151810157,,7
594,curated,crossref_only,Crossref,Digital Twin Concept for a Novel Aerosol-on-Demand Jet-Printing System,2025,"Proceedings of the 15th International Conference on Simulation and Modeling Methodologies, Technologies and Applications",10.5220/0013459200003970,https://doi.org/10.5220/0013459200003970,,7
595,curated,crossref_only,Crossref,Deep convolutional neural network object net model based cognitive digital twin for trust in human–robot collaborative manufacturing,2025,Journal of Intelligent Manufacturing,10.1007/s10845-024-02501-4,https://doi.org/10.1007/s10845-024-02501-4,,7
596,curated,both_openalex_crossref,Crossref; OpenAlex,"Cost–Reliability Trade-offs in Additive Manufacturing Maintenance: A Digital Twin, Kaplan–Meier, and Monte Carlo Approach",2025,Research Square,10.21203/rs.3.rs-7699256/v1,https://doi.org/10.21203/rs.3.rs-7699256/v1,,7
597,curated,openalex_only,OpenAlex,"Case study report on design, manufacturing and digital twinning of a DED-arc steel node for construction",2025,Research Square,10.21203/rs.3.rs-7721890/v1,https://doi.org/10.21203/rs.3.rs-7721890/v1,,7
598,curated,both_openalex_crossref,Crossref; OpenAlex,CULTURAL HERITAGE CONSERVATION IN DIGITAL ERA: A REVIEW OF DIGITAL TWIN AND 3D PRINTING APPLICATIONS,2025,Uludağ University Journal of The Faculty of Engineering,10.17482/uumfd.1604638,https://doi.org/10.17482/uumfd.1604638,,7
599,curated,both_openalex_crossref,Crossref; OpenAlex,Build Processes for Functionally-Graded Materials via Direct-Write Additive Manufacturing,2025,Research Square,10.21203/rs.3.rs-7830129/v1,https://doi.org/10.21203/rs.3.rs-7830129/v1,,7
600,curated,openalex_only,OpenAlex,Autonomous codesign and fabrication of multistimuli-responsive material systems,2025,Science Advances,10.1126/sciadv.adx4409,https://doi.org/10.1126/sciadv.adx4409,,7
601,curated,openalex_only,OpenAlex,An Overview of Additive Manufacturing of Triply Periodic Minimal Surface (TPMS) Structures,2025,Polymers,10.3390/polym17243307,https://doi.org/10.3390/polym17243307,,7
602,curated,openalex_only,OpenAlex,Advances in 3D Bioprinting and Microfluidics for Organ-on-a-Chip Platforms,2025,Polymers,10.3390/polym17223078,https://doi.org/10.3390/polym17223078,,7
603,curated,openalex_only,OpenAlex,Advances and perspectives in multi-material additive manufacturing of heterogenous metal-polymer components,2025,npj Advanced Manufacturing,10.1038/s44334-025-00045-w,https://doi.org/10.1038/s44334-025-00045-w,,7
604,curated,openalex_only,OpenAlex,Advanced 3D Modeling and Bioprinting of Human Anatomical Structures: A Novel Approach for Medical Education Enhancement,2025,Applied Sciences,10.3390/app16010005,https://doi.org/10.3390/app16010005,,7
605,curated,openalex_only,OpenAlex,Additive manufacturing of high-performance adsorbents for environmental use,2025,Engineering Research Express,10.1088/2631-8695/adfacc,https://doi.org/10.1088/2631-8695/adfacc,,7
606,curated,crossref_only,Crossref,Additive Manufacturing of a set of Herringbone Gears Assembly,2025,Venue unknown,10.21203/rs.3.rs-7643824/v1,https://doi.org/10.21203/rs.3.rs-7643824/v1,,7
607,curated,both_openalex_crossref,Crossref; OpenAlex,Additive Manufacturing of Multi-Material Structures,2025,Additive manufacturing,10.1201/9781003343868-12,https://doi.org/10.1201/9781003343868-12,,7
608,curated,crossref_only,Crossref,Additive Manufacturing of Composites: A Framework for Digital Twin-driven Lifecycle Management,2025,CAD'25,10.14733/cadconfp.2025.24-28,https://doi.org/10.14733/cadconfp.2025.24-28,,7
609,curated,crossref_only,Crossref,APPLICATION OF 3D PRINTING IN THE PRODUCTION OF MULTIMATERIAL HOLLOW POLYMERIC PARTS,2025,DYNA,10.52152/d11346,https://doi.org/10.52152/d11346,,7
610,curated,openalex_only,OpenAlex,AI-Enabled Design and Additive Manufacturing of Mechanical Materials: Methods and Future Directions,2025,Exploring Science Academic Conference Series,10.70267/ic-aimees.202502,https://doi.org/10.70267/ic-aimees.202502,,7
611,curated,crossref_only,Crossref,A unified V-shaped digital twin modeling paradigm of aircraft assembly systems for improving modeling accuracy and assembly quality,2025,Journal of Manufacturing Systems,10.1016/j.jmsy.2025.09.013,https://doi.org/10.1016/j.jmsy.2025.09.013,,7
612,curated,crossref_only,Crossref,A sensor-integrated digital twin framework for molten pool monitoring of laser powder bed fusion,2025,Computers in Industry,10.1016/j.compind.2025.104332,https://doi.org/10.1016/j.compind.2025.104332,,7
613,curated,openalex_only,OpenAlex,A review article on the assessment of additive manufacturing,2025,Journal of Materials Science Materials in Engineering,10.1186/s40712-025-00306-8,https://doi.org/10.1186/s40712-025-00306-8,,7
614,curated,crossref_only,Crossref,A dynamic task allocation framework for human-robot collaborative assembly based on digital twin and IGA-TS,2025,Journal of Manufacturing Systems,10.1016/j.jmsy.2025.02.014,https://doi.org/10.1016/j.jmsy.2025.02.014,,7
615,curated,crossref_only,Crossref,A digital twin approach for online reconfiguration of robotic manufacturing systems toward plug-and-produce,2025,International Journal of Computer Integrated Manufacturing,10.1080/0951192x.2025.2544550,https://doi.org/10.1080/0951192x.2025.2544550,,7
616,curated,crossref_only,Crossref,A cognitive digital twin modeling method of robotic production line,2025,Manufacturing Letters,10.1016/j.mfglet.2025.06.149,https://doi.org/10.1016/j.mfglet.2025.06.149,,7
617,curated,openalex_only,OpenAlex,A Three-Dimensional Visualization System for Tea Production Lines Based on Digital Twins,2025,Inventions,10.3390/inventions11010002,https://doi.org/10.3390/inventions11010002,,7
618,curated,openalex_only,OpenAlex,A New Generation of Lattice Structural Elements Produced with Wire‐Arc Additive Manufacturing,2025,ce/papers,10.1002/cepa.70026,https://doi.org/10.1002/cepa.70026,,7
619,curated,openalex_only,OpenAlex,"A Modular Deep Learning Pipeline (CNN+U-Net+GAN) for Color-Accurate, Cross-Material Digital Textile Printing with Transfer-Learning-Based Material Adaptation",2025,Informatica,10.31449/inf.v49i14.11235,https://doi.org/10.31449/inf.v49i14.11235,,7
620,curated,both_openalex_crossref,Crossref; OpenAlex,A COMPREHENSIVE ANALYSIS OF NON-PLANAR TOOLPATH OPTIMIZATION IN MULTI-AXIS 3D PRINTING: EVALUATING THE EFFICIENCY OF CURVED LAYER SLICING STRATEGIES,2025,Review of Applied Science and Technology,10.63125/5fdxa722,https://doi.org/10.63125/5fdxa722,,7
621,curated,openalex_only,OpenAlex,"3D-Printed Carbon-Based Electrochemical Energy Storage Devices: Material Design, Structural Engineering, and Application Frontiers",2025,Materials,10.3390/ma18225070,https://doi.org/10.3390/ma18225070,,7
622,curated,openalex_only,OpenAlex,3D printing driving innovations in extreme low-temperature energy storage,2025,Virtual and Physical Prototyping,10.1080/17452759.2025.2459798,https://doi.org/10.1080/17452759.2025.2459798,,7
623,curated,openalex_only,OpenAlex,"3D Printing Continuous Fiber Reinforced Polymers: A Review of Material Selection, Process, and Mechanics-Function Integration for Targeted Applications",2025,Polymers,10.3390/polym17121601,https://doi.org/10.3390/polym17121601,,7
624,curated,openalex_only,OpenAlex,3D Printing Assisted Wearable and Implantable Biosensors,2025,Biosensors,10.3390/bios15090619,https://doi.org/10.3390/bios15090619,,7
625,curated,openalex_only,OpenAlex,Чисельне моделювання та цифрові двійники в адитивному виробництві з використанням дугового наплавлення (WAAM),2025,Scientific periodicals of Ukraine,,https://openalex.org/W7113720055,,6
626,curated,openalex_only,OpenAlex,Wire-powder-arc additive manufacturing of alternating graded TiC and B <sub>4</sub> C particles reinforced aluminum matrix composite structures,2025,Virtual and Physical Prototyping,10.1080/17452759.2025.2560021,https://doi.org/10.1080/17452759.2025.2560021,,6
627,curated,crossref_only,Crossref,Volumetric Additive Manufacturing: Ushering in a New Era of Fabrication,2025,Hardware,10.3390/hardware3010002,https://doi.org/10.3390/hardware3010002,,6
628,curated,crossref_only,Crossref,Volumetric Additive Manufacturing of Composites via Hydrogel Infusion,2025,Venue unknown,10.26434/chemrxiv-2025-1twqq,https://doi.org/10.26434/chemrxiv-2025-1twqq,,6
629,curated,openalex_only,OpenAlex,Ultra-light antennas via charge programmed deposition additive manufacturing,2025,Nature Communications,10.1038/s41467-024-53513-w,https://doi.org/10.1038/s41467-024-53513-w,,6
630,curated,openalex_only,OpenAlex,Two Material Properties from One Wavelength‐Orthogonal Photoresin Enabled by a Monochromatic Laser Integrated Stereolithographic Apparatus (Mono LISA),2025,Advanced Materials,10.1002/adma.202419639,https://doi.org/10.1002/adma.202419639,,6
631,curated,openalex_only,OpenAlex,"Transforming Dental Care, Practice and Education with Additive Manufacturing and 3D Printing: Innovations in Materials, Technologies, and Future Pathways",2025,Dentistry Journal,10.3390/dj13120555,https://doi.org/10.3390/dj13120555,,6
632,curated,openalex_only,OpenAlex,Synthetic fascia for stiff and tough 4D printed multifunctional structures that detect and tolerate damage,2025,Nature Communications,10.1038/s41467-025-65279-w,https://doi.org/10.1038/s41467-025-65279-w,,6
633,curated,openalex_only,OpenAlex,Synergy of Smart Materials and Structures Toward Intelligent Metamaterials,2025,SmartSys,10.1002/sys3.70007,https://doi.org/10.1002/sys3.70007,,6
634,curated,openalex_only,OpenAlex,Structured Light at the Extreme: Harnessing Spatiotemporal Control for High-Field Laser-Matter Interactions,2025,ArXiv.org,10.48550/arxiv.2512.05042,https://doi.org/10.48550/arxiv.2512.05042,,6
635,curated,crossref_only,Crossref,Strain and damage sensing performance of functionally graded nanocomposite lattices enabled by DLP 3D printing,2025,Composites Part C: Open Access,10.1016/j.jcomc.2025.100634,https://doi.org/10.1016/j.jcomc.2025.100634,,6
636,curated,crossref_only,Crossref,Soft and Highly-Integrated Optical Fiber Bending Sensors for Proprioception in Multi-Material 3D Printed Fingers,2025,2025 IEEE 8th International Conference on Soft Robotics (RoboSoft),10.1109/robosoft63089.2025.11020895,https://doi.org/10.1109/robosoft63089.2025.11020895,,6
637,curated,openalex_only,OpenAlex,"Smart Polymers and Adaptive Systems in Pilot Suit Engineering: Toward Autonomous, Responsive, and Wearable Flight Technologies",2025,Nanomaterials,10.3390/nano15161228,https://doi.org/10.3390/nano15161228,,6
638,curated,both_openalex_crossref,Crossref; OpenAlex,Simultaneous topology and toolpath optimization for layer-free multi-axis additive manufacturing of 3D composite structures,2025,Additive manufacturing,10.1016/j.addma.2025.104774,https://doi.org/10.1016/j.addma.2025.104774,,6
639,curated,openalex_only,OpenAlex,Semi-crystalline and amorphous materials via multi-temperature 3D printing from one formulation,2025,Nature Communications,10.1038/s41467-025-64092-9,https://doi.org/10.1038/s41467-025-64092-9,,6
640,curated,openalex_only,OpenAlex,Self-X-based secure human-cyber-physical system (SSHCPS) for autonomous manufacturing in the era of industry 5.0,2025,Advanced Engineering Informatics,10.1016/j.aei.2025.104054,https://doi.org/10.1016/j.aei.2025.104054,,6
641,curated,crossref_only,Crossref,Selective Micro Laser Melting for Fabrication of Electronic Circuits,2025,Volume 1: Additive Manufacturing &amp; 3D Printing,10.1115/imece-india2025-159890,https://doi.org/10.1115/imece-india2025-159890,,6
642,curated,openalex_only,OpenAlex,Role of Soft Robotics in 4D Clothing Assembly and Custom Fit: A Review,2025,International Journal of Home Economics Hospitality and Allied Research,10.57012/ijhhr.v4n1.026,https://doi.org/10.57012/ijhhr.v4n1.026,,6
643,curated,openalex_only,OpenAlex,Robotic FDM for free-form fabrication: evaluating adaptive non-planar slicing with different contour methods,2025,Rapid Prototyping Journal,10.1108/rpj-03-2024-0109,https://doi.org/10.1108/rpj-03-2024-0109,,6
644,curated,crossref_only,Crossref,Review: application of green manufacturing processes in precision machining of automotive components,2025,Green Manufacturing Open,10.20517/gmo.2024.120501,https://doi.org/10.20517/gmo.2024.120501,,6
645,curated,openalex_only,OpenAlex,Review of Applications of Regression and Predictive Modeling in Wafer Manufacturing,2025,Electronics,10.3390/electronics14204083,https://doi.org/10.3390/electronics14204083,,6
646,curated,both_openalex_crossref,Crossref; OpenAlex,"Revealing the interplay between element mixing, intermetallics, and microcracks in multi-material laser additive manufacturing",2025,Additive manufacturing,10.1016/j.addma.2025.104971,https://doi.org/10.1016/j.addma.2025.104971,,6
647,curated,both_openalex_crossref,Crossref; OpenAlex,Reinforcement learning-enabled design of topological interlocking materials for sustainable multi-material additive manufacturing,2025,Additive manufacturing,10.1016/j.addma.2025.104992,https://doi.org/10.1016/j.addma.2025.104992,,6
648,curated,openalex_only,OpenAlex,Rapid and Inexpensive Image‐Guided Grayscale Biomaterial Customization via <scp>LCD</scp> Printing,2025,Journal of Biomedical Materials Research Part A,10.1002/jbm.a.37897,https://doi.org/10.1002/jbm.a.37897,,6
649,curated,openalex_only,OpenAlex,Projection-Based Simulation Method for Robotic 3D Printing of Large-Scale Polymer Composite Structures,2025,Polymers,10.3390/polym17111564,https://doi.org/10.3390/polym17111564,,6
650,curated,crossref_only,Crossref,Physics-based model for dot geometry prediction in dot-by-dot wire arc additive manufacturing,2025,Materials Research Proceedings,10.21741/9781644903735-16,https://doi.org/10.21741/9781644903735-16,,6
651,curated,openalex_only,OpenAlex,Phase-separation-driven cracking in additive manufacturing of Ni-Cu alloy systems,2025,Additive manufacturing,10.1016/j.addma.2025.104950,https://doi.org/10.1016/j.addma.2025.104950,,6
652,curated,both_openalex_crossref,Crossref; OpenAlex,Path Planning Techniques for Additive Manufacturing: A Review,2025,International Journal of Computer Science and Information Technology,10.62051/ijcsit.v6n1.10,https://doi.org/10.62051/ijcsit.v6n1.10,,6
653,curated,crossref_only,Crossref,Origami-Based Flexible Robotic Grippers via Hard-Soft Coupled Multimaterial 3D Printing,2025,Soft Robotics,10.1089/soro.2024.0166,https://doi.org/10.1089/soro.2024.0166,,6
654,curated,both_openalex_crossref,Crossref; OpenAlex,One-Vat Multimaterial 3D Printing: The Devil is in the Details,2025,ACS Central Science,10.1021/acscentsci.5c00986,https://doi.org/10.1021/acscentsci.5c00986,,6
655,curated,both_openalex_crossref,Crossref; OpenAlex,"Non-planar additive manufacturing: A comprehensive review of path planning, system integration, process control, and applications",2025,Additive manufacturing,10.1016/j.addma.2025.105059,https://doi.org/10.1016/j.addma.2025.105059,,6
656,curated,crossref_only,Crossref,Multimaterial additive manufacturing through grayscale digital light processing 3D printing,2025,Journal of Intelligent Material Systems and Structures,10.1177/1045389x251332442,https://doi.org/10.1177/1045389x251332442,,6
657,curated,openalex_only,OpenAlex,Multimaterial Digital Light Processing Three-Dimensional Printing of Materials with Different Relaxation Kinetics,2025,ACS Applied Polymer Materials,10.1021/acsapm.5c02906,https://doi.org/10.1021/acsapm.5c02906,,6
658,curated,both_openalex_crossref,Crossref; OpenAlex,Multimaterial 3D-printed structures from colour-selective resins,2025,Nature Materials,10.1038/s41563-025-02250-6,https://doi.org/10.1038/s41563-025-02250-6,,6
659,curated,crossref_only,Crossref,Multimaterial 3D printing of structured surfaces for increased hydrophobicity of biocomposite materials,2025,Additive Manufacturing Letters,10.1016/j.addlet.2025.100286,https://doi.org/10.1016/j.addlet.2025.100286,,6
660,curated,crossref_only,Crossref,Multimaterial 3D printing of plant protein-based material,2025,Innovative Food Science &amp; Emerging Technologies,10.1016/j.ifset.2024.103901,https://doi.org/10.1016/j.ifset.2024.103901,,6
661,curated,openalex_only,OpenAlex,Multimaterial 3D printed soft robots with embedded actuation and sensing,2025,Science Advances,10.1126/sciadv.adz2928,https://doi.org/10.1126/sciadv.adz2928,,6
662,curated,openalex_only,OpenAlex,Multicolor Digital Light Processing 3D Printing Enables Dissolvable Supports for Freestanding and Non-Assembly Structures,2025,ACS Central Science,10.1021/acscentsci.5c00289,https://doi.org/10.1021/acscentsci.5c00289,,6
663,curated,both_openalex_crossref,Crossref; OpenAlex,Multi-material nozzle geometry design optimization for bioprinting,2025,Additive manufacturing,10.1016/j.addma.2025.104959,https://doi.org/10.1016/j.addma.2025.104959,,6
664,curated,openalex_only,OpenAlex,Multi-material integrated 3D-printed electrochemical detection platform for rapid on-site screening of nimesulide in industrial sewage,2025,Microchimica Acta,10.1007/s00604-025-07634-8,https://doi.org/10.1007/s00604-025-07634-8,,6
665,curated,openalex_only,OpenAlex,Multi-axis material extrusion of continuous carbon fiber composites: tool design and mechanical characterization,2025,The International Journal of Advanced Manufacturing Technology,10.1007/s00170-025-15749-8,https://doi.org/10.1007/s00170-025-15749-8,,6
666,curated,crossref_only,Crossref,Moss Columns: Symbiosis Through 3D Printing Technologies,2025,Computational Design and Robotic Fabrication,10.1007/978-981-96-3433-0_11,https://doi.org/10.1007/978-981-96-3433-0_11,,6
667,curated,openalex_only,OpenAlex,Metal multi-material additive manufacturing: Overcoming barriers to implementation,2025,CIRP Annals,10.1016/j.cirp.2025.05.004,https://doi.org/10.1016/j.cirp.2025.05.004,,6
668,curated,openalex_only,OpenAlex,Metal Oxide-Functionalized Photopolymers: A Perspective in 3D Printing,2025,ACS Polymers Au,10.1021/acspolymersau.5c00065,https://doi.org/10.1021/acspolymersau.5c00065,,6
669,curated,openalex_only,OpenAlex,Mechanics and Modeling of 3D Printed Metamaterials for Energy Absorption,2025,TSpace,,https://openalex.org/W7132921366,,6
670,curated,both_openalex_crossref,Crossref; OpenAlex,Machine Learning in Gel-Based Additive Manufacturing: From Material Design to Process Optimization,2025,Gels,10.3390/gels11080582,https://doi.org/10.3390/gels11080582,,6
671,curated,openalex_only,OpenAlex,Ligand-exchange-assisted printing of colloidal nanocrystals to enable all-printed sub-micron optoelectronics,2025,Nature Communications,10.1038/s41467-025-64596-4,https://doi.org/10.1038/s41467-025-64596-4,,6
672,curated,openalex_only,OpenAlex,Laser-based powder bed fusion additive manufacturing of thinner walls through re-melting,2025,The International Journal of Advanced Manufacturing Technology,10.1007/s00170-025-15976-z,https://doi.org/10.1007/s00170-025-15976-z,,6
673,curated,openalex_only,OpenAlex,Investigating the Reliability and Dynamic Response of Fully 3D-Printed Thermistors,2025,Applied Sciences,10.3390/app15126822,https://doi.org/10.3390/app15126822,,6
674,curated,openalex_only,OpenAlex,Inter-layer multi-material powder bed fusion additive manufacturing of a chainmail-like 3D interlocking bonding structure,2025,Virtual and Physical Prototyping,10.1080/17452759.2025.2525985,https://doi.org/10.1080/17452759.2025.2525985,,6
675,curated,both_openalex_crossref,Crossref; OpenAlex,InFuse: In-Situ Material Injection for 3D Printing,2025,Venue unknown,10.36227/techrxiv.175329147.74597084/v1,https://doi.org/10.36227/techrxiv.175329147.74597084/v1,,6
676,curated,both_openalex_crossref,Crossref; OpenAlex,In-process density measurement for model-based process optimization of functionally graded foam microcellular structures in material extrusion additive manufacturing,2025,Additive manufacturing,10.1016/j.addma.2025.104817,https://doi.org/10.1016/j.addma.2025.104817,,6
677,curated,openalex_only,OpenAlex,Improved out-of-plane properties through alternative print path and in-layer heating,2025,Virtual and Physical Prototyping,10.1080/17452759.2025.2521106,https://doi.org/10.1080/17452759.2025.2521106,,6
678,curated,crossref_only,Crossref,Hybrid metal additive manufacturing for complex multimaterial component fabrication,2025,Additively Manufactured Smart Materials and Structures,10.1016/b978-0-443-16144-5.00015-6,https://doi.org/10.1016/b978-0-443-16144-5.00015-6,,6
679,curated,both_openalex_crossref,Crossref; OpenAlex,Hybrid epoxy–acrylate resins for wavelength-selective multimaterial 3D printing,2025,Nature Materials,10.1038/s41563-025-02249-z,https://doi.org/10.1038/s41563-025-02249-z,,6
680,curated,openalex_only,OpenAlex,High-throughput printing of functionally gradient material from self-propagation,2025,Nature Communications,10.1038/s41467-025-65189-x,https://doi.org/10.1038/s41467-025-65189-x,,6
681,curated,both_openalex_crossref,Crossref; OpenAlex,High-performance electromagnetic micropumps fabricated via multi-material jetting additive manufacturing,2025,Additive manufacturing,10.1016/j.addma.2025.105038,https://doi.org/10.1016/j.addma.2025.105038,,6
682,curated,openalex_only,OpenAlex,"High-k, Low-Loss Ceramic-Thermoplastic Composite Feedstock Filaments for Fused Deposition Modeling of Microwave and mm-Wave Devices",2025,Industrial engineering and management.,10.5772/intechopen.1008537,https://doi.org/10.5772/intechopen.1008537,,6
683,curated,openalex_only,OpenAlex,Harnessing near-infrared light for advanced 3D printing,2025,RSC Applied Polymers,10.1039/d5lp00101c,https://doi.org/10.1039/d5lp00101c,,6
684,curated,openalex_only,OpenAlex,Grayscale 4D Printing of Ferromagnetic Soft Materials,2025,Small,10.1002/smll.202503602,https://doi.org/10.1002/smll.202503602,,6
685,curated,openalex_only,OpenAlex,Gradient double-twisted Bouligand structural design for high impact resistance over a wide range of loading velocities,2025,Science Advances,10.1126/sciadv.adv2169,https://doi.org/10.1126/sciadv.adv2169,,6
686,curated,both_openalex_crossref,Crossref; OpenAlex,Fundamentals of Additive Manufacturing,2025,"3D Bioprinting: Advances, Challenges, and Fabricating the future",10.61096/978-81-981372-6-5_3,https://doi.org/10.61096/978-81-981372-6-5_3,,6
687,curated,openalex_only,OpenAlex,From Static to Adaptive: A Systematic Review of Smart Materials and 3D/4D Printing in the Evolution of Assistive Devices,2025,Actuators,10.3390/act14100483,https://doi.org/10.3390/act14100483,,6
688,curated,openalex_only,OpenAlex,Flexible electro-hydraulic power chips,2025,Nature Communications,10.1038/s41467-025-56636-w,https://doi.org/10.1038/s41467-025-56636-w,,6
689,curated,both_openalex_crossref,Crossref; OpenAlex,"Fabrication of cell culture devices with integrated microfluidic networks
                    <i>via</i>
                    vat multimaterial 3D printing",2025,Journal of Materials Chemistry B,10.1039/d5tb01601k,https://doi.org/10.1039/d5tb01601k,,6
690,curated,openalex_only,OpenAlex,Fabrication of Organic/Inorganic Nanocomposites: From Traditional Synthesis to Additive Manufacturing,2025,Advanced Materials,10.1002/adma.202505504,https://doi.org/10.1002/adma.202505504,,6
691,curated,openalex_only,OpenAlex,Fabricating Three-Dimensional Metamaterials Using Additive Manufacturing: An Overview,2025,Journal of Manufacturing and Materials Processing,10.3390/jmmp9100343,https://doi.org/10.3390/jmmp9100343,,6
692,curated,openalex_only,OpenAlex,External-field-assisted additive manufacturing for micro/nano device fabrication,2025,International Journal of Extreme Manufacturing,10.1088/2631-7990/ae098e,https://doi.org/10.1088/2631-7990/ae098e,,6
693,curated,both_openalex_crossref,Crossref; OpenAlex,"Exploring the mechanical, biological and degradation properties of PVA and PETG for engineering multi-material 4D printed actuators triggered by degradation",2025,Additive manufacturing,10.1016/j.addma.2025.105074,https://doi.org/10.1016/j.addma.2025.105074,,6
694,curated,openalex_only,OpenAlex,"Evaporation-driven generic, high-throughput and roll-to-roll printing of nanomaterials",2025,Nature Communications,10.1038/s41467-025-66455-8,https://doi.org/10.1038/s41467-025-66455-8,,6
695,curated,openalex_only,OpenAlex,Evaluation of Bond Strength in Multi-Material Specimens Using a Consumer-Grade LCD 3D Printer,2025,Journal of Manufacturing and Materials Processing,10.3390/jmmp9100332,https://doi.org/10.3390/jmmp9100332,,6
696,curated,crossref_only,Crossref,Ergonomic Insect Headgear and Abdominal Buckle with Surface Stimulators Manufactured via Multimaterial 3D Printing: Snap-and-Secure Installation of Noninvasive Sensory Stimulators for Cyborg Insects,2025,Cyborg and Bionic Systems,10.34133/cbsystems.0406,https://doi.org/10.34133/cbsystems.0406,,6
697,curated,openalex_only,OpenAlex,Enhancing Damage Tolerance of Structures Using 3D/4D Printing Technologies,2025,Advanced Materials Technologies,10.1002/admt.202500535,https://doi.org/10.1002/admt.202500535,,6
698,curated,openalex_only,OpenAlex,Engineering soft materials across length scales for programmable performance,2025,Texas Digital Library (University of Texas),10.26153/tsw/63164,https://doi.org/10.26153/tsw/63164,,6
699,curated,crossref_only,Crossref,Energy-Efficient Optimization of Digital Twin Air Handling Unit (AHU) Systems Based on Indoor People Counting: Case Study,2025,Computational Design and Robotic Fabrication,10.1007/978-981-96-3433-0_37,https://doi.org/10.1007/978-981-96-3433-0_37,,6
700,curated,openalex_only,OpenAlex,Electronic Artificial Intelligence and Digital Twins in Industry 5.0: A Systematic Review and Perspectives,2025,Machines,10.3390/machines13090755,https://doi.org/10.3390/machines13090755,,6
701,curated,openalex_only,OpenAlex,Electric field-coupled two-photon polymerization system for on-demand modulation of 3D-printed structural color,2025,PNAS Nexus,10.1093/pnasnexus/pgaf074,https://doi.org/10.1093/pnasnexus/pgaf074,,6
702,curated,crossref_only,Crossref,EasyFDM: AI-Assisted Multimaterial 3D Printing with Text and Image Representation,2025,Proceedings of the Extended Abstracts of the CHI Conference on Human Factors in Computing Systems,10.1145/3706599.3719935,https://doi.org/10.1145/3706599.3719935,,6
703,curated,crossref_only,Crossref,Dynamic Fluid‐Assisted Continuous Multimaterial 3D Printing for Seamless Gradient Structures (Adv. Mater. Technol. 15/2025),2025,Advanced Materials Technologies,10.1002/admt.70217,https://doi.org/10.1002/admt.70217,,6
704,curated,openalex_only,OpenAlex,Development of open-architecture two-wavelength grayscale digital light processing for advanced vat photopolymerization,2025,Additive manufacturing,10.1016/j.addma.2025.104818,https://doi.org/10.1016/j.addma.2025.104818,,6
705,curated,both_openalex_crossref,Crossref; OpenAlex,Development of functionally graded properties components via filament foaming in material extrusion,2025,International Journal on Interactive Design and Manufacturing (IJIDeM),10.1007/s12008-025-02395-3,https://doi.org/10.1007/s12008-025-02395-3,,6
706,curated,openalex_only,OpenAlex,Development of a Novel ShL AM Process for Deployable and Metamaterial Devices,2025,Open MIND,10.26153/tsw/63586,https://doi.org/10.26153/tsw/63586,,6
707,curated,openalex_only,OpenAlex,Development of Multi-Material Composite Structures Using PolyJet Additive Manufacturing,2025,INTERANTIONAL JOURNAL OF SCIENTIFIC RESEARCH IN ENGINEERING AND MANAGEMENT,10.55041/ijsrem51297,https://doi.org/10.55041/ijsrem51297,,6
708,curated,openalex_only,OpenAlex,Design and 3D printing of soft optical waveguides towards monolithic perceptive systems,2025,Additive manufacturing,10.1016/j.addma.2025.104687,https://doi.org/10.1016/j.addma.2025.104687,,6
709,curated,openalex_only,OpenAlex,"Defects caused by powder spattering and entrainment in laser powder bed fusion process: High-fidelity modeling of gas, melt pool and powder dynamics",2025,Acta Materialia,10.1016/j.actamat.2025.120816,https://doi.org/10.1016/j.actamat.2025.120816,,6
710,curated,openalex_only,OpenAlex,Data-Driven Optimization of Discontinuous and Continuous Fiber Composite Processes Using Machine Learning: A Review,2025,Polymers,10.3390/polym17182557,https://doi.org/10.3390/polym17182557,,6
711,curated,both_openalex_crossref,Crossref; OpenAlex,Computed Tomography-Driven Design and Fused Filament Fabrication of Graded Density Bone Scaffolds,2025,Applied Sciences,10.3390/app15126434,https://doi.org/10.3390/app15126434,,6
712,curated,crossref_only,Crossref,"Compressive Characterization of Pla, Abs and Hips Composite Materials in Multinozle and Multimaterial 3d Printing",2025,Venue unknown,10.2139/ssrn.5293845,https://doi.org/10.2139/ssrn.5293845,,6
713,curated,openalex_only,OpenAlex,Combination and Testing of Two Resins of 3D Printing Material: Comparison with ABS and PLA Materials,2025,International Journal on Science and Technology,10.71097/ijsat.v16.i3.6810,https://doi.org/10.71097/ijsat.v16.i3.6810,,6
714,curated,openalex_only,OpenAlex,"Biomedical <mml:math xmlns:mml=""http://www.w3.org/1998/Math/MathML"" altimg=""si38.svg"" display=""inline"" id=""d1e781""> <mml:mi>β</mml:mi> </mml:math> -titanium alloys from pure metal powders - Key role of Sn during additive manufacturing",2025,Journal of Materials Research and Technology,10.1016/j.jmrt.2025.10.174,https://doi.org/10.1016/j.jmrt.2025.10.174,,6
715,curated,openalex_only,OpenAlex,Beyond a Conduit: The Evolution of Functional Biliary Stents From Active Intervention to Enabling Platforms,2025,iNew Medicine,10.1002/inm3.70009,https://doi.org/10.1002/inm3.70009,,6
716,curated,crossref_only,Crossref,Autonomous Materials Synthesis Laboratories: Integrating Artificial Intelligence with Advanced Robotics for Accelerated Discovery,2025,Venue unknown,10.26434/chemrxiv-2025-fk3r7,https://doi.org/10.26434/chemrxiv-2025-fk3r7,,6
717,curated,crossref_only,Crossref,Automated Alignment Powered by Computer Vision Streamlines the Two‐Photon Polymerization‐Based Micro 3D Printing of Multiscale and Multimaterial Structures,2025,Advanced Intelligent Discovery,10.1002/aidi.202500188,https://doi.org/10.1002/aidi.202500188,,6
718,curated,openalex_only,OpenAlex,"Atomic-scale characterization: a review of advances in microscopy, spectroscopy, and machine learning",2025,Journal of Materials Science Composites,10.1186/s42252-025-00073-x,https://doi.org/10.1186/s42252-025-00073-x,,6
719,curated,crossref_only,Crossref,Assisting Refined Urban Management: Building an Evaluation Framework of Data Mapping Rate Towards Digital Twin City Platform,2025,Computational Design and Robotic Fabrication,10.1007/978-981-96-3433-0_44,https://doi.org/10.1007/978-981-96-3433-0_44,,6
720,curated,openalex_only,OpenAlex,Application of CMT-Twin DED-Arc Process on the Fabrication of Invar 36 by In Situ Alloying,2025,Materials,10.3390/ma18225146,https://doi.org/10.3390/ma18225146,,6
721,curated,openalex_only,OpenAlex,An open-source and low-cost dual-extruder 3D printer for macroscale biotic materials,2025,Progress in Additive Manufacturing,10.1007/s40964-025-01383-z,https://doi.org/10.1007/s40964-025-01383-z,,6
722,curated,crossref_only,Crossref,All 3D-printed high-sensitivity adaptive hydrogel strain sensor for accurate plant growth monitoring,2025,Soft Science,10.20517/ss.2024.38,https://doi.org/10.20517/ss.2024.38,,6
723,curated,openalex_only,OpenAlex,Advancements in Non-Conventional Manufacturing: Process Optimization and Applications,2025,Future Edge Journal of Progressive Research,10.66883/fejpr.v1.i1.000006,https://doi.org/10.66883/fejpr.v1.i1.000006,,6
724,curated,crossref_only,Crossref,Adjacencies of the Real: Scholastic Construction in the Twenty First Century,2025,Computational Design and Robotic Fabrication,10.1007/978-981-96-3433-0_30,https://doi.org/10.1007/978-981-96-3433-0_30,,6
725,curated,both_openalex_crossref,Crossref; OpenAlex,Additive manufacturing of multi-material and hollow structures by Embedded Extrusion-Volumetric Printing,2025,Nature Communications,10.1038/s41467-025-62057-6,https://doi.org/10.1038/s41467-025-62057-6,,6
726,curated,crossref_only,Crossref,Additive manufacturing of functionally graded magnetic materials,2025,Additive Manufacturing of Magnetic Materials,10.1016/b978-0-443-33395-8.00011-2,https://doi.org/10.1016/b978-0-443-33395-8.00011-2,,6
727,curated,openalex_only,OpenAlex,Additive Manufacturing of Metals and Alloys,2025,Additive manufacturing,10.1201/9781003343868-4,https://doi.org/10.1201/9781003343868-4,,6
728,curated,openalex_only,OpenAlex,"Additive Manufacturing at the Crossroads: Costs, Sustainability, and Global Adoption",2025,Journal of Manufacturing and Materials Processing,10.3390/jmmp10010005,https://doi.org/10.3390/jmmp10010005,,6
729,curated,openalex_only,OpenAlex,Acoustic Analysis of 3D Printing Motion Patterns for Machine Condition Monitoring,2025,SINTEK JURNAL Jurnal Ilmiah Teknik Mesin,10.24853/sintek.19.2.113-131,https://doi.org/10.24853/sintek.19.2.113-131,,6
730,curated,crossref_only,Crossref,A workflow for designing stiffness-optimized structures in the context of additive manufacturing of endless fiber-reinforced composites,2025,Journal of Thermoplastic Composite Materials,10.1177/08927057251332788,https://doi.org/10.1177/08927057251332788,,6
731,curated,openalex_only,OpenAlex,A systematic review of thermodynamic modeling and machine learning integration for optimizing plate heat exchanger performance in Uganda’s brewing industry,2025,Frontiers in Mechanical Engineering,10.3389/fmech.2025.1696957,https://doi.org/10.3389/fmech.2025.1696957,,6
732,curated,openalex_only,OpenAlex,A framework for soft mechanism driven robots,2025,Nature Communications,10.1038/s41467-025-56025-3,https://doi.org/10.1038/s41467-025-56025-3,,6
733,curated,openalex_only,OpenAlex,A comprehensive review on application of machine intelligence in additive manufacturing,2025,Turkish Journal of Engineering,10.31127/tuje.1502587,https://doi.org/10.31127/tuje.1502587,,6
734,curated,openalex_only,OpenAlex,A Review of Wire Arc Additive Manufacturing,2025,International Journal of Scientific Research in Modern Science and Technology,10.59828/ijsrmst.v4i8.353,https://doi.org/10.59828/ijsrmst.v4i8.353,,6
735,curated,openalex_only,OpenAlex,A Comprehensive Review on Fatigue Life Prediction Approaches for Additively Manufactured Components,2025,International Journal For Multidisciplinary Research,10.36948/ijfmr.2025.v07i06.63507,https://doi.org/10.36948/ijfmr.2025.v07i06.63507,,6
736,curated,openalex_only,OpenAlex,4D Printing Technology and Its Application Possibilities in Unmanned Aerial Vehicles (UAVs),2025,Türkiye İnsansız Hava Araçları Dergisi,10.51534/tiha.1663442,https://doi.org/10.51534/tiha.1663442,,6
737,curated,both_openalex_crossref,Crossref; OpenAlex,3D-printed Multimaterial Microfluidic Transistors,2025,Venue unknown,10.31224/4688,https://doi.org/10.31224/4688,,6
738,curated,openalex_only,OpenAlex,“Grafting‐to” Polymers of Xylan‐<i>g</i>‐allyl Glycidyl Ether Toughen PEG Hydrogel via Microphase Separation: Thermoresponsive and Photoreactive Molecular Assembly in DLP 3D Printing,2025,Small,10.1002/smll.202502129,https://doi.org/10.1002/smll.202502129,,5
739,curated,openalex_only,OpenAlex,Üç Boyutlu Yazıcı Teknolojileri ve Diş Hekimliğinde Uygulama Alanları: Güncel Yaklaşımlar ve Gelecek Perspektifleri,2025,DergiPark (Istanbul University),,https://openalex.org/W7160976246,,5
740,curated,openalex_only,OpenAlex,z-GrAdd – Facile fabrication of various functional gradient materials by 3D printing using the gradual addition of reagents,2025,Additive manufacturing,10.1016/j.addma.2025.104713,https://doi.org/10.1016/j.addma.2025.104713,,5
741,curated,openalex_only,OpenAlex,Zwitterionic Photocurable Resin for High‐Resolution 3D Printing of Ultralow‐Fouling Microstructures,2025,Small Methods,10.1002/smtd.202501222,https://doi.org/10.1002/smtd.202501222,,5
742,curated,openalex_only,OpenAlex,Xolography for Biomedical Applications: Dual‐Color Light‐Sheet Printing of Hydrogels With Local Control Over Shape and Stiffness,2025,Advanced Materials,10.1002/adma.202410292,https://doi.org/10.1002/adma.202410292,,5
743,curated,openalex_only,OpenAlex,Wire-arc Additive Manufacturing Open Repository,2025,Zenodo (CERN European Organization for Nuclear Research),10.5281/zenodo.17608626,https://doi.org/10.5281/zenodo.17608626,,5
744,curated,both_openalex_crossref,Crossref; OpenAlex,White Paper: Scalable Digital Twin Capabilities for Aging and Surveillance of Engineered Systems,2025,Venue unknown,10.2172/3001797,https://doi.org/10.2172/3001797,,5
745,curated,crossref_only,Crossref,Warpage correction for vat photopolymerization 3D printing,2025,Additive Manufacturing,10.1016/j.addma.2025.104740,https://doi.org/10.1016/j.addma.2025.104740,,5
746,curated,openalex_only,OpenAlex,Warm metalworking for plastic manufacturing in brittle semiconductors,2025,Nature Materials,10.1038/s41563-025-02223-9,https://doi.org/10.1038/s41563-025-02223-9,,5
747,curated,both_openalex_crossref,Crossref; OpenAlex,Volumetric additive manufacturing: where do we go from here?,2025,Advanced Fabrication Technologies for Micro/Nano Optics and Photonics XVIII,10.1117/12.3047445,https://doi.org/10.1117/12.3047445,,5
748,curated,both_openalex_crossref,Crossref; OpenAlex,Volumetric Additive Manufacturing of Hollow-Core Photonic Crystal Fiber Structures for THz Frequencies,2025,2025 Conference on Lasers and Electro-Optics Europe &amp;amp; European Quantum Electronics Conference (CLEO/Europe-EQEC),10.1109/cleo/europe-eqec65582.2025.11109744,https://doi.org/10.1109/cleo/europe-eqec65582.2025.11109744,,5
749,curated,openalex_only,OpenAlex,Volumetric Additive Manufacturing of Dormant Catalytic Chemistries to Generate Silicone Micro‐ and Millifluidic Devices and Instant Molds,2025,Advanced Science,10.1002/advs.202512300,https://doi.org/10.1002/advs.202512300,,5
750,curated,openalex_only,OpenAlex,Volumetric Additive Manufacturing of Dormant Catalytic Chemistries to Generate Silicone Micro- and Millifluidic Devices,2025,ChemRxiv,10.26434/chemrxiv-2025-209t6,https://doi.org/10.26434/chemrxiv-2025-209t6,,5
751,curated,both_openalex_crossref,Crossref; OpenAlex,Volumetric Additive Manufacturing for Cell Printing: Bridging Industry Adaptation and Regulatory Frontiers,2025,ACS Biomaterials Science &amp; Engineering,10.1021/acsbiomaterials.4c01837,https://doi.org/10.1021/acsbiomaterials.4c01837,,5
752,curated,openalex_only,OpenAlex,Visualization of photocuring and 4D printing with real-time phosphorescence,2025,Nature Communications,10.1038/s41467-025-59502-x,https://doi.org/10.1038/s41467-025-59502-x,,5
753,curated,crossref_only,Crossref,Viscous Thread Printing (VTP) for Production of Soft Robotic Fingers,2025,2025 IEEE 8th International Conference on Soft Robotics (RoboSoft),10.1109/robosoft63089.2025.11020838,https://doi.org/10.1109/robosoft63089.2025.11020838,,5
754,curated,openalex_only,OpenAlex,Vat photopolymerization of stretchable foam with highly entangled and crosslinked structures,2025,Nature Communications,10.1038/s41467-025-60087-8,https://doi.org/10.1038/s41467-025-60087-8,,5
755,curated,crossref_only,Crossref,Vat photopolymerization of 316L stainless steel: anisotropy analysis in metal additive manufacturing,2025,Proceedings of the 28th International Congress of Mechanical Engineering,10.26678/abcm.cobem2025.cob2025-0519,https://doi.org/10.26678/abcm.cobem2025.cob2025-0519,,5
756,curated,crossref_only,Crossref,Vat photopolymerization additive manufacturing of B4C/Al composites,2025,Materials Today Communications,10.1016/j.mtcomm.2025.113160,https://doi.org/10.1016/j.mtcomm.2025.113160,,5
757,curated,crossref_only,Crossref,Vat photopolymerization 3D printed SiOC-based metamaterials with triply periodic minimal surface: Microwave absorption and load-bearing properties,2025,Additive Manufacturing,10.1016/j.addma.2025.104776,https://doi.org/10.1016/j.addma.2025.104776,,5
758,curated,openalex_only,OpenAlex,Vat photopolymerisation 3D printing of ceramic core with regulation on rheological and curing behaviour based on spherical powders,2025,Virtual and Physical Prototyping,10.1080/17452759.2025.2549352,https://doi.org/10.1080/17452759.2025.2549352,,5
759,curated,openalex_only,OpenAlex,Vat Photopolymerization of Additively Manufactured Zirconia Ceramic Structures from Slurries of Surface Functionalized Particles: A Critical Review,2025,Surfaces,10.3390/surfaces8030058,https://doi.org/10.3390/surfaces8030058,,5
760,curated,openalex_only,OpenAlex,Vat Photopolymerization Printing of Modular Soft Stretchable Low-Cost Elastomers,2025,ACS Applied Polymer Materials,10.1021/acsapm.5c01217,https://doi.org/10.1021/acsapm.5c01217,,5
761,curated,both_openalex_crossref,Crossref; OpenAlex,Using viscoplastic fluid to suppress part sedimentation in volumetric additive manufacturing,2025,Progress in Additive Manufacturing,10.1007/s40964-024-00758-y,https://doi.org/10.1007/s40964-024-00758-y,,5
762,curated,openalex_only,OpenAlex,Upscaling Tomographic Volumetric 3D Printing via Virtual Stitching of Coordinated Projections,2025,ArXiv.org,10.48550/arxiv.2510.07981,https://doi.org/10.48550/arxiv.2510.07981,,5
763,curated,openalex_only,OpenAlex,UV cross-linkable hybrid resins for additive manufacturing to achieve high performance and body-temperature programmable shape memory effect,2025,Virtual and Physical Prototyping,10.1080/17452759.2025.2487287,https://doi.org/10.1080/17452759.2025.2487287,,5
764,curated,openalex_only,OpenAlex,Trioxanes as photodegradable motifs for additive manufacturing,2025,ChemRxiv,10.26434/chemrxiv-2025-gmt1k,https://doi.org/10.26434/chemrxiv-2025-gmt1k,,5
765,curated,openalex_only,OpenAlex,Transformative bioprinting: 4D printing and its role in the evolution of engineering and personalized medicine,2025,Discover Nano,10.1186/s11671-025-04230-w,https://doi.org/10.1186/s11671-025-04230-w,,5
766,curated,both_openalex_crossref,Crossref; OpenAlex,Tomographic Volumetric Additive Manufacturing of Silica Glass with In Situ Error Calculation and Projection Tiling,2025,Advanced Materials Technologies,10.1002/admt.202501649,https://doi.org/10.1002/admt.202501649,,5
767,curated,openalex_only,OpenAlex,Time-dependent volumetric printing of precision lenses through dynamic laser writing,2025,International Journal of Extreme Manufacturing,10.1088/2631-7990/adbd0a,https://doi.org/10.1088/2631-7990/adbd0a,,5
768,curated,openalex_only,OpenAlex,"Three-Dimensional Printable Photocurable Elastomer Composed of Hydroxyethyl Acrylate and Hydroxy Fatty Acid Derived from Waste Cooking Oil: An Innovative Strategy for Sustainable, Highly Flexible Resin Development",2025,Molecules,10.3390/molecules30194000,https://doi.org/10.3390/molecules30194000,,5
769,curated,openalex_only,OpenAlex,Thermally Responsive Architected Actuators with Programmable Shape Morphing and Tunable Stiffness,2025,Advanced Intelligent Systems,10.1002/aisy.202500123,https://doi.org/10.1002/aisy.202500123,,5
770,curated,openalex_only,OpenAlex,Thermal and Chemical Characterization of Digital Light Processing (DLP)-Manufactured Polymer Composites Reinforced with Jute Fibers,2025,Polymers,10.3390/polym17111504,https://doi.org/10.3390/polym17111504,,5
771,curated,openalex_only,OpenAlex,Teaching Bioinspired Design for Assistive Technologies Using Additive Manufacturing: A Collaborative Experience,2025,Biomimetics,10.3390/biomimetics10060391,https://doi.org/10.3390/biomimetics10060391,,5
772,curated,openalex_only,OpenAlex,Tailoring the Functional Properties of NiTi Shape Memory Alloy by Laser Powder Bed Fusion Process Conditions for 4D Printing,2025,Journal of Manufacturing and Materials Processing,10.3390/jmmp9120385,https://doi.org/10.3390/jmmp9120385,,5
773,curated,both_openalex_crossref,Crossref; OpenAlex,Tailored helix morphing of 3D-printed liquid crystal elastomer bilayers,2025,Cell Reports Physical Science,10.1016/j.xcrp.2025.102835,https://doi.org/10.1016/j.xcrp.2025.102835,,5
774,curated,openalex_only,OpenAlex,Sustainable Graphene Synthesis and Analysis of Graphene-Based PLA Nanocomposites: Impacts of Polymer Functionalization and Potential Applications in Cancer Treatments,2025,ACS Omega,10.1021/acsomega.5c01094,https://doi.org/10.1021/acsomega.5c01094,,5
775,curated,openalex_only,OpenAlex,Sustainable 3D Printing of Transparent SiO<sub>2</sub> Glass Components by a Photocurable Aqueous Suspension Design,2025,ACS Sustainable Chemistry & Engineering,10.1021/acssuschemeng.5c01470,https://doi.org/10.1021/acssuschemeng.5c01470,,5
776,curated,openalex_only,OpenAlex,Superelastic 3D printed nitinol lattices and wovens lead to dramatic variations of mechanical properties by design,2025,Virtual and Physical Prototyping,10.1080/17452759.2025.2595478,https://doi.org/10.1080/17452759.2025.2595478,,5
777,curated,openalex_only,OpenAlex,Stiff and self-healing hydrogels by polymer entanglements in co-planar nanoconfinement,2025,Nature Materials,10.1038/s41563-025-02146-5,https://doi.org/10.1038/s41563-025-02146-5,,5
778,curated,both_openalex_crossref,Crossref; OpenAlex,Spatiotemporally programmed dielectric liquid crystal elastomer: Electro-reversible 3D morphing via inverse 4D printing,2025,Science Advances,10.1126/sciadv.aeb2289,https://doi.org/10.1126/sciadv.aeb2289,,5
779,curated,openalex_only,OpenAlex,Spatiotemporal toughness modulation in hydrogels through on-demand cross-linking,2025,Science Advances,10.1126/sciadv.adz0440,https://doi.org/10.1126/sciadv.adz0440,,5
780,curated,openalex_only,OpenAlex,Spatially programmed alignment and actuation in printed liquid crystal elastomers,2025,Proceedings of the National Academy of Sciences,10.1073/pnas.2414960122,https://doi.org/10.1073/pnas.2414960122,,5
781,curated,crossref_only,Crossref,Sparse-view irradiation processing volumetric additive manufacturing,2025,International Journal of Extreme Manufacturing,10.1088/2631-7990/adebbf,https://doi.org/10.1088/2631-7990/adebbf,,5
782,curated,openalex_only,OpenAlex,Sonicated inks and focused-ultrasound writing enable deep-penetration acoustic volumetric printing,2025,Nature Protocols,10.1038/s41596-025-01258-1,https://doi.org/10.1038/s41596-025-01258-1,,5
783,curated,openalex_only,OpenAlex,Soft Metalens for Broadband Ultrasonic Focusing through Aberration Layers,2025,Nature Communications,10.1038/s41467-024-55022-2,https://doi.org/10.1038/s41467-024-55022-2,,5
784,curated,openalex_only,OpenAlex,"Smart materials for 4D printing: Emerging biomedical applications, stimuli, techniques, and future directions",2025,Materials Today Communications,10.1016/j.mtcomm.2025.114490,https://doi.org/10.1016/j.mtcomm.2025.114490,,5
785,curated,crossref_only,Crossref,Smart Pharma TwinNet: AI-Driven Digital Twin Networks for Smart Pharmaceutical Manufacturing with Industrial IoT,2025,AIJR Proceedings,10.21467/proceedings.7.4.7,https://doi.org/10.21467/proceedings.7.4.7,,5
786,curated,openalex_only,OpenAlex,Smart Metallurgy: The Impact of Industry 4.0 on Materials Processing and Innovation,2025,The Annals of “Dunarea de Jos” University of Galati Fascicle IX Metallurgy and Materials Science,10.35219/mms.2025.4.06,https://doi.org/10.35219/mms.2025.4.06,,5
787,curated,openalex_only,OpenAlex,"Smart Design Aided by Mathematical Approaches: Adaptive Manufacturing, Sustainability, and Biomimetic Materials",2025,Designs,10.3390/designs9050102,https://doi.org/10.3390/designs9050102,,5
788,curated,crossref_only,Crossref,Sintering-based lithography metal additive manufacturing of chiral mechanical metamaterials with a twist,2025,Procedia CIRP,10.1016/j.procir.2025.01.018,https://doi.org/10.1016/j.procir.2025.01.018,,5
789,curated,crossref_only,Crossref,Shape-Modulating 3D-Printed Omnidirectional Soft Pneumatic Composite Tube Actuator: Clover Leaf Model With Eccentric Holes,2025,Volume 4: Gas Turbines; Pressure Technologies; Robotics &amp; Automation,10.1115/imece-india2025-161398,https://doi.org/10.1115/imece-india2025-161398,,5
790,curated,openalex_only,OpenAlex,Shape programming of liquid crystal elastomers by two-stage wavelength-selective photopolymerization,2025,Materials Horizons,10.1039/d5mh01907a,https://doi.org/10.1039/d5mh01907a,,5
791,curated,openalex_only,OpenAlex,Self‐Healing and Reprocessable Soft Robots Using 3D Digital Light Printing,2025,Advanced Science,10.1002/advs.202516901,https://doi.org/10.1002/advs.202516901,,5
792,curated,both_openalex_crossref,Crossref; OpenAlex,Resolving hydrophilic–hydrophobic resin mismatch for single-step volumetric additive manufacturing of cell-adhesive polyesters,2025,Additive Manufacturing,10.1016/j.addma.2025.105009,https://doi.org/10.1016/j.addma.2025.105009,,5
793,curated,openalex_only,OpenAlex,Resin properties and part size interrelationships in computed tomography-based volumetric additive manufacturing,2025,Espace ÉTS (ETS),10.82417/z6t0-md09,https://doi.org/10.82417/z6t0-md09,,5
794,curated,openalex_only,OpenAlex,Research on Laser Cladding Single-Pass Continuous Carbon Fiber-Reinforced Aluminum Matrix Composite Process Based on Abaqus,2025,Materials,10.3390/ma18163859,https://doi.org/10.3390/ma18163859,,5
795,curated,both_openalex_crossref,Crossref; OpenAlex,Research Progress of Volumetric Additive Manufacturing,2025,Applied and Computational Engineering,10.54254/2755-2721/2025.gl27143,https://doi.org/10.54254/2755-2721/2025.gl27143,,5
796,curated,openalex_only,OpenAlex,Recycling Commodity Plastic Waste for Vat Photopolymerization 3D Printing of High-Performance Polymeric Composites,2025,ACS Applied Polymer Materials,10.1021/acsapm.5c02101,https://doi.org/10.1021/acsapm.5c02101,,5
797,curated,openalex_only,OpenAlex,RESEARCH PROGRESS AND CHALLENGES OF DIGITAL TWIN TECHNOLOGY IN THE FIELD OF AGRICULTURAL MACHINERY TOOL WEAR,2025,INMATEH Agricultural Engineering,10.35633/inmateh-77-88,https://doi.org/10.35633/inmateh-77-88,,5
798,curated,openalex_only,OpenAlex,RAFT-Mediated 3D Printing of Polylactones/Itaconate Elastomers with Polypeptide Surface Functionalization,2025,ACS Polymers Au,10.1021/acspolymersau.5c00117,https://doi.org/10.1021/acspolymersau.5c00117,,5
799,curated,crossref_only,Crossref,Quantifying limits imposed by occlusions in volumetric additive manufacturing,2025,Advanced Fabrication Technologies for Micro/Nano Optics and Photonics XVIII,10.1117/12.3047764,https://doi.org/10.1117/12.3047764,,5
800,curated,crossref_only,Crossref,Quantifying Manufacturability Complexity Index: A Case Study of VAT Photopolymerization Additive Manufacturing,2025,3D Printing and Additive Manufacturing,10.1089/3dp.2024.0059,https://doi.org/10.1089/3dp.2024.0059,,5
801,curated,openalex_only,OpenAlex,Pyrolysis Kinetics-Driven Resin Optimization for Enhanced Reliability in Ceramic Vat Photopolymerization Manufacturing,2025,Materials,10.3390/ma18174004,https://doi.org/10.3390/ma18174004,,5
802,curated,crossref_only,Crossref,Properties of zirconia-doped hydroxyapatite ceramics prepared by vat photopolymerization additive manufacturing technology and microwave sintering,2025,Ceramics International,10.1016/j.ceramint.2025.03.248,https://doi.org/10.1016/j.ceramint.2025.03.248,,5
803,curated,openalex_only,OpenAlex,Progressive transpose from 3D to 4D printed materials for drug delivery and biomedical applications,2025,Reactive and Functional Polymers,10.1016/j.reactfunctpolym.2025.106455,https://doi.org/10.1016/j.reactfunctpolym.2025.106455,,5
804,curated,openalex_only,OpenAlex,Programmable material via thiol-ene polymerization initiated by electric-field induced thiyl radical on piezoelectric ZnO,2025,Nature Communications,10.1038/s41467-025-64011-y,https://doi.org/10.1038/s41467-025-64011-y,,5
805,curated,openalex_only,OpenAlex,Process engineering and manufacturing technologies for structural control and multifunctionality in electrospun nanofibres,2025,Virtual and Physical Prototyping,10.1080/17452759.2025.2569536,https://doi.org/10.1080/17452759.2025.2569536,,5
806,curated,crossref_only,Crossref,Preparation of high performance translucent alumina based on vat photopolymerization additive manufacturing,2025,Ceramics International,10.1016/j.ceramint.2025.08.016,https://doi.org/10.1016/j.ceramint.2025.08.016,,5
807,curated,openalex_only,OpenAlex,Polycaprolactone–Itaconic Acid Resins for Additive Manufacturing of Environmentally Degradable 3D and 4D Materials by Thiol-ene Photopolymerization,2025,Macromolecules,10.1021/acs.macromol.5c01310,https://doi.org/10.1021/acs.macromol.5c01310,,5
808,curated,both_openalex_crossref,Crossref; OpenAlex,Physics-Informed Neural Networks for Fast Thermal Simulation in Laser Wire Additive Manufacturing,2025,2025 15th France-Japan &amp;amp; 13th Europe-Asia Congress on Mechatronics (MECATRONICS) / 23rd International Conference on Research and Education in Mechatronics (REM),10.1109/mecatronics-rem67547.2025.11349643,https://doi.org/10.1109/mecatronics-rem67547.2025.11349643,,5
809,curated,openalex_only,OpenAlex,Physics Informed Activation Functions and Loss Functions for Signal Reconstruction and Digital Twinning,2025,Research Square,10.21203/rs.3.rs-8140679/v1,https://doi.org/10.21203/rs.3.rs-8140679/v1,,5
810,curated,crossref_only,Crossref,Photopolymerization additive manufacturing of highly stretchable CNT nanocomposites for 3D-architectured sensor applications,2025,Composite Structures,10.1016/j.compstruct.2025.119614,https://doi.org/10.1016/j.compstruct.2025.119614,,5
811,curated,crossref_only,Crossref,Pellet-based 3D printing of soft thermoplastic elastomeric membranes for soft robotic applications,2025,Materials &amp; Design,10.1016/j.matdes.2025.114589,https://doi.org/10.1016/j.matdes.2025.114589,,5
812,curated,crossref_only,Crossref,Parallel Fin Ray Soft Gripper with Embedded Mechano-Optical Force Sensor,2025,Applied Sciences,10.3390/app15052576,https://doi.org/10.3390/app15052576,,5
813,curated,both_openalex_crossref,Crossref; OpenAlex,Parallax manufacturing: a high dimensionality volumetric additive manufacturing framework,2025,Advanced Fabrication Technologies for Micro/Nano Optics and Photonics XVIII,10.1117/12.3048438,https://doi.org/10.1117/12.3048438,,5
814,curated,openalex_only,OpenAlex,Oxygen Saturation as a Strategy to Mitigate User-Induced Variation in Tomographic Volumetric Additive Manufacturing,2025,Open MIND,10.26153/tsw/63595,https://doi.org/10.26153/tsw/63595,,5
815,curated,crossref_only,Crossref,Optimizing Robotic Disassembly-Assembly Line Balancing with Directional Switching Time via an Improved Q(λ) Algorithm in IoT-Enabled Smart Manufacturing,2025,Electronics,10.3390/electronics14173499,https://doi.org/10.3390/electronics14173499,,5
816,curated,openalex_only,OpenAlex,Optimisation of curing models and ultra-high-precision forming strategy in vat photopolymerization of silica-based ceramic modified by graphene,2025,Virtual and Physical Prototyping,10.1080/17452759.2025.2499450,https://doi.org/10.1080/17452759.2025.2499450,,5
817,curated,both_openalex_crossref,Crossref; OpenAlex,Optimal Design of 3D-Printed Flexible Fingers for Robotic Soft Gripping of Agricultural Products,2025,Actuators,10.3390/act14100468,https://doi.org/10.3390/act14100468,,5
818,curated,openalex_only,OpenAlex,Optical Properties of Gelatin Methacrylate and Implications for In Situ Cross-Linking in Spinal Cord Lesions and Engineered Hydrogel Systems,2025,bioRxiv (Cold Spring Harbor Laboratory),10.1101/2025.09.15.676407,https://doi.org/10.1101/2025.09.15.676407,,5
819,curated,openalex_only,OpenAlex,Observer-Based Volumetric Flow Control in Nonlinear Electro-Pneumatic Extrusion Actuator with Rheological Dynamics,2025,Actuators,10.3390/act14100496,https://doi.org/10.3390/act14100496,,5
820,curated,both_openalex_crossref,Crossref; OpenAlex,Novel printing geometries for tomographic volumetric additive manufacturing,2025,Advanced Fabrication Technologies for Micro/Nano Optics and Photonics XVIII,10.1117/12.3039575,https://doi.org/10.1117/12.3039575,,5
821,curated,crossref_only,Crossref,Novel 3D printed BaTiO3-based ceramics with high PTC effect via vat photopolymerization and vacuum infiltration,2025,Additive Manufacturing,10.1016/j.addma.2025.104945,https://doi.org/10.1016/j.addma.2025.104945,,5
822,curated,openalex_only,OpenAlex,Non‐Sticky Display Eliminates Surface Roughness and Interface Adhesion: Enabling Large‐Scale LCD‐Based 3D Printing,2025,Small,10.1002/smll.202502046,https://doi.org/10.1002/smll.202502046,,5
823,curated,openalex_only,OpenAlex,"Nanoparticle‐Empowered 4D Printing: Materials, Stimuli, and Emerging Actuation Strategies",2025,Advanced Materials Technologies,10.1002/admt.202501443,https://doi.org/10.1002/admt.202501443,,5
824,curated,openalex_only,OpenAlex,NURBS-Based Ray Tracer Modeling of Tomographic Volumetric Additive Manufacturing,2025,TU/e Research Portal,,https://openalex.org/W7160975289,,5
825,curated,openalex_only,OpenAlex,"Multiscale thermal optimization of 3D-printed walls: integrating structure, material, and process with fire-thermal synergy",2025,City and Built Environment,10.1007/s44213-025-00066-3,https://doi.org/10.1007/s44213-025-00066-3,,5
826,curated,openalex_only,OpenAlex,"Multifunctional dithiolane monomers for multi-scale, recyclable light-driven additive manufacturing",2025,Polymer Chemistry,10.1039/d5py00199d,https://doi.org/10.1039/d5py00199d,,5
827,curated,crossref_only,Crossref,Multicycle Characterization of Surface Roughness in Stereolithography-based Additive Manufacturing Using a Methacrylate-based Thermoresponsive Copolymer,2025,3D Printing and Additive Manufacturing,10.1089/3dp.2024.0092,https://doi.org/10.1089/3dp.2024.0092,,5
828,curated,openalex_only,OpenAlex,Multi-objective Bayesian optimization: a case study in material extrusion,2025,Digital Discovery,10.1039/d4dd00281d,https://doi.org/10.1039/d4dd00281d,,5
829,curated,openalex_only,OpenAlex,Multi-layer screen-printing of magnetic soft robots with integrated materials and functions,2025,Cell Reports Physical Science,10.1016/j.xcrp.2025.102614,https://doi.org/10.1016/j.xcrp.2025.102614,,5
830,curated,both_openalex_crossref,Crossref; OpenAlex,Mould-Free Microneedles in a Single Step: 3D Printing with Photopolymer Resins for Transdermal Delivery,2025,Pharmaceutics,10.3390/pharmaceutics17111498,https://doi.org/10.3390/pharmaceutics17111498,,5
831,curated,openalex_only,OpenAlex,Morphological and Computational Analysis of Additively Manufacturable Polyimide Precursors: Implications for Rationally Designing New Polyimide Structures,2025,Macromolecular Materials and Engineering,10.1002/mame.202500338,https://doi.org/10.1002/mame.202500338,,5
832,curated,crossref_only,Crossref,Monolithic 3D-Printed Three-Chamber Pneumatic Soft Gripper for Delicate Bra Cup Manipulation,2025,2025 Moratuwa Engineering Research Conference (MERCon),10.1109/mercon67903.2025.11217037,https://doi.org/10.1109/mercon67903.2025.11217037,,5
833,curated,openalex_only,OpenAlex,Modified Polysaccharides: Potential Biomaterials for Bioprinting,2025,Journal of Functional Biomaterials,10.3390/jfb16090338,https://doi.org/10.3390/jfb16090338,,5
834,curated,crossref_only,Crossref,Minimizing stress concentrations through material optimization with grayscale vat photopolymerization,2025,Progress in Additive Manufacturing,10.1007/s40964-025-01326-8,https://doi.org/10.1007/s40964-025-01326-8,,5
835,curated,openalex_only,OpenAlex,Micro-spring force sensors using conductive photosensitive resin fabricated via two-photon polymerization,2025,Microsystems & Nanoengineering,10.1038/s41378-025-00975-7,https://doi.org/10.1038/s41378-025-00975-7,,5
836,curated,openalex_only,OpenAlex,Metallic Mechanical Metamaterials Produced by LPBF for Energy Absorption Systems,2025,Metals,10.3390/met15121315,https://doi.org/10.3390/met15121315,,5
837,curated,openalex_only,OpenAlex,Mechanically resilient 3D lattices with soft–hard bicontinuous nanostructures via phase-separated interpenetrating composites,2025,Scientific Reports,10.1038/s41598-025-23506-w,https://doi.org/10.1038/s41598-025-23506-w,,5
838,curated,openalex_only,OpenAlex,Mechanical Characterization and Computational Analysis of TPU 60A: Integrating Experimental Testing and Simulation for Performance Optimization,2025,Materials,10.3390/ma18020240,https://doi.org/10.3390/ma18020240,,5
839,curated,openalex_only,OpenAlex,Magnetic modulation of keyhole instability during laser welding and additive manufacturing,2025,Science,10.1126/science.ado8554,https://doi.org/10.1126/science.ado8554,,5
840,curated,crossref_only,Crossref,Magnetic beneficiation – A novel approach to facilitate additive manufacturing of lunar regolith ceramics by vat photopolymerization,2025,Additive Manufacturing,10.1016/j.addma.2025.104863,https://doi.org/10.1016/j.addma.2025.104863,,5
841,curated,openalex_only,OpenAlex,Machine learning-aided lattice optimization for ultra-lightweight 3D-printed aligners,2025,Materials & Design,10.1016/j.matdes.2025.114139,https://doi.org/10.1016/j.matdes.2025.114139,,5
842,curated,openalex_only,OpenAlex,Machine Learning‐Based Optimization of Pixel Light Intensities for Improving Polymerization Accuracy in Digital Light Processing 3D Printing,2025,Advanced Materials Technologies,10.1002/admt.202500902,https://doi.org/10.1002/admt.202500902,,5
843,curated,openalex_only,OpenAlex,MECHANICAL PERFORMANCE AND SHAPE MEMORY BEHAVIOR OF 4D PRINTING POLYLACTIC ACID/BIOBASED THERMOPLASTIC POLYURETHANE,2025,Journal of Engineering and Technology (JET),10.54554/jet.2025.16.2.011,https://doi.org/10.54554/jet.2025.16.2.011,,5
844,curated,openalex_only,OpenAlex,Low-cost online dimensional quality monitoring in 3D Printing using standardised cyber-physical production architecture,2025,IET conference proceedings.,10.1049/icp.2025.3680,https://doi.org/10.1049/icp.2025.3680,,5
845,curated,crossref_only,Crossref,"Low-Cost 3D printed, Biocompatible Ionic Polymer Membranes for Soft Actuators",2025,2025 IEEE 8th International Conference on Soft Robotics (RoboSoft),10.1109/robosoft63089.2025.11020941,https://doi.org/10.1109/robosoft63089.2025.11020941,,5
846,curated,crossref_only,Crossref,"Lithography-based additive manufacturing of steel metamaterials: effect of sintering temperature on shape distortion, microstructure and mechanical properties",2025,Procedia CIRP,10.1016/j.procir.2025.01.014,https://doi.org/10.1016/j.procir.2025.01.014,,5
847,curated,openalex_only,OpenAlex,Liquid Crystal Elastomers Under Confinement: A Review of Template‐Based Fabrication and Applications,2025,Advanced Engineering Materials,10.1002/adem.202501727,https://doi.org/10.1002/adem.202501727,,5
848,curated,openalex_only,OpenAlex,"Linking Process Parameters, Structure, and Properties in Material Extrusion Additive Manufacturing of Polymers and Composites: A Review",2025,Journal of Manufacturing and Materials Processing,10.3390/jmmp9090286,https://doi.org/10.3390/jmmp9090286,,5
849,curated,both_openalex_crossref,Crossref; OpenAlex,Linear volumetric additive manufacturing of polymer structures via light initiated direct growth,2025,Light: Advanced Manufacturing,10.37188/lam.2025.063,https://doi.org/10.37188/lam.2025.063,,5
850,curated,openalex_only,OpenAlex,Light-based 3D printing and post-treatments of moulds for PDMS soft lithography,2025,Lab on a Chip,10.1039/d4lc00836g,https://doi.org/10.1039/d4lc00836g,,5
851,curated,openalex_only,OpenAlex,Leveraging emerging technologies to address the crisis of aging concrete infrastructure,2025,Journal of Infrastructure Preservation and Resilience,10.1186/s43065-025-00147-x,https://doi.org/10.1186/s43065-025-00147-x,,5
852,curated,openalex_only,OpenAlex,Leveraging Itaconic Acid in Microcrystalline Cellulose Reinforced Shape Memory Photopolymers for Sustainable 4D Printing,2025,Macromolecular Materials and Engineering,10.1002/mame.202500227,https://doi.org/10.1002/mame.202500227,,5
853,curated,openalex_only,OpenAlex,Lensless and Lossless HoloVAM,2025,Figshare,10.48550/arxiv.2512.06209,https://doi.org/10.48550/arxiv.2512.06209,,5
854,curated,openalex_only,OpenAlex,Lace 3D printing for deployable mechanical metamaterials,2025,Virtual and Physical Prototyping,10.1080/17452759.2025.2590577,https://doi.org/10.1080/17452759.2025.2590577,,5
855,curated,openalex_only,OpenAlex,Key Trends and Insights in Smart Polymeric Skin Wearable Patches,2025,Advanced Engineering Materials,10.1002/adem.202500823,https://doi.org/10.1002/adem.202500823,,5
856,curated,both_openalex_crossref,Crossref; OpenAlex,Investigating thermal strains and chemical shrinkage in tomographic volumetric additive manufacturing,2025,Additive Manufacturing,10.1016/j.addma.2025.104781,https://doi.org/10.1016/j.addma.2025.104781,,5
857,curated,both_openalex_crossref,Crossref; OpenAlex,Investigating the Influence of Printing Parameters on the Helical Deformation of 4D-printed Liquid Crystal Elastomer Fiber-actuators,2025,Chinese Journal of Polymer Science,10.1007/s10118-025-3288-8,https://doi.org/10.1007/s10118-025-3288-8,,5
858,curated,crossref_only,Crossref,Influence of Resin Composition on the Photopolymerization of Zirconia Ceramics Fabricated by Digital Light Processing Additive Manufacturing,2025,Polymers,10.3390/polym17101354,https://doi.org/10.3390/polym17101354,,5
859,curated,crossref_only,Crossref,In-situ heterogeneous bilayer membrane micro-actuator based on two-photon polymerization 4D printing technology,2025,Chinese Science Bulletin,10.1360/csb-2025-5141,https://doi.org/10.1360/csb-2025-5141,,5
860,curated,crossref_only,Crossref,In Situ Control of Reactive Mesogens Alignment During 3D Printing by Two‐Photon Lithography,2025,Advanced Science,10.1002/advs.202415159,https://doi.org/10.1002/advs.202415159,,5
861,curated,both_openalex_crossref,Crossref; OpenAlex,Implementation of a micro electromechanical system (MEMS) phase-only light modulator (PLM) for holographic volumetric additive manufacturing,2025,Emerging Digital Micromirror Device Based Systems and Applications XVII,10.1117/12.3043069,https://doi.org/10.1117/12.3043069,,5
862,curated,both_openalex_crossref,Crossref; OpenAlex,Impact of oxygen inhibition on (meth)acrylate photopolymerization in tomographic volumetric printing,2025,Additive Manufacturing,10.1016/j.addma.2025.104844,https://doi.org/10.1016/j.addma.2025.104844,,5
863,curated,openalex_only,OpenAlex,Impact of Oxygen Inhibition on Acrylate Photopolymerization in Tomographic Volumetric Printing,2025,SSRN Electronic Journal,10.2139/ssrn.5157227,https://doi.org/10.2139/ssrn.5157227,,5
864,curated,openalex_only,OpenAlex,Impact of Autoclaving on the Material Properties of Vat-Photopolymerization-Produced Components Intended for Bioprocess Engineering,2025,Materials,10.3390/ma18204720,https://doi.org/10.3390/ma18204720,,5
865,curated,openalex_only,OpenAlex,Hyperbranched prepolymer additives and in situ NMR to improve material properties and methods for monitoring reaction kinetics in photopolymer systems,2025,Iowa Research Online (The University of Iowa),10.25820/etd.008232,https://doi.org/10.25820/etd.008232,,5
866,curated,crossref_only,Crossref,Hydrophilic silicone-based ink derived from amphiphilic siloxane oligomers for the vat photopolymerization printing of embedded-channel fluidic devices,2025,Additive Manufacturing,10.1016/j.addma.2025.104691,https://doi.org/10.1016/j.addma.2025.104691,,5
867,curated,openalex_only,OpenAlex,Hydrogel-based bio-inks: Current progress and future directions in 3D printing,2025,Indian Journal of Chemical Technology,10.56042/ijct.v32i1.12274,https://doi.org/10.56042/ijct.v32i1.12274,,5
868,curated,crossref_only,Crossref,Hybrid framework for assessing additive manufacturing complexity index: integration of analytical hierarchy process and machine learning for VAT photopolymerization,2025,Progress in Additive Manufacturing,10.1007/s40964-025-01220-3,https://doi.org/10.1007/s40964-025-01220-3,,5
869,curated,both_openalex_crossref,Crossref; OpenAlex,Holographic tomographic volumetric additive manufacturing,2025,Nature Communications,10.1038/s41467-025-56852-4,https://doi.org/10.1038/s41467-025-56852-4,,5
870,curated,openalex_only,OpenAlex,High-Tg Vat Photopolymerization Materials Based on In Situ Sequential Interpenetrating Polymer Networks of Maleimide and Cyanate Ester Monomers,2025,Polymers,10.3390/polym17233179,https://doi.org/10.3390/polym17233179,,5
871,curated,openalex_only,OpenAlex,High-Strength andFast-Response Liquid Crystal ElastomerFiber and Fabric Actuators,2025,Figshare,10.1021/acsami.5c09353.s004,https://doi.org/10.1021/acsami.5c09353.s004,,5
872,curated,openalex_only,OpenAlex,High-Strength and Fast-Response Liquid Crystal Elastomer Fiber and Fabric Actuators,2025,ACS Applied Materials & Interfaces,10.1021/acsami.5c09353,https://doi.org/10.1021/acsami.5c09353,,5
873,curated,crossref_only,Crossref,High dimensionality volumetric additive manufacturing,2025,Advanced Fabrication Technologies for Micro/Nano Optics and Photonics XVIII,10.1117/12.3047687,https://doi.org/10.1117/12.3047687,,5
874,curated,openalex_only,OpenAlex,High Light-Efficiency Holographic Tomographic Volumetric Additive Manufacturing using a MEMS-based Phase-only Light Modulator,2025,ArXiv.org,10.48550/arxiv.2506.02578,https://doi.org/10.48550/arxiv.2506.02578,,5
875,curated,openalex_only,OpenAlex,Halftone-encoded 4D printing of stimulus-reconfigurable binary domains for cephalopod-inspired synthetic smart skins,2025,Nature Communications,10.1038/s41467-025-65378-8,https://doi.org/10.1038/s41467-025-65378-8,,5
876,curated,openalex_only,OpenAlex,Green-to-Violet Photon Upconversion Enables Simultaneous 3D Printing of Macro and Microscale Features with Vat Photopolymerization,2025,ChemRxiv,10.26434/chemrxiv-2025-907lw,https://doi.org/10.26434/chemrxiv-2025-907lw,,5
877,curated,openalex_only,OpenAlex,Green Light Vat‐Photopolymerisation for 3D Printing Hydrogels with Complex Lattice Structures,2025,Advanced Materials Technologies,10.1002/admt.202500090,https://doi.org/10.1002/admt.202500090,,5
878,curated,crossref_only,Crossref,Granular material system with enhanced printing fidelity and tailored mechanical properties for volumetric additive manufacturing,2025,Venue unknown,10.1021/scimeetings.5c11134,https://doi.org/10.1021/scimeetings.5c11134,,5
879,curated,openalex_only,OpenAlex,Geometrically insensitive deform-and-go liquid crystal elastomer actuators through controlled radical diffusion,2025,Nature Communications,10.1038/s41467-025-62883-8,https://doi.org/10.1038/s41467-025-62883-8,,5
880,curated,openalex_only,OpenAlex,Geometric strut optimisation of as-manufactured AlSi10Mg lattice structures for enhanced energy absorption,2025,Rapid Prototyping Journal,10.1108/rpj-07-2024-0291,https://doi.org/10.1108/rpj-07-2024-0291,,5
881,curated,crossref_only,Crossref,Gecko-inspired soft actuators for wafer handling via overcuring-induced anisotropic microstructures in DLP 3D printing,2025,Microsystems &amp; Nanoengineering,10.1038/s41378-025-00920-8,https://doi.org/10.1038/s41378-025-00920-8,,5
882,curated,both_openalex_crossref,Crossref; OpenAlex,Functionally Multistage Engageable Structures for Fin Ray Soft Robotics Fingers <sup>*</sup>,2025,2025 IEEE 8th International Conference on Soft Robotics (RoboSoft),10.1109/robosoft63089.2025.11020966,https://doi.org/10.1109/robosoft63089.2025.11020966,,5
883,curated,crossref_only,Crossref,"Functional inks for 3D printing: a review of materials, rheology and industrial applications",2025,Pigment &amp; Resin Technology,10.1108/prt-10-2025-0110,https://doi.org/10.1108/prt-10-2025-0110,,5
884,curated,openalex_only,OpenAlex,From Static Models to Dynamic Twins: Integrating Probabilistic Carbon Footprint Assessment and Additive Manufacturing Verification,2025,Open MIND,10.7302/28310,https://doi.org/10.7302/28310,,5
885,curated,openalex_only,OpenAlex,From Soft Lithography to 3D Printing: Current Status and Future of Microfluidic Device Fabrication,2025,Polymers,10.3390/polym17040455,https://doi.org/10.3390/polym17040455,,5
886,curated,crossref_only,Crossref,Freeze-dried silver nanowire based resin formulation for vat photopolymerization 3D printing of stretchable and electrically conductive nanocomposites,2025,Additive Manufacturing,10.1016/j.addma.2025.104706,https://doi.org/10.1016/j.addma.2025.104706,,5
887,curated,openalex_only,OpenAlex,Formulation and 3D Printing of PVDF-Containing Photocurable Resins for Digital Light Processing,2025,ACS Polymers Au,10.1021/acspolymersau.5c00113,https://doi.org/10.1021/acspolymersau.5c00113,,5
888,curated,crossref_only,Crossref,Flashing light curing strategy for shape fidelity improvement in photopolymerization-based ceramic additive manufacturing,2025,Additive Manufacturing,10.1016/j.addma.2025.104726,https://doi.org/10.1016/j.addma.2025.104726,,5
889,curated,openalex_only,OpenAlex,Fabrication of mechanical metamaterials by 3D printing: recent advancements and current challenges,2025,Archives of Civil and Mechanical Engineering,10.1007/s43452-025-01290-8,https://doi.org/10.1007/s43452-025-01290-8,,5
890,curated,crossref_only,Crossref,Fabrication and Testing of 3D Printed SMA Wire Embedded Thermoplastic Polyurethane Actuator,2025,"ASME 2025 Aerospace Structures, Structural Dynamics, and Materials Conference",10.1115/ssdm2025-152347,https://doi.org/10.1115/ssdm2025-152347,,5
891,curated,crossref_only,Crossref,Fabrication and Performance of High-Density Reaction-Bonded Silicon Carbide via Vat Photopolymerization-Based Additive Manufacturing,2025,Venue unknown,10.2139/ssrn.5939229,https://doi.org/10.2139/ssrn.5939229,,5
892,curated,openalex_only,OpenAlex,External Reflection From Two‐Photon Laser‐Printed Micromirrors Enables Photomechanical Actuation at a 90° Incident Angle,2025,Advanced Functional Materials,10.1002/adfm.202528531,https://doi.org/10.1002/adfm.202528531,,5
893,curated,both_openalex_crossref,Crossref; OpenAlex,Exploring the impact of volumetric additive manufacturing of photo-crosslinkable gelatin on mesenchymal stromal cell behavior and differentiation,2025,Additive Manufacturing,10.1016/j.addma.2025.104850,https://doi.org/10.1016/j.addma.2025.104850,,5
894,curated,openalex_only,OpenAlex,Exploring research trends in use of finite element analysis for optimization of stress concentration factor in bars with fillets,2025,Discover Mechanical Engineering,10.1007/s44245-025-00163-x,https://doi.org/10.1007/s44245-025-00163-x,,5
895,curated,openalex_only,OpenAlex,Exploring Challenges and Opportunities in Manufacturing and Intelligence for Future Robotics,2025,International Journal of Precision Engineering and Manufacturing,10.1007/s12541-025-01318-2,https://doi.org/10.1007/s12541-025-01318-2,,5
896,curated,both_openalex_crossref,Crossref; OpenAlex,"Exploring 4D printing for biomedical applications: Advancements, challenges, and future perspectives",2025,Bioprinting,10.1016/j.bprint.2025.e00436,https://doi.org/10.1016/j.bprint.2025.e00436,,5
897,curated,openalex_only,OpenAlex,"Experimental, numerical, and DIC analysis of high-performance VPP composites with multilayer glass fiber reinforcement",2025,Scientific Reports,10.1038/s41598-025-25027-y,https://doi.org/10.1038/s41598-025-25027-y,,5
898,curated,openalex_only,OpenAlex,Experimental and Numerical Research of 3D DLP-Printed Solid and Voronoi PLA Resin Specimens Under Tensile and Bending Loads,2025,Polymers,10.3390/polym17091180,https://doi.org/10.3390/polym17091180,,5
899,curated,openalex_only,OpenAlex,Experimental Study of Comprehensive Performance Analysis Regarding the Dynamical/Mechanical Aspects of 3D-Printed UAV Propellers and Sound Footprint,2025,Polymers,10.3390/polym17111466,https://doi.org/10.3390/polym17111466,,5
900,curated,crossref_only,Crossref,Expandable Multi-View Projection Volumetric Additive Manufacturing for a Wide Viscosity Range of Inks,2025,Venue unknown,10.2139/ssrn.5134579,https://doi.org/10.2139/ssrn.5134579,,5
901,curated,openalex_only,OpenAlex,Evolutionary artificial intelligence for 3D microstructure reconstruction based on inverse pole figure images,2025,Journal of Intelligent Manufacturing,10.1007/s10845-025-02737-8,https://doi.org/10.1007/s10845-025-02737-8,,5
902,curated,crossref_only,Crossref,Evolution of debinding and sintering of a silica-based ceramic using vat photopolymerization additive manufacturing,2025,Additive Manufacturing,10.1016/j.addma.2025.104795,https://doi.org/10.1016/j.addma.2025.104795,,5
903,curated,crossref_only,Crossref,Enhancing dental model accuracy through optimized vat photopolymerization additive manufacturing parameters,2025,Additive Manufacturing Letters,10.1016/j.addlet.2025.100278,https://doi.org/10.1016/j.addlet.2025.100278,,5
904,curated,openalex_only,OpenAlex,Enhanced Volumetric Additive Manufacturing via Reversible Addition-Fragmentation Chain Transfer (RAFT) Polymerization,2025,Nature Communications,10.1038/s41467-026-73456-8,https://doi.org/10.1038/s41467-026-73456-8,,5
905,curated,openalex_only,OpenAlex,Encoding Magnetic Anisotropies in Digital Light Processing 3D Printing,2025,Advanced Functional Materials,10.1002/adfm.202523995,https://doi.org/10.1002/adfm.202523995,,5
906,curated,both_openalex_crossref,Crossref; OpenAlex,Electroconductive Thermosensitive Shape Memory Polymers Manufactured by Fused Filament Fabrication: A Critical Review,2025,Applied Sciences,10.3390/app152111641,https://doi.org/10.3390/app152111641,,5
907,curated,openalex_only,OpenAlex,Dynamically crosslinked-interpenetrating networks for sustainable 3D-printed elastomeric foams,2025,Nature Communications,10.1038/s41467-025-65434-3,https://doi.org/10.1038/s41467-025-65434-3,,5
908,curated,openalex_only,OpenAlex,Dual-Wavelength Simultaneous Patterning of Degradable Thermoset Supports for One-Pot Embedded 3D Printing,2025,ACS Central Science,10.1021/acscentsci.5c00337,https://doi.org/10.1021/acscentsci.5c00337,,5
909,curated,openalex_only,OpenAlex,Direct‐Ink‐Written Shape‐Programmable Micro‐Supercapacitors with Electrothermal Liquid Crystal Elastomers,2025,Advanced Functional Materials,10.1002/adfm.202504979,https://doi.org/10.1002/adfm.202504979,,5
910,curated,crossref_only,Crossref,Direct Assembly of Multilayered Core–Shell Structured Composites for Self‐Sensing and Soft Robotic Fingers,2025,Advanced Materials Technologies,10.1002/admt.202401992,https://doi.org/10.1002/admt.202401992,,5
911,curated,openalex_only,OpenAlex,Direct 4D printing of hydrogels driven by structural topology,2025,Virtual and Physical Prototyping,10.1080/17452759.2025.2462962,https://doi.org/10.1080/17452759.2025.2462962,,5
912,curated,openalex_only,OpenAlex,Digitally fabricated 3D slippery architectures for multifunctional liquid manipulation,2025,Nature Communications,10.1038/s41467-025-64078-7,https://doi.org/10.1038/s41467-025-64078-7,,5
913,curated,crossref_only,Crossref,Digital twins toward smart manufacturing,2025,"Digital Twin, Blockchain, and Sensor Networks in the Healthy and Mobile City",10.1016/b978-0-443-34174-8.00025-9,https://doi.org/10.1016/b978-0-443-34174-8.00025-9,,5
914,curated,openalex_only,OpenAlex,Digital twin of USV thruster based on CFD simulations and towing tank experiments,2025,Brodogradnja,10.21278/brod76403,https://doi.org/10.21278/brod76403,,5
915,curated,openalex_only,OpenAlex,Digital light processing of photoresponsive and programmable hydrogels,2025,Science Advances,10.1126/sciadv.adw9262,https://doi.org/10.1126/sciadv.adw9262,,5
916,curated,openalex_only,OpenAlex,Differentiating Between Digital Twins and Control Systems for Complex Systems,2025,Journal of Computing and Information Science in Engineering,10.1115/1.4070329,https://doi.org/10.1115/1.4070329,,5
917,curated,openalex_only,OpenAlex,Dexter Energy Transfer-Enabled Biobased Oxime Ester-Photosensitizer System for Rapid Visible-Light/Sunlight-Induced Photocuring and 3D Printing,2025,Macromolecules,10.1021/acs.macromol.5c01580,https://doi.org/10.1021/acs.macromol.5c01580,,5
918,curated,crossref_only,Crossref,Development of high-precision Fresnel lenses for alcohol sensing using vat photopolymerization additive manufacturing,2025,Progress in Additive Manufacturing,10.1007/s40964-024-00723-9,https://doi.org/10.1007/s40964-024-00723-9,,5
919,curated,openalex_only,OpenAlex,Development of an Anthropometric Soft Pneumatic Gripper with Reconfigurable Fingers for Assistive Robotics,2025,Robotics,10.3390/robotics14110152,https://doi.org/10.3390/robotics14110152,,5
920,curated,openalex_only,OpenAlex,Development Of Electronically Controlled Dual-Component Continuous Powder Feeder To Build Functional Graded Materials With Additive Manufacturing Process,2025,Journal of Materials and Mechatronics A,10.55546/jmm.1675925,https://doi.org/10.55546/jmm.1675925,,5
921,curated,crossref_only,Crossref,Detection and correction of misalignment for high fidelity volumetric additive manufacturing,2025,Optics Express,10.1364/oe.540200,https://doi.org/10.1364/oe.540200,,5
922,curated,crossref_only,Crossref,"Design, Analysis and Fabrication of 3D Printed Contracting Soft Actuators",2025,"Volume 5: Dynamics, Vibration, and Control",10.1115/imece2025-166725,https://doi.org/10.1115/imece2025-166725,,5
923,curated,openalex_only,OpenAlex,Design of an educational stand with ABB IRB 120 for online and offline programming,2025,TECHNICAL SCIENCES AND TECHNOLOGIES,10.25140/2411-5363-2025-3(41)-63-69,https://doi.org/10.25140/2411-5363-2025-3%2841%29-63-69,,5
924,curated,both_openalex_crossref,Crossref; OpenAlex,Design of a Soft Robotic Finger Inspired by the Fin Ray Effect with Anthropomorphic Features,2025,2025 IEEE International Conference on Cyborg and Bionic Systems (CBS),10.1109/cbs65871.2025.11267540,https://doi.org/10.1109/cbs65871.2025.11267540,,5
925,curated,openalex_only,OpenAlex,Design and Performance of 3D-Printed Hybrid Polymers Exhibiting Shape Memory and Self-Healing via Acrylate–Epoxy–Thiol–Ene Chemistry,2025,Polymers,10.3390/polym17192594,https://doi.org/10.3390/polym17192594,,5
926,curated,crossref_only,Crossref,Design and Fabrication of 3D-Printed Molds for Silicone Soft Grippers For Robotic Applications,2025,Procceedings of the 13th Brazilian Congress on Manufacturing Engineering,10.26678/abcm.cobef2025.cof25-0213,https://doi.org/10.26678/abcm.cobef2025.cof25-0213,,5
927,curated,crossref_only,Crossref,Design and Analysis of 3D Printed Soft Grippers,2025,Lecture Notes in Networks and Systems,10.1007/978-3-032-09427-8_7,https://doi.org/10.1007/978-3-032-09427-8_7,,5
928,curated,crossref_only,Crossref,Demonstration and Analysis of Volumetric Additive Manufacturing Via Sub-Orbital Spaceflight Testing,2025,IAF Microgravity Sciences and Processes Symposium,10.52202/083075-0039,https://doi.org/10.52202/083075-0039,,5
929,curated,crossref_only,Crossref,Democratizing self-driving labs: advances in low-cost 3D printing for laboratory automation,2025,Digital Discovery,10.1039/d4dd00411f,https://doi.org/10.1039/d4dd00411f,,5
930,curated,openalex_only,OpenAlex,Deformation Prediction of 4D‐Printed Active Composite Structures Based on Data Mining,2025,Advanced Science,10.1002/advs.202516989,https://doi.org/10.1002/advs.202516989,,5
931,curated,openalex_only,OpenAlex,Data‐Driven Printability Modeling of Hydrogels for Precise Direct Ink Writing Based on Rheological Properties,2025,Advanced Science,10.1002/advs.202507639,https://doi.org/10.1002/advs.202507639,,5
932,curated,both_openalex_crossref,Crossref; OpenAlex,DYNAMIC INTERFACE PRINTING: A HIGH-THROUGHPUT APPROACH FOR BIOCOMPATIBLE STRUCTURE FABRICATION USING AN ACOUSTICALLY MODULATED AIR-LIQUID BOUNDARY,2025,2025 MicroTAS Book of Abstracts,10.70477/holx1245,https://doi.org/10.70477/holx1245,,5
933,curated,crossref_only,Crossref,Cycloaliphatic epoxy-functionalized polysiloxanes for UV-mask 3D printing via cationic photopolymerization,2025,Additive Manufacturing,10.1016/j.addma.2025.104977,https://doi.org/10.1016/j.addma.2025.104977,,5
934,curated,crossref_only,Crossref,Cybersecurity in Agriculture 5.0,2025,3D Printing and Digital Twins in Smart Agriculture,10.4018/979-8-3373-7077-4.ch008,https://doi.org/10.4018/979-8-3373-7077-4.ch008,,5
935,curated,openalex_only,OpenAlex,Current clinical and translational challenges in temporomandibular joint reconstruction,2025,Frontiers in Bioengineering and Biotechnology,10.3389/fbioe.2025.1590021,https://doi.org/10.3389/fbioe.2025.1590021,,5
936,curated,openalex_only,OpenAlex,Computed axial lithography of multioxide glasses and ceramics from nanoparticles and organic–inorganic precursors,2025,Additive Manufacturing Letters,10.1016/j.addlet.2025.100334,https://doi.org/10.1016/j.addlet.2025.100334,,5
937,curated,both_openalex_crossref,Crossref; OpenAlex,Computed Tomography-Based Volumetric Additive Manufacturing: Development of a Model Based on Resin Properties and Part Size Interrelationship—Part I,2025,Journal of Manufacturing and Materials Processing,10.3390/jmmp9060178,https://doi.org/10.3390/jmmp9060178,,5
938,curated,crossref_only,Crossref,Complex shaped Al2O3/YAG/ZrO2 eutectic ceramics with excellent high temperature mechanical properties printed by vat photopolymerization,2025,Additive Manufacturing,10.1016/j.addma.2025.104703,https://doi.org/10.1016/j.addma.2025.104703,,5
939,curated,openalex_only,OpenAlex,Comparative Performance of Material Extrusion and Vat Photopolymerization Systems for Automotive Product,2025,Journal of Mechanical Engineering Science and Innovation,10.31284/j.jmesi.2025.v5i2.8201,https://doi.org/10.31284/j.jmesi.2025.v5i2.8201,,5
940,curated,openalex_only,OpenAlex,Combining hydromorphic and shape-shifting effects for programmable passive actuation in 4D-printed biocomposites,2025,Composites Part C Open Access,10.1016/j.jcomc.2025.100632,https://doi.org/10.1016/j.jcomc.2025.100632,,5
941,curated,openalex_only,OpenAlex,Circular 3D printing of high-performance photopolymers through dissociative network design,2025,Science,10.1126/science.ads3880,https://doi.org/10.1126/science.ads3880,,5
942,curated,openalex_only,OpenAlex,Characterisation of Geometric Fidelity as a Function of Attenuation in Tomographic Volumetric Additive Manufacturing,2025,Open MIND,10.26153/tsw/63507,https://doi.org/10.26153/tsw/63507,,5
943,curated,openalex_only,OpenAlex,Cascade upconversion: a strategy enabling four-photon lithography in weak light intensity,2025,Nature Communications,10.1038/s41467-025-61533-3,https://doi.org/10.1038/s41467-025-61533-3,,5
944,curated,openalex_only,OpenAlex,CONCEPT OF TECHNOLOGICAL SUPPORT FOR PARTS' RESTORATION USING DIGITAL TWINS AND REVERSE REENGINEERING,2025,Actual problems of improving of current legislation of Ukraine,10.20998/2313-8890.2025.08.04,https://doi.org/10.20998/2313-8890.2025.08.04,,5
945,curated,openalex_only,OpenAlex,COMPUTATIONAL ANALYSIS OF THE DEFORMATION BEHAVIOR OF 4D-PRINTED LIQUID CRYSTAL ELASTOMERS UNDER CHANGE OF TEMPERATURE,2025,Bulletin of the National Technical University KhPI Series Mathematical modeling in engineering and technologies,10.20998/2222-0631.2025.02(9).16,https://doi.org/10.20998/2222-0631.2025.02%289%29.16,,5
946,curated,both_openalex_crossref,Crossref; OpenAlex,Building with volumetric additive manufacturing,2025,Advanced Fabrication Technologies for Micro/Nano Optics and Photonics XVIII,10.1117/12.3042390,https://doi.org/10.1117/12.3042390,,5
947,curated,crossref_only,Crossref,Breaking boundaries: Leveraging polymer chemistry to improve build volume and precision in tomographic volumetric printing,2025,Venue unknown,10.1021/scimeetings.5c11262,https://doi.org/10.1021/scimeetings.5c11262,,5
948,curated,openalex_only,OpenAlex,Biomimetic Additive Manufacturing: Engineering Complexity Inspired by Nature’s Simplicity,2025,Biomimetics,10.3390/biomimetics10070453,https://doi.org/10.3390/biomimetics10070453,,5
949,curated,openalex_only,OpenAlex,Biomass materials and their application in 4D printing,2025,International Journal of Extreme Manufacturing,10.1088/2631-7990/add81c,https://doi.org/10.1088/2631-7990/add81c,,5
950,curated,openalex_only,OpenAlex,Bioinspired NeuroPods: AI-Enhanced 4D Composite Bioprinting Revolutionizing Brain-on-Chip and Neural Regeneration,2025,Preprints.org,10.20944/preprints202507.1943.v1,https://doi.org/10.20944/preprints202507.1943.v1,,5
951,curated,crossref_only,Crossref,Bayesian optimization with Gaussian-process-based active machine learning for projection multi-photon 3D printing,2025,Laser 3D Manufacturing XII,10.1117/12.3043502,https://doi.org/10.1117/12.3043502,,5
952,curated,openalex_only,OpenAlex,Automatic Exposure Volumetric Additive Manufacturing,2025,Advanced Materials Technologies,10.1002/admt.202402168,https://doi.org/10.1002/admt.202402168,,5
953,curated,crossref_only,Crossref,Automated Computational Workflow for the Parametric Design and Optimization of a 3D-Printed Fin Ray Effect Soft Robotic Finger,2025,"Proceedings of the 22nd International Conference on Informatics in Control, Automation and Robotics",10.5220/0013944900003982,https://doi.org/10.5220/0013944900003982,,5
954,curated,openalex_only,OpenAlex,Auto-support: traction force constrained support structures optimization for bottom-up vat photopolymerization,2025,Virtual and Physical Prototyping,10.1080/17452759.2025.2466189,https://doi.org/10.1080/17452759.2025.2466189,,5
955,curated,crossref_only,Crossref,Artificially Intelligent 3D-Printed Soft Gripper for Ripeness and Stiffness Identification,2025,2025 IEEE/ASME International Conference on Advanced Intelligent Mechatronics (AIM),10.1109/aim64088.2025.11175704,https://doi.org/10.1109/aim64088.2025.11175704,,5
956,curated,openalex_only,OpenAlex,Architected Elastomers as Load Bearing Actuators for Untethered Soft Robot Walking,2025,Advanced Materials Technologies,10.1002/admt.202500503,https://doi.org/10.1002/admt.202500503,,5
957,curated,openalex_only,OpenAlex,Applying high-performance resins in stereolitography printing to produce prototype injection moulds,2025,Scientific Reports,10.1038/s41598-025-23249-8,https://doi.org/10.1038/s41598-025-23249-8,,5
958,curated,both_openalex_crossref,Crossref; OpenAlex,An inverse rendering framework for tomographic volumetric additive manufacturing,2025,Advanced Fabrication Technologies for Micro/Nano Optics and Photonics XVIII,10.1117/12.3042194,https://doi.org/10.1117/12.3042194,,5
959,curated,crossref_only,Crossref,"An Open-Sourced, Community-Driven Volumetric Additive Manufacturing Printer and Post-Processor",2025,IJAMM,10.21428/70cb44c5.c80118f8,https://doi.org/10.21428/70cb44c5.c80118f8,,5
960,curated,crossref_only,Crossref,Advancing green additive manufacturing: Epoxidized vegetable oils for room-temperature photopolymerization 3D printing,2025,Polymer,10.1016/j.polymer.2025.128868,https://doi.org/10.1016/j.polymer.2025.128868,,5
961,curated,openalex_only,OpenAlex,Advancing Tomographic Volumetric Printing Via Oxygen Inhibition Control: Improved Accuracy and Large‐Volume Capability (Adv. Mater. 47/2025),2025,Advanced Materials,10.1002/adma.71300,https://doi.org/10.1002/adma.71300,,5
962,curated,openalex_only,OpenAlex,Advancing Tomographic Volumetric Printing Via Oxygen Inhibition Control: Improved Accuracy and Large‐Volume Capability,2025,Advanced Materials,10.1002/adma.202508729,https://doi.org/10.1002/adma.202508729,,5
963,curated,openalex_only,OpenAlex,Advances in vat photopolymerization: early-career researchers shine light on a path forward,2025,RSC Applied Polymers,10.1039/d5lp00010f,https://doi.org/10.1039/d5lp00010f,,5
964,curated,openalex_only,OpenAlex,"Advancements in vat photopolymerization for piezoresistive sensors: materials, mechanisms, and applications",2025,Virtual and Physical Prototyping,10.1080/17452759.2025.2505994,https://doi.org/10.1080/17452759.2025.2505994,,5
965,curated,openalex_only,OpenAlex,Advancements in Two-Photon Polymerization (2PP) for Micro and Nanoscale Fabrication,2025,Nanomanufacturing,10.3390/nanomanufacturing6010001,https://doi.org/10.3390/nanomanufacturing6010001,,5
966,curated,openalex_only,OpenAlex,Advanced biofabrication techniques of muscle cell-powered biohybrid robots,2025,International Journal of Extreme Manufacturing,10.1088/2631-7990/ae0bc7,https://doi.org/10.1088/2631-7990/ae0bc7,,5
967,curated,openalex_only,OpenAlex,Adherend-Limited Failure in LCD Print-to-Bond Woven Fabric-Photopolymer Joints: A Process Efficiency Communication,2025,Machines,10.3390/machines14010029,https://doi.org/10.3390/machines14010029,,5
968,curated,crossref_only,Crossref,Additive Manufacturing of Wood-Based Polymer Composites Fabricated Using Vat Photopolymerization for Design Applications,2025,IOCPS 2025,10.3390/proceedings2026136011,https://doi.org/10.3390/proceedings2026136011,,5
969,curated,openalex_only,OpenAlex,Additive Manufacturing (3D Printing) in Smart Factories,2025,International Journal of Advanced Research in Science Communication and Technology,10.48175/ijarsct-25026,https://doi.org/10.48175/ijarsct-25026,,5
970,curated,openalex_only,OpenAlex,Adaptive and context-aware volumetric printing,2025,Nature,10.1038/s41586-025-09436-7,https://doi.org/10.1038/s41586-025-09436-7,,5
971,curated,openalex_only,OpenAlex,Adaptive Locomotion of <i>Pleurotya</i> Caterpillar‐Inspired Segmental Crawling Robots with Multiple Postures,2025,Advanced Functional Materials,10.1002/adfm.202506987,https://doi.org/10.1002/adfm.202506987,,5
972,curated,openalex_only,OpenAlex,ANALYSIS OF THE EFFECTIVENESS OF TRADITIONAL AND MODERNTECHNOLOGIES FOR MONITORING POWER TRANSMISSION LINES,2025,Izvestiâ ÛFU. Tehničeskie nauki,10.18522/2311-3103-2025-4-182-188,https://doi.org/10.18522/2311-3103-2025-4-182-188,,5
973,curated,crossref_only,Crossref,A thiol-functional amine synergist as a co-initiator for DLP 3D printing applications,2025,Polymer Chemistry,10.1039/d5py00603a,https://doi.org/10.1039/d5py00603a,,5
974,curated,both_openalex_crossref,Crossref; OpenAlex,A review of stimuli-responsive materials in 4D bioprinting for biomedical applications,2025,Materials Advances,10.1039/d5ma00679a,https://doi.org/10.1039/d5ma00679a,,5
975,curated,openalex_only,OpenAlex,A high-κ homogeneous ink for printable electroluminescent devices,2025,Nature Communications,10.1038/s41467-025-64075-w,https://doi.org/10.1038/s41467-025-64075-w,,5
976,curated,openalex_only,OpenAlex,A Review on 3d And 4d Printing of Pharmaceuticals: A Prospective Technology in Developing Personalized Formulations,2025,International Journal of Pharmaceutical Research and Applications,10.35629/4494-1004329338,https://doi.org/10.35629/4494-1004329338,,5
977,curated,openalex_only,OpenAlex,A Modular Soft Gripper with Embedded Force Sensing and an Iris-Type Cutting Mechanism for Harvesting Medium-Sized Crops,2025,Actuators,10.3390/act14090432,https://doi.org/10.3390/act14090432,,5
978,curated,openalex_only,OpenAlex,A Flexible FBG-Based Contact Force Sensor for Robotic Gripping Systems,2025,ArXiv.org,10.48550/arxiv.2502.03914,https://doi.org/10.48550/arxiv.2502.03914,,5
979,curated,openalex_only,OpenAlex,A Comprehensive Model of the Abb Irb 2400 For Simulation and Control Applications,2025,Acta Mechanica et Automatica,10.2478/ama-2025-0064,https://doi.org/10.2478/ama-2025-0064,,5
980,curated,openalex_only,OpenAlex,A Case Study on DNN-Based Surface Roughness QA Analysis of Hollow Metal AM Fabricated Parts in a DT-Enabled CW-GTAW Robotic Manufacturing Cell,2025,Sensors,10.3390/s26010004,https://doi.org/10.3390/s26010004,,5
981,curated,crossref_only,Crossref,A 3D-Printed Anatomical Pancreas Model for Robotic-Assisted Minimally Invasive Surgery,2025,Journal of Functional Biomaterials,10.3390/jfb16060207,https://doi.org/10.3390/jfb16060207,,5
982,curated,openalex_only,OpenAlex,<scp>4D</scp> Printing of Composite Thermoplastic Elastomers for Super‐Stretchable Soft Artificial Muscles,2025,Journal of Applied Polymer Science,10.1002/app.57177,https://doi.org/10.1002/app.57177,,5
983,curated,both_openalex_crossref,Crossref; OpenAlex,<scp>3D</scp> printing of lignin‐based polymeric composites obtained using liquid crystal display as a vat photopolymerization technique,2025,Polymer International,10.1002/pi.6783,https://doi.org/10.1002/pi.6783,,5
984,curated,both_openalex_crossref,Crossref; OpenAlex,"4D-Printed Liquid Crystal Elastomers: Printing Strategies, Actuation Mechanisms, and Emerging Applications",2025,Journal of Composites Science,10.3390/jcs9110633,https://doi.org/10.3390/jcs9110633,,5
985,curated,both_openalex_crossref,Crossref; OpenAlex,4D printing of unaligned LCE: a facile approach to print photo mobile polymers,2025,Materials Advances,10.1039/d5ma01396h,https://doi.org/10.1039/d5ma01396h,,5
986,curated,openalex_only,OpenAlex,4D printing of trigger-free shape-memory hydrogels towards self-adaptive substrates for bioelectronics,2025,Nature Communications,10.1038/s41467-025-67323-1,https://doi.org/10.1038/s41467-025-67323-1,,5
987,curated,openalex_only,OpenAlex,4D printing of natural materials: A review,2025,Sustainable materials and technologies,10.1016/j.susmat.2025.e01346,https://doi.org/10.1016/j.susmat.2025.e01346,,5
988,curated,both_openalex_crossref,Crossref; OpenAlex,4D printing of carbon-fiber-reinforced liquid crystal elastomers for self-deployable solar panels,2025,Materials Horizons,10.1039/d5mh00363f,https://doi.org/10.1039/d5mh00363f,,5
989,curated,openalex_only,OpenAlex,4D printing of LCE composites for enhanced damping,2025,SHAREOK (University of Oklahoma; Oklahoma State University; Central Oklahoma University),,https://openalex.org/W7110571899,,5
990,curated,openalex_only,OpenAlex,4D printed deformation labels with machine learning for monitoring and preservation of respiring climacteric fruits,2025,Nature Communications,10.1038/s41467-025-66554-6,https://doi.org/10.1038/s41467-025-66554-6,,5
991,curated,both_openalex_crossref,Crossref; OpenAlex,"4D Printing with Liquid Crystal Elastomers: Materials, Methods, and Emerging Applications",2025,ChemPlusChem,10.1002/cplu.202500049,https://doi.org/10.1002/cplu.202500049,,5
992,curated,both_openalex_crossref,Crossref; OpenAlex,4D Printing of Polymer‐Dispersed Liquid Crystal Elastomers toward Tunable Vibration Isolation and Cushioning Properties,2025,Advanced Materials Technologies,10.1002/admt.202500078,https://doi.org/10.1002/admt.202500078,,5
993,curated,crossref_only,Crossref,3D-printed biodegradable soft robotic actuators using gelatin-gellan composite natural gel for sustainable and safe food automation,2025,International Journal of Biological Macromolecules,10.1016/j.ijbiomac.2025.148576,https://doi.org/10.1016/j.ijbiomac.2025.148576,,5
994,curated,crossref_only,Crossref,3D-Printed soft pneumatic actuators: enhancing flexible gripper capabilities,2025,ROBOMECH Journal,10.1186/s40648-025-00314-5,https://doi.org/10.1186/s40648-025-00314-5,,5
995,curated,crossref_only,Crossref,3D printing by direct ink writing (DIW) of UV-curable elastomers with embedded sensors for soft robotic and flexible electronic applications,2025,Flexible and Printed Electronics,10.1088/2058-8585/ade5b8,https://doi.org/10.1088/2058-8585/ade5b8,,5
996,curated,openalex_only,OpenAlex,3D printed polymers that mimic the mechanical properties of atherosclerotic blood vessels for training models: the advantageous degradation induced by UV radiation and hydrolysis,2025,3D Printing in Medicine,10.1186/s41205-025-00288-5,https://doi.org/10.1186/s41205-025-00288-5,,5
997,curated,openalex_only,OpenAlex,3D printed microfluidic devices for nanoparticle fabrication: a review,2025,Progress in Additive Manufacturing,10.1007/s40964-025-01140-2,https://doi.org/10.1007/s40964-025-01140-2,,5
998,curated,openalex_only,OpenAlex,"3D Printing of Supercapacitors: Progress in Materials, Architectures, and Devices",2025,Advanced Materials Technologies,10.1002/admt.202501307,https://doi.org/10.1002/admt.202501307,,5
999,curated,openalex_only,OpenAlex,3D Printing of Soft Robotic Systems: Advances in Fabrication Strategies and Future Trends,2025,Advanced Robotics Research,10.1002/adrr.202500076,https://doi.org/10.1002/adrr.202500076,,5
1000,curated,crossref_only,Crossref,3D Printed Hydrogels for Soft Robotic Applications,2025,Journal of Polymer Materials,10.32604/jpm.2025.065269,https://doi.org/10.32604/jpm.2025.065269,,5
1001,curated,openalex_only,OpenAlex,3D Printed Beta-TCP Ceramic Bone Replacement Manufactured by Lithography-Based Ceramic Manufacturing: A Short-Term Pilot Study,2025,Journal of Craniofacial Surgery,10.1097/scs.0000000000012085,https://doi.org/10.1097/scs.0000000000012085,,5
1002,curated,openalex_only,OpenAlex,3D Polymeric Nanonetworks: From Self‐Assembly to Advanced Fabrication,2025,Macromolecular Materials and Engineering,10.1002/mame.202500402,https://doi.org/10.1002/mame.202500402,,5
1003,curated,openalex_only,OpenAlex,3D Freeze‐Printing of Binder‐Free PEDOT:PSS,2025,Macromolecular Materials and Engineering,10.1002/mame.202500082,https://doi.org/10.1002/mame.202500082,,5
1004,curated,openalex_only,OpenAlex,3D Bioprinting Functional Engineered Heart Tissues,2025,International Journal of Molecular Sciences,10.3390/ijms262110707,https://doi.org/10.3390/ijms262110707,,5
1005,curated,openalex_only,OpenAlex,2-D Geometric Accuracy Investigation of Vat-Photopolymerisation Printed Yttrium Stabilised Zirconia Ceramics,2025,Gazi Journal of Engineering Sciences,10.30855/gmbd.070525a02,https://doi.org/10.30855/gmbd.070525a02,,5
1006,curated,crossref_only,Crossref,Translucent Tectonics: Lightweight Floor Slab System Based on FDM Manufacturing,2024,Computational Design and Robotic Fabrication,10.1007/978-981-99-8405-3_42,https://doi.org/10.1007/978-981-99-8405-3_42,,9
1007,curated,openalex_only,OpenAlex,Special Issue Editorial: Advanced Materials for Additive Manufacturing,2024,Advanced Materials,10.1002/adma.202410446,https://doi.org/10.1002/adma.202410446,,8
1008,curated,both_openalex_crossref,Crossref; OpenAlex,Robotic systems for advanced additive manufacturing,2024,Multidiszciplináris Tudományok,10.35925/j.multi.2024.2.20,https://doi.org/10.35925/j.multi.2024.2.20,,8
1009,curated,both_openalex_crossref,Crossref; OpenAlex,Printing Compound-Curved Sandwich Structures with Robotic Multi-Bias Additive Manufacturing,2024,Computational design and robotic fabrication,10.1007/978-981-99-8405-3_44,https://doi.org/10.1007/978-981-99-8405-3_44,,8
1010,curated,both_openalex_crossref,Crossref; OpenAlex,Path planning of complicated hierarchical thin-wall structures using multi-material additive manufacturing technology,2024,Functional Composites and Structures,10.1088/2631-6331/ad304e,https://doi.org/10.1088/2631-6331/ad304e,,8
1011,curated,both_openalex_crossref,Crossref; OpenAlex,Multi-material additive manufacturing of steel/Al alloy by controlling the liquid/solid interface in laser beam powder bed fusion,2024,Additive manufacturing,10.1016/j.addma.2024.104529,https://doi.org/10.1016/j.addma.2024.104529,,8
1012,curated,crossref_only,Crossref,ISOMORPHISM Stylized Translations of 2D Prototype in Additive Clay Printing,2024,Computational Design and Robotic Fabrication,10.1007/978-981-99-8405-3_43,https://doi.org/10.1007/978-981-99-8405-3_43,,8
1013,curated,both_openalex_crossref,Crossref; OpenAlex,Diversity‐Based Topology Optimization of Soft Robotic Grippers,2024,Advanced Intelligent Systems,10.1002/aisy.202300505,https://doi.org/10.1002/aisy.202300505,,8
1014,curated,crossref_only,Crossref,"Digital light processing based multimaterial 3D printing: challenges, solutions and perspectives",2024,International Journal of Extreme Manufacturing,10.1088/2631-7990/ad4a2c,https://doi.org/10.1088/2631-7990/ad4a2c,,8
1015,curated,openalex_only,OpenAlex,Bi-metallic lattice structures manufactured via an intralayer multi-material powder bed fusion method,2024,Additive manufacturing,10.1016/j.addma.2024.104301,https://doi.org/10.1016/j.addma.2024.104301,,8
1016,curated,both_openalex_crossref,Crossref; OpenAlex,3D printing with a 3D printed digital material filament for programming functional gradients,2024,Nature Communications,10.1038/s41467-024-47480-5,https://doi.org/10.1038/s41467-024-47480-5,,8
1017,curated,crossref_only,Crossref,Wire arc additive manufacturing: A review on digital twinning and visualization process,2024,Journal of Manufacturing Processes,10.1016/j.jmapro.2024.03.001,https://doi.org/10.1016/j.jmapro.2024.03.001,,7
1018,curated,crossref_only,Crossref,Use of Digital Twin and Internet of Vehicles Technologies for Smart Electric Vehicles in the Manufacturing Industry,2024,"Industry 4.0, Smart Manufacturing, and Industrial Engineering",10.1201/9781003473886-6,https://doi.org/10.1201/9781003473886-6,,7
1019,curated,crossref_only,Crossref,Use Cases of Digital Twin in Smart Manufacturing,2024,Artificial Intelligence‐Enabled Digital Twin for Smart Manufacturing,10.1002/9781394303601.ch5,https://doi.org/10.1002/9781394303601.ch5,,7
1020,curated,crossref_only,Crossref,Towards a digital twin framework in additive manufacturing: Machine learning and bayesian optimization for time series process optimization,2024,Journal of Manufacturing Systems,10.1016/j.jmsy.2024.04.023,https://doi.org/10.1016/j.jmsy.2024.04.023,,7
1021,curated,crossref_only,Crossref,Synchronization evaluation of digital twin for a robotic assembly system using computer vision,2024,Manufacturing Letters,10.1016/j.mfglet.2024.09.152,https://doi.org/10.1016/j.mfglet.2024.09.152,,7
1022,curated,crossref_only,Crossref,Smart Manufacturing with Digital Twins: Real-Time Optimization and Process Innovation,2024,Digital Twin Technology in Manufacturing: Tools for Real-Time Process Optimization,10.62311/nesx/905773,https://doi.org/10.62311/nesx/905773,,7
1023,curated,crossref_only,Crossref,Simulation-based Digital Twin for enhancing human-robot collaboration in assembly systems,2024,Journal of Manufacturing Systems,10.1016/j.jmsy.2024.10.024,https://doi.org/10.1016/j.jmsy.2024.10.024,,7
1024,curated,crossref_only,Crossref,Service oriented digital twin for additive manufacturing process,2024,Journal of Manufacturing Systems,10.1016/j.jmsy.2024.04.015,https://doi.org/10.1016/j.jmsy.2024.04.015,,7
1025,curated,crossref_only,Crossref,Role of AI and Digital Twin in Smart Manufacturing,2024,Artificial Intelligence‐Enabled Digital Twin for Smart Manufacturing,10.1002/9781394303601.ch11,https://doi.org/10.1002/9781394303601.ch11,,7
1026,curated,both_openalex_crossref,Crossref; OpenAlex,Review of vat photopolymerization 3D printing of photonic devices,2024,Additive manufacturing,10.1016/j.addma.2024.104189,https://doi.org/10.1016/j.addma.2024.104189,,7
1027,curated,crossref_only,Crossref,Reconstructing Soft Robotic Touch via In‐Finger Vision,2024,Advanced Intelligent Systems,10.1002/aisy.202400022,https://doi.org/10.1002/aisy.202400022,,7
1028,curated,openalex_only,OpenAlex,Programmable Assembly of Genetically Engineered Human Tissues,2024,Digital Access to Scholarship at Harvard (DASH) (Harvard University),,https://openalex.org/W7112185091,,7
1029,curated,openalex_only,OpenAlex,On the correlation between pre-processing workflow and dimensional accuracy of 3D printed parts in high-precision Material Jetting,2024,Additive manufacturing,10.1016/j.addma.2024.104335,https://doi.org/10.1016/j.addma.2024.104335,,7
1030,curated,crossref_only,Crossref,Novel Digital Twin Architecture for 3D Concrete Printing in the AEC Industry,2024,Construction Research Congress 2024,10.1061/9780784485262.136,https://doi.org/10.1061/9780784485262.136,,7
1031,curated,openalex_only,OpenAlex,Multiscale heterogeneous polymer composites and soft synthetic fascia for 4D printed electrically controllable multifunctional structures with high stiffness and toughness,2024,OpenBU (Boston University),,https://openalex.org/W7126354022,,7
1032,curated,crossref_only,Crossref,Multi-material 3D printed composites inspired by nacre: a hard/soft mechanical interplay,2024,Venue unknown,10.21203/rs.3.rs-5289570/v1,https://doi.org/10.21203/rs.3.rs-5289570/v1,,7
1033,curated,openalex_only,OpenAlex,Machine learning-enabled forward prediction and inverse design of 4D-printed active plates,2024,Nature Communications,10.1038/s41467-024-49775-z,https://doi.org/10.1038/s41467-024-49775-z,,7
1034,curated,crossref_only,Crossref,MULTIMATERIAL 3D-PRINTING OF FUNCTIONAL CERAMIC DEVIC-ES,2024,Technique and technology of silicates,10.62980/2076-0655-2024-35-46,https://doi.org/10.62980/2076-0655-2024-35-46,,7
1035,curated,both_openalex_crossref,Crossref; OpenAlex,Liquid Crystal Elastomer Lattices with Thermally Programmable Deformation via Multi‐Material 3D Printing,2024,Advanced Materials,10.1002/adma.202310743,https://doi.org/10.1002/adma.202310743,,7
1036,curated,crossref_only,Crossref,Knowledge graph and function block based Digital Twin modeling for robotic machining of large-scale components,2024,Robotics and Computer-Integrated Manufacturing,10.1016/j.rcim.2023.102609,https://doi.org/10.1016/j.rcim.2023.102609,,7
1037,curated,openalex_only,OpenAlex,Holographic direct sound printing,2024,Nature Communications,10.1038/s41467-024-50923-8,https://doi.org/10.1038/s41467-024-50923-8,,7
1038,curated,openalex_only,OpenAlex,Fundamental Path Optimization Strategies for Extrusion-Based Additive Manufacturing,2024,OSTI OAI (U.S. Department of Energy Office of Scientific and Technical Information),10.26153/tsw/58254,https://doi.org/10.26153/tsw/58254,,7
1039,curated,both_openalex_crossref,Crossref; OpenAlex,"FloatArch: A cable-supported, unreinforced, and re-assemblable 3D-printed concrete structure designed using multi-material topology optimization",2024,Additive manufacturing,10.1016/j.addma.2024.104012,https://doi.org/10.1016/j.addma.2024.104012,,7
1040,curated,crossref_only,Crossref,Evaluation of digital twin synchronization in robotic assembly using YOLOv8,2024,The International Journal of Advanced Manufacturing Technology,10.1007/s00170-024-14182-7,https://doi.org/10.1007/s00170-024-14182-7,,7
1041,curated,crossref_only,Crossref,Digital twin–driven optimization of laser powder bed fusion processes: a focus on lack-of-fusion defects,2024,Rapid Prototyping Journal,10.1108/rpj-02-2024-0091,https://doi.org/10.1108/rpj-02-2024-0091,,7
1042,curated,crossref_only,Crossref,Digital twin-based reinforcement learning framework: application to autonomous mobile robot dispatching,2024,International Journal of Computer Integrated Manufacturing,10.1080/0951192x.2024.2314787,https://doi.org/10.1080/0951192x.2024.2314787,,7
1043,curated,crossref_only,Crossref,Digital twin temperature field prediction of laser powder bed fusion through proper orthogonal decomposition with radial basis function,2024,Materials Today Communications,10.1016/j.mtcomm.2023.107883,https://doi.org/10.1016/j.mtcomm.2023.107883,,7
1044,curated,crossref_only,Crossref,Digital Twin‐Enabled Smart Manufacturing,2024,Artificial Intelligence‐Enabled Digital Twin for Smart Manufacturing,10.1002/9781394303601.ch21,https://doi.org/10.1002/9781394303601.ch21,,7
1045,curated,crossref_only,Crossref,Digital Twins for Rapid In-Situ Qualification of Part Quality in Laser Powder Bed Fusion Additive Manufacturing,2024,Venue unknown,10.2139/ssrn.4881754,https://doi.org/10.2139/ssrn.4881754,,7
1046,curated,crossref_only,Crossref,"Digital Twins and Additive Manufacturing: Exploring the Integration of Digital Twin Technology with Additive Manufacturing to Enhance Design, Simulation, and Production Processes",2024,Venue unknown,10.20944/preprints202407.2606.v1,https://doi.org/10.20944/preprints202407.2606.v1,,7
1047,curated,crossref_only,Crossref,Digital Twins Tools and Technologies in Smart Manufacturing,2024,Artificial Intelligence‐Enabled Digital Twin for Smart Manufacturing,10.1002/9781394303601.ch7,https://doi.org/10.1002/9781394303601.ch7,,7
1048,curated,crossref_only,Crossref,Digital Twin-Enabled Real-Time Ultrasonic Assessment for Additive Manufacturing,2024,Volume 2: Advanced Manufacturing,10.1115/imece2024-145165,https://doi.org/10.1115/imece2024-145165,,7
1049,curated,crossref_only,Crossref,Digital Twin and Cybersecurity in Additive Manufacturing,2024,"Journal of Cybersecurity Education, Research and Practice",10.62915/2472-2707.1201,https://doi.org/10.62915/2472-2707.1201,,7
1050,curated,crossref_only,Crossref,Digital Twin Technology in Manufacturing: Tools for Real-Time Process Optimization,2024,Venue unknown,10.62311/nesx/rb978-81-979057-7-3,https://doi.org/10.62311/nesx/rb978-81-979057-7-3,,7
1051,curated,crossref_only,Crossref,Digital Twin Technology for Smart Manufacturing,2024,Journal of Technology and Systems,10.47941/jts.2143,https://doi.org/10.47941/jts.2143,,7
1052,curated,crossref_only,Crossref,Digital Twin Development for Additive Manufacturing,2024,Volume 1: Codes &amp; Standards; Computer Technology &amp; Bolted Joints,10.1115/pvp2024-122920,https://doi.org/10.1115/pvp2024-122920,,7
1053,curated,crossref_only,Crossref,Designing a Systematic Experiment to Investigate the Effect of Ambient Smell on Human Emotions in the Indoor Space; Introducing a Mixed-Method Approach,2024,Computational Design and Robotic Fabrication,10.1007/978-981-99-8405-3_20,https://doi.org/10.1007/978-981-99-8405-3_20,,7
1054,curated,crossref_only,Crossref,Designing Digital Twin with IoT and AI in Warehouse to Support Optimization and Safety in Engineer-to-Order Manufacturing Process for Prefabricated Building Products,2024,Venue unknown,10.20944/preprints202406.1176.v1,https://doi.org/10.20944/preprints202406.1176.v1,,7
1055,curated,crossref_only,Crossref,Design and Application of a Virtual Platform for Continuous Carbon Fiber 3d Printing Based on Digital Twin,2024,Venue unknown,10.2139/ssrn.4756893,https://doi.org/10.2139/ssrn.4756893,,7
1056,curated,crossref_only,Crossref,Data Analytics and Visualization in Smart Manufacturing Using AI‐Based Digital Twins,2024,Artificial Intelligence‐Enabled Digital Twin for Smart Manufacturing,10.1002/9781394303601.ch12,https://doi.org/10.1002/9781394303601.ch12,,7
1057,curated,openalex_only,OpenAlex,Chemical engineering aspects in the design and construction of a new type of multimaterial 3D printer using photopolymerization and electrodeposition processes,2024,Chemical and Process Engineering New Frontiers,10.24425/cpe.2024.149472,https://doi.org/10.24425/cpe.2024.149472,,7
1058,curated,crossref_only,Crossref,Blockchain-based cloud-edge collaborative data management for human-robot collaboration digital twin system,2024,Journal of Manufacturing Systems,10.1016/j.jmsy.2024.09.006,https://doi.org/10.1016/j.jmsy.2024.09.006,,7
1059,curated,crossref_only,Crossref,Blockchain Based Digital Twin for Smart Manufacturing,2024,Artificial Intelligence‐Enabled Digital Twin for Smart Manufacturing,10.1002/9781394303601.ch8,https://doi.org/10.1002/9781394303601.ch8,,7
1060,curated,crossref_only,Crossref,Artificial Intelligence‐Enabled Digital Twin for Smart Manufacturing,2024,Venue unknown,10.1002/9781394303601,https://doi.org/10.1002/9781394303601,,7
1061,curated,crossref_only,Crossref,Artificial Intelligence (AI)-Enabled Digital Twin Technology in Smart Manufacturing,2024,"Industry 4.0, Smart Manufacturing, and Industrial Engineering",10.1201/9781003473886-13,https://doi.org/10.1201/9781003473886-13,,7
1062,curated,crossref_only,Crossref,Advancing Digital Twin Technology in Manufacturing: A Comprehensive Study on Data Capture and Simulation of End Mills,2024,Volume 1: Additive Manufacturing; Advanced Materials Manufacturing; Biomanufacturing; Life Cycle Engineering,10.1115/msec2024-125094,https://doi.org/10.1115/msec2024-125094,,7
1063,curated,both_openalex_crossref,Crossref; OpenAlex,Advances in materials and technologies for digital light processing 3D printing,2024,Nano Convergence,10.1186/s40580-024-00452-3,https://doi.org/10.1186/s40580-024-00452-3,,7
1064,curated,crossref_only,Crossref,Additive Manufacturing-Enabled Advanced Design and Process Strategies for Multi-Functional Lattice Structures,2024,Materials,10.3390/ma17143398,https://doi.org/10.3390/ma17143398,,7
1065,curated,crossref_only,Crossref,AN INDUSTRIAL APPLICATION OF DIGITAL TWIN FOR A SMART FACTORY MODEL USING COPPELIASIM,2024,International Journal of 3D Printing Technologies and Digital Industry,10.46519/ij3dptdi.1452734,https://doi.org/10.46519/ij3dptdi.1452734,,7
1066,curated,crossref_only,Crossref,A digital twin framework for anomaly detection in industrial robot system based on multiple physics-informed hybrid convolutional autoencoder,2024,Journal of Manufacturing Systems,10.1016/j.jmsy.2024.10.016,https://doi.org/10.1016/j.jmsy.2024.10.016,,7
1067,curated,crossref_only,Crossref,A Novel Digital Twin Model to Support Intelligent Robotic Manufacturing System According to Industry 4.0 Trends,2024,Volume 2: Advanced Manufacturing,10.1115/imece2024-145821,https://doi.org/10.1115/imece2024-145821,,7
1068,curated,crossref_only,Crossref,A Deep-Reinforcement-Learning-Based Digital Twin for Manufacturing Process Optimization,2024,Systems,10.3390/systems12020038,https://doi.org/10.3390/systems12020038,,7
1069,curated,openalex_only,OpenAlex,4D-printed photochromic contact lenses for ultraviolet monitoring and protection,2024,Cell Reports Physical Science,10.1016/j.xcrp.2024.102244,https://doi.org/10.1016/j.xcrp.2024.102244,,7
1070,curated,openalex_only,OpenAlex,4D printed hydrogel scaffold with swelling-stiffening properties and programmable deformation for minimally invasive implantation,2024,Nature Communications,10.1038/s41467-024-45938-0,https://doi.org/10.1038/s41467-024-45938-0,,7
1071,curated,openalex_only,OpenAlex,Xolography for the Production of Polymeric Multimaterials,2024,Advanced Materials Technologies,10.1002/admt.202400162,https://doi.org/10.1002/admt.202400162,,6
1072,curated,crossref_only,Crossref,Voxel Interface Control in Multimaterial Extrusion 3D Printing,2024,Advanced Materials,10.1002/adma.202407599,https://doi.org/10.1002/adma.202407599,,6
1073,curated,openalex_only,OpenAlex,Volumetric 3D Printing of Endoskeletal Soft Robots,2024,Advanced Materials,10.1002/adma.202402217,https://doi.org/10.1002/adma.202402217,,6
1074,curated,crossref_only,Crossref,Versatile binder system as enabler for multi-material additive manufacturing of ceramics by vat photopolymerization,2024,Ceramics International,10.1016/j.ceramint.2024.10.006,https://doi.org/10.1016/j.ceramint.2024.10.006,,6
1075,curated,openalex_only,OpenAlex,Vapor-induced phase-separation-enabled versatile direct ink writing,2024,Nature Communications,10.1038/s41467-024-47452-9,https://doi.org/10.1038/s41467-024-47452-9,,6
1076,curated,crossref_only,Crossref,Unveiling the potential of multimaterial laser-based powder bed fusion processes: a novel approach for enhancing design freedom in multimaterial additive manufacturing,2024,Laser 3D Manufacturing XI,10.1117/12.3001274,https://doi.org/10.1117/12.3001274,,6
1077,curated,crossref_only,Crossref,Understanding Fatigue Life Behavior in Directed Energy Deposition by Utilizing Novel Volumetric Defect Features,2024,Volume 1: Additive Manufacturing; Advanced Materials Manufacturing; Biomanufacturing; Life Cycle Engineering,10.1115/msec2024-124636,https://doi.org/10.1115/msec2024-124636,,6
1078,curated,crossref_only,Crossref,Tribological Analysis of Fused Filament Fabrication PETG Parts Coated with IGUS,2024,Applied Sciences,10.3390/app14167161,https://doi.org/10.3390/app14167161,,6
1079,curated,crossref_only,Crossref,"Toward Multiscale, Multimaterial 3D Printing",2024,Advanced Materials,10.1002/adma.202314204,https://doi.org/10.1002/adma.202314204,,6
1080,curated,crossref_only,Crossref,Toolpath Synthesis and Mechanical Properties in Multiplexed Fused Filament Fabrication,2024,Volume 1: Additive Manufacturing; Advanced Materials Manufacturing; Biomanufacturing; Life Cycle Engineering,10.1115/msec2024-126798,https://doi.org/10.1115/msec2024-126798,,6
1081,curated,crossref_only,Crossref,Thermomechanical Properties of Polyjet Voxel-Printed Parts and the Effect of Percolation,2024,3D Printing and Additive Manufacturing,10.1089/3dp.2023.0126,https://doi.org/10.1089/3dp.2023.0126,,6
1082,curated,both_openalex_crossref,Crossref; OpenAlex,Thermal conductivity of three-dimensional multi-material core-shell filament structures obtained by material extrusion,2024,Additive manufacturing,10.1016/j.addma.2024.104018,https://doi.org/10.1016/j.addma.2024.104018,,6
1083,curated,both_openalex_crossref,Crossref; OpenAlex,The development and characterisation of 3D-printed multi-material thermistor,2024,Additive manufacturing,10.1016/j.addma.2024.104510,https://doi.org/10.1016/j.addma.2024.104510,,6
1084,curated,crossref_only,Crossref,Slack Pack: Fabrication System for the Dual Robotic Winding of Spatial Fiber Structures,2024,Computational Design and Robotic Fabrication,10.1007/978-981-99-8405-3_40,https://doi.org/10.1007/978-981-99-8405-3_40,,6
1085,curated,openalex_only,OpenAlex,"Segmented, Side‐Emitting Hydrogel Optical Fibers for Multimaterial Extrusion Printing",2024,Advanced Materials,10.1002/adma.202309166,https://doi.org/10.1002/adma.202309166,,6
1086,curated,openalex_only,OpenAlex,Recent Progress in 3D Printing of Polymer Materials as Soft Actuators and Robots,2024,Chem & Bio Engineering,10.1021/cbe.4c00028,https://doi.org/10.1021/cbe.4c00028,,6
1087,curated,crossref_only,Crossref,Prosthetic rehabilitation applications case study 10—Advanced auricular prosthesis development by 3D modeling and multimaterial printing,2024,Medical Modeling,10.1016/b978-0-323-95733-5.00026-0,https://doi.org/10.1016/b978-0-323-95733-5.00026-0,,6
1088,curated,both_openalex_crossref,Crossref; OpenAlex,Programmed multimaterial assembly by synergized 3D printing and freeform laser induction,2024,Nature Communications,10.1038/s41467-024-48919-5,https://doi.org/10.1038/s41467-024-48919-5,,6
1089,curated,openalex_only,OpenAlex,"Photoreaction Drives Efficient, Precise, and Sustainable Additive Manufacturing",2024,Chem & Bio Engineering,10.1021/cbe.3c00126,https://doi.org/10.1021/cbe.3c00126,,6
1090,curated,crossref_only,Crossref,Optimising printing fidelity of the single-nozzle based multimaterial direct ink writing for 3D food printing,2024,Virtual and Physical Prototyping,10.1080/17452759.2024.2352075,https://doi.org/10.1080/17452759.2024.2352075,,6
1091,curated,crossref_only,Crossref,Optical Fiber-Assisted Printing: A Platform Technology for Straightforward Photopolymer Resins Patterning and Freeform 3D Printing,2024,Venue unknown,10.1101/2024.01.17.576081,https://doi.org/10.1101/2024.01.17.576081,,6
1092,curated,openalex_only,OpenAlex,Multimaterial Volumetric Printing of Silica‐Based Glasses,2024,Advanced Materials Technologies,10.1002/admt.202202117,https://doi.org/10.1002/admt.202202117,,6
1093,curated,openalex_only,OpenAlex,Multimaterial Thermoset Synthesis: Switching Polymerization Mechanism with Light Dosage,2024,ACS Central Science,10.1021/acscentsci.4c01507,https://doi.org/10.1021/acscentsci.4c01507,,6
1094,curated,crossref_only,Crossref,Multimaterial 3D Printing of Metamaterials,2024,Additive Manufacturing for Advance Applications,10.1201/9781003484325-8,https://doi.org/10.1201/9781003484325-8,,6
1095,curated,crossref_only,Crossref,Multimaterial 3D Laser Printing of Cell‐Adhesive and Cell‐Repellent Hydrogels,2024,Small,10.1002/smll.202401344,https://doi.org/10.1002/smll.202401344,,6
1096,curated,openalex_only,OpenAlex,Multicomponent alloys designed to sinter,2024,Nature Communications,10.1038/s41467-024-52261-1,https://doi.org/10.1038/s41467-024-52261-1,,6
1097,curated,both_openalex_crossref,Crossref; OpenAlex,Multi-material laser powder bed fusion additive manufacturing of dual-phase laminated heterostructure of Cantor high-entropy alloy and Martensitic steel for overcoming strength-ductility trade-off,2024,Additive manufacturing,10.1016/j.addma.2024.104618,https://doi.org/10.1016/j.addma.2024.104618,,6
1098,curated,both_openalex_crossref,Crossref; OpenAlex,Multi-material ceramic hybrid additive manufacturing based on vat photopolymerization and material extrusion compound process,2024,Additive manufacturing,10.1016/j.addma.2024.104627,https://doi.org/10.1016/j.addma.2024.104627,,6
1099,curated,crossref_only,Crossref,Multi-material Gradient Additive Manufacturing: A data-driven performative design approach to multi-materiality through robotic fabrication,2024,eCAADe proceedings,10.52842/conf.ecaade.2024.1.381,https://doi.org/10.52842/conf.ecaade.2024.1.381,,6
1100,curated,openalex_only,OpenAlex,Multi-layer continuous carbon fiber pattern optimization and a spline based path planning interpretation,2024,arXiv (Cornell University),10.48550/arxiv.2404.11404,https://doi.org/10.48550/arxiv.2404.11404,,6
1101,curated,both_openalex_crossref,Crossref; OpenAlex,Multi-color dual wavelength vat photopolymerization 3D printing via spatially controlled acidity,2024,Nature Communications,10.1038/s41467-024-48159-7,https://doi.org/10.1038/s41467-024-48159-7,,6
1102,curated,openalex_only,OpenAlex,Machine learning driven forward prediction and inverse design for 4D printed hierarchical architecture with arbitrary shapes,2024,Applied Materials Today,10.1016/j.apmt.2024.102373,https://doi.org/10.1016/j.apmt.2024.102373,,6
1103,curated,openalex_only,OpenAlex,"Light‐Based 3D Multi‐Material Printing of Micro‐Structured Bio‐Shaped, Conducting and Dry Adhesive Electrodes for Bioelectronics",2024,Advanced Science,10.1002/advs.202306424,https://doi.org/10.1002/advs.202306424,,6
1104,curated,crossref_only,Crossref,Influence of the Laser Strategy on Bi-Metallic Interfaces Printed Via Multi-Material Laser-Based Powder Bed Fusion,2024,Venue unknown,10.2139/ssrn.4874508,https://doi.org/10.2139/ssrn.4874508,,6
1105,curated,openalex_only,OpenAlex,In-situ synthesis and integration of gold nanoparticles into 3D printed optical fiber probes,2024,Scientific Reports,10.1038/s41598-024-81139-x,https://doi.org/10.1038/s41598-024-81139-x,,6
1106,curated,openalex_only,OpenAlex,Hard magnetics and soft materials—a synergy,2024,Smart Materials and Structures,10.1088/1361-665x/ad2bd8,https://doi.org/10.1088/1361-665x/ad2bd8,,6
1107,curated,openalex_only,OpenAlex,Gradient matters via filament diameter-adjustable 3D printing,2024,Nature Communications,10.1038/s41467-024-47360-y,https://doi.org/10.1038/s41467-024-47360-y,,6
1108,curated,both_openalex_crossref,Crossref; OpenAlex,Fin-Bayes: A Multi-Objective Bayesian Optimization Framework for Soft Robotic Fingers,2024,Soft Robotics,10.1089/soro.2023.0134,https://doi.org/10.1089/soro.2023.0134,,6
1109,curated,both_openalex_crossref,Crossref; OpenAlex,"Exceptional mechanical performance by spatial printing with continuous fiber: Curved slicing, toolpath generation and physical verification",2024,Additive manufacturing,10.1016/j.addma.2024.104048,https://doi.org/10.1016/j.addma.2024.104048,,6
1110,curated,crossref_only,Crossref,Energy Absorption of 3D Printed ABS and TPU Multimaterial Honeycomb Structures,2024,3D Printing and Additive Manufacturing,10.1089/3dp.2022.0196,https://doi.org/10.1089/3dp.2022.0196,,6
1111,curated,both_openalex_crossref,Crossref; OpenAlex,Drying-oriented resolution optimization for multi-material additive manufacturing: A case study on coffee-ring effect,2024,Additive manufacturing,10.1016/j.addma.2024.104609,https://doi.org/10.1016/j.addma.2024.104609,,6
1112,curated,openalex_only,OpenAlex,Discovery of microsegregation-aided transformation and twinning-induced plasticity in low Mn steel through directed energy deposition of functionally graded materials,2024,Additive manufacturing,10.1016/j.addma.2024.104154,https://doi.org/10.1016/j.addma.2024.104154,,6
1113,curated,crossref_only,Crossref,"Directly 3D Printed, Pneumatically Actuated Multi-Material Robotic Hand",2024,2024 IEEE International Conference on Robotics and Automation (ICRA),10.1109/icra57147.2024.10610016,https://doi.org/10.1109/icra57147.2024.10610016,,6
1114,curated,openalex_only,OpenAlex,Direct 4D printing of ceramics driven by hydrogel dehydration,2024,Nature Communications,10.1038/s41467-024-45039-y,https://doi.org/10.1038/s41467-024-45039-y,,6
1115,curated,both_openalex_crossref,Crossref; OpenAlex,Design for disassembly: Using a multi-material approach in 3D printing for easier recycling strategies,2024,Additive manufacturing,10.1016/j.addma.2024.104394,https://doi.org/10.1016/j.addma.2024.104394,,6
1116,curated,crossref_only,Crossref,Deep learning assisted fabrication of metallic components using the robotic wire arc additive manufacturing,2024,Rapid Prototyping Journal,10.1108/rpj-04-2023-0133,https://doi.org/10.1108/rpj-04-2023-0133,,6
1117,curated,crossref_only,Crossref,DESIGN AND PRINTING OF HELICAL GEAR WITH RESIN 3D PRINTING MACHINE,2024,INTERANTIONAL JOURNAL OF SCIENTIFIC RESEARCH IN ENGINEERING AND MANAGEMENT,10.55041/ijsrem32147,https://doi.org/10.55041/ijsrem32147,,6
1118,curated,openalex_only,OpenAlex,Current state of research in the field of 3D printing device designs using photopolymer composites (review),2024,Plasticheskie massy,10.35164/0554-2901-2024-05-42-48,https://doi.org/10.35164/0554-2901-2024-05-42-48,,6
1119,curated,crossref_only,Crossref,Controlling Dilution in Multilayer Welding for Additive Manufacturing,2024,Archives of Metallurgy and Materials,10.24425/amm.2024.150902,https://doi.org/10.24425/amm.2024.150902,,6
1120,curated,openalex_only,OpenAlex,Consecutive multimaterial printing of biomimetic ionic hydrogel power sources with high flexibility and stretchability,2024,Nature Communications,10.1038/s41467-024-49469-6,https://doi.org/10.1038/s41467-024-49469-6,,6
1121,curated,both_openalex_crossref,Crossref; OpenAlex,Composite strengthening via stress-concentration regions softening: The proof of concept with Schwarzites and Schwarzynes inspired multi-material additive manufacturing,2024,Additive manufacturing,10.1016/j.addma.2024.104336,https://doi.org/10.1016/j.addma.2024.104336,,6
1122,curated,openalex_only,OpenAlex,"Co-Optimization of Tool Orientations, Kinematic Redundancy, and Waypoint Timing for Robot-Assisted Manufacturing",2024,arXiv (Cornell University),10.48550/arxiv.2409.13448,https://doi.org/10.48550/arxiv.2409.13448,,6
1123,curated,openalex_only,OpenAlex,Capillary trapping of various nanomaterials on additively manufactured scaffolds for 3D micro-/nanofabrication,2024,Nature Communications,10.1038/s41467-024-51086-2,https://doi.org/10.1038/s41467-024-51086-2,,6
1124,curated,openalex_only,OpenAlex,Avoiding cracks in multi-material printing by combining laser powder bed fusion with metallic foils: Application to Ti6Al4V-AlSi12 structures,2024,Additive manufacturing,10.1016/j.addma.2024.104615,https://doi.org/10.1016/j.addma.2024.104615,,6
1125,curated,openalex_only,OpenAlex,Automatic data-driven design and 3D printing of custom ocular prostheses,2024,Nature Communications,10.1038/s41467-024-45345-5,https://doi.org/10.1038/s41467-024-45345-5,,6
1126,curated,openalex_only,OpenAlex,Antenna systems for IoT applications: a review,2024,Discover Sustainability,10.1007/s43621-024-00638-z,https://doi.org/10.1007/s43621-024-00638-z,,6
1127,curated,crossref_only,Crossref,Analyzing the Influence of Multimaterial 3D Printing and Postprocessing on Mechanical and Tribological Characteristics,2024,Macromolecular Materials and Engineering,10.1002/mame.202300428,https://doi.org/10.1002/mame.202300428,,6
1128,curated,openalex_only,OpenAlex,Alternative CAM Solution for Adaptive Robotic Additive Manufacturing,2024,Acta Mechanica Slovaca,10.21496/ams.2025.003,https://doi.org/10.21496/ams.2025.003,,6
1129,curated,openalex_only,OpenAlex,Advancing Additive Manufacturing through Deep Learning: A Comprehensive Review of Current Progress and Future Challenges,2024,arXiv (Cornell University),10.48550/arxiv.2403.00669,https://doi.org/10.48550/arxiv.2403.00669,,6
1130,curated,openalex_only,OpenAlex,Advancing 4D printing through designing interlocking blocks: enhancing deformation uniformity in active composite structures,2024,Smart Materials and Structures,10.1088/1361-665x/ad3c85,https://doi.org/10.1088/1361-665x/ad3c85,,6
1131,curated,both_openalex_crossref,Crossref; OpenAlex,Advances in Additive Manufacturing of Polymer-Fused Deposition Modeling on Textiles: From 3D Printing to Innovative 4D Printing—A Review,2024,Polymers,10.3390/polym16050700,https://doi.org/10.3390/polym16050700,,6
1132,curated,both_openalex_crossref,Crossref; OpenAlex,Advanced Bioprinting for the Future,2024,3D Bioprinting from Lab to Industry,10.1002/9781119894407.ch14,https://doi.org/10.1002/9781119894407.ch14,,6
1133,curated,openalex_only,OpenAlex,Additive manufacturing of highly entangled polymer networks,2024,Science,10.1126/science.adn6925,https://doi.org/10.1126/science.adn6925,,6
1134,curated,openalex_only,OpenAlex,Additive manufacturing of functionalised atomic vapour cells for next-generation quantum technologies,2024,Quantum Science and Technology,10.1088/2058-9565/ad8678,https://doi.org/10.1088/2058-9565/ad8678,,6
1135,curated,openalex_only,OpenAlex,Additive manufacturing of electromagnetic multifunctional composites,2024,"Library, Museums and Press - UDSpace (University of Delaware)",10.58088/3sfh-r850,https://doi.org/10.58088/3sfh-r850,,6
1136,curated,crossref_only,Crossref,A ‘Human-In-The-Loop’ Workflow for Realizing Taihu Rocks,2024,Computational Design and Robotic Fabrication,10.1007/978-981-99-8405-3_29,https://doi.org/10.1007/978-981-99-8405-3_29,,6
1137,curated,openalex_only,OpenAlex,A review on artificial intelligence-enabled mechanical analysis of 3D printed and FEM-modelled auxetic metamaterials,2024,Virtual and Physical Prototyping,10.1080/17452759.2024.2445712,https://doi.org/10.1080/17452759.2024.2445712,,6
1138,curated,both_openalex_crossref,Crossref; OpenAlex,A Novel Path Planning Approach for Non-planar Robotic Additive Manufacturing to Build and Repair the Parts of Cylindrical Geometry.,2024,Research Square,10.21203/rs.3.rs-3999221/v1,https://doi.org/10.21203/rs.3.rs-3999221/v1,,6
1139,curated,openalex_only,OpenAlex,4D Printing for Biomedical Applications,2024,Advanced Materials,10.1002/adma.202402301,https://doi.org/10.1002/adma.202402301,,6
1140,curated,openalex_only,OpenAlex,4D Multimaterial Printing of Soft Actuators with Spatial and Temporal Control,2024,Advanced Materials,10.1002/adma.202312135,https://doi.org/10.1002/adma.202312135,,6
1141,curated,openalex_only,OpenAlex,Xolography for 3D Printing in Microgravity,2024,Advanced Materials,10.1002/adma.202413391,https://doi.org/10.1002/adma.202413391,,5
1142,curated,openalex_only,OpenAlex,Wood-inspired metamaterial catalyst for robust and high-throughput water purification,2024,Nature Communications,10.1038/s41467-024-46337-1,https://doi.org/10.1038/s41467-024-46337-1,,5
1143,curated,crossref_only,Crossref,Wave optical model for tomographic volumetric additive manufacturing,2024,Optics Express,10.1364/oe.521322,https://doi.org/10.1364/oe.521322,,5
1144,curated,both_openalex_crossref,Crossref; OpenAlex,Volumetric additive manufacturing: A new frontier in layer-less 3D printing,2024,Additive Manufacturing,10.1016/j.addma.2024.104094,https://doi.org/10.1016/j.addma.2024.104094,,5
1145,curated,both_openalex_crossref,Crossref; OpenAlex,Volumetric Additive Manufacturing of SiOC by Xolography,2024,Small,10.1002/smll.202402356,https://doi.org/10.1002/smll.202402356,,5
1146,curated,crossref_only,Crossref,Volumetric Additive Manufacturing of Dicyclopentadiene by Solid‐State Photopolymerization,2024,Advanced Science,10.1002/advs.202402385,https://doi.org/10.1002/advs.202402385,,5
1147,curated,both_openalex_crossref,Crossref; OpenAlex,Versatile 3D-printed fin-ray effect soft robotic fingers: lightweight optimization and performance analysis,2024,Journal of the Brazilian Society of Mechanical Sciences and Engineering,10.1007/s40430-024-04957-0,https://doi.org/10.1007/s40430-024-04957-0,,5
1148,curated,openalex_only,OpenAlex,Vat-based photopolymerization 3D printing: From materials to topical and transdermal applications,2024,Asian Journal of Pharmaceutical Sciences,10.1016/j.ajps.2024.100940,https://doi.org/10.1016/j.ajps.2024.100940,,5
1149,curated,openalex_only,OpenAlex,Vat photopolymerization printing of functionalized hydrogels on commercial contact lenses,2024,Scientific Reports,10.1038/s41598-024-63846-7,https://doi.org/10.1038/s41598-024-63846-7,,5
1150,curated,openalex_only,OpenAlex,Vat photopolymerization printing by thermal polymerisation utilising carbon nanotubes as photothermal converters,2024,Virtual and Physical Prototyping,10.1080/17452759.2024.2391480,https://doi.org/10.1080/17452759.2024.2391480,,5
1151,curated,crossref_only,Crossref,Vat photopolymerization of polymer composites with printing-direction-independent properties,2024,Additive Manufacturing,10.1016/j.addma.2024.104372,https://doi.org/10.1016/j.addma.2024.104372,,5
1152,curated,openalex_only,OpenAlex,Vat photopolymerization of multifunctional fresnel lenses for ocular management,2024,Frontiers in Bioengineering and Biotechnology,10.3389/fbioe.2024.1464129,https://doi.org/10.3389/fbioe.2024.1464129,,5
1153,curated,crossref_only,Crossref,Vat photopolymerization based digital light processing 3D printing hydrogels in biomedical fields: Key parameters and perspective,2024,Additive Manufacturing,10.1016/j.addma.2024.104443,https://doi.org/10.1016/j.addma.2024.104443,,5
1154,curated,crossref_only,Crossref,Vat photopolymerization based Photoinhibition aided Ceramic additive manufacturing (PinCAM),2024,Journal of the European Ceramic Society,10.1016/j.jeurceramsoc.2024.05.080,https://doi.org/10.1016/j.jeurceramsoc.2024.05.080,,5
1155,curated,crossref_only,Crossref,Vat photopolymerization additive manufacturing process modeling: a thermal-chemical coupling approach informed by in-situ and ex-situ characterization data,2024,Additive Manufacturing Letters,10.1016/j.addlet.2024.100193,https://doi.org/10.1016/j.addlet.2024.100193,,5
1156,curated,crossref_only,Crossref,"Vat photopolymerization 3D printing of yttria-stabilized ZrO2 ceramics: effects of a sintering additive (Na2O – 2SiO2), biocompatibility, and osteointegration",2024,Additive Manufacturing,10.1016/j.addma.2024.104071,https://doi.org/10.1016/j.addma.2024.104071,,5
1157,curated,crossref_only,Crossref,Vat photopolymerization 3D printing of hydrogels,2024,Vat Photopolymerization Additive Manufacturing,10.1016/b978-0-443-15487-4.00005-4,https://doi.org/10.1016/b978-0-443-15487-4.00005-4,,5
1158,curated,crossref_only,Crossref,Vat photopolymerization 3D printing of ceramics,2024,Vat Photopolymerization Additive Manufacturing,10.1016/b978-0-443-15487-4.00007-8,https://doi.org/10.1016/b978-0-443-15487-4.00007-8,,5
1159,curated,crossref_only,Crossref,Vat photopolymerization 3D printing engineering plastics,2024,Vat Photopolymerization Additive Manufacturing,10.1016/b978-0-443-15487-4.00006-6,https://doi.org/10.1016/b978-0-443-15487-4.00006-6,,5
1160,curated,crossref_only,Crossref,Vat photopolymerization 3D printing applications in metamaterials,2024,Vat Photopolymerization Additive Manufacturing,10.1016/b978-0-443-15487-4.00014-5,https://doi.org/10.1016/b978-0-443-15487-4.00014-5,,5
1161,curated,crossref_only,Crossref,Vat photopolymerization 3D printing applications in bio-inspired structures and functions,2024,Vat Photopolymerization Additive Manufacturing,10.1016/b978-0-443-15487-4.00011-x,https://doi.org/10.1016/b978-0-443-15487-4.00011-x,,5
1162,curated,crossref_only,Crossref,Vat photopolymerization 3D printing application in electronics,2024,Vat Photopolymerization Additive Manufacturing,10.1016/b978-0-443-15487-4.00012-1,https://doi.org/10.1016/b978-0-443-15487-4.00012-1,,5
1163,curated,crossref_only,Crossref,Vat photopolymerization 3D printing application in bioengineering,2024,Vat Photopolymerization Additive Manufacturing,10.1016/b978-0-443-15487-4.00008-x,https://doi.org/10.1016/b978-0-443-15487-4.00008-x,,5
1164,curated,crossref_only,Crossref,Vat photopolymerization 3D printing SiBCN ceramic metamaterials with strong electromagnetic wave absorption,2024,Additive Manufacturing,10.1016/j.addma.2024.104239,https://doi.org/10.1016/j.addma.2024.104239,,5
1165,curated,crossref_only,Crossref,Vat Photopolymerization Additive Manufacturing,2024,Venue unknown,10.1016/c2022-0-01490-2,https://doi.org/10.1016/c2022-0-01490-2,,5
1166,curated,openalex_only,OpenAlex,Upgrading and extending the life cycle of soft robots with in situ free-form liquid three-dimensional printing,2024,Science Robotics,10.1126/scirobotics.adn4542,https://doi.org/10.1126/scirobotics.adn4542,,5
1167,curated,both_openalex_crossref,Crossref; OpenAlex,Unlocking multiscale metallic metamaterials via lithography additive manufacturing,2024,Virtual and Physical Prototyping,10.1080/17452759.2024.2339368,https://doi.org/10.1080/17452759.2024.2339368,,5
1168,curated,crossref_only,Crossref,Uniform rate debinding for Si3N4 vat photopolymerization 3D printing green parts using a specific-stage stepwise heating process,2024,Additive Manufacturing,10.1016/j.addma.2024.104119,https://doi.org/10.1016/j.addma.2024.104119,,5
1169,curated,crossref_only,Crossref,Two-color 3D printing for reduction in femtosecond laser printing power,2024,Optics Express,10.1364/oe.525826,https://doi.org/10.1364/oe.525826,,5
1170,curated,crossref_only,Crossref,Two-Photon Polymerization 4D Printing Magnetic Probe on a Fiber for Magnetic Vector Measurement,2024,ACS Photonics,10.1021/acsphotonics.4c01007,https://doi.org/10.1021/acsphotonics.4c01007,,5
1171,curated,crossref_only,Crossref,Two- and three-photon processes during photopolymerization in 3D laser printing,2024,Chemical Science,10.1039/d4sc03527e,https://doi.org/10.1039/d4sc03527e,,5
1172,curated,openalex_only,OpenAlex,Tunable Metamaterials for Impact Mitigation,2024,Advanced Materials Technologies,10.1002/admt.202301668,https://doi.org/10.1002/admt.202301668,,5
1173,curated,crossref_only,Crossref,Tunable Lotus Leaf Effect by 3D-printed stretchable objects,2024,Venue unknown,10.26434/chemrxiv-2024-0wlvp,https://doi.org/10.26434/chemrxiv-2024-0wlvp,,5
1174,curated,crossref_only,Crossref,"Trends, prospect, and outlook of vat photopolymerization 3D printing",2024,Vat Photopolymerization Additive Manufacturing,10.1016/b978-0-443-15487-4.00009-1,https://doi.org/10.1016/b978-0-443-15487-4.00009-1,,5
1175,curated,crossref_only,Crossref,Towards microwave volumetric additive manufacturing: Generation of a computational multi-physics model for localized curing,2024,Additive Manufacturing Letters,10.1016/j.addlet.2024.100209,https://doi.org/10.1016/j.addlet.2024.100209,,5
1176,curated,crossref_only,Crossref,Towards Scarless Support Removal in Vat Photopolymerization Additive Manufacturing for Mass Manufacturing of Precision Components,2024,Procedia CIRP,10.1016/j.procir.2024.10.054,https://doi.org/10.1016/j.procir.2024.10.054,,5
1177,curated,crossref_only,Crossref,Towards Industry-Ready Additive Manufacturing: AI-Enabled Closed-Loop Control for 3D Melt Electrowriting,2024,Venue unknown,10.21203/rs.3.rs-3902404/v1,https://doi.org/10.21203/rs.3.rs-3902404/v1,,5
1178,curated,crossref_only,Crossref,Toward “S”-Shaped 3D-Printed Soft Robotic Guidewires for Pediatric Patent Ductus Arteriosus Endovascular Interventions,2024,2024 IEEE 7th International Conference on Soft Robotics (RoboSoft),10.1109/robosoft60065.2024.10521960,https://doi.org/10.1109/robosoft60065.2024.10521960,,5
1179,curated,both_openalex_crossref,Crossref; OpenAlex,Toward DLP 4D printing of liquid crystal elastomers: Tailored properties via non-mesogenic linkers,2024,European Polymer Journal,10.1016/j.eurpolymj.2024.113648,https://doi.org/10.1016/j.eurpolymj.2024.113648,,5
1180,curated,both_openalex_crossref,Crossref; OpenAlex,Tomographic projection optimization for volumetric additive manufacturing with general band constraint Lp-norm minimization,2024,Additive Manufacturing,10.1016/j.addma.2024.104447,https://doi.org/10.1016/j.addma.2024.104447,,5
1181,curated,crossref_only,Crossref,Three-dimensional photopolymerization additive manufacturing technology based on two-photon polymerization,2024,JMST Advances,10.1007/s42791-024-00089-7,https://doi.org/10.1007/s42791-024-00089-7,,5
1182,curated,crossref_only,Crossref,Three-Dimensional Printable Magnetic Microfibers: Development and Characterization for Four-Dimensional Printing,2024,3D Printing and Additive Manufacturing,10.1089/3dp.2022.0103,https://doi.org/10.1089/3dp.2022.0103,,5
1183,curated,crossref_only,Crossref,Thiol-Acrylate polyHIPEs via Facile Layer-by-Layer Photopolymerization,2024,3D Printing and Additive Manufacturing,10.1089/3dp.2022.0289,https://doi.org/10.1089/3dp.2022.0289,,5
1184,curated,openalex_only,OpenAlex,The Role of Liquid Crystal Elastomers in Pioneering Biological Applications,2024,Crystals,10.3390/cryst14100859,https://doi.org/10.3390/cryst14100859,,5
1185,curated,crossref_only,Crossref,Terahertz sensing with a 3D meta-absorbing chip based on two-photon polymerization printing,2024,Photonics Research,10.1364/prj.519652,https://doi.org/10.1364/prj.519652,,5
1186,curated,openalex_only,OpenAlex,Tailoring of Silicone Urethane Methacrylate Resin for Vat Photopolymerization-Based 3D Printing of Shape Memory Polymers,2024,ACS Omega,10.1021/acsomega.3c08102,https://doi.org/10.1021/acsomega.3c08102,,5
1187,curated,openalex_only,OpenAlex,TacPalm: A Soft Gripper With a Biomimetic Optical Tactile Palm for Stable Precise Grasping,2024,IEEE Sensors Journal,10.1109/jsen.2024.3471812,https://doi.org/10.1109/jsen.2024.3471812,,5
1188,curated,crossref_only,Crossref,SwissVAMyKnife.jl: An open-source package for tomographic volumetric additive manufacturing,2024,EPJ Web of Conferences,10.1051/epjconf/202430903024,https://doi.org/10.1051/epjconf/202430903024,,5
1189,curated,crossref_only,Crossref,Subtractive manufacturing of composite materials with robotic manipulators: a comprehensive review,2024,The International Journal of Advanced Manufacturing Technology,10.1007/s00170-024-14427-5,https://doi.org/10.1007/s00170-024-14427-5,,5
1190,curated,openalex_only,OpenAlex,SonoPrint: Acoustically Assisted Volumetric 3D Printing for Composites,2024,Advanced Materials,10.1002/adma.202408374,https://doi.org/10.1002/adma.202408374,,5
1191,curated,crossref_only,Crossref,Soft Self-Regulating Heating Elements for Thermoplastic Elastomer-Based Electronic Skin Applications,2024,3D Printing and Additive Manufacturing,10.1089/3dp.2022.0242,https://doi.org/10.1089/3dp.2022.0242,,5
1192,curated,openalex_only,OpenAlex,Soft Robots with Plant‐Inspired Gravitropism Based on Fluidic Liquid Metal,2024,Advanced Science,10.1002/advs.202306129,https://doi.org/10.1002/advs.202306129,,5
1193,curated,crossref_only,Crossref,Soft Robotic Proprioception Enhancement via 3D-Printed Differential Optical Waveguide Design,2024,IEEE Robotics and Automation Letters,10.1109/lra.2024.3416795,https://doi.org/10.1109/lra.2024.3416795,,5
1194,curated,openalex_only,OpenAlex,Soft Acoustic Curvature Sensor: Design and Development,2024,arXiv (Cornell University),10.48550/arxiv.2409.06395,https://doi.org/10.48550/arxiv.2409.06395,,5
1195,curated,crossref_only,Crossref,"SoPCAS Finger: A Three-Dimensional Printed Soft Finger with Pneumatic Chambers for Simultaneous Actuation, Sensing, and Controlled Grasping",2024,Robotics Reports,10.1089/rorep.2023.0019,https://doi.org/10.1089/rorep.2023.0019,,5
1196,curated,openalex_only,OpenAlex,"Smart chiral liquid crystal elastomers: Design, properties and application",2024,Smart Molecules,10.1002/smo.20230025,https://doi.org/10.1002/smo.20230025,,5
1197,curated,openalex_only,OpenAlex,Smart Multi-Responsive Biomaterials and Their Applications for 4D Bioprinting,2024,Biomimetics,10.3390/biomimetics9080484,https://doi.org/10.3390/biomimetics9080484,,5
1198,curated,openalex_only,OpenAlex,Slicing vector fields into tool paths for additive manufacturing of nematic elastomers,2024,Additive manufacturing,10.1016/j.addma.2024.104604,https://doi.org/10.1016/j.addma.2024.104604,,5
1199,curated,crossref_only,Crossref,Shape Memory Effect of Four-Dimensional Printed Polylactic Acid-Based Scaffold with Nature-Inspired Structure,2024,3D Printing and Additive Manufacturing,10.1089/3dp.2022.0269,https://doi.org/10.1089/3dp.2022.0269,,5
1200,curated,openalex_only,OpenAlex,Selective near-infrared laser programming for shape-memory polymer–carbon nanotube composite material 4D printing,2024,Programmable Materials,10.1017/pma.2024.4,https://doi.org/10.1017/pma.2024.4,,5
1201,curated,crossref_only,Crossref,Selection strategy of curing depth for vat photopolymerization 3D printing of Al2O3 ceramics,2024,Additive Manufacturing,10.1016/j.addma.2024.104240,https://doi.org/10.1016/j.addma.2024.104240,,5
1202,curated,crossref_only,Crossref,Roll-to-roll tomographic volumetric additive manufacturing for continuous production of microstructures on long flexible substrates,2024,Advanced Fabrication Technologies for Micro/Nano Optics and Photonics XVII,10.1117/12.3008445,https://doi.org/10.1117/12.3008445,,5
1203,curated,openalex_only,OpenAlex,Roll-to-roll tomographic volumetric additive manufacturing,2024,arXiv (Cornell University),10.48550/arxiv.2402.10955,https://doi.org/10.48550/arxiv.2402.10955,,5
1204,curated,openalex_only,OpenAlex,Role of GO and Photoinitiator Concentration on Curing Behavior of PEG-Based Polymer for DLP 3D Printing,2024,ACS Omega,10.1021/acsomega.3c05378,https://doi.org/10.1021/acsomega.3c05378,,5
1205,curated,both_openalex_crossref,Crossref; OpenAlex,Review: Application of 3D Printing Technology in Soft Robots,2024,3D Printing and Additive Manufacturing,10.1089/3dp.2023.0127,https://doi.org/10.1089/3dp.2023.0127,,5
1206,curated,crossref_only,Crossref,Research on DLP 3D printing path planning algorithm based on A*-ACO,2024,2024 Sixth International Conference on Next Generation Data-driven Networks (NGDN),10.1109/ngdn61651.2024.10744086,https://doi.org/10.1109/ngdn61651.2024.10744086,,5
1207,curated,openalex_only,OpenAlex,Reconfigurable 4D printing via mechanically robust covalent adaptable network shape memory polymer,2024,Science Advances,10.1126/sciadv.adl4387,https://doi.org/10.1126/sciadv.adl4387,,5
1208,curated,openalex_only,OpenAlex,Recent advances in 4D printing of hydrogels,2024,REVIEWS ON ADVANCED MATERIALS SCIENCE,10.1515/rams-2024-0028,https://doi.org/10.1515/rams-2024-0028,,5
1209,curated,crossref_only,Crossref,Rapid Volumetric Additive Manufacturing in Solid State: A Demonstration to Produce Water-Content-Dependent Cooling/Heating/Water-Responsive Shape Memory Hydrogels,2024,3D Printing and Additive Manufacturing,10.1089/3dp.2021.0279,https://doi.org/10.1089/3dp.2021.0279,,5
1210,curated,crossref_only,Crossref,Rapid Continuous 3D Printing via Orthogonal Dual-Color Photoinitiation and Photoinhibition,2024,3D Printing and Additive Manufacturing,10.1089/3dp.2022.0278,https://doi.org/10.1089/3dp.2022.0278,,5
1211,curated,openalex_only,OpenAlex,Radical inhibition in tomographic volumetric 3D printing for thiol-ene photoresists: From photorheology to printability,2024,Reactive and Functional Polymers,10.1016/j.reactfunctpolym.2024.106096,https://doi.org/10.1016/j.reactfunctpolym.2024.106096,,5
1212,curated,crossref_only,Crossref,Quantitative phase imaging for volumetric additive manufacturing,2024,Advanced Fabrication Technologies for Micro/Nano Optics and Photonics XVII,10.1117/12.3008523,https://doi.org/10.1117/12.3008523,,5
1213,curated,openalex_only,OpenAlex,"Programming mechanics in knitted materials, stitch by stitch",2024,Nature Communications,10.1038/s41467-024-46498-z,https://doi.org/10.1038/s41467-024-46498-z,,5
1214,curated,crossref_only,Crossref,Process Optimization and Cure Behavior Analysis of Dlp 3d Printing For Flexible 0-3 Piezoelectric Composite Metamaterials,2024,Venue unknown,10.2139/ssrn.4988168,https://doi.org/10.2139/ssrn.4988168,,5
1215,curated,openalex_only,OpenAlex,Printing path-dependent two-scale models for 3D printed planar auxetics by material extrusion,2024,Additive manufacturing,10.1016/j.addma.2024.104293,https://doi.org/10.1016/j.addma.2024.104293,,5
1216,curated,openalex_only,OpenAlex,Printing Mosaics of Magnetically Programmed Liquid Crystal Directors for Reversibly Morphing Soft Matter,2024,arXiv (Cornell University),10.48550/arxiv.2401.06590,https://doi.org/10.48550/arxiv.2401.06590,,5
1217,curated,crossref_only,Crossref,Polymer Matrix Nanocomposites Fabricated with Copper Nanoparticles and Photopolymer Resin via Vat Photopolymerization Additive Manufacturing,2024,Polymers,10.3390/polym16172434,https://doi.org/10.3390/polym16172434,,5
1218,curated,openalex_only,OpenAlex,"Polymer Composites in 3D/4D Printing: Materials, Advances, and Prospects",2024,Molecules,10.3390/molecules29020319,https://doi.org/10.3390/molecules29020319,,5
1219,curated,openalex_only,OpenAlex,Pluralizing actuation behavior of 3D printable liquid crystal elastomers via polymerization sequence control,2024,Science Advances,10.1126/sciadv.adp4814,https://doi.org/10.1126/sciadv.adp4814,,5
1220,curated,crossref_only,Crossref,Physics-constrained multi-objective bayesian optimization to accelerate 3d printing of thermoplastics,2024,Additive Manufacturing,10.1016/j.addma.2024.104204,https://doi.org/10.1016/j.addma.2024.104204,,5
1221,curated,openalex_only,OpenAlex,Photothermal Actuation of Thick 3D‐Printed Liquid Crystalline Elastomer Nanocomposites,2024,Advanced Materials,10.1002/adma.202313745,https://doi.org/10.1002/adma.202313745,,5
1222,curated,openalex_only,OpenAlex,Photoresponsive Biomimetic Functions by Light-Driven Molecular Motors in Three Dimensionally Printed Liquid Crystal Elastomers,2024,Journal of the American Chemical Society,10.1021/jacs.4c01642,https://doi.org/10.1021/jacs.4c01642,,5
1223,curated,crossref_only,Crossref,Photopolymerization-Based Three-Dimensional Ceramic Printing Technology,2024,3D Printing and Additive Manufacturing,10.1089/3dp.2022.0132,https://doi.org/10.1089/3dp.2022.0132,,5
1224,curated,both_openalex_crossref,Crossref; OpenAlex,Photochemically Induced Propulsion of a 4D Printed Liquid Crystal Elastomer Biomimetic Swimmer,2024,Advanced Science,10.1002/advs.202308561,https://doi.org/10.1002/advs.202308561,,5
1225,curated,openalex_only,OpenAlex,Photobase-catalyzed thiol–ene click chemistry for light-based additive manufacturing,2024,Polymer Chemistry,10.1039/d4py01120a,https://doi.org/10.1039/d4py01120a,,5
1226,curated,openalex_only,OpenAlex,Performance Comparison of Shape Memory Polymer Structures Printed by Fused Deposition Modeling and Melt Electrowriting,2024,Advanced Materials Technologies,10.1002/admt.202400466,https://doi.org/10.1002/admt.202400466,,5
1227,curated,crossref_only,Crossref,PHOTOPOLYMERIZATION ADDITIVE MANUFACTURING FOR MICROMOLD APPLICATION: A SYSTEMATIC REVIEW,2024,International Journal of Innovation and Industrial Revolution,10.35631/ijirev.619002,https://doi.org/10.35631/ijirev.619002,,5
1228,curated,crossref_only,Crossref,Optimizing time in additive manufacturing: a hybrid fused deposition modeling and photopolymerization approach,2024,Rapid Prototyping Journal,10.1108/rpj-02-2024-0083,https://doi.org/10.1108/rpj-02-2024-0083,,5
1229,curated,crossref_only,Crossref,Optimize projected mask images for improving three-dimensional printing accuracy for digital light processing based vat photopolymerization,2024,Additive Manufacturing,10.1016/j.addma.2024.104257,https://doi.org/10.1016/j.addma.2024.104257,,5
1230,curated,crossref_only,Crossref,Optimization of a High Internal Phase Emulsion-Based Resin for Use in Commercial Vat Photopolymerization Additive Manufacturing,2024,3D Printing and Additive Manufacturing,10.1089/3dp.2022.0235,https://doi.org/10.1089/3dp.2022.0235,,5
1231,curated,openalex_only,OpenAlex,One-photon three-dimensional printed fused silica glass with sub-micron features,2024,Nature Communications,10.1038/s41467-024-46929-x,https://doi.org/10.1038/s41467-024-46929-x,,5
1232,curated,both_openalex_crossref,Crossref; OpenAlex,On-line inspection of lattice structures and metamaterials via in-situ imaging in additive manufacturing,2024,Additive manufacturing,10.1016/j.addma.2024.104538,https://doi.org/10.1016/j.addma.2024.104538,,5
1233,curated,crossref_only,Crossref,On the manufacturing of potted electrical connectors with 3D printing resin: an unobtrusive workflow,2024,AHFE International,10.54941/ahfe1005153,https://doi.org/10.54941/ahfe1005153,,5
1234,curated,both_openalex_crossref,Crossref; OpenAlex,Occlusion-based model weighting for volumetric additive manufacturing around inserts,2024,Virtual and Physical Prototyping,10.1080/17452759.2024.2407473,https://doi.org/10.1080/17452759.2024.2407473,,5
1235,curated,both_openalex_crossref,Crossref; OpenAlex,Numerical modeling of tomographic volumetric additive manufacturing based on energy threshold method,2024,Additive Manufacturing,10.1016/j.addma.2024.104552,https://doi.org/10.1016/j.addma.2024.104552,,5
1236,curated,openalex_only,OpenAlex,Myrcene-itaconate Diels-Alder cycloadducts in the synthesis of photocurable polyesters for the 3D printing of fully biobased resins,2024,Additive manufacturing,10.1016/j.addma.2024.104360,https://doi.org/10.1016/j.addma.2024.104360,,5
1237,curated,openalex_only,OpenAlex,Multistep and Elastically Stable Mechanical Metamaterials,2024,Journal of Applied Mechanics,10.1115/1.4066084,https://doi.org/10.1115/1.4066084,,5
1238,curated,both_openalex_crossref,Crossref; OpenAlex,Multicolor tomographic volumetric printing: property modulation and beyond,2024,Advanced Fabrication Technologies for Micro/Nano Optics and Photonics XVII,10.1117/12.3000331,https://doi.org/10.1117/12.3000331,,5
1239,curated,openalex_only,OpenAlex,Multi-beam phase mask optimization for holographic volumetric additive manufacturing,2024,arXiv (Cornell University),10.48550/arxiv.2401.15590,https://doi.org/10.48550/arxiv.2401.15590,,5
1240,curated,openalex_only,OpenAlex,Movement with light: Photoresponsive shape morphing of printed liquid crystal elastomers,2024,Matter,10.1016/j.matt.2024.01.006,https://doi.org/10.1016/j.matt.2024.01.006,,5
1241,curated,openalex_only,OpenAlex,Morpho-plastic cellular metamaterials,2024,arXiv (Cornell University),10.48550/arxiv.2412.06022,https://doi.org/10.48550/arxiv.2412.06022,,5
1242,curated,crossref_only,Crossref,Modeling of 3D Printed Soft Pneumatic Actuators,2024,9th European Congress on Computational Methods in Applied Sciences and Engineering,10.23967/eccomas.2024.299,https://doi.org/10.23967/eccomas.2024.299,,5
1243,curated,openalex_only,OpenAlex,Micro-optics fabrication using blurred tomography,2024,arXiv (Cornell University),10.48550/arxiv.2401.08799,https://doi.org/10.48550/arxiv.2401.08799,,5
1244,curated,openalex_only,OpenAlex,Metamaterial-based injection molding for the cost-effective production of whole cuts,2024,Nature Communications,10.1038/s41467-024-54939-y,https://doi.org/10.1038/s41467-024-54939-y,,5
1245,curated,both_openalex_crossref,Crossref; OpenAlex,Melt electrowriting enabled 3D liquid crystal elastomer structures for cross-scale actuators and temperature field sensors,2024,Science Advances,10.1126/sciadv.adk3854,https://doi.org/10.1126/sciadv.adk3854,,5
1246,curated,openalex_only,OpenAlex,Material-extrusion based additive manufacturing of BaTiO3 ceramics: from filament production to sintered properties,2024,Additive manufacturing,10.1016/j.addma.2024.104238,https://doi.org/10.1016/j.addma.2024.104238,,5
1247,curated,both_openalex_crossref,Crossref; OpenAlex,Material extrusion-based additive manufacturing with multi-legged robot: fundamental investigation of path planning and manufacturing capabilities,2024,Journal of Advanced Simulation in Science and Engineering,10.15748/jasse.11.222,https://doi.org/10.15748/jasse.11.222,,5
1248,curated,both_openalex_crossref,Crossref; OpenAlex,Manufacturing of metallic components via computed axial lithography and hydrogel infusion additive manufacturing,2024,Advanced Fabrication Technologies for Micro/Nano Optics and Photonics XVII,10.1117/12.3009478,https://doi.org/10.1117/12.3009478,,5
1249,curated,both_openalex_crossref,Crossref; OpenAlex,Manufacturing of 3D Printed Soft Grippers: A Review,2024,IEEE Access,10.1109/access.2024.3369493,https://doi.org/10.1109/access.2024.3369493,,5
1250,curated,both_openalex_crossref,Crossref; OpenAlex,Liquid crystal elastomers 4D printing,2024,Elsevier eBooks,10.1016/b978-0-443-13673-3.00010-9,https://doi.org/10.1016/b978-0-443-13673-3.00010-9,,5
1251,curated,openalex_only,OpenAlex,Linear volumetric additive manufacturing of zirconia from a transparent photopolymerizable ceramic slurry via Xolography,2024,Open Ceramics,10.1016/j.oceram.2024.100655,https://doi.org/10.1016/j.oceram.2024.100655,,5
1252,curated,openalex_only,OpenAlex,Knotted Artificial Muscles for Bio‐Mimetic Actuation under Deepwater,2024,Advanced Materials,10.1002/adma.202400763,https://doi.org/10.1002/adma.202400763,,5
1253,curated,crossref_only,Crossref,Inverse Rendering for Tomographic Volumetric Additive Manufacturing,2024,ACM Transactions on Graphics,10.1145/3687924,https://doi.org/10.1145/3687924,,5
1254,curated,crossref_only,Crossref,Intensity-coupled multi-beam phase retrieval for holographic volumetric additive manufacturing,2024,Optics Express,10.1364/oe.544010,https://doi.org/10.1364/oe.544010,,5
1255,curated,openalex_only,OpenAlex,Integration of Sustainable and Net-Zero Concepts in Shape-Memory Polymer Composites to Enhance Environmental Performance,2024,Biomimetics,10.3390/biomimetics9090530,https://doi.org/10.3390/biomimetics9090530,,5
1256,curated,openalex_only,OpenAlex,"Innovative polymer‐based composite materials in additive manufacturing: A review of methods, materials, and applications",2024,Polymer Composites,10.1002/pc.28854,https://doi.org/10.1002/pc.28854,,5
1257,curated,crossref_only,Crossref,Innovative 3d Printing of Mechanoluminescent Composites: Vat Photopolymerization Using Digital Light Processing (Dlp) with Machine Learning Optimization,2024,Venue unknown,10.2139/ssrn.4854045,https://doi.org/10.2139/ssrn.4854045,,5
1258,curated,crossref_only,Crossref,Innovative 3D printing of mechanoluminescent composites: Vat photopolymerization meets machine learning,2024,Additive Manufacturing,10.1016/j.addma.2024.104324,https://doi.org/10.1016/j.addma.2024.104324,,5
1259,curated,crossref_only,Crossref,Innovating Accessibility: Development of a Low-Cost 3D Printed Soft Robotic Prosthetic Hand with Integrated Metamaterial for Enhanced Sensory Feedback,2024,2024 Advances in Science and Engineering Technology International Conferences (ASET),10.1109/aset60340.2024.10708741,https://doi.org/10.1109/aset60340.2024.10708741,,5
1260,curated,both_openalex_crossref,Crossref; OpenAlex,In-situ interferometric curing monitoring for digital light processing based vat photopolymerization additive manufacturing,2024,Additive Manufacturing,10.1016/j.addma.2024.104001,https://doi.org/10.1016/j.addma.2024.104001,,5
1261,curated,openalex_only,OpenAlex,Impact of CoFe2O4 Magnetic Nanoparticles on the Physical and Mechanical Properties and Shape Memory Effect of Polylactide,2024,Journal of Composites Science,10.3390/jcs8020048,https://doi.org/10.3390/jcs8020048,,5
1262,curated,crossref_only,Crossref,Impact of Beam Shape on Print Accuracy in Digital Light Processing Additive Manufacture,2024,3D Printing and Additive Manufacturing,10.1089/3dp.2022.0193,https://doi.org/10.1089/3dp.2022.0193,,5
1263,curated,openalex_only,OpenAlex,Hydrogen‐Sensitive Inks with 4D Printing of a Fiber‐Tip Hydrogen Microsensor,2024,Laser & Photonics Review,10.1002/lpor.202400179,https://doi.org/10.1002/lpor.202400179,,5
1264,curated,openalex_only,OpenAlex,Hybrid 4D printing of flexible multifunctional composites by multi jet fusion and direct ink writing,2024,Materials Science and Engineering R Reports,10.1016/j.mser.2024.100890,https://doi.org/10.1016/j.mser.2024.100890,,5
1265,curated,both_openalex_crossref,Crossref; OpenAlex,Human–Material Interaction Enabled by Fused Filament Fabrication 4D Printing,2024,Advanced Engineering Materials,10.1002/adem.202301917,https://doi.org/10.1002/adem.202301917,,5
1266,curated,openalex_only,OpenAlex,Hot Fingers: Individually Addressable Graphene-Heater Actuated Liquid Crystal Grippers,2024,ACS Applied Materials & Interfaces,10.1021/acsami.4c06130,https://doi.org/10.1021/acsami.4c06130,,5
1267,curated,openalex_only,OpenAlex,Holographic Volumetric Additive Manufacturing,2024,arXiv (Cornell University),10.48550/arxiv.2401.13755,https://doi.org/10.48550/arxiv.2401.13755,,5
1268,curated,crossref_only,Crossref,HoloTile for Volumetric Additive Manufacturing,2024,Optica Digital Holography and Three-Dimensional Imaging 2024 (DH),10.1364/dh.2024.w5b.5,https://doi.org/10.1364/dh.2024.w5b.5,,5
1269,curated,openalex_only,OpenAlex,Highly conductive and stretchable nanostructured ionogels for 3D printing capacitive sensors with superior performance,2024,Nature Communications,10.1038/s41467-024-50797-w,https://doi.org/10.1038/s41467-024-50797-w,,5
1270,curated,crossref_only,Crossref,Highly compliant silicone 3D-printed dual mode soft robotic gripper,2024,Smart Materials &amp; Methods,10.1080/29963176.2024.2431816,https://doi.org/10.1080/29963176.2024.2431816,,5
1271,curated,crossref_only,Crossref,"High-precision and Large-Scale Vat Photopolymerization Printing based on ""Spatial-Pixel Integration Compensation"" method",2024,Additive Manufacturing,10.1016/j.addma.2024.104351,https://doi.org/10.1016/j.addma.2024.104351,,5
1272,curated,crossref_only,Crossref,High temperature vat photopolymerization 3D printing of fully bio-based composites: Green vegetable oil epoxy matrix &amp; bio-derived filler powder,2024,Additive Manufacturing,10.1016/j.addma.2023.103929,https://doi.org/10.1016/j.addma.2023.103929,,5
1273,curated,crossref_only,Crossref,Generalized projection optimization model for tomographic volumetric additive manufacturing,2024,Advanced Fabrication Technologies for Micro/Nano Optics and Photonics XVII,10.1117/12.3008459,https://doi.org/10.1117/12.3008459,,5
1274,curated,openalex_only,OpenAlex,Fundamental Aspects of Stretchable Mechanochromic Materials: Fabrication and Characterization,2024,Materials,10.3390/ma17163980,https://doi.org/10.3390/ma17163980,,5
1275,curated,crossref_only,Crossref,Functionalization of vat photopolymerization 3D printing structures,2024,Vat Photopolymerization Additive Manufacturing,10.1016/b978-0-443-15487-4.00013-3,https://doi.org/10.1016/b978-0-443-15487-4.00013-3,,5
1276,curated,crossref_only,Crossref,Fully 3D‐Printed Miniature Soft Hydraulic Actuators with Shape Memory Effect for Morphing and Manipulation,2024,Advanced Materials,10.1002/adma.202402517,https://doi.org/10.1002/adma.202402517,,5
1277,curated,crossref_only,Crossref,From Problem to Solution: Bio-inspired 3D Printing for Bonding Soft and Rigid Material via Underextrusion,2024,Venue unknown,10.21203/rs.3.rs-4823174/v1,https://doi.org/10.21203/rs.3.rs-4823174/v1,,5
1278,curated,crossref_only,Crossref,Fabrication of High‐Density Microarchitected Tungsten via DLP 3D Printing,2024,Advanced Science,10.1002/advs.202405487,https://doi.org/10.1002/advs.202405487,,5
1279,curated,openalex_only,OpenAlex,Evolution of the Microrobots: Stimuli-Responsive Materials and Additive Manufacturing Technologies Turn Small Structures into Microscale Robots,2024,Micromachines,10.3390/mi15020275,https://doi.org/10.3390/mi15020275,,5
1280,curated,crossref_only,Crossref,"Enhancing the Versatility and Performance of Soft Robotic Grippers, Hands, and Crawling Robots Through Three-Dimensional-Printed Multifunctional Buckling Joints",2024,Soft Robotics,10.1089/soro.2023.0111,https://doi.org/10.1089/soro.2023.0111,,5
1281,curated,crossref_only,Crossref,Elucidating the mechanism of overcuring in microchannels fabricated via vat photopolymerization (VPP) for precise microfluidic chip printing,2024,Additive Manufacturing,10.1016/j.addma.2024.104350,https://doi.org/10.1016/j.addma.2024.104350,,5
1282,curated,openalex_only,OpenAlex,Electrothermally controlled origami fabricated by 4D printing of continuous fiber-reinforced composites,2024,Nature Communications,10.1038/s41467-024-46591-3,https://doi.org/10.1038/s41467-024-46591-3,,5
1283,curated,crossref_only,Crossref,Electronic alignment in volumetric additive manufacturing,2024,Advanced Fabrication Technologies for Micro/Nano Optics and Photonics XVII,10.1117/12.3008910,https://doi.org/10.1117/12.3008910,,5
1284,curated,openalex_only,OpenAlex,Electromagnetic assistance enables 3D printing of silicone-based thin-walled bioinspired soft robots,2024,Additive manufacturing,10.1016/j.addma.2024.104028,https://doi.org/10.1016/j.addma.2024.104028,,5
1285,curated,openalex_only,OpenAlex,Electrically/Magnetically Dual‐Driven Shape Memory Composites Fabricated by Multi‐Material Magnetic Field‐Assisted 4D Printing,2024,Advanced Functional Materials,10.1002/adfm.202314854,https://doi.org/10.1002/adfm.202314854,,5
1286,curated,both_openalex_crossref,Crossref; OpenAlex,Electrical anisotropy and its mitigation in conductive polymers printed by vat photopolymerization,2024,Additive Manufacturing,10.1016/j.addma.2024.104221,https://doi.org/10.1016/j.addma.2024.104221,,5
1287,curated,crossref_only,Crossref,Effective post-cleaning strategy for vat photopolymerization 3D printed complex-structured polymer-derived ceramics,2024,Additive Manufacturing,10.1016/j.addma.2024.104456,https://doi.org/10.1016/j.addma.2024.104456,,5
1288,curated,openalex_only,OpenAlex,Effect of sintering temperature on feature resolution and flexural strength of ceramics fabricated through vat photopolymerization additive manufacturing,2024,Rapid Prototyping Journal,10.1108/rpj-04-2024-0166,https://doi.org/10.1108/rpj-04-2024-0166,,5
1289,curated,crossref_only,Crossref,Effect of Filament Color and Fused Deposition Modeling/Fused Filament Fabrication Process on the Development of Bistability in Switchable Bistable Squares,2024,ASME Open Journal of Engineering,10.1115/1.4064142,https://doi.org/10.1115/1.4064142,,5
1290,curated,openalex_only,OpenAlex,Dynamic interface printing,2024,Nature,10.1038/s41586-024-08077-6,https://doi.org/10.1038/s41586-024-08077-6,,5
1291,curated,both_openalex_crossref,Crossref; OpenAlex,Dual‐Wavelength Vat Photopolymerization 3D Printing with Hybrid Acrylate‐Epoxy Resins: Influence of Resin Composition on Microstructure and Mechanical Properties,2024,Advanced Engineering Materials,10.1002/adem.202301699,https://doi.org/10.1002/adem.202301699,,5
1292,curated,crossref_only,Crossref,Dual-vat photopolymerization 3D printing of vitrimers,2024,Additive Manufacturing,10.1016/j.addma.2023.103930,https://doi.org/10.1016/j.addma.2023.103930,,5
1293,curated,openalex_only,OpenAlex,Dual-Wavelength Volumetric Microlithography for Rapid Production of 4D Microstructures,2024,ACS Applied Materials & Interfaces,10.1021/acsami.4c01883,https://doi.org/10.1021/acsami.4c01883,,5
1294,curated,openalex_only,OpenAlex,Direct laser 3D nanowriting of metals and their alloys,2024,Nature Materials,10.1038/s41563-024-02031-7,https://doi.org/10.1038/s41563-024-02031-7,,5
1295,curated,crossref_only,Crossref,Direct ink writing of silicone elastomers to fabricate microfluidic devices and soft robots,2024,MRS Communications,10.1557/s43579-024-00631-7,https://doi.org/10.1557/s43579-024-00631-7,,5
1296,curated,both_openalex_crossref,Crossref; OpenAlex,Direct Ink Writing of Strained Carbon Nanotube-Based Sensors: Toward 4D Printable Soft Robotics,2024,ACS Omega,10.1021/acsomega.4c01171,https://doi.org/10.1021/acsomega.4c01171,,5
1297,curated,crossref_only,Crossref,Digitalization of a Robot-Based Directed Energy Deposition Process for In-Situ Monitoring and Post-Process Data Analytics,2024,Volume 1: Additive Manufacturing; Advanced Materials Manufacturing; Biomanufacturing; Life Cycle Engineering,10.1115/msec2024-121979,https://doi.org/10.1115/msec2024-121979,,5
1298,curated,crossref_only,Crossref,Developments in 4D Printing Technology: Usage Areas in Health Industry,2024,Medical Informatics IV,10.26650/b/t3.2024.40.030,https://doi.org/10.26650/b/t3.2024.40.030,,5
1299,curated,crossref_only,Crossref,Development of aluminum oxide slurries for additive manufacturing by Bayesian optimization,2024,Open Ceramics,10.1016/j.oceram.2024.100705,https://doi.org/10.1016/j.oceram.2024.100705,,5
1300,curated,crossref_only,Crossref,Development of Novel Stewart Robot Equipped with 3D Printed Soft Actuators,2024,SoutheastCon 2024,10.1109/southeastcon52093.2024.10500165,https://doi.org/10.1109/southeastcon52093.2024.10500165,,5
1301,curated,crossref_only,Crossref,Development of Ceramic 3D/4D Printing in China,2024,Additive Manufacturing Frontiers,10.1016/j.amf.2024.200158,https://doi.org/10.1016/j.amf.2024.200158,,5
1302,curated,crossref_only,Crossref,"Design, optimization, simulation, and implementation of a 3D printed soft robotic peristaltic pump",2024,Engineering Research Express,10.1088/2631-8695/ad8ff6,https://doi.org/10.1088/2631-8695/ad8ff6,,5
1303,curated,crossref_only,Crossref,Design and manufacturing of integrated fluidic channels in glass parts by vat-photopolymerization additive manufacturing,2024,Procedia CIRP,10.1016/j.procir.2024.05.099,https://doi.org/10.1016/j.procir.2024.05.099,,5
1304,curated,both_openalex_crossref,Crossref; OpenAlex,Design and Development of Fin-Ray Finger using Topology Optimization with Multiple Load Cases,2024,2024 International Conference on Cognitive Robotics and Intelligent Systems (ICC - ROBINS),10.1109/icc-robins60238.2024.10534011,https://doi.org/10.1109/icc-robins60238.2024.10534011,,5
1305,curated,crossref_only,Crossref,Design Aspects in Vat Photopolymerization Additive Manufacturing of Hydrophobic Surfaces,2024,3D Printing and Additive Manufacturing,10.1089/3dp.2023.0076,https://doi.org/10.1089/3dp.2023.0076,,5
1306,curated,crossref_only,Crossref,Densification and rheological behaviors of 8YSZ powders for Vat photopolymerization-based additive manufacturing,2024,Open Ceramics,10.1016/j.oceram.2024.100615,https://doi.org/10.1016/j.oceram.2024.100615,,5
1307,curated,both_openalex_crossref,Crossref; OpenAlex,Cyclodextrins in 3D/4D printing for biomedical applications,2024,Additive manufacturing,10.1016/j.addma.2024.104120,https://doi.org/10.1016/j.addma.2024.104120,,5
1308,curated,crossref_only,Crossref,Continuous liquid interface production (CLIP): a new paradigm in photopolymerization-based additive manufacturing,2024,JMST Advances,10.1007/s42791-024-00090-0,https://doi.org/10.1007/s42791-024-00090-0,,5
1309,curated,crossref_only,Crossref,Continuous 3D printing of metal structures using ultrafast mask video projection initiated vat photopolymerization,2024,Additive Manufacturing,10.1016/j.addma.2024.104314,https://doi.org/10.1016/j.addma.2024.104314,,5
1310,curated,crossref_only,Crossref,Closed-loop 4D printing of autonomous soft robots,2024,"Smart Materials in Additive Manufacturing, Volume 3",10.1016/b978-0-443-13673-3.00008-0,https://doi.org/10.1016/b978-0-443-13673-3.00008-0,,5
1311,curated,crossref_only,Crossref,Characterizing photopolymer resins for high-temperature vat photopolymerization,2024,Progress in Additive Manufacturing,10.1007/s40964-023-00562-0,https://doi.org/10.1007/s40964-023-00562-0,,5
1312,curated,crossref_only,Crossref,Cellulose Nanofiber Enhanced Uv Curable Ferromagnetic Resin for 3d Printed Magnetoactive Soft Actuators,2024,Venue unknown,10.2139/ssrn.4956154,https://doi.org/10.2139/ssrn.4956154,,5
1313,curated,crossref_only,Crossref,"Carbon-Based Piezoresistive Polymer Nanocomposites by Extrusion Additive Manufacturing: Process, Material Design, and Current Progress",2024,3D Printing and Additive Manufacturing,10.1089/3dp.2022.0153,https://doi.org/10.1089/3dp.2022.0153,,5
1314,curated,both_openalex_crossref,Crossref; OpenAlex,Carbon fiber reinforced liquid crystalline elastomer composites: a dual exploration in strength augmentation and transformation flexibility through 4D printing,2024,International Journal of Smart and Nano Materials,10.1080/19475411.2024.2332645,https://doi.org/10.1080/19475411.2024.2332645,,5
1315,curated,crossref_only,Crossref,CHARACTERIZATION OF 3D PRINTED CONDUCTIVE FLEXIBLE MATERIALS FOR SOFT ROBOTIC APPLICATIONS,2024,International Journal of 3D Printing Technologies and Digital Industry,10.46519/ij3dptdi.1349314,https://doi.org/10.46519/ij3dptdi.1349314,,5
1316,curated,crossref_only,Crossref,Autonomous laboratories for accelerated materials discovery: a community survey and practical insights,2024,Digital Discovery,10.1039/d4dd00059e,https://doi.org/10.1039/d4dd00059e,,5
1317,curated,crossref_only,Crossref,Assessment of the Development Performance of Additive Manufacturing VPP Parts Using Digital Light Processing (DLP) and Liquid Crystal Display (LCD) Technologies,2024,Applied Sciences,10.3390/app14093607,https://doi.org/10.3390/app14093607,,5
1318,curated,openalex_only,OpenAlex,Artificial-goosebump-driven microactuation,2024,Nature Materials,10.1038/s41563-024-01810-6,https://doi.org/10.1038/s41563-024-01810-6,,5
1319,curated,openalex_only,OpenAlex,An empirical model of soft bellows actuator,2024,Scientific Reports,10.1038/s41598-024-79084-w,https://doi.org/10.1038/s41598-024-79084-w,,5
1320,curated,openalex_only,OpenAlex,"An easy-to-build, accessible volumetric 3D printer based on a liquid crystal display for rapid resin development",2024,Additive manufacturing,10.1016/j.addma.2024.104232,https://doi.org/10.1016/j.addma.2024.104232,,5
1321,curated,openalex_only,OpenAlex,An airbrush 3D printer: Additive manufacturing of relaxor ferroelectric actuators,2024,Additive manufacturing,10.1016/j.addma.2024.103982,https://doi.org/10.1016/j.addma.2024.103982,,5
1322,curated,crossref_only,Crossref,An Analytical Study on Computed Tomography-based Volumetric Additive Manufacturing: Resin Properties and Part Size Interrelationship- Part I,2024,Venue unknown,10.21203/rs.3.rs-5467009/v1,https://doi.org/10.21203/rs.3.rs-5467009/v1,,5
1323,curated,openalex_only,OpenAlex,Alignment and actuation of liquid crystals via 3D confinement and two-photon laser printing,2024,Science Advances,10.1126/sciadv.adq2597,https://doi.org/10.1126/sciadv.adq2597,,5
1324,curated,openalex_only,OpenAlex,"Advancements in materials, manufacturing, propulsion and localization: propelling soft robotics for medical applications",2024,Frontiers in Bioengineering and Biotechnology,10.3389/fbioe.2023.1327441,https://doi.org/10.3389/fbioe.2023.1327441,,5
1325,curated,openalex_only,OpenAlex,Advancements in Materials for 3D-Printed Microneedle Arrays: Enhancing Performance and Biocompatibility,2024,Micromachines,10.3390/mi15121433,https://doi.org/10.3390/mi15121433,,5
1326,curated,crossref_only,Crossref,"Additive manufacturing of high performance metalenses, waveguides and metamaterials via direct nanoimprint lithography",2024,3D Printed Optics and Additive Photonic Manufacturing IV,10.1117/12.3022468,https://doi.org/10.1117/12.3022468,,5
1327,curated,crossref_only,Crossref,"Additive Manufacturing of Tough Silicone Via Large-Scale, High-Viscosity Vat Photopolymerization",2024,Journal of Manufacturing Science and Engineering,10.1115/1.4066125,https://doi.org/10.1115/1.4066125,,5
1328,curated,crossref_only,Crossref,Acrylate-based photoresins for high quality parts made by volumetric additive manufacturing,2024,Advanced Fabrication Technologies for Micro/Nano Optics and Photonics XVII,10.1117/12.2691770,https://doi.org/10.1117/12.2691770,,5
1329,curated,crossref_only,Crossref,Achieving high geometric fidelity in vat photopolymerization additive manufacturing through liquid surface support,2024,Additive Manufacturing,10.1016/j.addma.2024.104417,https://doi.org/10.1016/j.addma.2024.104417,,5
1330,curated,openalex_only,OpenAlex,A virtual visualization method for improving the manufacturing accuracy based VPP 3D printers,2024,Heliyon,10.1016/j.heliyon.2024.e37051,https://doi.org/10.1016/j.heliyon.2024.e37051,,5
1331,curated,openalex_only,OpenAlex,A smart thermoresponsive macroporous 4D structure by 4D printing of Pickering-high internal phase emulsions stabilized by plasma-functionalized starch nanomaterials for a possible delivery system,2024,Current Research in Food Science,10.1016/j.crfs.2024.100686,https://doi.org/10.1016/j.crfs.2024.100686,,5
1332,curated,openalex_only,OpenAlex,A review on mechanical metamaterials and additive manufacturing techniques for biomedical applications,2024,Materials Advances,10.1039/d4ma00874j,https://doi.org/10.1039/d4ma00874j,,5
1333,curated,openalex_only,OpenAlex,"A renewably sourced, circular photopolymer resin for additive manufacturing",2024,Nature,10.1038/s41586-024-07399-9,https://doi.org/10.1038/s41586-024-07399-9,,5
1334,curated,openalex_only,OpenAlex,A multi-photon (7 × 7)-focus 3D laser printer based on a 3D-printed diffractive optical element and a 3D-printed multi-lens array,2024,Light Advanced Manufacturing,10.37188/lam.2024.003,https://doi.org/10.37188/lam.2024.003,,5
1335,curated,openalex_only,OpenAlex,A growing soft robot with climbing plant–inspired adaptive behaviors for navigation in unstructured environments,2024,Science Robotics,10.1126/scirobotics.adi5908,https://doi.org/10.1126/scirobotics.adi5908,,5
1336,curated,crossref_only,Crossref,A Self-Driving Lab for Nano- and Advanced Materials Synthesis,2024,Venue unknown,10.26434/chemrxiv-2024-f13l1,https://doi.org/10.26434/chemrxiv-2024-f13l1,,5
1337,curated,openalex_only,OpenAlex,"A Flexible, Architected Soft Robotic Actuator for Motorized Extensional Motion",2024,Advanced Intelligent Systems,10.1002/aisy.202300866,https://doi.org/10.1002/aisy.202300866,,5
1338,curated,crossref_only,Crossref,A Computational Evaluation of Minimum Feature Size in Projection Two-Photon Lithography for Rapid Sub-100 nm Additive Manufacturing,2024,Micromachines,10.3390/mi15010158,https://doi.org/10.3390/mi15010158,,5
1339,curated,crossref_only,Crossref,A 3D Printed Soft Gripper Featuring Pneumatic Fingers with Local Bending Joints,2024,2024 IEEE International Conference on Advanced Intelligent Mechatronics (AIM),10.1109/aim55361.2024.10637207,https://doi.org/10.1109/aim55361.2024.10637207,,5
1340,curated,openalex_only,OpenAlex,4D printing roadmap,2024,Smart Materials and Structures,10.1088/1361-665x/ad5c22,https://doi.org/10.1088/1361-665x/ad5c22,,5
1341,curated,openalex_only,OpenAlex,4D printing of semi-crystalline crosslinked polymer networks with two-way shape-memory effect,2024,Materials & Design,10.1016/j.matdes.2024.112725,https://doi.org/10.1016/j.matdes.2024.112725,,5
1342,curated,both_openalex_crossref,Crossref; OpenAlex,4D printing of liquid crystal elastomer composites with continuous fiber reinforcement,2024,Nature Communications,10.1038/s41467-024-52716-5,https://doi.org/10.1038/s41467-024-52716-5,,5
1343,curated,openalex_only,OpenAlex,"4D hydrogels: fabrication strategies, stimulation mechanisms, and biomedical applications",2024,Biomaterials Science,10.1039/d3bm02044d,https://doi.org/10.1039/d3bm02044d,,5
1344,curated,both_openalex_crossref,Crossref; OpenAlex,4D Printing of Shape-Morphing Liquid Crystal Elastomers,2024,Chem & Bio Engineering,10.1021/cbe.4c00027,https://doi.org/10.1021/cbe.4c00027,,5
1345,curated,openalex_only,OpenAlex,3D‐printed biomimetic and bioinspired soft actuators,2024,IET Cyber-Systems and Robotics,10.1049/csy2.70001,https://doi.org/10.1049/csy2.70001,,5
1346,curated,crossref_only,Crossref,3D‐Printed Mechano‐Optic Force Sensor for Soft Robotic Gripper Enabled by Programmable Structural Metamaterials,2024,Advanced Intelligent Systems,10.1002/aisy.202400057,https://doi.org/10.1002/aisy.202400057,,5
1347,curated,crossref_only,Crossref,3D-printed photothermal-responsive shape-memory polymer for soft robotic applications,2024,Chemical Communications,10.1039/d4cc03549f,https://doi.org/10.1039/d4cc03549f,,5
1348,curated,openalex_only,OpenAlex,3D-printed fused silica glass microlattice as mechanical metamaterial,2024,Cell Reports Physical Science,10.1016/j.xcrp.2024.102172,https://doi.org/10.1016/j.xcrp.2024.102172,,5
1349,curated,both_openalex_crossref,Crossref; OpenAlex,3D-printed digital pneumatic logic for the control of soft robotic actuators,2024,Science Robotics,10.1126/scirobotics.adh4060,https://doi.org/10.1126/scirobotics.adh4060,,5
1350,curated,crossref_only,Crossref,3D-Printed Origami Actuators for a Multianimal-Inspired Soft Robot with Amphibious Locomotion and Tongue Hunting,2024,Soft Robotics,10.1089/soro.2023.0079,https://doi.org/10.1089/soro.2023.0079,,5
1351,curated,crossref_only,Crossref,3D vat photopolymerization printing of hydrophilic silicone-based microfluidic devices and the effect of cellulose nanocrystals as additives for improved printing accuracy,2024,Additive Manufacturing,10.1016/j.addma.2024.104177,https://doi.org/10.1016/j.addma.2024.104177,,5
1352,curated,openalex_only,OpenAlex,3D printing of magneto-active smart materials for advanced actuators and soft robotics applications,2024,European Polymer Journal,10.1016/j.eurpolymj.2023.112718,https://doi.org/10.1016/j.eurpolymj.2023.112718,,5
1353,curated,openalex_only,OpenAlex,"3D printing of lignin-based supramolecular topological shape-morphing architectures with high strength, toughness, resolution, and fatigue resistance",2024,Additive manufacturing,10.1016/j.addma.2024.104519,https://doi.org/10.1016/j.addma.2024.104519,,5
1354,curated,openalex_only,OpenAlex,3D printing by stereolithography using thermal initiators,2024,Nature Communications,10.1038/s41467-024-46532-0,https://doi.org/10.1038/s41467-024-46532-0,,5
1355,curated,openalex_only,OpenAlex,3D and 4D Printing of Electromagnetic Metamaterials,2024,Engineering,10.1016/j.eng.2024.10.017,https://doi.org/10.1016/j.eng.2024.10.017,,5
1356,curated,openalex_only,OpenAlex,3D Printing of Near-Ambient Responsive Liquid Crystal Elastomers with Enhanced Nematic Order and Pluralized Transformation,2024,arXiv (Cornell University),10.48550/arxiv.2411.06931,https://doi.org/10.48550/arxiv.2411.06931,,5
1357,curated,openalex_only,OpenAlex,"""Guidelines for Biomimetic 3D/4D Printing in Soft Tissues Biomaterials""",2024,Biomedical Journal of Scientific & Technical Research,10.26717/bjstr.2024.54.008601,https://doi.org/10.26717/bjstr.2024.54.008601,,5
1358,archive,openalex_only,OpenAlex,Rotational 3D printing of active-passive filaments and lattices with programmable shape morphing,2026,Open MIND,10.48550/arxiv.2603.04694,https://doi.org/10.48550/arxiv.2603.04694,duplicate_title,8
1359,archive,openalex_only,OpenAlex,Rotational 3D printing of active-passive filaments and lattices with programmable shape morphing,2026,ArXiv.org,,https://openalex.org/W7134093591,duplicate_title,8
1360,archive,both_openalex_crossref,Crossref; OpenAlex,4D printed Nitinol metamaterials: from algorithmic design of textile-based soft-stiff architectures towards next generation medical implants,2026,Venue unknown,10.20868/upm.thesis.96235,https://doi.org/10.20868/upm.thesis.96235,duplicate_title,7
1361,archive,crossref_only,Crossref,Tailored Infill Path Design using Surface Mesh Deformation: A Strategy for Boosting Mechanical Performance in Fused Filament Fabrication,2026,Venue unknown,10.2139/ssrn.6833705,https://doi.org/10.2139/ssrn.6833705,duplicate_title,6
1362,archive,openalex_only,OpenAlex,Future Scope of Automation in Civil Engineering,2026,Zenodo (CERN European Organization for Nuclear Research),10.5281/zenodo.20661262,https://doi.org/10.5281/zenodo.20661262,duplicate_title,6
1363,archive,openalex_only,OpenAlex,ESReDA Webinar - DMAD and SKILLS4EII Meeting and Research Seminar,2026,Zenodo (CERN European Organization for Nuclear Research),10.5281/zenodo.20640449,https://doi.org/10.5281/zenodo.20640449,duplicate_title,6
1364,archive,openalex_only,OpenAlex,3D-printed Soft Optical sensor with a Lens (SOLen) for light guidance in mechanosensing,2026,arXiv (Cornell University),,https://openalex.org/W7130762781,duplicate_title,6
1365,archive,openalex_only,OpenAlex,Wavelength‐Dependent 3D Printing: Introducing 3D Printed Action Plots,2026,Repository KITopen (Karlsruhe Institute of Technology),10.5445/ir/1000192650,https://doi.org/10.5445/ir/1000192650,duplicate_title,5
1366,archive,crossref_only,Crossref,Toward More Autonomous Soft Robots: Development and Characterization of a 3D‐Printed Pneumatic Contact Sensor for a Six‐Legged Soft Robotic Walker,2026,Advanced Intelligent Systems,10.1002/aisy.70218,https://doi.org/10.1002/aisy.70218,duplicate_title,5
1367,archive,openalex_only,OpenAlex,"Too Big, Too Small, Too $O_2$: The Pandoro Effect from Oxygen Gradients in Tomographic Volumetric Additive Manufacturing",2026,arXiv (Cornell University),,https://openalex.org/W7153670300,duplicate_title,5
1368,archive,openalex_only,OpenAlex,Systematic Analysis of Penalty-Optimised Illumination Design for Tomographic Volumetric Additive Manufacturing via the Extendable Framework TVAM AID Using the Core Imaging Library,2026,ArXiv.org,,https://openalex.org/W7128864315,duplicate_title,5
1369,archive,openalex_only,OpenAlex,Sharp Dual-Regime Transition Driven by Bead Morphology in Metal Fused Filament Fabrication: Bead-Resolved Digital Twin Analysis,2026,Zenodo (CERN European Organization for Nuclear Research),10.5281/zenodo.19712259,https://doi.org/10.5281/zenodo.19712259,duplicate_title,5
1370,archive,openalex_only,OpenAlex,Scale-invariant projection optimization in tomographic volumetric additive manufacturing,2026,arXiv (Cornell University),,https://openalex.org/W7154427528,duplicate_title,5
1371,archive,openalex_only,OpenAlex,Red-Light Tomographic Volumetric 3D Printing in Seconds for Fabrication of Colorless Structures,2026,ChemRxiv,10.26434/chemrxiv.15004285/v2,https://doi.org/10.26434/chemrxiv.15004285/v2,duplicate_title,5
1372,archive,openalex_only,OpenAlex,Red-Light Tomographic Volumetric 3D Printing in Seconds for Fabrication of Colorless Structures,2026,ChemRxiv,10.26434/chemrxiv.15004285/v1,https://doi.org/10.26434/chemrxiv.15004285/v1,duplicate_title,5
1373,archive,openalex_only,OpenAlex,"Raw optimization files for ""Overprinting with Tomographic Volumetric Additive Manufacturing""",2026,Zenodo (CERN European Organization for Nuclear Research),10.5281/zenodo.19187359,https://doi.org/10.5281/zenodo.19187359,duplicate_title,5
1374,archive,openalex_only,OpenAlex,"Raw optimization files and visualization scripts for ""Overprinting with Tomographic Volumetric Additive Manufacturing""",2026,Zenodo (CERN European Organization for Nuclear Research),10.5281/zenodo.20038504,https://doi.org/10.5281/zenodo.20038504,duplicate_title,5
1375,archive,openalex_only,OpenAlex,Novel Photoinitiators for Two‐Step Absorption‐Based 3D Laser Nanoprinting: From Molecular Design to Printing Behavior,2026,Repository KITopen (Karlsruhe Institute of Technology),10.5445/ir/1000190367,https://doi.org/10.5445/ir/1000190367,duplicate_title,5
1376,archive,openalex_only,OpenAlex,Mechanical anisotropy of 3D-printed digital materials at large strains,2026,ArXiv.org,,https://openalex.org/W7139145078,duplicate_title,5
1377,archive,openalex_only,OpenAlex,Laser Powder Bed Fusion Melt Pool Dynamics for Different Geometric Variations and Powder Layer Heights: High-Fidelity Multiphysics Modeling vs 2025 NIST Experiments,2026,arXiv (Cornell University),,https://openalex.org/W7153671295,duplicate_title,5
1378,archive,openalex_only,OpenAlex,Ep. 1016: The Immortal Airframe: Why 70-Year-Old Planes Still Fly,2026,Zenodo (CERN European Organization for Nuclear Research),10.5281/zenodo.19362113,https://doi.org/10.5281/zenodo.19362113,duplicate_title,5
1379,archive,openalex_only,OpenAlex,EPFL-LAPD/Overprinting-with-Tomographic-Volumetric-Additive-Manufacturing: publication,2026,Zenodo (CERN European Organization for Nuclear Research),10.5281/zenodo.19187297,https://doi.org/10.5281/zenodo.19187297,duplicate_title,5
1380,archive,openalex_only,OpenAlex,Co-optimization of Diffusive and Tomographic Blur in Computed Axial Lithography via Experimental Kernel Identification,2026,arXiv (Cornell University),,https://openalex.org/W7163720617,duplicate_title,5
1381,archive,openalex_only,OpenAlex,A unified multiscale 3D printer combining single-photon Tomographic Volumetric Additive Manufacturing and Two-Photon Polymerization,2026,ArXiv.org,,https://openalex.org/W7125352909,duplicate_title,5
1382,archive,openalex_only,OpenAlex,ЦИФРОВІ ДВІЙНИКИ В АДИТИВНОМУ ВИРОБНИЦТВІ МЕТАЛЕВИХ ВИРОБІВ,2026,Вісник Херсонського національного технічного університету,10.35546/kntu2078-4481.2026.2.5,https://doi.org/10.35546/kntu2078-4481.2026.2.5,low_relevance,1
1383,archive,both_openalex_crossref,Crossref; OpenAlex,МЕЖІ КОМП’ЮТЕРНОГО ЗОРУ В КОНТРОЛІ ЯКОСТІ FDM/FFF ДРУКУ ТА АЛЬТЕРНАТИВНІ МЕТОДИ ДІАГНОСТИКИ,2026,Herald of Khmelnytskyi National University. Technical sciences,10.31891/2307-5732-2026-365-98,https://doi.org/10.31891/2307-5732-2026-365-98,low_relevance,1
1384,archive,openalex_only,OpenAlex,ВПЛИВ МІНІАТЮРИЗАЦІЇ НА НАДІЙНІСТЬ SMT-З’ЄДНАНЬ. БЕЗСВИНЦЕВІ ПРИПОЇ: ПРОБЛЕМИ ТА ПЕРСПЕКТИВИ,2026,Таврійський науковий вісник Серія Технічні науки,10.32782/tnv-tech.2026.3.7,https://doi.org/10.32782/tnv-tech.2026.3.7,low_relevance,1
1385,archive,crossref_only,Crossref,Xspine: Integrating Motion Sensing Capability into Dynamic Structures Using Multi-material FDM 3D Printing,2026,Proceedings of the 2026 CHI Conference on Human Factors in Computing Systems,10.1145/3772318.3791317,https://doi.org/10.1145/3772318.3791317,low_relevance,1
1386,archive,crossref_only,Crossref,Wave-Inspired Path-Planning Strategy for Support-Free Horizontal Overhangs in FDM,2026,Venue unknown,10.2139/ssrn.6640458,https://doi.org/10.2139/ssrn.6640458,low_relevance,1
1387,archive,both_openalex_crossref,Crossref; OpenAlex,"WIRELY: An all-encompassing universal, scalable, corrective, digital twin for Additive Manufacturing systems",2026,Next Materials,10.1016/j.nxmate.2026.102367,https://doi.org/10.1016/j.nxmate.2026.102367,low_relevance,1
1388,archive,crossref_only,Crossref,Visualizing 4D printing through vibration-induced emission,2026,Chem,10.1016/j.chempr.2026.103082,https://doi.org/10.1016/j.chempr.2026.103082,low_relevance,1
1389,archive,openalex_only,OpenAlex,Virtualization as a New Scaling Law for Semiconductor Devices Beyond Geometric Scaling,2026,Small,10.1002/smll.202510426,https://doi.org/10.1002/smll.202510426,low_relevance,1
1390,archive,crossref_only,Crossref,Virtual reality integration and credible traceability management method of transformer coil manufacturing process based on industrial internet and digital twin,2026,International Journal of Computer Integrated Manufacturing,10.1080/0951192x.2025.2452615,https://doi.org/10.1080/0951192x.2025.2452615,low_relevance,1
1391,archive,openalex_only,OpenAlex,Viksit Bharat @2047: A Competency Framework for Future-Ready Civil Engineers,2026,International Journal For Multidisciplinary Research,10.36948/ijfmr.2026.v08i03.78633,https://doi.org/10.36948/ijfmr.2026.v08i03.78633,low_relevance,1
1392,archive,openalex_only,OpenAlex,Vers l’interopérabilité cognitive : jumeau numérique cognitif et architecture cognitive pour la collaboration Humain-CPS,2026,Venue unknown,,https://openalex.org/W7159554446,low_relevance,1
1393,archive,openalex_only,OpenAlex,Variable-Condition Operational Optimization of Oil and Gas Gathering Systems Considering Renewable Energy Accommodation: A Comprehensive Review and Future Perspectives,2026,ACS Omega,10.1021/acsomega.6c00683,https://doi.org/10.1021/acsomega.6c00683,low_relevance,1
1394,archive,openalex_only,OpenAlex,Validation and Generalization of Key Building Blocks for Cyber-Physical Systems in Manufacturing: Insights from Automotive Inspection and Assembly Use Cases,2026,Journal of Manufacturing and Materials Processing,10.3390/jmmp10040116,https://doi.org/10.3390/jmmp10040116,low_relevance,1
1395,archive,openalex_only,OpenAlex,Using a Digital Twin for Fringe Projection Profilometry Optimisation,2026,ArXiv.org,,https://openalex.org/W7161915261,low_relevance,1
1396,archive,openalex_only,OpenAlex,Unsecurities Lab participant report : 31st March at Goldsmiths University,2026,Lancaster EPrints (Lancaster University),,https://openalex.org/W7162235655,low_relevance,1
1397,archive,openalex_only,OpenAlex,Unifying data model of manufacturing processes for cross-domain collaboration in the Internet of Production,2026,Production Engineering,10.1007/s11740-026-01443-5,https://doi.org/10.1007/s11740-026-01443-5,low_relevance,1
1398,archive,crossref_only,Crossref,Understanding the Dynamics of Lifelong Learning Under Uncertainty Using a Digital Twin Approach Combined With Fuzzy Multi-Objective Optimization,2026,Digital Twin-Driven Lifelong Learning Systems,10.4018/979-8-2600-1674-9.ch012,https://doi.org/10.4018/979-8-2600-1674-9.ch012,low_relevance,1
1399,archive,both_openalex_crossref,Crossref; OpenAlex,"Uncertainty-Aware Physics-Guided Digital Twins for Lithium-Ion Batteries: Toward Integrated Health, Safety, and Fast-Charging Management",2026,Venue unknown,10.20517/scierxiv202605.0340.v1,https://doi.org/10.20517/scierxiv202605.0340.v1,low_relevance,1
1400,archive,crossref_only,Crossref,"Ultrasonic Vibration Assisted Multi-Material 3D Printing of Flexible, Multilayered Electronic Circuits",2026,Venue unknown,10.2139/ssrn.6766538,https://doi.org/10.2139/ssrn.6766538,low_relevance,1
1401,archive,openalex_only,OpenAlex,Ultra-Short Peptide Hydrogels as 3D Bioprinting Materials,2026,Gels,10.3390/gels12010049,https://doi.org/10.3390/gels12010049,low_relevance,1
1402,archive,crossref_only,Crossref,UNISON Digital Twin framework for Advanced Process Time Prediction in Laser Micromachining Process for PCB Smart Manufacturing,2026,Venue unknown,10.2139/ssrn.6506918,https://doi.org/10.2139/ssrn.6506918,low_relevance,1
1403,archive,openalex_only,OpenAlex,TwinOR: photorealistic digital twins of dynamic operating rooms for embodied AI research,2026,International Journal of Computer Assisted Radiology and Surgery,10.1007/s11548-026-03644-w,https://doi.org/10.1007/s11548-026-03644-w,low_relevance,1
1404,archive,openalex_only,OpenAlex,TwinGuard-Sec: a federated blockchain-enabled AI framework for standardized security and privacy in cross-domain digital twin ecosystems over 6G,2026,Scientific Reports,10.1038/s41598-026-49490-3,https://doi.org/10.1038/s41598-026-49490-3,low_relevance,1
1405,archive,openalex_only,OpenAlex,Tri-domain prediction and optimization of nanocomposite polymers for high-performance 3D printing,2026,Scientific Reports,10.1038/s41598-026-43774-4,https://doi.org/10.1038/s41598-026-43774-4,low_relevance,1
1406,archive,openalex_only,OpenAlex,Transition of Architecture of Industrial Cyber-Physical Systems (iCPS) from Hierarchy to Cloud-Edge-Device,2026,Journal of Artificial Intelligence for Automation,10.53941/jaia.2026.100009,https://doi.org/10.53941/jaia.2026.100009,low_relevance,1
1407,archive,openalex_only,OpenAlex,Transformer-based Generative AI for HVAC Control with Fragmented Data Center Histories of IT Workload and Cooling Infrastructure,2026,Springer Link (Chiba Institute of Technology),10.1051/e3sconf/202671606007,https://doi.org/10.1051/e3sconf/202671606007,low_relevance,1
1408,archive,openalex_only,OpenAlex,Transformation of International Marketing of Companies in the Context of Sustainable Development and Economic Digitalization,2026,Innovative economics and management,10.46361/2449-2604.13.1.2026.60-72,https://doi.org/10.46361/2449-2604.13.1.2026.60-72,low_relevance,1
1409,archive,openalex_only,OpenAlex,Towards the Development of Multiscale Digital Twins for Fiber-Reinforced Composite Materials Using Machine Learning,2026,Applied Sciences,10.3390/app16083666,https://doi.org/10.3390/app16083666,low_relevance,1
1410,archive,openalex_only,OpenAlex,Towards digital twins in additive manufacturing: a physics-informed machine learning framework for thermal modeling in directed energy deposition process,2026,Journal of the Brazilian Society of Mechanical Sciences and Engineering,10.1007/s40430-026-06409-3,https://doi.org/10.1007/s40430-026-06409-3,low_relevance,1
1411,archive,both_openalex_crossref,Crossref; OpenAlex,Towards digital twin-based robotic additive manufacturing for wind turbine blade repair,2026,Frontiers in Mechanical Engineering,10.3389/fmech.2026.1847187,https://doi.org/10.3389/fmech.2026.1847187,low_relevance,1
1412,archive,both_openalex_crossref,Crossref; OpenAlex,Towards a fully differentiable digital twin for solar cells,2026,Computational Optics 2026,10.1117/12.3099007,https://doi.org/10.1117/12.3099007,low_relevance,1
1413,archive,openalex_only,OpenAlex,Towards Trustworthy 6G Network Digital Twins: A Framework for Validating Counterfactual What-If Analysis in Edge Computing Resources,2026,ArXiv.org,,https://openalex.org/W7154865352,low_relevance,1
1414,archive,openalex_only,OpenAlex,Toward Large Language Model-Driven Symbolic Topology Optimisation for Rapid Structural Concept Generation in Manufacturable Design,2026,Journal of Manufacturing and Materials Processing,10.3390/jmmp10040117,https://doi.org/10.3390/jmmp10040117,low_relevance,1
1415,archive,openalex_only,OpenAlex,"Toward 6G-enabled Brain Computer Interfaces: Technical Requirements, Use Cases, Challenges, and Future Trends",2026,ArXiv.org,,https://openalex.org/W7162149822,low_relevance,1
1416,archive,openalex_only,OpenAlex,Touchless Quality Control in Pharma Using a Digital Twin–Driven Fuzzy Multi-Objective Optimization Framework for Risk-Aware Release Decisions,2026,International Journal of Mathematical Engineering and Management Sciences,10.33889/ijmems.2026.11.3.049,https://doi.org/10.33889/ijmems.2026.11.3.049,low_relevance,1
1417,archive,crossref_only,Crossref,Topology matrix-based interlocking path planning method for robotic additive manufacturing of thin-walled multi-rib structures,2026,Robotics and Computer-Integrated Manufacturing,10.1016/j.rcim.2025.103182,https://doi.org/10.1016/j.rcim.2025.103182,low_relevance,1
1418,archive,openalex_only,OpenAlex,Topology Optimization of 3D-Printed Mycelium Hydrogels,2026,Biofabrication,10.1088/1758-5090/ae7835,https://doi.org/10.1088/1758-5090/ae7835,low_relevance,1
1419,archive,both_openalex_crossref,Crossref; OpenAlex,Topological-Spectral Cybersecurity Models for Detecting Network Anomalies in Critical Infrastructure,2026,Venue unknown,10.62311/nesx/rb6m-978-81-686966-4-8,https://doi.org/10.62311/nesx/rb6m-978-81-686966-4-8,low_relevance,1
1420,archive,openalex_only,OpenAlex,Toolkit for creating digital twins of metal-cutting machine tools,2026,TECHNICAL SCIENCES AND TECHNOLOGIES,10.25140/2411-5363-2026-2(44)-116-130,https://doi.org/10.25140/2411-5363-2026-2%2844%29-116-130,low_relevance,1
1421,archive,openalex_only,OpenAlex,"Through the Nozzle, Five Years Later: Additive Manufacturing and Modern Architecture",2026,Zenodo (CERN European Organization for Nuclear Research),10.5281/zenodo.19475054,https://doi.org/10.5281/zenodo.19475054,low_relevance,1
1422,archive,openalex_only,OpenAlex,"Through the Nozzle, Five Years Later: Additive Manufacturing and Modern Architecture",2026,Zenodo (CERN European Organization for Nuclear Research),10.5281/zenodo.19475055,https://doi.org/10.5281/zenodo.19475055,low_relevance,1
1423,archive,openalex_only,OpenAlex,Threat-Oriented Digital Twinning for Security Evaluation of Autonomous Platforms,2026,ArXiv.org,,https://openalex.org/W7159546567,low_relevance,1
1424,archive,openalex_only,OpenAlex,Threat-Analysis Oriented Digital Twinning of ML-Powered Future Autonomous Weapon Systems,2026,Scholarly Commons (Embry–Riddle Aeronautical University),,https://openalex.org/W7154882143,low_relevance,1
1425,archive,both_openalex_crossref,Crossref; OpenAlex,Thin-film DLP 3D printing of multi-material parts with closed-cell internal voids,2026,npj Advanced Manufacturing,10.1038/s44334-026-00076-x,https://doi.org/10.1038/s44334-026-00076-x,low_relevance,1
1426,archive,both_openalex_crossref,Crossref; OpenAlex,Thermally elongated thermoplastic nozzles unlock micro-scale multimaterial direct ink writing,2026,npj Advanced Manufacturing,10.1038/s44334-026-00092-x,https://doi.org/10.1038/s44334-026-00092-x,duplicate_title,1
1427,archive,openalex_only,OpenAlex,The optimization of neuroprosthetic interfaces relying on biophysical and surrogate digital twins,2026,npj Biomedical Innovations.,10.1038/s44385-026-00076-8,https://doi.org/10.1038/s44385-026-00076-8,low_relevance,1
1428,archive,openalex_only,OpenAlex,The next-generation polymer composite revolution: AI-driven multi-functional polymer composite for intelligent additive manufacturing,2026,Review of Materials Research,10.1016/j.revmat.2026.100229,https://doi.org/10.1016/j.revmat.2026.100229,low_relevance,1
1429,archive,crossref_only,Crossref,The digital twin-enabled deformation prediction and control methodologies for thin-walled parts in intelligent manufacturing: a review,2026,Digital Twin,10.1080/27525783.2026.2614885,https://doi.org/10.1080/27525783.2026.2614885,low_relevance,1
1430,archive,openalex_only,OpenAlex,"The convergence of digital twins and cyber-physical systems: architectures, applications, and future directions",2026,Venue unknown,10.1117/12.3117335,https://doi.org/10.1117/12.3117335,low_relevance,1
1431,archive,openalex_only,OpenAlex,The application of tissue engineering in cartilage regeneration: technological advances and future challenges,2026,Frontiers in Bioengineering and Biotechnology,10.3389/fbioe.2026.1698245,https://doi.org/10.3389/fbioe.2026.1698245,low_relevance,1
1432,archive,openalex_only,OpenAlex,The Tumor Microenvironment: Translating Intravital Insights into Microphysiological Systems,2026,Cellular and Molecular Bioengineering,10.1007/s12195-026-00910-4,https://doi.org/10.1007/s12195-026-00910-4,low_relevance,1
1433,archive,openalex_only,OpenAlex,The Role of Intelligent Technologies in Advancing Operations Research Models and Statistical Methods: A Review,2026,Pharaonic Journal of Science,10.71428/pjs.2026.0113,https://doi.org/10.71428/pjs.2026.0113,low_relevance,1
1434,archive,openalex_only,OpenAlex,The Role of Data Analytics and Digital Twin Technologies in Enhancing Smart Factory Performance,2026,Preprints.org,10.20944/preprints202603.2098.v1,https://doi.org/10.20944/preprints202603.2098.v1,low_relevance,1
1435,archive,openalex_only,OpenAlex,The Mycelium Factory: Biomimicry-Inspired Architecture for Resilient Manufacturing Networks Through Agent-Mediated Digital Twins,2026,Zenodo (CERN European Organization for Nuclear Research),10.5281/zenodo.20181492,https://doi.org/10.5281/zenodo.20181492,low_relevance,1
1436,archive,openalex_only,OpenAlex,The Mycelium Factory: Biomimicry-Inspired Architecture for Resilient Manufacturing Networks Through Agent-Mediated Digital Twins,2026,Zenodo (CERN European Organization for Nuclear Research),10.5281/zenodo.20181491,https://doi.org/10.5281/zenodo.20181491,low_relevance,1
1437,archive,openalex_only,OpenAlex,The Low-Velocity Oblique Impact Resistance of 3D-Printed Bouligand Laminates,2026,Materials,10.3390/ma19081502,https://doi.org/10.3390/ma19081502,low_relevance,1
1438,archive,openalex_only,OpenAlex,The Impact of Digital Transformation on Supply Chain Efficiency: A Case Study of JD Logistics,2026,Exploring Science Academic Conference Series,10.70267/icbms.2601.302312,https://doi.org/10.70267/icbms.2601.302312,low_relevance,1
1439,archive,openalex_only,OpenAlex,"The Generative Revolution: How AI is Transforming Creativity Innovation, and Intelligence Part-2",2026,Zenodo (CERN European Organization for Nuclear Research),10.5281/zenodo.19759503,https://doi.org/10.5281/zenodo.19759503,low_relevance,1
1440,archive,openalex_only,OpenAlex,"The Generative Revolution: How AI is Transforming Creativity Innovation, and Intelligence Part-2",2026,Zenodo (CERN European Organization for Nuclear Research),10.5281/zenodo.19759504,https://doi.org/10.5281/zenodo.19759504,low_relevance,1
1441,archive,openalex_only,OpenAlex,"The Generative Revolution: How AI is Transforming Creativity Innovation, and Intelligence Part-2",2026,Zenodo (CERN European Organization for Nuclear Research),10.5281/zenodo.20453289,https://doi.org/10.5281/zenodo.20453289,low_relevance,1
1442,archive,openalex_only,OpenAlex,The Future of Artificial Intelligence in Reverse Engineering and 3D Printing Technologies in AI Era.,2026,Zenodo (CERN European Organization for Nuclear Research),10.5281/zenodo.20582776,https://doi.org/10.5281/zenodo.20582776,low_relevance,1
1443,archive,openalex_only,OpenAlex,The Future of Artificial Intelligence in Reverse Engineering and 3D Printing Technologies in AI Era.,2026,Zenodo (CERN European Organization for Nuclear Research),10.5281/zenodo.20582775,https://doi.org/10.5281/zenodo.20582775,low_relevance,1
1444,archive,openalex_only,OpenAlex,The Digital Transformation of Food Systems: A Review of Artificial Intelligence in Food Technology,2026,Processes,10.3390/pr14111789,https://doi.org/10.3390/pr14111789,low_relevance,1
1445,archive,crossref_only,Crossref,The Application of Additive Manufacturing Technology in Automotive Component Design Optimization,2026,Applied and Computational Engineering,10.54254/2755-2721/2026.bj31476,https://doi.org/10.54254/2755-2721/2026.bj31476,low_relevance,1
1446,archive,openalex_only,OpenAlex,"The Agentic Economy: Humans, AI Agents, Robots, and the Measurable Transition toward Distributed Economic Action",2026,ArXiv.org,,https://openalex.org/W7162044684,low_relevance,1
1447,archive,openalex_only,OpenAlex,Tendencias Transdisciplinarias de Integración de Tecnologías Digitales: Gemelos Digitales y Manufactura Aditiva,2026,Ibero Ciencias - Revista Científica y Académica - ISSN 3072-7197,10.63371/ic.v5.n2.a1204,https://doi.org/10.63371/ic.v5.n2.a1204,low_relevance,1
1448,archive,openalex_only,OpenAlex,Technological Advancements in Operations and Supply Chain Management in Pharmaceutical Industry,2026,International Scientific Journal of Engineering and Management,10.55041/isjem.acme168,https://doi.org/10.55041/isjem.acme168,low_relevance,1
1449,archive,openalex_only,OpenAlex,Target product grabbing of factory robotic arm based on digital twin technology,2026,Frontiers in Mechanical Engineering,10.3389/fmech.2026.1783396,https://doi.org/10.3389/fmech.2026.1783396,low_relevance,1
1450,archive,openalex_only,OpenAlex,Target Tissue Identification Based on Image Processing for Regulating Automatic Robotic Lung Biopsy Sampler: Onsite Phantom Validation,2026,Sensors,10.3390/s26051723,https://doi.org/10.3390/s26051723,low_relevance,1
1451,archive,openalex_only,OpenAlex,Tandem Neural Network Rapidly Solves Multivalued Inverse Problems: Application to Oxide‐Semiconductor Characterization,2026,Advanced Intelligent Systems,10.1002/aisy.70437,https://doi.org/10.1002/aisy.70437,low_relevance,1
1452,archive,openalex_only,OpenAlex,TWINE: ISO 23247-compliant digital twin and explainable AI framework for anomaly detection,2026,Internet of Things,10.1016/j.iot.2026.101976,https://doi.org/10.1016/j.iot.2026.101976,low_relevance,1
1453,archive,both_openalex_crossref,Crossref; OpenAlex,"TRIPLY PERIODIC MINIMAL SURFACES STRUCTURES IN ENERGY ABSORPTION: A REVIEW OF GEOMETRIC TOPOLOGIES, MANUFACTURING CONSTRAINTS, AND FUTURE SMART MATERIALS",2026,Journal of Nanomaterials and Applications,10.65273/hhit.jna.2026.2.2.035,https://doi.org/10.65273/hhit.jna.2026.2.2.035,low_relevance,1
1454,archive,openalex_only,OpenAlex,TECHNOLOGICAL SUPPORT FOR THE RESTORATION OF PARTS USING REVERSE ENGINEERING,2026,"Vestnik Nacionalʹnogo tehničeskogo universiteta ""HPI"". Tehnologii v mašinostroenii/Vìsnik Nacìonalʹnogo tehnìčnogo unìversitetu HPÌ. Serìâ: Tehnologìï v mašinobuduvannì",10.20998/2079-004x.2025.2(12).10,https://doi.org/10.20998/2079-004x.2025.2%2812%29.10,low_relevance,1
1455,archive,openalex_only,OpenAlex,"Systems Modelling Language-Driven Digital Twins - Applications, Challenges and Sustainability: A Comprehensive Review",2026,International Journal of Automation and Digital Transformation,10.54878/55595k59,https://doi.org/10.54878/55595k59,low_relevance,1
1456,archive,openalex_only,OpenAlex,Sustainable Manufacturing: Enabling Technologies and Emerging Research Trends—A Scoping Review,2026,Sustainability,10.3390/su18094602,https://doi.org/10.3390/su18094602,low_relevance,1
1457,archive,crossref_only,Crossref,Support-free 4D printing of self-sensing shape-memory piezoelectric multifunctional structures via frontal polymerization,2026,Venue unknown,10.2139/ssrn.6717859,https://doi.org/10.2139/ssrn.6717859,low_relevance,1
1458,archive,openalex_only,OpenAlex,Study on real-time prediction for porosity in laser melting based on a digital twin-driven deep learning framework,2026,Mechanical Systems and Signal Processing,10.1016/j.ymssp.2026.114453,https://doi.org/10.1016/j.ymssp.2026.114453,low_relevance,1
1459,archive,openalex_only,OpenAlex,Study of a proposed cellular structure for a metamaterial configuration resistant to torsional effects in a power transmission shaft manufactured by layer-by-layer additive manufacturing,2026,Universidad Industrial de Santander,,https://openalex.org/W7163723861,low_relevance,1
1460,archive,crossref_only,Crossref,Stress-field driven functionally graded lattice structures-based design and fabrication of transfemoral prosthetic socket using multi-material extrusion process,2026,Progress in Additive Manufacturing,10.1007/s40964-025-01451-4,https://doi.org/10.1007/s40964-025-01451-4,low_relevance,1
1461,archive,openalex_only,OpenAlex,Strategies and Methods for Recreating the Operating Behavior of a Technological Object Through Virtual Prototyping Based on an Optimized Initial Design,2026,"Science, Engineering & Education.",10.59957/see.v11.i1.2026.3,https://doi.org/10.59957/see.v11.i1.2026.3,low_relevance,1
1462,archive,crossref_only,Crossref,Stochastic maintenance optimization in additive manufacturing with digital twin integration,2026,The International Journal of Advanced Manufacturing Technology,10.1007/s00170-026-17400-6,https://doi.org/10.1007/s00170-026-17400-6,low_relevance,1
1463,archive,openalex_only,OpenAlex,Statistical average strain energy density fatigue estimation of strut-based metamaterials via synthetic as-built CAD digital twins,2026,npj Metamaterials,10.1038/s44455-026-00030-z,https://doi.org/10.1038/s44455-026-00030-z,duplicate_title,1
1464,archive,openalex_only,OpenAlex,Static Digital Twins for Surgical Planning in Complex Gynecologic Cancer Recurrence: A Proof-of-Concept Feasibility Study,2026,Journal of Minimally Invasive Gynecology,10.1016/j.jmig.2026.04.005,https://doi.org/10.1016/j.jmig.2026.04.005,low_relevance,1
1465,archive,crossref_only,Crossref,Stagewise Multi-Material Topology Optimization to Reduce Material Switching in Additive Manufacturing,2026,Venue unknown,10.2139/ssrn.6568973,https://doi.org/10.2139/ssrn.6568973,low_relevance,1
1466,archive,crossref_only,Crossref,Speed-controlled printing strategy for functionally graded TPMS structures: A process optimization perspective,2026,CIRP Journal of Manufacturing Science and Technology,10.1016/j.cirpj.2025.11.010,https://doi.org/10.1016/j.cirpj.2025.11.010,low_relevance,1
1467,archive,openalex_only,OpenAlex,Spectrum Anomaly Detection in OFDMA Systems: Simulation Framework and Benchmark Dataset,2026,ArXiv.org,,https://openalex.org/W7163596365,low_relevance,1
1468,archive,openalex_only,OpenAlex,Spatial statistics for screening molecular structures,2026,ArXiv.org,,https://openalex.org/W7161915370,low_relevance,1
1469,archive,openalex_only,OpenAlex,Soft Actuators Based on Stimuli-Responsive Materials: From Material Design to Robotic Systems,2026,Chemistry of Materials,10.1021/acs.chemmater.6c00379,https://doi.org/10.1021/acs.chemmater.6c00379,low_relevance,1
1470,archive,openalex_only,OpenAlex,Smart manufacturing: MLOps-enabled event-driven architecture for enhanced control in steel production,2026,American University of Bahrain,10.58014/aubh.32615007,https://doi.org/10.58014/aubh.32615007,low_relevance,1
1471,archive,openalex_only,OpenAlex,Smart manufacturing: MLOps-enabled event-driven architecture for enhanced control in steel production,2026,Figshare,10.58014/aubh.32615007.v1,https://doi.org/10.58014/aubh.32615007.v1,low_relevance,1
1472,archive,openalex_only,OpenAlex,"Smart exoskeleton-assisted rehabilitation after fracture surgery: closed-loop control, personalized load management, and integrated telemonitoring",2026,Frontiers in Bioengineering and Biotechnology,10.3389/fbioe.2026.1792573,https://doi.org/10.3389/fbioe.2026.1792573,low_relevance,1
1473,archive,openalex_only,OpenAlex,"Smart Technologies for Smart Futures: A Study Across Business, Science and Society",2026,International Journal of Advanced Research in Science Communication and Technology,10.48175/ijarsct-36253,https://doi.org/10.48175/ijarsct-36253,low_relevance,1
1474,archive,openalex_only,OpenAlex,Smart Supply Chains as Digital Value-Creation Networks,2026,IntechOpen eBooks,10.5772/intechopen.1016043,https://doi.org/10.5772/intechopen.1016043,low_relevance,1
1475,archive,both_openalex_crossref,Crossref; OpenAlex,Smart Materials for Smart Robots: Multi-Scale Conductivity Modeling in 3D-Printed Polymer Composites,2026,"2026 6th International Conference on Innovative Research in Applied Science, Engineering and Technology (IRASET)",10.1109/iraset68627.2026.11538866,https://doi.org/10.1109/iraset68627.2026.11538866,low_relevance,1
1476,archive,crossref_only,Crossref,Smart Manufacturing and the Operator’s Digital Double: Modeling Cognitive Load Through a Psychosocial Digital Twin,2026,International Journal of Sustainability and Innovation in Engineering,10.56830/ijsie202602,https://doi.org/10.56830/ijsie202602,low_relevance,1
1477,archive,openalex_only,OpenAlex,Smart Lean in Gamedev: Reconfiguring the Production Flow When AI Handles Routine and Humans Stop Waiting,2026,Venue unknown,10.66308/air.e2026048,https://doi.org/10.66308/air.e2026048,low_relevance,1
1478,archive,openalex_only,OpenAlex,Smart Factory Evolution: Emerging IoT Manufacturing Trends with CPS and Robotic Automation,2026,International Journal of Scientific Research in Computer Science Engineering and Information Technology,10.32628/cseit26121334,https://doi.org/10.32628/cseit26121334,low_relevance,1
1479,archive,crossref_only,Crossref,Smart Exploration of Perovskite Photovoltaics: From AI Driven Discovery to Autonomous Laboratories,2026,Advanced Energy Materials,10.1002/aenm.202506803,https://doi.org/10.1002/aenm.202506803,low_relevance,1
1480,archive,openalex_only,OpenAlex,Small Science Agentic Models for Automated Perovskite Thin Film Exploration via Monte Carlo Decision Trees and Delayed Bayesian Optimization Feedback,2026,ChemRxiv,10.26434/chemrxiv.15004310/v1,https://doi.org/10.26434/chemrxiv.15004310/v1,low_relevance,1
1481,archive,openalex_only,OpenAlex,Slow drift aware dynamic risk assessment in cyber physical systems using quantum neutrosophic fuzzy modelling,2026,Scientific Reports,10.1038/s41598-026-41732-8,https://doi.org/10.1038/s41598-026-41732-8,low_relevance,1
1482,archive,openalex_only,OpenAlex,Six-Axis Robotic Milling for Enhancing Surface Quality and Dimensional Accuracy of Fused Granular Fabrication Parts,2026,Polymers,10.3390/polym18050608,https://doi.org/10.3390/polym18050608,low_relevance,1
1483,archive,crossref_only,Crossref,Single-Step FDM Printing of Conductive Polymer-Based Resistive Strain Sensors,2026,Venue unknown,10.2139/ssrn.6486065,https://doi.org/10.2139/ssrn.6486065,low_relevance,1
1484,archive,openalex_only,OpenAlex,"Shedding Light on Explainable AI: Insights, Challenges, and the Future of Infrastructure Management",2026,ISPRS International Journal of Geo-Information,10.3390/ijgi15030100,https://doi.org/10.3390/ijgi15030100,low_relevance,1
1485,archive,both_openalex_crossref,Crossref; OpenAlex,Sharp dual-regime thermal transition driven by bead morphology in metal fused filament fabrication: bead-resolved digital twin analysis,2026,Virtual and Physical Prototyping,10.1080/17452759.2026.2675817,https://doi.org/10.1080/17452759.2026.2675817,low_relevance,1
1486,archive,openalex_only,OpenAlex,Sharp dual-regime thermal transition driven by bead morphology in metal fused filament fabrication: bead-resolved digital twin analysis,2026,Figshare,10.6084/m9.figshare.32560697.v1,https://doi.org/10.6084/m9.figshare.32560697.v1,low_relevance,1
1487,archive,openalex_only,OpenAlex,Sharp dual-regime thermal transition driven by bead morphology in metal fused filament fabrication: bead-resolved digital twin analysis,2026,Figshare,10.6084/m9.figshare.32560697,https://doi.org/10.6084/m9.figshare.32560697,low_relevance,1
1488,archive,both_openalex_crossref,Crossref; OpenAlex,Shape-morphing photo-crosslinked alginate hydrogels via digital light processing 4D printing,2026,Applied Materials Today,10.1016/j.apmt.2025.103064,https://doi.org/10.1016/j.apmt.2025.103064,low_relevance,1
1489,archive,crossref_only,Crossref,Shape-morphing greenhouse: design of a thermally responsive transparent 4D-printed structure,2026,4D Printing,10.1108/4dp-10-2025-0022,https://doi.org/10.1108/4dp-10-2025-0022,low_relevance,1
1490,archive,crossref_only,Crossref,Shape-Morphing 4D Printing Technologies for Controlled Oral Drug Delivery: a Patent-Based Review,2026,Journal of Pharmaceutical Innovation,10.1007/s12247-026-10563-5,https://doi.org/10.1007/s12247-026-10563-5,low_relevance,1
1491,archive,crossref_only,Crossref,"Shape-Morphing 4D Printed Quadcopter UAV: Design, Fabrication, and Flight Validation",2026,Venue unknown,10.2139/ssrn.6308199,https://doi.org/10.2139/ssrn.6308199,low_relevance,1
1492,archive,openalex_only,OpenAlex,"Semiconductor Optimization: A Comprehensive Study of Automation, Fabrication Process Control, Defect Detection, Enhancement, and Sustainable Smart Manufacturing",2026,International Journal of Drug Delivery Technology,10.25258/ijddt.16.56s.121,https://doi.org/10.25258/ijddt.16.56s.121,low_relevance,1
1493,archive,crossref_only,Crossref,Semantic interoperability for digital twin-driven product development: a maturity model approach,2026,Digital Twin,10.1080/27525783.2026.2618294,https://doi.org/10.1080/27525783.2026.2618294,low_relevance,1
1494,archive,openalex_only,OpenAlex,Securing Mechatronic Control Modules in the Context of Current Cyber Threats,2026,Romanian Cyber Security Journal,10.54851/v8i1y202603,https://doi.org/10.54851/v8i1y202603,low_relevance,1
1495,archive,crossref_only,Crossref,Secure and Intelligent Smart Hospitals,2026,Blockchain and Digital Twins for Smart Hospital Infrastructures,10.4018/979-8-3373-8177-0.ch002,https://doi.org/10.4018/979-8-3373-8177-0.ch002,low_relevance,1
1496,archive,openalex_only,OpenAlex,"Seaport automation: technological solutions, systemic challenges and regional specifics of implementation",2026,Shipping & Navigation,10.31653/2306-5761.39.2026.143-162,https://doi.org/10.31653/2306-5761.39.2026.143-162,low_relevance,1
1497,archive,openalex_only,OpenAlex,Seams matter: Introducing seam-induced defects and their structural and mechanical influence in 3D printed thin-walled structures and metamaterials,2026,Materials & Design,10.1016/j.matdes.2026.115980,https://doi.org/10.1016/j.matdes.2026.115980,low_relevance,1
1498,archive,openalex_only,OpenAlex,"Scheduling and realizing image-assisted robotic processes fusing adapted, minimally invasive, harmless and truthful therapies",2026,Imaging and Radiation Research,10.24294/irr026130001,https://doi.org/10.24294/irr026130001,low_relevance,1
1499,archive,openalex_only,OpenAlex,Scenario Modeling in Demand-Constrained Supply Chains: A Forecast to Delivery View,2026,World Journal of Advanced Engineering Technology and Sciences,10.30574/wjaets.2026.18.3.0121,https://doi.org/10.30574/wjaets.2026.18.3.0121,low_relevance,1
1500,archive,both_openalex_crossref,Crossref; OpenAlex,STEP-NC-Based Framework for Additive Manufacturing Systems,2026,Transforming Manufacturing With STEP-NC,10.4018/979-8-3373-6214-4.ch003,https://doi.org/10.4018/979-8-3373-6214-4.ch003,low_relevance,1
1501,archive,crossref_only,Crossref,SMART-TWIN: Transforming urban climate science into planning practice using a geospatial digital twin,2026,Venue unknown,10.5194/egusphere-egu26-11362,https://doi.org/10.5194/egusphere-egu26-11362,low_relevance,1
1502,archive,openalex_only,OpenAlex,SMART MATERIAL GOVERNANCE IN INDUSTRY 4.0: A CONSTRUCTION 4.0 RESEARCH FRAMEWORK,2026,Zenodo (CERN European Organization for Nuclear Research),10.5281/zenodo.20120087,https://doi.org/10.5281/zenodo.20120087,low_relevance,1
1503,archive,openalex_only,OpenAlex,SMART MATERIAL GOVERNANCE IN INDUSTRY 4.0: A CONSTRUCTION 4.0 RESEARCH FRAMEWORK,2026,Zenodo (CERN European Organization for Nuclear Research),10.5281/zenodo.20120086,https://doi.org/10.5281/zenodo.20120086,low_relevance,1
1504,archive,both_openalex_crossref,Crossref; OpenAlex,"SMART CIVIL SYSTEMS: DESIGN, CONSTRUCTION, AND MAINTENANCE IN THE DIGITAL ERA",2026,IIP Series,10.58532/nbennurscsdcm,https://doi.org/10.58532/nbennurscsdcm,low_relevance,1
1505,archive,openalex_only,OpenAlex,SDNator is Not Another SDN Controller: Enabling Extensible Data-Driven Control in Cyber-Physical Systems,2026,arXiv (Cornell University),10.48550/arxiv.2605.23816,https://doi.org/10.48550/arxiv.2605.23816,low_relevance,1
1506,archive,openalex_only,OpenAlex,SDNator is Not Another SDN Controller: Enabling Extensible Data-Driven Control in Cyber-Physical Systems,2026,ArXiv.org,,https://openalex.org/W7162474672,low_relevance,1
1507,archive,openalex_only,OpenAlex,SA-DTS: Semantic-Aware Digital Twin Synchronization over 6G Networks,2026,arXiv (Cornell University),10.48550/arxiv.2606.03617,https://doi.org/10.48550/arxiv.2606.03617,low_relevance,1
1508,archive,openalex_only,OpenAlex,SA-DTS: Semantic-Aware Digital Twin Synchronization over 6G Networks,2026,ArXiv.org,,https://openalex.org/W7163595581,low_relevance,1
1509,archive,crossref_only,Crossref,Robotic Systems and LLM Algorithms for Transforming Manufacturing Into Smart Autonomous Ecosystem,2026,Advances in Computational Intelligence and Robotics,10.4018/979-8-2600-0298-8.ch007,https://doi.org/10.4018/979-8-2600-0298-8.ch007,low_relevance,1
1510,archive,both_openalex_crossref,Crossref; OpenAlex,"Review of: ""The Evolution and Future of Pediatric Cardiology""",2026,Venue unknown,10.32388/i7spe1,https://doi.org/10.32388/i7spe1,low_relevance,1
1511,archive,openalex_only,OpenAlex,"Review of Optical Fiber and Integrated Photonic Sensors for Industry and Smart Manufacturing: Technologies, Applications, Structural Health Monitoring and AI-Enabled Sensing",2026,Sensors,10.3390/s26113581,https://doi.org/10.3390/s26113581,low_relevance,1
1512,archive,openalex_only,OpenAlex,Resilient model predictive control framework for networked industrial cyber-physical systems with multi-disturbance adaptation,2026,Journal of Intelligent Manufacturing and Special Equipment,10.1108/jimse-12-2025-0036,https://doi.org/10.1108/jimse-12-2025-0036,low_relevance,1
1513,archive,crossref_only,Crossref,Resilient Smart Buildings Using Adaptive Digital Twin Frameworks,2026,Digital Twin Applications and Cognitive Enterprise Transformation Across Industries,10.4018/979-8-2600-1669-5.ch005,https://doi.org/10.4018/979-8-2600-1669-5.ch005,low_relevance,1
1514,archive,crossref_only,Crossref,Research status of 3D printing technology for multi-material and functionally graded materials,2026,AIP Conference Proceedings,10.1063/12.0043549,https://doi.org/10.1063/12.0043549,low_relevance,1
1515,archive,openalex_only,OpenAlex,Research and development of design tools and methods for Additive Manufacturing: virtual prototyping and artificial intelligence,2026,Iris (Roma Tre University),,https://openalex.org/W7164453893,low_relevance,1
1516,archive,openalex_only,OpenAlex,Research Progress on Advanced Molding Technologies for Carbon Fiber-Reinforced Polymer Composites: Defect Control and Process Optimization,2026,Fibers,10.3390/fib14060069,https://doi.org/10.3390/fib14060069,low_relevance,1
1517,archive,openalex_only,OpenAlex,Remanufacturing workshop management in blockchain and digital twin-based cloud remanufacturing service platform,2026,PLoS ONE,10.1371/journal.pone.0345757,https://doi.org/10.1371/journal.pone.0345757,low_relevance,1
1518,archive,crossref_only,Crossref,Reinforcement learning-based path planning method for 3D printing of continuous fiber reinforced thermoplastic composites,2026,Additive Manufacturing,10.1016/j.addma.2026.105187,https://doi.org/10.1016/j.addma.2026.105187,low_relevance,1
1519,archive,openalex_only,OpenAlex,Reinforcement learning-based control co-design of digital twin-enabled full-vehicle active suspension systems,2026,Structural and Multidisciplinary Optimization,10.1007/s00158-026-04304-y,https://doi.org/10.1007/s00158-026-04304-y,low_relevance,1
1520,archive,openalex_only,OpenAlex,"Reimagining surgery in a world powered by intelligence, connectivity, and code",2026,npj Digital Surgery,10.1038/s44484-025-00001-3,https://doi.org/10.1038/s44484-025-00001-3,low_relevance,1
1521,archive,crossref_only,Crossref,Regulation Strategies for Extruded Filament in Material Extrusion Additive Manufacturing: A Review and Perspective,2026,Advanced Materials Technologies,10.1002/admt.202502312,https://doi.org/10.1002/admt.202502312,low_relevance,1
1522,archive,openalex_only,OpenAlex,Reducing human error in aircraft maintenance: a dual-framework analysis of smart technologies using SWOT and HFACS in Philippine MROs,2026,Smart and Resilient Transport,10.1108/srt-07-2025-0021,https://doi.org/10.1108/srt-07-2025-0021,low_relevance,1
1523,archive,crossref_only,Crossref,"Reconfigurable robotic vat photopolymerization manufacturing system for continuous, multi-material 3D printing",2026,Laser 3D Manufacturing XIII,10.1117/12.3079498,https://doi.org/10.1117/12.3079498,low_relevance,1
1524,archive,openalex_only,OpenAlex,"Recent Advances in Carbon Quantum Dot-Enhanced Stimuli-Sensitive Hydrogels: Synthesis, Properties, and Applications",2026,Gels,10.3390/gels12040332,https://doi.org/10.3390/gels12040332,low_relevance,1
1525,archive,openalex_only,OpenAlex,Recent Advances in Artificial Intelligence and Machine Learning for Life Cycle-Wide Additive Manufacturing: A Comprehensive Review,2026,Machines,10.3390/machines14050550,https://doi.org/10.3390/machines14050550,low_relevance,1
1526,archive,openalex_only,OpenAlex,Recent Advancements in Aluminum Alloy Research: Integrating Traditional Metallurgy with Machine Learning and Data-Driven Approaches,2026,Applied Sciences,10.3390/app16104830,https://doi.org/10.3390/app16104830,low_relevance,1
1527,archive,openalex_only,OpenAlex,Real-time sensing digital twin for aerospace structural health monitoring,2026,Structural and Multidisciplinary Optimization,10.1007/s00158-026-04324-8,https://doi.org/10.1007/s00158-026-04324-8,low_relevance,1
1528,archive,openalex_only,OpenAlex,Real-Time Feasibility of Digital Twins for Process Control: A Computational Analysis,2026,Machines,10.3390/machines14060595,https://doi.org/10.3390/machines14060595,low_relevance,1
1529,archive,openalex_only,OpenAlex,Reaction-aware control of autonomous batch synthesis,2026,ChemRxiv,10.26434/chemrxiv.15000333/v3,https://doi.org/10.26434/chemrxiv.15000333/v3,low_relevance,1
1530,archive,openalex_only,OpenAlex,Reaction-aware control of autonomous batch synthesis,2026,ChemRxiv,10.26434/chemrxiv.15000333/v2,https://doi.org/10.26434/chemrxiv.15000333/v2,low_relevance,1
1531,archive,openalex_only,OpenAlex,Rapid Characterization of Material Heterogeneity through Acoustic Resonance and Physics-informed Artificial Intelligence,2026,VTechWorks (Virginia Tech),,https://openalex.org/W7161206608,low_relevance,1
1532,archive,openalex_only,OpenAlex,Quantum-safe cyber digital twin architectures for proactive threat forecasting and adaptive defense,2026,Scientific Reports,10.1038/s41598-026-51793-4,https://doi.org/10.1038/s41598-026-51793-4,low_relevance,1
1533,archive,crossref_only,Crossref,Quantum Theory of Functionally Graded Materials,2026,Venue unknown,10.2139/ssrn.6731328,https://doi.org/10.2139/ssrn.6731328,low_relevance,1
1534,archive,openalex_only,OpenAlex,Quantum D Royal Badminton and 🕊 Bird,2026,Zenodo (CERN European Organization for Nuclear Research),10.5281/zenodo.19559260,https://doi.org/10.5281/zenodo.19559260,low_relevance,1
1535,archive,openalex_only,OpenAlex,Quantum D Royal Badminton and 🕊 Bird,2026,Zenodo (CERN European Organization for Nuclear Research),10.5281/zenodo.19559261,https://doi.org/10.5281/zenodo.19559261,low_relevance,1
1536,archive,openalex_only,OpenAlex,Quality-driven multi-stage dynamic scheduling optimization for flexible manufacturing via digital twin with integrated rework mechanism,2026,Transactions of the Institute of Measurement and Control,10.1177/01423312261442257,https://doi.org/10.1177/01423312261442257,low_relevance,1
1537,archive,openalex_only,OpenAlex,Quality Assurance in Decentralized Manufacturing: A Review of Validation Frameworks for 3D-Printed Personalized Medicines,2026,Zenodo (CERN European Organization for Nuclear Research),10.5281/zenodo.19824634,https://doi.org/10.5281/zenodo.19824634,low_relevance,1
1538,archive,openalex_only,OpenAlex,Quality Assurance in Decentralized Manufacturing: A Review of Validation Frameworks for 3D-Printed Personalized Medicines,2026,Zenodo (CERN European Organization for Nuclear Research),10.5281/zenodo.19824633,https://doi.org/10.5281/zenodo.19824633,low_relevance,1
1539,archive,openalex_only,OpenAlex,Programming Manufacturing Robots with Imperfect AI: LLMs as Tuning Experts for FDM Print Configuration Selection,2026,arXiv (Cornell University),,https://openalex.org/W7140347106,low_relevance,1
1540,archive,crossref_only,Crossref,Printability and interfacial performance of emulsion gels and bigels in multi-material dual and coaxial food 3D printing,2026,Food Hydrocolloids,10.1016/j.foodhyd.2025.111964,https://doi.org/10.1016/j.foodhyd.2025.111964,low_relevance,1
1541,archive,openalex_only,OpenAlex,Preface,2026,Journal of Physics Conference Series,10.1088/1742-6596/3256/1/011001,https://doi.org/10.1088/1742-6596/3256/1/011001,low_relevance,1
1542,archive,openalex_only,OpenAlex,Predictive Safety Analytics Model for Early Detection of High-Risk Construction Activities,2026,Global Journal of Engineering and Technology Research,10.65150/ep-gjetr/v2e3/2026-03,https://doi.org/10.65150/ep-gjetr/v2e3/2026-03,low_relevance,1
1543,archive,openalex_only,OpenAlex,"Polymeric soft materials with molecular recognition: From static binding to dynamic functions in gels, particles, and interfaces",2026,Institutional Repositories DataBase (IRDB),10.48505/nims.6295,https://doi.org/10.48505/nims.6295,low_relevance,1
1544,archive,crossref_only,Crossref,Polymer-based functionally graded multi-material additive manufacturing via material extrusion: Interfacial mechanisms and gradient design strategies,2026,Next Materials,10.1016/j.nxmate.2026.102118,https://doi.org/10.1016/j.nxmate.2026.102118,low_relevance,1
1545,archive,openalex_only,OpenAlex,"Polyester Resin–Quartz Composites in the Age of Artificial Intelligence and Digital Twins: Current Advances, Future Perspectives and an Application Example",2026,Polymers,10.3390/polym18060753,https://doi.org/10.3390/polym18060753,low_relevance,1
1546,archive,openalex_only,OpenAlex,Planning-Based Decision Space Exploration for Digital Twins in Immature Production Processes,2026,Journal of Machine Engineering,10.36897/jme/222460,https://doi.org/10.36897/jme/222460,low_relevance,1
1547,archive,openalex_only,OpenAlex,"Place, Identity and Wellbeing: Bradford and Beyond",2026,Internet Archaeology,10.11141/ia.73.4,https://doi.org/10.11141/ia.73.4,low_relevance,1
1548,archive,both_openalex_crossref,Crossref; OpenAlex,Physics-driven Digital Twin Based Architecture of Wire Arc Additive Manufacturing Enabled by Fast Surrogate Calculations,2026,Research Square,10.21203/rs.3.rs-8542145/v1,https://doi.org/10.21203/rs.3.rs-8542145/v1,low_relevance,1
1549,archive,openalex_only,OpenAlex,Physics-Informed Machine Learning for Property Prediction and Process Optimization in Additively Manufactured Filled Polymer Composites: A Bayesian Optimization Approach,2026,Industries,10.3390/industries1010002,https://doi.org/10.3390/industries1010002,low_relevance,1
1550,archive,openalex_only,OpenAlex,"Physics-Grounded Multi-Agent Architecture for Traceable, Risk-Aware Human-AI Decision Support in Manufacturing",2026,ArXiv.org,,https://openalex.org/W7160565349,low_relevance,1
1551,archive,openalex_only,OpenAlex,PhaseTransfer: A transfer learning framework for efficient phase diagram mapping,2026,npj Computational Materials,10.1038/s41524-026-02154-2,https://doi.org/10.1038/s41524-026-02154-2,low_relevance,1
1552,archive,openalex_only,OpenAlex,"Pharmaceutical Supply Chain Management in the Era of Pharma 4.0: AI, Digital Twins, Agentic Systems, and Sustainable Logistics",2026,Zenodo (CERN European Organization for Nuclear Research),10.5281/zenodo.20627864,https://doi.org/10.5281/zenodo.20627864,low_relevance,1
1553,archive,openalex_only,OpenAlex,"Pharmaceutical Supply Chain Management in the Era of Pharma 4.0: AI, Digital Twins, Agentic Systems, and Sustainable Logistics",2026,Zenodo (CERN European Organization for Nuclear Research),10.5281/zenodo.20627865,https://doi.org/10.5281/zenodo.20627865,low_relevance,1
1554,archive,both_openalex_crossref,Crossref; OpenAlex,Perspective Chapter: Cyber Physical Security in Smart Manufacturing,2026,IntechOpen eBooks,10.5772/intechopen.1013635,https://doi.org/10.5772/intechopen.1013635,low_relevance,1
1555,archive,openalex_only,OpenAlex,Personalized skill transfer optimization in swimming training through multi-agent reinforcement learning driven digital twin environments,2026,Scientific Reports,10.1038/s41598-026-35877-9,https://doi.org/10.1038/s41598-026-35877-9,low_relevance,1
1556,archive,openalex_only,OpenAlex,Performance management with novel technologies : integrating sustainability performance in digital transformation,2026,LUTPub (LUT University),,https://openalex.org/W7154875092,low_relevance,1
1557,archive,crossref_only,Crossref,Path planning strategies for six-axis industrial robot manipulators in wire arc additive manufacturing and polishing,2026,Emerging Trends in Manufacturing Technologies,10.1016/b978-0-443-33645-4.00014-0,https://doi.org/10.1016/b978-0-443-33645-4.00014-0,low_relevance,1
1558,archive,openalex_only,OpenAlex,Part I: Industrial Information Integration Review 2020–2025,2026,Journal of Emerging Technologies With Industrial Applications,10.53941/jetia.2026.100001,https://doi.org/10.53941/jetia.2026.100001,low_relevance,1
1559,archive,openalex_only,OpenAlex,PAT for Process Modelling,2026,Venue unknown,10.1201/9781032662961-7,https://doi.org/10.1201/9781032662961-7,low_relevance,1
1560,archive,both_openalex_crossref,Crossref; OpenAlex,Overview of STEP-NC and Its Role in Advanced Manufacturing,2026,Transforming Manufacturing With STEP-NC,10.4018/979-8-3373-6214-4.ch001,https://doi.org/10.4018/979-8-3373-6214-4.ch001,low_relevance,1
1561,archive,openalex_only,OpenAlex,Overcoming Roadblocks for Implementing AI/ML Methods for Materials Advancement,2026,Annual Review of Materials Research,10.1146/annurev-matsci-072924-102951,https://doi.org/10.1146/annurev-matsci-072924-102951,low_relevance,1
1562,archive,crossref_only,Crossref,OrigaMatic: A Computational Workflow for Multi-Material Design Bridging Thick-Panel Origami and Additive Manufacturing,2026,Journal of Mechanisms and Robotics,10.1115/1.4069976,https://doi.org/10.1115/1.4069976,low_relevance,1
1563,archive,openalex_only,OpenAlex,Organisational cybersecurity challenges in digital twin development: A critical analysis and research directions,2026,Computers & Security,10.1016/j.cose.2026.105001,https://doi.org/10.1016/j.cose.2026.105001,low_relevance,1
1564,archive,openalex_only,OpenAlex,Optimizing material and process parameters in laser engineered net shaping using liquid neural networks,2026,Scientific Reports,10.1038/s41598-026-52507-6,https://doi.org/10.1038/s41598-026-52507-6,low_relevance,1
1565,archive,openalex_only,OpenAlex,Optimizing assembly line productivity in passenger car manufacturing: a comprehensive review with evidence from the Pune automotive region,2026,Frontiers in Mechanical Engineering,10.3389/fmech.2026.1808820,https://doi.org/10.3389/fmech.2026.1808820,low_relevance,1
1566,archive,crossref_only,Crossref,Optimization of path planning for reinforcing panel structures using directed energy deposition additive manufacturing process,2026,Engineering Computations,10.1108/ec-10-2025-1127,https://doi.org/10.1108/ec-10-2025-1127,low_relevance,1
1567,archive,openalex_only,OpenAlex,Optimization of food production efficiency using adaptive digital modeling and digital twin technologies,2026,Bulletin of the National Engineering Academy of the Republic of Kazakhstan,10.47533/2026.1606-146x.1-01,https://doi.org/10.47533/2026.1606-146x.1-01,low_relevance,1
1568,archive,crossref_only,Crossref,Optimization of Tool Path Planning in Additive Manufacturing Using Euler Transformation,2026,IEEE ICCBE 2025,10.3390/engproc2026128048,https://doi.org/10.3390/engproc2026128048,low_relevance,1
1569,archive,openalex_only,OpenAlex,Optimal sequential decision-making for error propagation mitigation in digital twins,2026,ArXiv.org,,https://openalex.org/W7157506201,low_relevance,1
1570,archive,openalex_only,OpenAlex,Operationalizing the Twin Transition: A Cross-Sector DigiCircular Digital Twin Framework for Sustainable Production and Consumption,2026,Research Square,10.21203/rs.3.rs-9717799/v1,https://doi.org/10.21203/rs.3.rs-9717799/v1,low_relevance,1
1571,archive,crossref_only,Crossref,Operationalising Digital Circularity: A Critical Systematic Review of Artificial Intelligence Applications to Material and Digital Product Passports,2026,Buildings,10.3390/buildings16112048,https://doi.org/10.3390/buildings16112048,low_relevance,1
1572,archive,crossref_only,Crossref,Open-source multi-material multi-resolution inkjet printer based on solenoid valves,2026,Venue unknown,10.2139/ssrn.6736132,https://doi.org/10.2139/ssrn.6736132,low_relevance,1
1573,archive,crossref_only,Crossref,Open collaborative AI platform to support process optimization for semiconductor industry with digital twin,2026,DTCO and Computational Patterning V,10.1117/12.3090718,https://doi.org/10.1117/12.3090718,low_relevance,1
1574,archive,openalex_only,OpenAlex,Open Multimodal Datasets and Open-Source Software for Data-Driven Modeling of Multiphase Transport and Thermal Systems,2026,ArXiv.org,,https://openalex.org/W7162474695,low_relevance,1
1575,archive,both_openalex_crossref,Crossref; OpenAlex,One‐Shot Multimaterial 3D Printing of a Flexible Spine for a Robotic Fish Prototype,2026,Advanced Intelligent Systems,10.1002/aisy.70431,https://doi.org/10.1002/aisy.70431,low_relevance,1
1576,archive,openalex_only,OpenAlex,On digital twins in defense: overview and applications,2026,The Journal of Defense Modeling and Simulation Applications Methodology Technology,10.1177/15485129261441817,https://doi.org/10.1177/15485129261441817,low_relevance,1
1577,archive,openalex_only,OpenAlex,Novel Polymer Materials: From Sustainable Discovery to Advanced Drug Delivery Applications,2026,Zenodo (CERN European Organization for Nuclear Research),10.5281/zenodo.20022075,https://doi.org/10.5281/zenodo.20022075,low_relevance,1
1578,archive,openalex_only,OpenAlex,Novel Polymer Materials: From Sustainable Discovery to Advanced Drug Delivery Applications,2026,Zenodo (CERN European Organization for Nuclear Research),10.5281/zenodo.20022074,https://doi.org/10.5281/zenodo.20022074,low_relevance,1
1579,archive,crossref_only,Crossref,Non‐Radical Photocured 3D Printing of Liquid Crystal Elastomers,2026,Angewandte Chemie,10.1002/ange.202523022,https://doi.org/10.1002/ange.202523022,low_relevance,1
1580,archive,crossref_only,Crossref,Non‐Radical Photocured 3D Printing of Liquid Crystal Elastomers,2026,Angewandte Chemie International Edition,10.1002/anie.202523022,https://doi.org/10.1002/anie.202523022,low_relevance,1
1581,archive,crossref_only,Crossref,Non‐Planar Slicing and Inverse‐Projection Path Planning for Three‐Axis Coordinated Additive Manufacturing of Continuous Fiber Composites,2026,Polymer Composites,10.1002/pc.71100,https://doi.org/10.1002/pc.71100,low_relevance,1
1582,archive,crossref_only,Crossref,Noninvasive Digital Twin for Pedagogical Purposes in Digital Manufacturing,2026,Lecture Notes in Mechanical Engineering,10.1007/978-981-95-2543-0_18,https://doi.org/10.1007/978-981-95-2543-0_18,low_relevance,1
1583,archive,openalex_only,OpenAlex,"Next-Generation Manufacturing Technologies for High-Performance Turbomachinery Blades: Trends, Challenges, and Future Directions",2026,Eng—Advances in Engineering,10.3390/eng7050225,https://doi.org/10.3390/eng7050225,low_relevance,1
1584,archive,openalex_only,OpenAlex,Next-Generation ECE Hardware Framework for IoT Using Generative AI and Edge Intelligence for Real-Time Smart Applications,2026,International Journal of Computer Engineering in Research Trends,10.22362/ijcert/2026/v13/i3/v13i303,https://doi.org/10.22362/ijcert/2026/v13/i3/v13i303,low_relevance,1
1585,archive,both_openalex_crossref,Crossref; OpenAlex,Near term new thinking,2026,Navigating an Evolving Sustainable Built Environment,10.1108/978-1-83662-850-720261009,https://doi.org/10.1108/978-1-83662-850-720261009,low_relevance,1
1586,archive,crossref_only,Crossref,Navigating Ternary Doping in Li‐ion Cathodes With Closed‐Loop Multi‐Objective Bayesian Optimization,2026,Advanced Materials,10.1002/adma.202519790,https://doi.org/10.1002/adma.202519790,low_relevance,1
1587,archive,crossref_only,Crossref,"Nanostructured Multi-Material Alloys Synthesised through Hybrid Additive manufacturing/severe Plastic Deformation Approach: Process, Microstructures, Properties, and Opportunities",2026,"Atomic and Near-atomic Scale Additive Manufacturing Processes: Progress, Challenges, and Circular Economy",10.1115/1.889114_ch7,https://doi.org/10.1115/1.889114_ch7,low_relevance,1
1588,archive,openalex_only,OpenAlex,"Nanomedicine in 2026: Illustrative Quantitative Analyses of EPR Heterogeneity, Clinical Trial Attrition, and Emerging Horizons for Active Nanotherapeutics",2026,International Journal of Nanomedicine,10.2147/ijn.s618407,https://doi.org/10.2147/ijn.s618407,low_relevance,1
1589,archive,crossref_only,Crossref,Multi‐material additive manufacturing of functionally graded ultra‐high temperature ceramics via active in‐line mixing,2026,International Journal of Applied Ceramic Technology,10.1111/ijac.70130,https://doi.org/10.1111/ijac.70130,low_relevance,1
1590,archive,crossref_only,Crossref,Multimaterial 4D printing of adaptive and reconfigurable auxetic metastructures,2026,4D Printing,10.1108/4dp-12-2025-0023,https://doi.org/10.1108/4dp-12-2025-0023,low_relevance,1
1591,archive,openalex_only,OpenAlex,Multilayer network approaches to omics data integration in digital twins for cancer research,2026,Frontiers in Systems Biology,10.3389/fsysb.2026.1776941,https://doi.org/10.3389/fsysb.2026.1776941,low_relevance,1
1592,archive,crossref_only,Crossref,Multifactor-constrained path planning method for high-quality additive manufacturing of continuous fiber-reinforced composites thin-walled structures,2026,Composites Part B: Engineering,10.1016/j.compositesb.2026.113388,https://doi.org/10.1016/j.compositesb.2026.113388,low_relevance,1
1593,archive,openalex_only,OpenAlex,"Multidimensional Resilience for Electrical Power Systems: Systematic Review, Integrated Index, and Validation under Real-World Cyber-Physical Attack Scenarios",2026,arXiv (Cornell University),,https://openalex.org/W7164234336,low_relevance,1
1594,archive,crossref_only,Crossref,Multi-strategy integrated general toolpath planning framework for continuous fiber-reinforced polymer additive manufacturing,2026,Composite Structures,10.1016/j.compstruct.2026.120395,https://doi.org/10.1016/j.compstruct.2026.120395,low_relevance,1
1595,archive,openalex_only,OpenAlex,Multi-scale digital twins for personalized medicine,2026,Frontiers in Digital Health,10.3389/fdgth.2026.1753906,https://doi.org/10.3389/fdgth.2026.1753906,low_relevance,1
1596,archive,crossref_only,Crossref,Multi-material structural optimization for additive manufacturing based on a phase field approach,2026,Optimization and Engineering,10.1007/s11081-026-10098-1,https://doi.org/10.1007/s11081-026-10098-1,low_relevance,1
1597,archive,both_openalex_crossref,Crossref; OpenAlex,"Multi-material glass additive manufacturing: a review of materials, techniques, and integration challenges",2026,Progress in Additive Manufacturing,10.1007/s40964-026-01543-9,https://doi.org/10.1007/s40964-026-01543-9,low_relevance,1
1598,archive,crossref_only,Crossref,Multi-material co-extrusion for precise 3D printing of miniaturized wearable TENG sensors,2026,Nano Energy,10.1016/j.nanoen.2025.111593,https://doi.org/10.1016/j.nanoen.2025.111593,low_relevance,1
1599,archive,crossref_only,Crossref,Multi-material Direct Ink Writing and Embroidery for Stretchable Wearable Sensors,2026,2026 IEEE 9th International Conference on Soft Robotics (RoboSoft),10.1109/robosoft67810.2026.11522918,https://doi.org/10.1109/robosoft67810.2026.11522918,low_relevance,1
1600,archive,crossref_only,Crossref,Multi-material 3D concrete printing: Automated hybrid reinforcements using textile and strain-hardening cementitious composites,2026,Cement and Concrete Composites,10.1016/j.cemconcomp.2025.106361,https://doi.org/10.1016/j.cemconcomp.2025.106361,low_relevance,1
1601,archive,openalex_only,OpenAlex,Multi-Phase Demand Modeling and Simulation of Mission-Oriented Supply Chains Using Digital Twin and Adaptive PSO,2026,Processes,10.3390/pr14030468,https://doi.org/10.3390/pr14030468,low_relevance,1
1602,archive,crossref_only,Crossref,Multi-Material Extrusion-Based 3D Printing of Hybrid Scaffolds for Tissue Engineering Application,2026,Gels,10.3390/gels12020123,https://doi.org/10.3390/gels12020123,low_relevance,1
1603,archive,both_openalex_crossref,Crossref; OpenAlex,Modern Machine Learning in Thin Film Device Development,2026,Venue unknown,10.36227/techrxiv.177138925.57781587/v1,https://doi.org/10.36227/techrxiv.177138925.57781587/v1,low_relevance,1
1604,archive,openalex_only,OpenAlex,Modeling and Simulation of Multi-Layer WAAM Structures for Digital Twin Integration,2026,Journal of Manufacturing and Materials Processing,10.3390/jmmp10030106,https://doi.org/10.3390/jmmp10030106,low_relevance,1
1605,archive,openalex_only,OpenAlex,"Model-based digital twin engineering: insights, challenges, and future directions",2026,Software & Systems Modeling,10.1007/s10270-026-01368-8,https://doi.org/10.1007/s10270-026-01368-8,low_relevance,1
1606,archive,openalex_only,OpenAlex,Microstructure-based variational deep material networks for robust uncertainty quantification in materials digital twins,2026,npj Computational Materials,10.1038/s41524-026-02054-5,https://doi.org/10.1038/s41524-026-02054-5,low_relevance,1
1607,archive,crossref_only,Crossref,Microstructure and corrosion of SS316L–IN718 functionally graded structure deposited using twin-wire gas tungsten arc-based wire and arc additive manufacturing,2026,International Journal of Pressure Vessels and Piping,10.1016/j.ijpvp.2026.105845,https://doi.org/10.1016/j.ijpvp.2026.105845,low_relevance,1
1608,archive,openalex_only,OpenAlex,Metric Driven Framework for Evaluaiton of Logistics in PHM,2026,elib (German Aerospace Center),,https://openalex.org/W7161220351,low_relevance,1
1609,archive,crossref_only,Crossref,MedVision 3D: Transfer Learning–Enabled Automated Bolus Generation via Multi-Material 3D Printing for Precision Radiotherapy,2026,2026 7th International Conference on Mechatronics Technology and Intelligent Manufacturing (ICMTIM),10.1109/icmtim69588.2026.11526335,https://doi.org/10.1109/icmtim69588.2026.11526335,low_relevance,1
1610,archive,crossref_only,Crossref,"Mechanistic Models, Machine Learning, and Digital Twins in Additive Manufacturing",2026,Theory and Practice of Additive Manufacturing,10.1002/9781394442942.ch12,https://doi.org/10.1002/9781394442942.ch12,low_relevance,1
1611,archive,openalex_only,OpenAlex,"Mechanism-Based Degradation and Structural Integrity of Marine Renewable Energy Systems: Multiscale Modelling, Materials Challenges, and Future Qualification Frameworks",2026,Preprints.org,10.20944/preprints202604.1110.v1,https://doi.org/10.20944/preprints202604.1110.v1,low_relevance,1
1612,archive,openalex_only,OpenAlex,Mechanism and Experimental Investigation of Variable Stiffness in Soft Actuators Based on Particles Jamming,2026,SAE technical papers on CD-ROM/SAE technical paper series,10.4271/2026-99-0746,https://doi.org/10.4271/2026-99-0746,low_relevance,1
1613,archive,both_openalex_crossref,Crossref; OpenAlex,Mechanical and Microstructural Characterization of AISI 410 Stainless Steel–Inconel 625 Functionally Graded Bimetallic Wall Fabricated by Wire Arc Additive Manufacturing,2026,steel research international,10.1002/srin.202501158,https://doi.org/10.1002/srin.202501158,low_relevance,1
1614,archive,crossref_only,Crossref,Mechanical Nitriding of Titanium and Its Alloys as a Feedstock for the Additive Manufacturing of Functionally Graded Materials,2026,Materials,10.3390/ma19061115,https://doi.org/10.3390/ma19061115,low_relevance,1
1615,archive,openalex_only,OpenAlex,Materials by machines: A review on intuition and knowledge-driven learning for rapid discovery and optimization,2026,Materials Research Bulletin,10.1016/j.materresbull.2026.114251,https://doi.org/10.1016/j.materresbull.2026.114251,low_relevance,1
1616,archive,openalex_only,OpenAlex,Material and Technological Optimization of a 3D-Printed Hand Exoskeleton Within the Industry 4.0/5.0/6.0 Paradigms: A Short Review,2026,Applied Sciences,10.3390/app16031538,https://doi.org/10.3390/app16031538,low_relevance,1
1617,archive,openalex_only,OpenAlex,Machine learning-guided optimization of atomic layer deposition process,2026,Communications Materials,10.1038/s43246-026-01206-w,https://doi.org/10.1038/s43246-026-01206-w,low_relevance,1
1618,archive,both_openalex_crossref,Crossref; OpenAlex,Machine learning-driven digital twin for real-time temperature prediction and adaptive process control in large-scale additive manufacturing,2026,Journal of Manufacturing Systems,10.1016/j.jmsy.2026.05.003,https://doi.org/10.1016/j.jmsy.2026.05.003,low_relevance,1
1619,archive,crossref_only,Crossref,Machine learning-based microhardness prediction and microstructural analysis of Stainless Steel 316-Inconel 718 functionally graded material through metal additive manufacturing,2026,Rapid Prototyping Journal,10.1108/rpj-03-2025-0093,https://doi.org/10.1108/rpj-03-2025-0093,low_relevance,1
1620,archive,openalex_only,OpenAlex,"Machine learning-aided design of metallic mechanical metamaterials: fabrication-aware modelling, property prediction, and inverse design",2026,Virtual and Physical Prototyping,10.1080/17452759.2026.2668249,https://doi.org/10.1080/17452759.2026.2668249,low_relevance,1
1621,archive,openalex_only,OpenAlex,"Machine learning in thermal spraying: applications, challenges, and future perspectives",2026,Surface Science and Technology,10.1007/s44251-025-00113-5,https://doi.org/10.1007/s44251-025-00113-5,low_relevance,1
1622,archive,crossref_only,Crossref,Machine Learning‐Assisted Inverse Design of 3D Shape Morphing in Liquid Crystal Elastomer Composite Strips,2026,Advanced Functional Materials,10.1002/adfm.202526924,https://doi.org/10.1002/adfm.202526924,low_relevance,1
1623,archive,openalex_only,OpenAlex,Machine Learning-Driven Prediction and Mechanistic Insight into CO <b> <sub>2</sub> </b> Adsorption on Biomass-Derived Activated Carbons Using Explainable AI (XAI),2026,ACS Omega,10.1021/acsomega.6c03218,https://doi.org/10.1021/acsomega.6c03218,low_relevance,1
1624,archive,openalex_only,OpenAlex,"Machine Learning for Process Optimization and Defect Detection in Metal Additive Manufacturing: A Critical Review of Algorithms, In-Situ Monitoring Strategies, and Quality Assurance Frameworks",2026,Journal of Mechanical Engineering and Manufacturing,10.53941/jmem.2026.100022,https://doi.org/10.53941/jmem.2026.100022,low_relevance,1
1625,archive,openalex_only,OpenAlex,Machine Learning for Materials Discovery and Prediction: Accelerating Innovation in Drug Development and Beyond,2026,Zenodo (CERN European Organization for Nuclear Research),10.5281/zenodo.20022005,https://doi.org/10.5281/zenodo.20022005,low_relevance,1
1626,archive,openalex_only,OpenAlex,Machine Learning for Materials Discovery and Prediction: Accelerating Innovation in Drug Development and Beyond,2026,Zenodo (CERN European Organization for Nuclear Research),10.5281/zenodo.20022004,https://doi.org/10.5281/zenodo.20022004,low_relevance,1
1627,archive,openalex_only,OpenAlex,ML-driven unity/WebGL digital twin with RGB sensing for bioleaching process control,2026,UPCommons institutional repository (Universitat Politècnica de Catalunya),10.1109/tii.2026.3679379,https://doi.org/10.1109/tii.2026.3679379,low_relevance,1
1628,archive,openalex_only,OpenAlex,ML-accelerated pipeline for understanding atomistic hardening of MPEAs and predicting hardness in additive manufacturing,2026,VTechWorks (Virginia Tech),,https://openalex.org/W7163851953,low_relevance,1
1629,archive,crossref_only,Crossref,Leveraging Digital Twin Technologies for Resource-Efficient Manufacturing in Circular Economy Models,2026,Venue unknown,10.2139/ssrn.6318000,https://doi.org/10.2139/ssrn.6318000,low_relevance,1
1630,archive,openalex_only,OpenAlex,Large Language and Foundation Models for Machinery Health Monitoring: A Systematic Review,2026,Applied Sciences,10.3390/app16052493,https://doi.org/10.3390/app16052493,low_relevance,1
1631,archive,openalex_only,OpenAlex,Large Language Models for Intelligent Decision Support in Inventory and Supply Chain Operations: A Systematic Literature Review,2026,Journal of Information Systems and Informatics,10.63158/journalisi.v8i2.1540,https://doi.org/10.63158/journalisi.v8i2.1540,low_relevance,1
1632,archive,openalex_only,OpenAlex,Lab-on-a-Chip and Microfluidics Technologies for Nano Drug Delivery,2026,Bioengineering,10.3390/bioengineering13030363,https://doi.org/10.3390/bioengineering13030363,low_relevance,1
1633,archive,openalex_only,OpenAlex,LLM-powered natural language interaction for voxel-based underground digital twin using task-aware retrieval and prompt engineering,2026,Automation in Construction,10.1016/j.autcon.2026.107072,https://doi.org/10.1016/j.autcon.2026.107072,low_relevance,1
1634,archive,openalex_only,OpenAlex,LLM-Guided Open Hypothesis Learning from Autonomous Scanning Probe Microscopy Experiments,2026,arXiv (Cornell University),10.48550/arxiv.2605.06839,https://doi.org/10.48550/arxiv.2605.06839,low_relevance,1
1635,archive,openalex_only,OpenAlex,LLM-Guided Open Hypothesis Learning from Autonomous Scanning Probe Microscopy Experiments,2026,ArXiv.org,,https://openalex.org/W7160968420,low_relevance,1
1636,archive,openalex_only,OpenAlex,L'intelligenza artificiale come modello della realtà. Riflessioni intorno ai gemelli digitali,2026,RIVISTA GEOGRAFICA ITALIANA,10.3280/rgioa1-2026oa22427,https://doi.org/10.3280/rgioa1-2026oa22427,low_relevance,1
1637,archive,openalex_only,OpenAlex,Knowledge-Informed Technology-Enabled Asset Management and Compliance Assurance in Construction: A Systematic Grey Literature Review,2026,Buildings,10.3390/buildings16071434,https://doi.org/10.3390/buildings16071434,low_relevance,1
1638,archive,crossref_only,Crossref,Knowledge Grounding as the Bottleneck in Text-to-3D Generation for Digital Twin Deployment,2026,Venue unknown,10.2139/ssrn.6879762,https://doi.org/10.2139/ssrn.6879762,low_relevance,1
1639,archive,openalex_only,OpenAlex,Kinetic-Aware Distributionally Robust HVAC Optimization for Multi-Zone Building Systems with Physics-Informed Reinforcement Learning,2026,Buildings,10.3390/buildings16091839,https://doi.org/10.3390/buildings16091839,low_relevance,1
1640,archive,openalex_only,OpenAlex,"Kavier: Exploring Performance, Sustainability, and Efficiency of LLM Ecosystems under Inference through Cache-Aware Discrete-Event Simulation",2026,arXiv (Cornell University),,https://openalex.org/W7162606149,low_relevance,1
1641,archive,openalex_only,OpenAlex,KAPPS: A knowledge-based CPPS Architecture for the Circular Factory,2026,ArXiv.org,,https://openalex.org/W7162218672,low_relevance,1
1642,archive,openalex_only,OpenAlex,It Takes Two to Co-Create: Digital Twin Mechanism for Value Co-Creation,2026,Venue unknown,10.18690/um.fov.4.2026.55,https://doi.org/10.18690/um.fov.4.2026.55,low_relevance,1
1643,archive,openalex_only,OpenAlex,"IoT–AI Convergence in Smart Manufacturing: A Survey of Technologies, Applications, And Challenges",2026,Engineering and Technology Journal,10.47191/etj/v11i04.02,https://doi.org/10.47191/etj/v11i04.02,low_relevance,1
1644,archive,openalex_only,OpenAlex,IoT-Enhanced CNN-Based Labelled Crack Detection for Additive Manufacturing Image Annotation in Industry 4.0,2026,ArXiv.org,,https://openalex.org/W7158422369,low_relevance,1
1645,archive,both_openalex_crossref,Crossref; OpenAlex,Introduction to Additive Manufacturing of Alloys,2026,Metal Additive Manufacturing,10.1201/9781003731559-1,https://doi.org/10.1201/9781003731559-1,low_relevance,1
1646,archive,openalex_only,OpenAlex,"Internet of Things for Industry 4.0: A Systematic Literature Review of Technologies, Architectures, Applications, and Challenges",2026,IoT,10.3390/iot7020046,https://doi.org/10.3390/iot7020046,low_relevance,1
1647,archive,crossref_only,Crossref,Intelligent support-free additive manufacturing path planning via method library and neural network,2026,Robotics and Computer-Integrated Manufacturing,10.1016/j.rcim.2025.103156,https://doi.org/10.1016/j.rcim.2025.103156,low_relevance,1
1648,archive,openalex_only,OpenAlex,Intelligent framework for radio resource management for future heterogeneous wireless networks,2026,Espace École de technologie supérieure (École de technologie supérieure),,https://openalex.org/W7162232634,low_relevance,1
1649,archive,openalex_only,OpenAlex,"Intelligent composite 3D printing: the role of artificial intelligence, machine learning, and in-situ monitoring in next-generation additive manufacturing",2026,Frontiers in Mechanical Engineering,10.3389/fmech.2026.1774757,https://doi.org/10.3389/fmech.2026.1774757,low_relevance,1
1650,archive,openalex_only,OpenAlex,Intelligent PID-based control systems for adaptive and sustainable manufacturing,2026,International Journal of Systems Assurance Engineering and Management,10.1007/s13198-026-03315-8,https://doi.org/10.1007/s13198-026-03315-8,low_relevance,1
1651,archive,openalex_only,OpenAlex,Intelligent Non-Destructive Evaluation of Additively Manufactured Metal Parts: From Advanced Inspections to Data-Driven Quality Predictions,2026,Journal of Manufacturing and Materials Processing,10.3390/jmmp10050175,https://doi.org/10.3390/jmmp10050175,low_relevance,1
1652,archive,crossref_only,Crossref,Intelligent Digital Twin-Based Control of Filament Winding Processes on CNC Machines,2026,Lighting Engineering &amp; Power Engineering,10.33042/2079-424x.2026.65.1.01,https://doi.org/10.33042/2079-424x.2026.65.1.01,low_relevance,1
1653,archive,openalex_only,OpenAlex,Integration of Optical 3D Measurement Technology into a Cyber-Physical Production System for Wire Arc Additive Manufacturing,2026,PureMUL,10.34901/mul.pub.2026.101,https://doi.org/10.34901/mul.pub.2026.101,low_relevance,1
1654,archive,openalex_only,OpenAlex,Integration of Digital Twins and IoT Sensors to Support Monitoring Accuracy and Maintenance Effectiveness in the Manufacturing Industry in the Cikarang Region,2026,West Science Interdisciplinary Studies,10.58812/wsis.v4i05.2860,https://doi.org/10.58812/wsis.v4i05.2860,low_relevance,1
1655,archive,openalex_only,OpenAlex,Integration Of Artificial Intelligence And Machine Learning In Quality By Design (Qbd) And Process Analytical Technology (PAT) For Real-Time Monitoring And Predictive Quality Control In Pharmaceutical Manufacturing: A Comprehensive Review,2026,Zenodo (CERN European Organization for Nuclear Research),10.5281/zenodo.20560002,https://doi.org/10.5281/zenodo.20560002,low_relevance,1
1656,archive,openalex_only,OpenAlex,Integration Of Artificial Intelligence And Machine Learning In Quality By Design (Qbd) And Process Analytical Technology (PAT) For Real-Time Monitoring And Predictive Quality Control In Pharmaceutical Manufacturing: A Comprehensive Review,2026,Zenodo (CERN European Organization for Nuclear Research),10.5281/zenodo.20560003,https://doi.org/10.5281/zenodo.20560003,low_relevance,1
1657,archive,openalex_only,OpenAlex,Integrating digital twin technology with deep reinforcement learning for sustainable marine fishery resource management,2026,Scientific Reports,10.1038/s41598-026-55594-7,https://doi.org/10.1038/s41598-026-55594-7,low_relevance,1
1658,archive,crossref_only,Crossref,Integrating digital twin models into continuous carbon fiber-reinforced nylon additive manufacturing for process parameters verification and anomaly detection,2026,Journal of Intelligent Manufacturing,10.1007/s10845-025-02626-0,https://doi.org/10.1007/s10845-025-02626-0,low_relevance,1
1659,archive,openalex_only,OpenAlex,Integrating artificial intelligence and digital twins into a data architecture for small-batch manufacturing,2026,The International Journal of Advanced Manufacturing Technology,10.1007/s00170-026-18133-2,https://doi.org/10.1007/s00170-026-18133-2,low_relevance,1
1660,archive,openalex_only,OpenAlex,Integrating Industry 4.0 Technologies into Project Management: A Framework Proposal,2026,EAI Endorsed Transactions on Digital Transformation of Industrial Processes,10.4108/dtip.12476,https://doi.org/10.4108/dtip.12476,low_relevance,1
1661,archive,crossref_only,Crossref,Integrating Digital Twin technology in Quality 5.0 and operational excellence: a Fuzzy COPRAS and Monte Carlo uncertainty simulation approach,2026,Digital Twin,10.1080/27525783.2026.2674370,https://doi.org/10.1080/27525783.2026.2674370,low_relevance,1
1662,archive,crossref_only,Crossref,Integrating Digital Twin and Artificial Intelligence for Enhancing Resilience in Distributed Manufacturing Systems,2026,Venue unknown,10.2139/ssrn.6644483,https://doi.org/10.2139/ssrn.6644483,low_relevance,1
1663,archive,crossref_only,Crossref,Integrating Digital Twin Technology with Lean Six Sigma for sustainable manufacturing practices,2026,Emerging Trends in Manufacturing Technologies,10.1016/b978-0-443-33645-4.00004-8,https://doi.org/10.1016/b978-0-443-33645-4.00004-8,low_relevance,1
1664,archive,openalex_only,OpenAlex,Integrating Artificial Intelligence into Circular Strategies for Plastic Recycling and Upcycling,2026,Polymers,10.3390/polym18020306,https://doi.org/10.3390/polym18020306,low_relevance,1
1665,archive,openalex_only,OpenAlex,"Integrating AI Segmentation, Simulated Digital Twins, and Extended Reality into Medical Education: A Narrative Technical Review and Proof-of-Concept Case Study",2026,Journal of Personalized Medicine,10.3390/jpm16040202,https://doi.org/10.3390/jpm16040202,low_relevance,1
1666,archive,openalex_only,OpenAlex,Integrated Design Approach For Multi-Material Additive Manufacturing Of High-Strength Biocompatible Prosthetics,2026,Zenodo (CERN European Organization for Nuclear Research),10.5281/zenodo.20232686,https://doi.org/10.5281/zenodo.20232686,low_relevance,1
1667,archive,openalex_only,OpenAlex,Integrated Design Approach For Multi-Material Additive Manufacturing Of High-Strength Biocompatible Prosthetics,2026,Zenodo (CERN European Organization for Nuclear Research),10.5281/zenodo.20232685,https://doi.org/10.5281/zenodo.20232685,low_relevance,1
1668,archive,crossref_only,Crossref,Integrated 3D Printing of Liquid Metal and Elastomer for Soft Robots and Electronics,2026,Research,10.34133/research.1174,https://doi.org/10.34133/research.1174,low_relevance,1
1669,archive,crossref_only,Crossref,"Infrared DLP for high-speed 3D printing: enabling new materials, closed-loop control, and digital twins",2026,Emerging Digital Micromirror Device-based Systems and Applications XVIII,10.1117/12.3082259,https://doi.org/10.1117/12.3082259,low_relevance,1
1670,archive,openalex_only,OpenAlex,Industry 6.0: Redefining Intelligent And Ethical Manufacturing,2026,Zenodo (CERN European Organization for Nuclear Research),10.5281/zenodo.20610833,https://doi.org/10.5281/zenodo.20610833,low_relevance,1
1671,archive,openalex_only,OpenAlex,Industry 6.0: Redefining Intelligent And Ethical Manufacturing,2026,Zenodo (CERN European Organization for Nuclear Research),10.5281/zenodo.20610832,https://doi.org/10.5281/zenodo.20610832,low_relevance,1
1672,archive,openalex_only,OpenAlex,Industry 4.0-Enabled Friction Stir Welding: A Review of Intelligent Joining for Aerospace and Automotive Applications,2026,Metals,10.3390/met16040390,https://doi.org/10.3390/met16040390,low_relevance,1
1673,archive,openalex_only,OpenAlex,Industry 4.0 and Sustainability in Additive Manufacturing,2026,Additive manufacturing,10.1201/9781003544937-11,https://doi.org/10.1201/9781003544937-11,low_relevance,1
1674,archive,openalex_only,OpenAlex,Industrial IoT in the Food Sector: A Scopus Bibliometric Mapping,2026,Springer Link (Chiba Institute of Technology),10.1051/bioconf/202623601026,https://doi.org/10.1051/bioconf/202623601026,low_relevance,1
1675,archive,openalex_only,OpenAlex,Indoor 60 GHz Radio Channel Dataset Enabling Digital Twin Construction,2026,ArXiv.org,,https://openalex.org/W7160726177,low_relevance,1
1676,archive,crossref_only,Crossref,InSpecLearn4SDL: interpretable spectral features predict conductivity in self-driving doped conjugated polymer labs,2026,Digital Discovery,10.1039/d5dd00479a,https://doi.org/10.1039/d5dd00479a,low_relevance,1
1677,archive,crossref_only,Crossref,In Situ Programming of Shape-Morphing Hydrogels via Vat Photopolymerization for 4D Bioprinting,2026,Gels,10.3390/gels12050382,https://doi.org/10.3390/gels12050382,low_relevance,1
1678,archive,both_openalex_crossref,Crossref; OpenAlex,"Implementation of a Digital Twin in Additive Manufacturing of Copper—Methodology, Implications, and Future Prospects",2026,Machines,10.3390/machines14010097,https://doi.org/10.3390/machines14010097,low_relevance,1
1679,archive,crossref_only,Crossref,Implementation Maturity Levels of Digital Twin Technology and Data Content Design for Flood Digital Twin,2026,Smart Cities,10.3390/smartcities9020028,https://doi.org/10.3390/smartcities9020028,low_relevance,1
1680,archive,crossref_only,Crossref,Impact of Data Collection on Digital Shadow Modeling in Manufacturing: A Digital Twin Approach,2026,Smart and Sustainable Manufacturing Systems,10.1520/ssms20240039,https://doi.org/10.1520/ssms20240039,low_relevance,1
1681,archive,crossref_only,Crossref,Identifying sustainability barriers to 4D printing adoption in manufacturing using a hesitant fuzzy DEMATEL approach,2026,Discover Sustainability,10.1007/s43621-026-03456-7,https://doi.org/10.1007/s43621-026-03456-7,low_relevance,1
1682,archive,both_openalex_crossref,Crossref; OpenAlex,Identifying and characterising uncertainty in digital twin engineering,2026,Digital Twin,10.1080/27525783.2026.2668886,https://doi.org/10.1080/27525783.2026.2668886,low_relevance,1
1683,archive,crossref_only,Crossref,Identifying Sustainability Barriers to 4D Printing Adoption in Manufacturing: A Hesitant Fuzzy DEMATEL-Based Indicator Analysis,2026,Venue unknown,10.2139/ssrn.6151202,https://doi.org/10.2139/ssrn.6151202,low_relevance,1
1684,archive,crossref_only,Crossref,"IWK 5X –An Open-Source Multi-Axis, Multi-Material 3D Printer for Material Extrusion",2026,Procedia CIRP,10.1016/j.procir.2026.05.276,https://doi.org/10.1016/j.procir.2026.05.276,low_relevance,1
1685,archive,openalex_only,OpenAlex,"ITU and Manufacturing & Industry: A Single-Axiom View of Design, Lean/TPS, Quality 4.0, Supply Chain, Robotics, 3D Printing, AI Manufacturing, and Industry 4.0 — Pass-1 Extension Paper #9, BLOCK D 1/5 OPENING",2026,Zenodo (CERN European Organization for Nuclear Research),10.5281/zenodo.20264856,https://doi.org/10.5281/zenodo.20264856,low_relevance,1
1686,archive,openalex_only,OpenAlex,"ITU and Manufacturing & Industry: A Single-Axiom View of Design, Lean/TPS, Quality 4.0, Supply Chain, Robotics, 3D Printing, AI Manufacturing, and Industry 4.0 — Pass-1 Extension Paper #9, BLOCK D 1/5 OPENING",2026,Zenodo (CERN European Organization for Nuclear Research),10.5281/zenodo.20264857,https://doi.org/10.5281/zenodo.20264857,low_relevance,1
1687,archive,openalex_only,OpenAlex,"ISOMORPH: A Supply Chain Digital Twin for Simulation, Dataset Generation, and Forecasting Benchmarks",2026,arXiv (Cornell University),,https://openalex.org/W7161354119,low_relevance,1
1688,archive,openalex_only,OpenAlex,ISHLAB CHIQARISH JARAYONLARINI RAQAMLI BOSHQARISHNING NAZARIY ASOSLARI VA EVOLYUTSIYASI,2026,Zenodo (CERN European Organization for Nuclear Research),10.5281/zenodo.20570751,https://doi.org/10.5281/zenodo.20570751,low_relevance,1
1689,archive,openalex_only,OpenAlex,ISHLAB CHIQARISH JARAYONLARINI RAQAMLI BOSHQARISHNING NAZARIY ASOSLARI VA EVOLYUTSIYASI,2026,Zenodo (CERN European Organization for Nuclear Research),10.5281/zenodo.20570752,https://doi.org/10.5281/zenodo.20570752,low_relevance,1
1690,archive,openalex_only,OpenAlex,INTEGRATED MULTIMEDIA DATA PROTECTION IN SHIPBUILDING AND MARITIME INFRASTRUCTURE,2026,Shipbuilding and marine infrastructure,10.15589/smi2026.1(22).15,https://doi.org/10.15589/smi2026.1%2822%29.15,low_relevance,1
1691,archive,openalex_only,OpenAlex,IMPACTOS DA MANUFATURA ADITIVA NOS PROCESSOS PRODUTIVOS DA INDÚSTRIA AUTOMOTIVA,2026,Revista Tópicos.,10.70773/revistatopicos/781064796,https://doi.org/10.70773/revistatopicos/781064796,low_relevance,1
1692,archive,openalex_only,OpenAlex,IDDMBSE: Integrating Data-Driven and Model-Based Systems Engineering for Trusted Autonomous Cyber-Physical Systems,2026,arXiv (Cornell University),,https://openalex.org/W7164090673,low_relevance,1
1693,archive,both_openalex_crossref,Crossref; OpenAlex,Hybrid tools for tube bending processes using additive manufacturing and digital twin,2026,International Journal of Material Forming,10.1007/s12289-026-02009-7,https://doi.org/10.1007/s12289-026-02009-7,duplicate_title,1
1694,archive,openalex_only,OpenAlex,Hybrid physics-informed artificial intelligence for high-fidelity modeling and optimization of electrical systems,2026,Frontiers in Artificial Intelligence,10.3389/frai.2026.1751785,https://doi.org/10.3389/frai.2026.1751785,low_relevance,1
1695,archive,openalex_only,OpenAlex,"Hybrid multimodal artificial intelligence, vision sensory, and robotic cyber-physical systems for plastic inspection and sorting in digital circular remanufacturing: A review",2026,International Journal of AI for Materials and Design,10.36922/ijamd025340030,https://doi.org/10.36922/ijamd025340030,low_relevance,1
1696,archive,both_openalex_crossref,Crossref; OpenAlex,Hybrid injection–volumetric additive manufacturing for rapid fabrication of multi-material and encapsulated reinforced structures in low-viscosity resins,2026,Progress in Additive Manufacturing,10.1007/s40964-026-01720-w,https://doi.org/10.1007/s40964-026-01720-w,low_relevance,1
1697,archive,crossref_only,Crossref,Hybrid genetic algorithm and digital twin for OEE optimization for industrial robots,2026,Journal of Intelligent Manufacturing,10.1007/s10845-025-02787-y,https://doi.org/10.1007/s10845-025-02787-y,low_relevance,1
1698,archive,crossref_only,Crossref,Hybrid ANN-GTO-Based Optimization of Tensile Strength in Layer-by-Layer ABS–PETG Multi-material FDM Composites,2026,Journal of Materials Engineering and Performance,10.1007/s11665-025-12786-y,https://doi.org/10.1007/s11665-025-12786-y,low_relevance,1
1699,archive,openalex_only,OpenAlex,Hybrid AI-Physics framework for predicting failure zones in 3D-Printed protective gear for contact sports,2026,Nondestructive Testing And Evaluation,10.1080/10589759.2026.2679734,https://doi.org/10.1080/10589759.2026.2679734,low_relevance,1
1700,archive,openalex_only,OpenAlex,HySecTwin: A Knowledge-Driven Digital Twin Framework Augmented with Hybrid Reasoning for Cyber-Physical Systems,2026,ArXiv.org,,https://openalex.org/W7161204330,low_relevance,1
1701,archive,crossref_only,Crossref,Human-Digital Twin Symbiosis Using Cognitive AI for Smart Manufacturing,2026,2026 IEEE International Conference for Convergence in Computing Technology (I3CTCON),10.1109/i3ctcon68242.2026.11508070,https://doi.org/10.1109/i3ctcon68242.2026.11508070,low_relevance,1
1702,archive,openalex_only,OpenAlex,Human-Agent Teaming in Industrial Digital Twins: Real-Time Collaboration for Adaptive Smart Manufacturing,2026,Zenodo (CERN European Organization for Nuclear Research),10.5281/zenodo.20604899,https://doi.org/10.5281/zenodo.20604899,low_relevance,1
1703,archive,openalex_only,OpenAlex,Human-Agent Teaming in Industrial Digital Twins: Real-Time Collaboration for Adaptive Smart Manufacturing,2026,Zenodo (CERN European Organization for Nuclear Research),10.5281/zenodo.20604900,https://doi.org/10.5281/zenodo.20604900,low_relevance,1
1704,archive,openalex_only,OpenAlex,Human Autonomy and Sense of Agency in Human-Robot Interaction: A Systematic Literature Review,2026,International Journal of Social Robotics,10.1007/s12369-026-01402-1,https://doi.org/10.1007/s12369-026-01402-1,low_relevance,1
1705,archive,crossref_only,Crossref,Hot cracking susceptibility evaluation for alloy design and wire arc additive manufacturing of functionally graded materials for harsh service environments,2026,Welding in the World,10.1007/s40194-026-02353-x,https://doi.org/10.1007/s40194-026-02353-x,low_relevance,1
1706,archive,openalex_only,OpenAlex,High-fidelity digital twin implementation for the yaskawa GP4 robot via YMConnect and high-speed ethernet communication,2026,International Journal on Interactive Design and Manufacturing (IJIDeM),10.1007/s12008-026-02596-4,https://doi.org/10.1007/s12008-026-02596-4,low_relevance,1
1707,archive,openalex_only,OpenAlex,High-Throughput Electrochemistry Using Scanning Electrochemical Cells,2026,ACS electrochemistry.,10.1021/acselectrochem.5c00440,https://doi.org/10.1021/acselectrochem.5c00440,low_relevance,1
1708,archive,openalex_only,OpenAlex,High-Throughput Bayesian Optimization of Cement-Salt Hydrates Composites for Seasonal Thermochemical Energy Storage,2026,ArXiv.org,,https://openalex.org/W7162044391,low_relevance,1
1709,archive,crossref_only,Crossref,Heterogeneous interface control in direct ink writing of functionally graded ceramics,2026,Venue unknown,10.2139/ssrn.6435258,https://doi.org/10.2139/ssrn.6435258,low_relevance,1
1710,archive,openalex_only,OpenAlex,Heritage 4.0: How Applied 3D Technologies and Digital Twins Are Redefining Cultural Preservation Beyond Replication,2026,Heritage,10.3390/heritage9030123,https://doi.org/10.3390/heritage9030123,low_relevance,1
1711,archive,openalex_only,OpenAlex,Healthcare digital twins: A methodological literature review on integrating iot and AI for personalized medicine and predictive care,2026,Telematics and Informatics Reports,10.1016/j.teler.2026.100325,https://doi.org/10.1016/j.teler.2026.100325,low_relevance,1
1712,archive,openalex_only,OpenAlex,Harnessing Industry 4.0: Sustainable Manufacturing and Circular Economy Practices in Indian Small and Medium Enterprises (SMEs),2026,Circular Economy and Sustainability,10.1007/s43615-026-01026-7,https://doi.org/10.1007/s43615-026-01026-7,low_relevance,1
1713,archive,crossref_only,Crossref,Gravity-aware path planning for robotic wire arc additive manufacturing on complex surfaces based on vector field topology,2026,Journal of Manufacturing Processes,10.1016/j.jmapro.2026.03.053,https://doi.org/10.1016/j.jmapro.2026.03.053,low_relevance,1
1714,archive,crossref_only,Crossref,Graph Deviation Network for Anomaly Detection and Localization in Additive Manufacturing Systems,2026,ACM Transactions on Cyber-Physical Systems,10.1145/3777457,https://doi.org/10.1145/3777457,low_relevance,1
1715,archive,openalex_only,OpenAlex,Glitch in the Sky: Exploiting Voltage Fault Injection in UAV Flight Controllers,2026,ArXiv.org,,https://openalex.org/W7155244937,low_relevance,1
1716,archive,openalex_only,OpenAlex,Future research directions and applications of artificial intelligence in tribology,2026,Discover Mechanical Engineering,10.1007/s44245-026-00249-0,https://doi.org/10.1007/s44245-026-00249-0,low_relevance,1
1717,archive,openalex_only,OpenAlex,Fused deposition modelling (FDM) 3D printing process optimization using a crowding-distance-augmented acquisition function,2026,Open MIND,10.11575/prism/51343,https://doi.org/10.11575/prism/51343,low_relevance,1
1718,archive,crossref_only,Crossref,Functionally graded materials fabricated through fused deposition modelling technique-mechanical property evaluation and failure mechanism,2026,Manufacturing Letters,10.1016/j.mfglet.2025.11.008,https://doi.org/10.1016/j.mfglet.2025.11.008,low_relevance,1
1719,archive,crossref_only,Crossref,Functionally graded additive manufacturing of copper/aluminum wick structures by hot-pressing for enhanced thermal performance,2026,Journal of Manufacturing Processes,10.1016/j.jmapro.2026.04.001,https://doi.org/10.1016/j.jmapro.2026.04.001,low_relevance,1
1720,archive,crossref_only,Crossref,Functionally graded IN718-WC composites cladding on 17-4 ph martensitic stainless steel via laser powder bed fusion additive manufacturing,2026,Results in Engineering,10.1016/j.rineng.2026.109873,https://doi.org/10.1016/j.rineng.2026.109873,low_relevance,1
1721,archive,crossref_only,Crossref,"Functionally Graded Metallic Materials Via Additive Manufacturing: Research Progress on Processing, Challenges, and Applications",2026,International Journal of Precision Engineering and Manufacturing-Green Technology,10.1007/s40684-025-00766-5,https://doi.org/10.1007/s40684-025-00766-5,low_relevance,1
1722,archive,crossref_only,Crossref,From natural language to RL formulation: a digital twin–centered optimization framework for manufacturing systems,2026,CIRP Annals,10.1016/j.cirp.2026.04.092,https://doi.org/10.1016/j.cirp.2026.04.092,low_relevance,1
1723,archive,crossref_only,Crossref,From insight to autonomous execution: VLM-enhanced embodied agents towards digital twin-assisted human-robot collaborative assembly,2026,Robotics and Computer-Integrated Manufacturing,10.1016/j.rcim.2025.103176,https://doi.org/10.1016/j.rcim.2025.103176,low_relevance,1
1724,archive,crossref_only,Crossref,From insight to action: Embodied multi-agent system integrating vision language model for digital twin-assisted human-robot collaborative assembly,2026,Journal of Manufacturing Systems,10.1016/j.jmsy.2026.02.013,https://doi.org/10.1016/j.jmsy.2026.02.013,low_relevance,1
1725,archive,openalex_only,OpenAlex,From Virtual Trajectory Generation to Real Execution and Validation in a MATLAB-ROS Hybrid Framework for a 6 DOF Industrial Robot,2026,Automation,10.3390/automation7020064,https://doi.org/10.3390/automation7020064,low_relevance,1
1726,archive,openalex_only,OpenAlex,From RF Channel to Federated Defence: An Extended Review of Digital Twin Methods in 6G-Enabled Internet of Vehicles,2026,JOURNAL OF ADVANCE AND FUTURE RESEARCH,10.56975/jaafr.v4i6.511251,https://doi.org/10.56975/jaafr.v4i6.511251,low_relevance,1
1727,archive,openalex_only,OpenAlex,"From Optimization to Stability Preservation: A Self-Healing, Action-Bearing Digital Twin for Climate-Stressed Building Energy Systems",2026,Green Technology & Innovation,10.65582/gti.2026.008,https://doi.org/10.65582/gti.2026.008,low_relevance,1
1728,archive,openalex_only,OpenAlex,From Operations to Satisfaction: How Digital Twin Systems Shape Startup Success in the UAE’s Renewable Energy Sector,2026,International journal of high school research,10.36838/ijhsr88.29,https://doi.org/10.36838/ijhsr88.29,low_relevance,1
1729,archive,openalex_only,OpenAlex,"From Mechanics to Machine Learning in Additive Manufacturing: A Review of Deformation, Fatigue, and Fracture",2026,Technologies,10.3390/technologies14040218,https://doi.org/10.3390/technologies14040218,low_relevance,1
1730,archive,openalex_only,OpenAlex,From High-Throughput Screening to Generative Design: Artificial Intelligence-Driven Dielectric Materials Discovery,2026,ACS Applied Materials & Interfaces,10.1021/acsami.6c05353,https://doi.org/10.1021/acsami.6c05353,low_relevance,1
1731,archive,openalex_only,OpenAlex,From Capability Models to Automated Planning: An AAS-Native Approach for Automatic PDDL Generation,2026,ArXiv.org,,https://openalex.org/W7163596358,low_relevance,1
1732,archive,openalex_only,OpenAlex,From BIM to Agentic AI: predictive management systems and phygital digital twins for built heritage,2026,VITRUVIO - International Journal of Architectural Technology and Sustainability,10.4995/vitruvio-ijats.2026.24846,https://doi.org/10.4995/vitruvio-ijats.2026.24846,low_relevance,1
1733,archive,openalex_only,OpenAlex,Framework for the Development of a Process Digital Twin in Shipbuilding: A Case Study in a Robotized Minor Pre-Assembly Workstation,2026,Journal of Marine Science and Engineering,10.3390/jmse14010106,https://doi.org/10.3390/jmse14010106,low_relevance,1
1734,archive,openalex_only,OpenAlex,FrameTwin: Curve-Anchored Gaussian Alignment from Sparse Views for Adaptive Wireframe 3D Printing,2026,arXiv (Cornell University),10.48550/arxiv.2605.09362,https://doi.org/10.48550/arxiv.2605.09362,low_relevance,1
1735,archive,openalex_only,OpenAlex,FrameTwin: Curve-Anchored Gaussian Alignment from Sparse Views for Adaptive Wireframe 3D Printing,2026,ArXiv.org,,https://openalex.org/W7161089834,low_relevance,1
1736,archive,crossref_only,Crossref,Four-dimensional shape transformation of millet-based food construct,2026,4D Printing,10.1108/4dp-12-2025-0024,https://doi.org/10.1108/4dp-12-2025-0024,low_relevance,1
1737,archive,crossref_only,Crossref,"Four-Dimensional (4D) printing for dynamic biomedicine: Chemical design principles, shape-morphing mechanisms, and translational opportunities",2026,Sustainable Materials and Technologies,10.1016/j.susmat.2026.e02022,https://doi.org/10.1016/j.susmat.2026.e02022,low_relevance,1
1738,archive,openalex_only,OpenAlex,Foundations for Post-Disciplinary and Transdisciplinary Education for Next-Generation Cyber-Physical Systems,2026,Innovations in Pedagogy and Technology,10.63385/ipt.v2i3.502,https://doi.org/10.63385/ipt.v2i3.502,low_relevance,1
1739,archive,openalex_only,OpenAlex,Fluid Dynamics Advances in Turbojet Engines: From Fundamental Mechanisms to Engineering Applications,2026,Theoretical and Natural Science,10.54254/2753-8818/2026.dl33664,https://doi.org/10.54254/2753-8818/2026.dl33664,low_relevance,1
1740,archive,both_openalex_crossref,Crossref; OpenAlex,Five-axis coordinated multi-material simultaneous 3D printing for geometrically conformal multi-material structures,2026,Virtual and Physical Prototyping,10.1080/17452759.2026.2655508,https://doi.org/10.1080/17452759.2026.2655508,low_relevance,1
1741,archive,both_openalex_crossref,Crossref; OpenAlex,Fidelity Metric with 3D Shape Descriptor for Digital Twin Standardization,2026,Venue unknown,10.21203/rs.3.rs-9785119/v1,https://doi.org/10.21203/rs.3.rs-9785119/v1,low_relevance,1
1742,archive,openalex_only,OpenAlex,"Federated Learning-Based Intelligent Product Lifecycle Management Framework for Automotive Supply Chains: Enhancing Data Privacy, Predictive Analytics and Collaborative Decision-Making",2026,Open MIND,10.5281/zenodo.20509899,https://doi.org/10.5281/zenodo.20509899,low_relevance,1
1743,archive,crossref_only,Crossref,Feature-Enhanced Bayesian Optimization with Hybrid Sampling for Accurate and Efficient Build Orientation Selection in Additive Manufacturing,2026,Venue unknown,10.2139/ssrn.6469735,https://doi.org/10.2139/ssrn.6469735,low_relevance,1
1744,archive,openalex_only,OpenAlex,Factor screening for adaptive powder feeding in Laser-Beam Directed Energy Deposition,2026,The International Journal of Advanced Manufacturing Technology,10.1007/s00170-026-17941-w,https://doi.org/10.1007/s00170-026-17941-w,low_relevance,1
1745,archive,crossref_only,Crossref,Fabrication of a gradient-in-a-gradient structure in functionally graded polymer composites via additive manufacturing,2026,4D Printing,10.1108/4dp-09-2025-0019,https://doi.org/10.1108/4dp-09-2025-0019,low_relevance,1
1746,archive,crossref_only,Crossref,Fabrication and characterisation of Al2O3–ZrO2 functionally graded ceramics via DLP-based additive manufacturing,2026,Ceramics International,10.1016/j.ceramint.2026.01.207,https://doi.org/10.1016/j.ceramint.2026.01.207,low_relevance,1
1747,archive,openalex_only,OpenAlex,Explainable digital twin–driven ensemble anomaly detection framework for cyber-physical infrastructure security,2026,International Journal of Information Security,10.1007/s10207-026-01274-6,https://doi.org/10.1007/s10207-026-01274-6,low_relevance,1
1748,archive,openalex_only,OpenAlex,Explainable Causal Graph Neural Networks for Cyber-Physical Attack Detection in Smart Water Infrastructure,2026,Research Square,10.21203/rs.3.rs-9799593/v1,https://doi.org/10.21203/rs.3.rs-9799593/v1,low_relevance,1
1749,archive,openalex_only,OpenAlex,Explainable AI framework for psilocybin depression treatment optimization,2026,Frontiers in Computer Science,10.3389/fcomp.2025.1652190,https://doi.org/10.3389/fcomp.2025.1652190,low_relevance,1
1750,archive,crossref_only,Crossref,Experimental investigation of an aluminium-based functionally graded material fabricated by friction stir additive manufacturing,2026,Materials Research Express,10.1088/2053-1591/ae2f29,https://doi.org/10.1088/2053-1591/ae2f29,low_relevance,1
1751,archive,openalex_only,OpenAlex,Evolution of visualisation and digital twin technologies in mining,2026,International Journal of Coal Science & Technology,10.1007/s40789-026-00866-w,https://doi.org/10.1007/s40789-026-00866-w,low_relevance,1
1752,archive,openalex_only,OpenAlex,Evolution of approaches to intelligent microclimate control in industrial environments: A review of models for cyber-physical systems,2026,Open Information and Computer Integrated Technologies,10.32620/oikit.2026.107.07,https://doi.org/10.32620/oikit.2026.107.07,low_relevance,1
1753,archive,openalex_only,OpenAlex,Evaluation of radiological properties and anisotropy with air channels analysis in 3D-printed flexible lung-mimicking materials for radiotherapy,2026,Physics in Medicine and Biology,10.1088/1361-6560/ae456d,https://doi.org/10.1088/1361-6560/ae456d,low_relevance,1
1754,archive,crossref_only,Crossref,Evaluating Digital Twin Visualizations for Safety and Trust in Robot-Assisted Dressing,2026,ACM Transactions on Human-Robot Interaction,10.1145/3805805,https://doi.org/10.1145/3805805,low_relevance,1
1755,archive,openalex_only,OpenAlex,Estrategia de enfriamiento forzado intermitente sincronizada con tiempos muertos programados de producción en entornos artesanales reales,2026,Zenodo (CERN European Organization for Nuclear Research),10.5281/zenodo.20635008,https://doi.org/10.5281/zenodo.20635008,low_relevance,1
1756,archive,openalex_only,OpenAlex,Estrategia de enfriamiento forzado intermitente sincronizada con tiempos muertos programados de producción en entornos artesanales reales,2026,Zenodo (CERN European Organization for Nuclear Research),10.5281/zenodo.20635007,https://doi.org/10.5281/zenodo.20635007,low_relevance,1
1757,archive,openalex_only,OpenAlex,Escaping the hydrolysis trap: a react agent for inverse design of durable photocatalytic covalent organic frameworks,2026,npj Computational Materials,10.1038/s41524-026-02168-w,https://doi.org/10.1038/s41524-026-02168-w,low_relevance,1
1758,archive,crossref_only,Crossref,Environment-Aware Path Generation for Robotic Additive Manufacturing of Structures,2026,Venue unknown,10.2139/ssrn.6353098,https://doi.org/10.2139/ssrn.6353098,duplicate_title,1
1759,archive,openalex_only,OpenAlex,Enhancing smart factory performance via hybrid scheduling and intelligent resource management,2026,Scientific Reports,10.1038/s41598-026-49107-9,https://doi.org/10.1038/s41598-026-49107-9,low_relevance,1
1760,archive,both_openalex_crossref,Crossref; OpenAlex,Enhancing performance and reusability of multi-material honeycomb metamaterials via blended FDM,2026,International Journal of Mechanical Sciences,10.1016/j.ijmecsci.2026.111436,https://doi.org/10.1016/j.ijmecsci.2026.111436,low_relevance,1
1761,archive,crossref_only,Crossref,Enhancing automation and manufacturing with digital twin systems,2026,Digital Twins,10.1016/b978-0-443-45573-5.00033-1,https://doi.org/10.1016/b978-0-443-45573-5.00033-1,low_relevance,1
1762,archive,openalex_only,OpenAlex,Enhancing Supply Chain Flexibility and Responsiveness Through Digital Technology Adoption,2026,Preprints.org,10.20944/preprints202603.1871.v1,https://doi.org/10.20944/preprints202603.1871.v1,low_relevance,1
1763,archive,both_openalex_crossref,Crossref; OpenAlex,Enhancing Product Design in Electric Aviation Through Digital Twins and Production Feedback Integration,2026,The 15th EASN International Conference on &amp;ldquo;Innovation in Aviation &amp;amp; Space Towards Sustainability Today &amp;amp; Tomorrow&amp;rdquo;,10.3390/engproc2026133021,https://doi.org/10.3390/engproc2026133021,low_relevance,1
1764,archive,openalex_only,OpenAlex,"Enhancing Medical Equipment Management with EMR/EHR Connectivity: Streamlining Maintenance, Inventory and Compliance through Digital Integration",2026,IntechOpen eBooks,10.5772/intechopen.1015442,https://doi.org/10.5772/intechopen.1015442,low_relevance,1
1765,archive,crossref_only,Crossref,Engineering design perspectives on additive manufacturing path planning: from geometric principles to function-driven optimisation,2026,Journal of Engineering Design,10.1080/09544828.2025.2552096,https://doi.org/10.1080/09544828.2025.2552096,low_relevance,1
1766,archive,openalex_only,OpenAlex,Energy‐Aware AI for Landscape‐Scale Conservation: A Digital Twin Architecture for the Greater Yellowstone Ecosystem,2026,Preprints.org,10.20944/preprints202604.1131.v1,https://doi.org/10.20944/preprints202604.1131.v1,low_relevance,1
1767,archive,crossref_only,Crossref,Energy modeling and performance of volumetric 3D printing for multi-material efficient production,2026,Energy Conversion and Management,10.1016/j.enconman.2026.121186,https://doi.org/10.1016/j.enconman.2026.121186,low_relevance,1
1768,archive,openalex_only,OpenAlex,Energy Mapping and Resource Efficiency Using Geospatial Tools,2026,Advances in geospatial technologies book series,10.4018/979-8-3373-7941-8.ch003,https://doi.org/10.4018/979-8-3373-7941-8.ch003,low_relevance,1
1769,archive,crossref_only,Crossref,Enabling Interlocking Joint Design for Multi-Material Additive Manufacturing via Topology Optimization with Discontinuous Interfacial Property,2026,Venue unknown,10.2139/ssrn.6075167,https://doi.org/10.2139/ssrn.6075167,low_relevance,1
1770,archive,openalex_only,OpenAlex,Enabling AI-Controlled additive manufacturing with real-time multiphysics digital twins,2026,Virtual and Physical Prototyping,10.1080/17452759.2025.2610146,https://doi.org/10.1080/17452759.2025.2610146,low_relevance,1
1771,archive,crossref_only,Crossref,Emerging trends in additive manufacturing of shape memory and stimuli-responsive materials: 3D and 4D printing technologies explored – a critical review,2026,Canadian Metallurgical Quarterly,10.1080/00084433.2026.2635285,https://doi.org/10.1080/00084433.2026.2635285,low_relevance,1
1772,archive,crossref_only,Crossref,Embracing the future of manufacturing (integrating cyber-physical systems in manufacturing),2026,AIP Conference Proceedings,10.1063/5.0322064,https://doi.org/10.1063/5.0322064,low_relevance,1
1773,archive,crossref_only,Crossref,Embedded direct ink writing of 4D printed tracheal scaffold for airway tissue engineering,2026,Rapid Prototyping Journal,10.1108/rpj-05-2025-0167,https://doi.org/10.1108/rpj-05-2025-0167,low_relevance,1
1774,archive,crossref_only,Crossref,Effect of static magnetic field and cold wire feeding on the mechanical properties of stainless steel/nickel-based functionally graded material fabricated by wire arc additive manufacturing,2026,Science and Technology of Welding and Joining,10.1177/13621718261421662,https://doi.org/10.1177/13621718261421662,low_relevance,1
1775,archive,openalex_only,OpenAlex,Edge-Cloud-Assisted Real-Time Cyber-Physical Systems,2026,TU/e Research Portal,,https://openalex.org/W7163782870,low_relevance,1
1776,archive,openalex_only,OpenAlex,ENHANCING OPERATIONAL EFFICIENCY IN NATURAL GAS DISTRIBUTION THROUGH - AUTOMATION AND SMART CONTROL SYSTEMS,2026,Veredas do Direito Direito Ambiental e Desenvolvimento Sustentável,10.18623/rvd.v23.6950,https://doi.org/10.18623/rvd.v23.6950,low_relevance,1
1777,archive,crossref_only,Crossref,Dynamic simulation and optimization approach for coevolutionary intelligent manufacturing cell with digital twin,2026,The International Journal of Advanced Manufacturing Technology,10.1007/s00170-025-17221-z,https://doi.org/10.1007/s00170-025-17221-z,low_relevance,1
1778,archive,openalex_only,OpenAlex,Durable double-network silicone elastomers for high-viscosity vat photopolymerization,2026,Additive manufacturing,10.1016/j.addma.2026.105198,https://doi.org/10.1016/j.addma.2026.105198,low_relevance,1
1779,archive,both_openalex_crossref,Crossref; OpenAlex,Direct ink writing 3D printing of near-infrared light-responsive MXene/liquid crystal elastomer composites,2026,Chemical Engineering Journal,10.1016/j.cej.2025.172280,https://doi.org/10.1016/j.cej.2025.172280,low_relevance,1
1780,archive,crossref_only,Crossref,Direct Ink Writing 3D Printing of Recyclable and Thermally Stable Vitrimers,2026,Advanced Materials Technologies,10.1002/admt.202500904,https://doi.org/10.1002/admt.202500904,low_relevance,1
1781,archive,openalex_only,OpenAlex,"Digitalised Predictive Maintenance in Railways: A Systematic Review of AI, BIM, and Digital Twins",2026,Infrastructures,10.3390/infrastructures11030087,https://doi.org/10.3390/infrastructures11030087,low_relevance,1
1782,archive,openalex_only,OpenAlex,"Digitalisation of Shipyard Production Planning: A Review of Simulation, Optimisation, AI, and Digital Twin Methods (2010–2025)",2026,Journal of Marine Science and Engineering,10.3390/jmse14040396,https://doi.org/10.3390/jmse14040396,low_relevance,1
1783,archive,crossref_only,Crossref,Digital-Twin-Based 3D Geological Modeling and Integrated Exploration Data Platforms for Critical Mineral Exploration in ASEAN,2026,Venue unknown,10.5194/egusphere-egu26-8578,https://doi.org/10.5194/egusphere-egu26-8578,low_relevance,1
1784,archive,both_openalex_crossref,Crossref; OpenAlex,Digital twin–ready acceleration of production–scale wire laser additive manufacturing using NVIDIA omniverse,2026,Results in Engineering,10.1016/j.rineng.2026.111005,https://doi.org/10.1016/j.rineng.2026.111005,low_relevance,1
1785,archive,crossref_only,Crossref,"Digital twin–enabled model predictive control in additive manufacturing: critical review, research challenges, and future directions",2026,Materials and Manufacturing Processes,10.1080/10426914.2025.2586498,https://doi.org/10.1080/10426914.2025.2586498,low_relevance,1
1786,archive,crossref_only,Crossref,Digital twin–enabled hybrid scheduling framework for multi-product cellular manufacturing systems,2026,International Journal of Computer Integrated Manufacturing,10.1080/0951192x.2026.2626922,https://doi.org/10.1080/0951192x.2026.2626922,low_relevance,1
1787,archive,openalex_only,OpenAlex,Digital twins. The future of personalized epilepsy care,2026,Epilepsy & Behavior,10.1016/j.yebeh.2026.111142,https://doi.org/10.1016/j.yebeh.2026.111142,low_relevance,1
1788,archive,openalex_only,OpenAlex,Digital twins in urological oncology and surgery: A review of emerging applications,2026,European Journal of Surgical Oncology,10.1016/j.ejso.2026.111849,https://doi.org/10.1016/j.ejso.2026.111849,low_relevance,1
1789,archive,openalex_only,OpenAlex,Digital twins in engineering: a literature review and expert survey for potential analysis,2026,Engineering Research,10.1007/s10010-026-00940-4,https://doi.org/10.1007/s10010-026-00940-4,low_relevance,1
1790,archive,openalex_only,OpenAlex,Digital twins in civil engineering,2026,Journal of Information Technology in Construction,10.36680/j.itcon.2026.012,https://doi.org/10.36680/j.itcon.2026.012,low_relevance,1
1791,archive,openalex_only,OpenAlex,"Digital twins for sustainable urban energy systems: a systematic review of market mechanisms, flexibility, and coordination at the district scale",2026,Frontiers in Sustainable Cities,10.3389/frsc.2026.1837026,https://doi.org/10.3389/frsc.2026.1837026,low_relevance,1
1792,archive,crossref_only,Crossref,Digital twin: science or engineering?,2026,Digital Twin,10.1080/27525783.2026.2641390,https://doi.org/10.1080/27525783.2026.2641390,low_relevance,1
1793,archive,crossref_only,Crossref,Digital twin-driven multi-agent collaborative online optimization of production regulation for smart reconfigurable manufacturing systems with human-robot collaboration,2026,Robotics and Computer-Integrated Manufacturing,10.1016/j.rcim.2026.103322,https://doi.org/10.1016/j.rcim.2026.103322,low_relevance,1
1794,archive,crossref_only,Crossref,Digital twin-driven dimensional prediction and quality monitoring system for aluminum alloy die forging process,2026,Journal of Manufacturing Processes,10.1016/j.jmapro.2026.04.051,https://doi.org/10.1016/j.jmapro.2026.04.051,low_relevance,1
1795,archive,both_openalex_crossref,Crossref; OpenAlex,Digital twin-driven deep reinforcement learning architecture for residual stress-minimized path planning in wire arc additive manufacturing,2026,SSRN Electronic Journal,10.2139/ssrn.6797269,https://doi.org/10.2139/ssrn.6797269,low_relevance,1
1796,archive,crossref_only,Crossref,Digital twin-based optimal design method for industrial vibration isolation equipment,2026,Digital Twin,10.1080/27525783.2026.2682042,https://doi.org/10.1080/27525783.2026.2682042,low_relevance,1
1797,archive,openalex_only,OpenAlex,Digital twin- enabled intelligent HMI for real-time industrial automation systems,2026,Scientific Reports,10.1038/s41598-026-53028-y,https://doi.org/10.1038/s41598-026-53028-y,low_relevance,1
1798,archive,openalex_only,OpenAlex,Digital twin technology in forensic mental health,2026,Journal of Forensic and Legal Medicine,10.1016/j.jflm.2026.103137,https://doi.org/10.1016/j.jflm.2026.103137,low_relevance,1
1799,archive,crossref_only,Crossref,Digital twin modelling and its evaluation method of the robotic disassembly process,2026,International Journal of Computer Integrated Manufacturing,10.1080/0951192x.2025.2564781,https://doi.org/10.1080/0951192x.2025.2564781,low_relevance,1
1800,archive,crossref_only,Crossref,Digital twin in railway industry: a bibliometric analysis and systematic review,2026,Digital Twin,10.1080/27525783.2025.2533858,https://doi.org/10.1080/27525783.2025.2533858,low_relevance,1
1801,archive,crossref_only,Crossref,Digital twin for short video streaming optimization,2026,Foundations of Digital Twins,10.1016/b978-0-443-43896-7.00015-7,https://doi.org/10.1016/b978-0-443-43896-7.00015-7,low_relevance,1
1802,archive,openalex_only,OpenAlex,Digital twin for joining mechanical structures in assembly processes,2026,Journal of Intelligent Manufacturing,10.1007/s10845-026-02884-6,https://doi.org/10.1007/s10845-026-02884-6,low_relevance,1
1803,archive,crossref_only,Crossref,Digital twin driven opti-state control approach for smart warehousing in the synchronous operating environment,2026,Robotics and Computer-Integrated Manufacturing,10.1016/j.rcim.2025.103099,https://doi.org/10.1016/j.rcim.2025.103099,low_relevance,1
1804,archive,crossref_only,Crossref,"Digital twin and digital shadow infrastructure as drivers for industrial resilience, optimization, and inclusiveness: the case of Ethiopia’s manufacturing industry",2026,The International Journal of Advanced Manufacturing Technology,10.1007/s00170-025-17202-2,https://doi.org/10.1007/s00170-025-17202-2,low_relevance,1
1805,archive,crossref_only,Crossref,Digital twin and AI-driven robotic embodied control system: a novel adaptive learning and decision optimization method,2026,Robotics and Computer-Integrated Manufacturing,10.1016/j.rcim.2025.103138,https://doi.org/10.1016/j.rcim.2025.103138,low_relevance,1
1806,archive,openalex_only,OpenAlex,Digital transformation as a driver of operational sustainability in manufacturing: a systematic review (2015–2025),2026,F1000Research,10.12688/f1000research.178740.1,https://doi.org/10.12688/f1000research.178740.1,low_relevance,1
1807,archive,openalex_only,OpenAlex,Digital regeneration of historical buildings using UAV photogrammetry and 3D Gaussian splatting for metaverse environments,2026,npj Heritage Science,10.1038/s40494-026-02649-7,https://doi.org/10.1038/s40494-026-02649-7,low_relevance,1
1808,archive,openalex_only,OpenAlex,Digital innovations in sustainable fashion supply chains: a SCOR-Driven synthesis,2026,Supply Chain Forum an International Journal,10.1080/16258312.2026.2677455,https://doi.org/10.1080/16258312.2026.2677455,low_relevance,1
1809,archive,openalex_only,OpenAlex,Digital infrastructure to support and share daily high-throughput experimental materials research,2026,ChemRxiv,10.26434/chemrxiv.15000115/v2,https://doi.org/10.26434/chemrxiv.15000115/v2,low_relevance,1
1810,archive,openalex_only,OpenAlex,Digital Twins in Remote and Virtual Healthcare: A Scoping Review,2026,OSF Preprints (OSF Preprints),,https://openalex.org/W7164452638,low_relevance,1
1811,archive,openalex_only,OpenAlex,Digital Twins in Dentistry: Technological Foundations and Clinical Applications,2026,"Asian Health, Science and Technology Reports",10.69650/ahstr.2026.4504,https://doi.org/10.69650/ahstr.2026.4504,low_relevance,1
1812,archive,openalex_only,OpenAlex,Digital Twins in Agriculture: A Comprehensive Bibliometric Exploration of Applications and Future Trends,2026,International Journal of Economic Plants,10.23910/2/2026.6916,https://doi.org/10.23910/2/2026.6916,low_relevance,1
1813,archive,crossref_only,Crossref,Digital Twins for Process Understanding and Optimization,2026,Digital Manufacturing in Industry 5.0,10.1007/978-3-031-91500-0_34,https://doi.org/10.1007/978-3-031-91500-0_34,low_relevance,1
1814,archive,openalex_only,OpenAlex,Digital Twins for Accelerated Qualification in Additive Manufacturing,2026,VTechWorks (Virginia Tech),,https://openalex.org/W7161222871,low_relevance,1
1815,archive,openalex_only,OpenAlex,Digital Twins and Explainable AI for Decision Support in Port and Maritime Operations,2026,Linköping studies in science and technology. Dissertations,10.3384/9789181185737,https://doi.org/10.3384/9789181185737,low_relevance,1
1816,archive,openalex_only,OpenAlex,Digital Twins and Cyber-Physical Systems for Industry 5.0,2026,Zenodo (CERN European Organization for Nuclear Research),10.5281/zenodo.20539420,https://doi.org/10.5281/zenodo.20539420,low_relevance,1
1817,archive,openalex_only,OpenAlex,Digital Twins and Cyber-Physical Systems for Industry 5.0,2026,Zenodo (CERN European Organization for Nuclear Research),10.5281/zenodo.20539419,https://doi.org/10.5281/zenodo.20539419,low_relevance,1
1818,archive,openalex_only,OpenAlex,Digital Twin: A new Technology for Future Building Sector,2026,Research Square,10.21203/rs.3.rs-9039690/v1,https://doi.org/10.21203/rs.3.rs-9039690/v1,low_relevance,1
1819,archive,crossref_only,Crossref,Digital Twin-Integrated Real-Time EPQ Optimization Under Emission Refund Policies for Smart Manufacturing,2026,SN Computer Science,10.1007/s42979-026-05079-1,https://doi.org/10.1007/s42979-026-05079-1,low_relevance,1
1820,archive,crossref_only,Crossref,Digital Twin-Enabled Thermal Energy Management System for Sustainable Manufacturing Process Optimization,2026,International Journal of Industrial Engineering and Management,10.24867/ijiem-401,https://doi.org/10.24867/ijiem-401,low_relevance,1
1821,archive,openalex_only,OpenAlex,Digital Twin-Enabled Predictive Maintenance and Supply Chain Optimization for Fighter Aircraft,2026,International Journal of Soft Computing and Engineering,10.35940/ijsce.f3704.16020526,https://doi.org/10.35940/ijsce.f3704.16020526,low_relevance,1
1822,archive,openalex_only,OpenAlex,"Digital Twin-Enabled Predictive Analytics for Friction Stir Welding: Multi-Physics Simulation, Sensor Synchronization, and Defect Detection",2026,Research Square,10.21203/rs.3.rs-8702698/v1,https://doi.org/10.21203/rs.3.rs-8702698/v1,low_relevance,1
1823,archive,both_openalex_crossref,Crossref; OpenAlex,Digital Twin-Driven Predictive Maintenance for Smart Manufacturing Systems,2026,International Journal of Technical Research Studies (IJTRS),10.63090/ijtrs/3139.1788.0012,https://doi.org/10.63090/ijtrs/3139.1788.0012,low_relevance,1
1824,archive,openalex_only,OpenAlex,Digital Twin-Driven Predictive Maintenance for Smart Manufacturing Systems,2026,Zenodo (CERN European Organization for Nuclear Research),10.5281/zenodo.20603422,https://doi.org/10.5281/zenodo.20603422,low_relevance,1
1825,archive,openalex_only,OpenAlex,Digital Twin-Driven Predictive Maintenance for Smart Manufacturing Systems,2026,Zenodo (CERN European Organization for Nuclear Research),10.5281/zenodo.20603423,https://doi.org/10.5281/zenodo.20603423,low_relevance,1
1826,archive,openalex_only,OpenAlex,Digital Twin-Driven Optimization of Pilot-Scale Polyurethane Aerogel Production Using SVR Modelling,2026,Gels,10.3390/gels12060483,https://doi.org/10.3390/gels12060483,low_relevance,1
1827,archive,openalex_only,OpenAlex,Digital Twin-Driven Intelligent Transformation of Solid Waste Treatment,2026,Clean Technologies,10.3390/cleantechnol8030070,https://doi.org/10.3390/cleantechnol8030070,low_relevance,1
1828,archive,both_openalex_crossref,Crossref; OpenAlex,Digital Twin-Driven Evaluation of 3D-Printed H13 Tool Steel End Mills for Sustainable Machining Applications,2026,The 19th Global Congress on Manufacturing and Management (GCMM 2025),10.3390/engproc2026130007,https://doi.org/10.3390/engproc2026130007,low_relevance,1
1829,archive,crossref_only,Crossref,Digital Twin-Driven Dynamic Scheduling for Multi-Disturbance Manufacturing Workshops,2026,Venue unknown,10.21203/rs.3.rs-8572637/v1,https://doi.org/10.21203/rs.3.rs-8572637/v1,low_relevance,1
1830,archive,openalex_only,OpenAlex,Digital Twin-Based Self-Adaptation: Value-at-Risk and Learning-to-Synchronize,2026,IntechOpen eBooks,10.5772/intechopen.1015304,https://doi.org/10.5772/intechopen.1015304,low_relevance,1
1831,archive,crossref_only,Crossref,Digital Twin-Based Real-Time Fault Prediction for Smart Manufacturing,2026,2026 International Conference on Emerging Smart Computing and Informatics (ESCI),10.1109/esci68015.2026.11493378,https://doi.org/10.1109/esci68015.2026.11493378,low_relevance,1
1832,archive,crossref_only,Crossref,Digital Twin-Based Hybrid Simulation–Prediction Framework for KPI Optimization in Sustainable Digital Printing,2026,Technologies,10.3390/technologies14030170,https://doi.org/10.3390/technologies14030170,low_relevance,1
1833,archive,openalex_only,OpenAlex,"Digital Twin of Urban Rivers for Smart Water Management: Concepts, Key Technology Applications and Challenges",2026,Springer Link (Chiba Institute of Technology),10.1051/e3sconf/202671701009,https://doi.org/10.1051/e3sconf/202671701009,low_relevance,1
1834,archive,crossref_only,Crossref,"Digital Twin in Smart Manufacturing: A Systematic Literature Review on Predictive Decision-Making, Industrial Sustainability, and Process Optimization",2026,JADI (Jurnal Teknik Industri),10.66865/bdb53m45,https://doi.org/10.66865/bdb53m45,low_relevance,1
1835,archive,crossref_only,Crossref,Digital Twin for Automated Post-processing Chain in Additive Manufacturing,2026,Lecture Notes in Mechanical Engineering,10.1007/978-3-032-05610-8_13,https://doi.org/10.1007/978-3-032-05610-8_13,low_relevance,1
1836,archive,openalex_only,OpenAlex,Digital Twin architecture for heterogeneous fabrication and construction in AEC,2026,Advanced Engineering Informatics,10.1016/j.aei.2026.104728,https://doi.org/10.1016/j.aei.2026.104728,low_relevance,1
1837,archive,crossref_only,Crossref,Digital Twin and Demand Response – Sustainable Tools for Quality and Energy Consumption Optimization in Manufacturing,2026,Procedia CIRP,10.1016/j.procir.2026.01.152,https://doi.org/10.1016/j.procir.2026.01.152,low_relevance,1
1838,archive,crossref_only,Crossref,Digital Twin Tools for Smart Manufacturing,2026,"Synthesis Lectures on Engineering, Science, and Technology",10.1007/978-3-032-18938-7_5,https://doi.org/10.1007/978-3-032-18938-7_5,low_relevance,1
1839,archive,crossref_only,Crossref,Digital Twin Technology for TIDES Process Development and Manufacturing,2026,Processes,10.3390/pr14121873,https://doi.org/10.3390/pr14121873,low_relevance,1
1840,archive,openalex_only,OpenAlex,Digital Twin Technology and Process Validation in Pharmaceutical Manufacturing:Bridging Virtual Simulation and Regulatory Compliance for Next-Generation Drug Production,2026,Preprints.org,10.20944/preprints202602.1643.v1,https://doi.org/10.20944/preprints202602.1643.v1,low_relevance,1
1841,archive,crossref_only,Crossref,Digital Twin Prototype for an Automated Post-Processing Chain in Additive Manufacturing,2026,Procedia CIRP,10.1016/j.procir.2026.05.329,https://doi.org/10.1016/j.procir.2026.05.329,low_relevance,1
1842,archive,openalex_only,OpenAlex,"Digital Twin Models for Space Robotics: Objectives, Applications, and Challenges",2026,Array,10.1016/j.array.2026.100902,https://doi.org/10.1016/j.array.2026.100902,low_relevance,1
1843,archive,crossref_only,Crossref,Digital Twin Modeling for Smart and Autonomous Farming,2026,Venue unknown,10.2139/ssrn.6583598,https://doi.org/10.2139/ssrn.6583598,low_relevance,1
1844,archive,openalex_only,OpenAlex,"Digital Twin Frameworks for Textile Spinning Mill Optimisation: Architecture, Modelling, and Implementation Roadmap",2026,Zenodo (CERN European Organization for Nuclear Research),10.5281/zenodo.20472134,https://doi.org/10.5281/zenodo.20472134,low_relevance,1
1845,archive,openalex_only,OpenAlex,"Digital Twin Frameworks for Textile Spinning Mill Optimisation: Architecture, Modelling, and Implementation Roadmap",2026,Zenodo (CERN European Organization for Nuclear Research),10.5281/zenodo.20472135,https://doi.org/10.5281/zenodo.20472135,low_relevance,1
1846,archive,crossref_only,Crossref,Digital Twin Framework for Cutterhead Design and Assembly Process Simulation Optimization for TBM,2026,Applied Sciences,10.3390/app16041865,https://doi.org/10.3390/app16041865,low_relevance,1
1847,archive,openalex_only,OpenAlex,"Digital Twin Enabled Predictive Maintenance: A Systematic Review of Modeling Strategies, Maintenance Functions, and Application Domains",2026,Preprints.org,10.20944/preprints202605.1733.v1,https://doi.org/10.20944/preprints202605.1733.v1,low_relevance,1
1848,archive,openalex_only,OpenAlex,Digital Twin Architectures for Remote Monitoring and Control in CNC Manufacturing Systems: A Systematic Review,2026,Research Square,10.21203/rs.3.rs-9228048/v1,https://doi.org/10.21203/rs.3.rs-9228048/v1,low_relevance,1
1849,archive,crossref_only,Crossref,Digital Twin Applications for Yield Prediction in Roll-to-Roll Manufacturing,2026,SSRN Electronic Journal,10.2139/ssrn.6156851,https://doi.org/10.2139/ssrn.6156851,low_relevance,1
1850,archive,openalex_only,OpenAlex,Digital Product Passport for Machine Tools as an Information Core of Sustainable Manufacturing Engineering,2026,EAI Endorsed Transactions on Digital Transformation of Industrial Processes,10.4108/dtip.12988,https://doi.org/10.4108/dtip.12988,low_relevance,1
1851,archive,openalex_only,OpenAlex,Digital Monitoring of Electromagnetic Radiation Associated with Biodiversity (One Health) in Natural Parks: A Narrative Review,2026,Journal of Plant Electrobiology,10.62762/jpe.2026.885819,https://doi.org/10.62762/jpe.2026.885819,low_relevance,1
1852,archive,crossref_only,Crossref,Digital Genealogy: AIGC-Driven Evolution of Digital Twin for Future Smart Manufacturing,2026,IEEE Transactions on Automation Science and Engineering,10.1109/tase.2025.3579689,https://doi.org/10.1109/tase.2025.3579689,low_relevance,1
1853,archive,openalex_only,OpenAlex,Digital Engineering and its assimilation in engineering education,2026,Venue unknown,10.82514/digital-engineering-and-its-assimilation-in-engineering-education,https://doi.org/10.82514/digital-engineering-and-its-assimilation-in-engineering-education,low_relevance,1
1854,archive,openalex_only,OpenAlex,Digital Engineering and Digital Twins for Smart Manufacturing,2026,Digital engineering.,10.1016/j.dte.2026.100129,https://doi.org/10.1016/j.dte.2026.100129,low_relevance,1
1855,archive,openalex_only,OpenAlex,Digital Actuation Control of Soft Robotic Origami With Self‐Folding Liquid Crystal Elastomer Hinges,2026,Advanced Functional Materials,10.1002/adfm.202525150,https://doi.org/10.1002/adfm.202525150,low_relevance,1
1856,archive,openalex_only,OpenAlex,Differentiable hybrid force fields support scalable autonomous electrolyte discovery,2026,arXiv (Cornell University),,https://openalex.org/W7153670934,low_relevance,1
1857,archive,openalex_only,OpenAlex,Development of an Offline Digital Twin Framework for Forging Dies Based on the Upper Bound Energy Method,2026,Natural Sciences and Engineering Bulletin,10.66754/nase.1901556,https://doi.org/10.66754/nase.1901556,low_relevance,1
1858,archive,both_openalex_crossref,Crossref; OpenAlex,Development of a compact multi-material vat photopolymerization printing solution,2026,Materials Science in Additive Manufacturing,10.36922/msam025510122,https://doi.org/10.36922/msam025510122,low_relevance,1
1859,archive,crossref_only,Crossref,Development of a Multi-Modal Sensor Fusion Framework for Digital Twin Synchronization in Smart Manufacturing,2026,SoutheastCon 2026,10.1109/southeastcon63549.2026.11476069,https://doi.org/10.1109/southeastcon63549.2026.11476069,low_relevance,1
1860,archive,openalex_only,OpenAlex,Development of a Fast-Solving Machine Learning Surrogate Model for a Pharmaceutical Manufacturing Digital Twin,2026,IntechOpen eBooks,10.5772/intechopen.1014934,https://doi.org/10.5772/intechopen.1014934,low_relevance,1
1861,archive,both_openalex_crossref,Crossref; OpenAlex,Development of a Consistent Digital Process Chain from an Adaptable Modular Bridge Design to Intelligent Additive Manufacturing Utilizing Cyber‐Physical Systems,2026,Beton- und Stahlbetonbau,10.1002/best.70147,https://doi.org/10.1002/best.70147,low_relevance,1
1862,archive,openalex_only,OpenAlex,Development of Innovative Capacity in Companies of the Metalworking Sector in the Province of Tungurahua,2026,593 Digital Publisher CEIT,10.33386/593dp.2026.3.4041,https://doi.org/10.33386/593dp.2026.3.4041,low_relevance,1
1863,archive,crossref_only,Crossref,Development of 4D printing and its performance testing methods,2026,Responsive Materials,10.1002/rpm2.70038,https://doi.org/10.1002/rpm2.70038,low_relevance,1
1864,archive,crossref_only,Crossref,Development and characterization of functionally graded Al–SS316L material via hybrid cold spray and wire arc additive manufacturing,2026,Progress in Additive Manufacturing,10.1007/s40964-026-01608-9,https://doi.org/10.1007/s40964-026-01608-9,low_relevance,1
1865,archive,crossref_only,Crossref,Developing the systemic digital twin of an industrial enterprise with Σ,2026,Digital Twin,10.1080/27525783.2026.2618303,https://doi.org/10.1080/27525783.2026.2618303,low_relevance,1
1866,archive,crossref_only,Crossref,Developing a digital twin framework and smart sensors gateway for monitoring soil and environmental conditions to detect anomalies and to predict crop health,2026,Digital Twin,10.1080/27525783.2026.2644045,https://doi.org/10.1080/27525783.2026.2644045,low_relevance,1
1867,archive,crossref_only,Crossref,Developing Interactive Visualisation Systems to Support Design–Engineering Decision-Making in 4D Printing Evaluation​,2026,Venue unknown,10.2139/ssrn.6836271,https://doi.org/10.2139/ssrn.6836271,low_relevance,1
1868,archive,crossref_only,Crossref,Developing Interactive Visualisation Systems to Support Design–Engineering Decision-Making in 4D Printing Evaluation,2026,Venue unknown,10.2139/ssrn.6616510,https://doi.org/10.2139/ssrn.6616510,low_relevance,1
1869,archive,openalex_only,OpenAlex,Detection of Cyber Attacks in Critical Infrastructure Systems Using Deep Learning Approaches,2026,Periodica Polytechnica Electrical Engineering and Computer Science,10.3311/ppee.43471,https://doi.org/10.3311/ppee.43471,low_relevance,1
1870,archive,both_openalex_crossref,Crossref; OpenAlex,Designing a Layered Learning Infrastructure with a Digital Twin Component,2026,39th Bled eConference: Co-Creating Human-Centred and Responsible Digital Futures; Conference Proceedings,10.18690/um.fov.4.2026.5,https://doi.org/10.18690/um.fov.4.2026.5,low_relevance,1
1871,archive,openalex_only,OpenAlex,Designing Extended Intelligence: A Taxonomy of Psychobiological Effects of XR–AI Systems for Human Capability Augmentation,2026,Virtual Worlds,10.3390/virtualworlds5020018,https://doi.org/10.3390/virtualworlds5020018,low_relevance,1
1872,archive,crossref_only,Crossref,"Design, testing and manufacturing of a metal–metal functionally graded material (SS316L-Cu) using wire arc additive manufacturing",2026,Progress in Additive Manufacturing,10.1007/s40964-025-01399-5,https://doi.org/10.1007/s40964-025-01399-5,low_relevance,1
1873,archive,openalex_only,OpenAlex,Design and Implementation of a Low-Cost Prosthetic Twin System for Real-Time Motion Replication using ESP-NOW,2026,International Journal of Innovative Research in Science Engineering and Technology,10.15680/ijirset.2026.1506022,https://doi.org/10.15680/ijirset.2026.1506022,low_relevance,1
1874,archive,crossref_only,Crossref,"Design and Fabrication of a Monolithic, Sensorized Soft Robotic Gripper using Multi-Material PolyJet Additive Manufacturing",2026,Evolutions in Mechanical Engineering,10.31031/eme.2026.06.000641,https://doi.org/10.31031/eme.2026.06.000641,low_relevance,1
1875,archive,both_openalex_crossref,Crossref; OpenAlex,Design and Development of Portable ABS Filament Extruder for Desktop FDM Applications,2026,Venue unknown,10.31224/6258,https://doi.org/10.31224/6258,low_relevance,1
1876,archive,both_openalex_crossref,Crossref; OpenAlex,Design and Application of Stimuli-Responsive Hydrogels for 4D Printing: A Review of Adaptive Materials in Engineering,2026,Gels,10.3390/gels12020138,https://doi.org/10.3390/gels12020138,low_relevance,1
1877,archive,openalex_only,OpenAlex,Design Strategies for Enhanced Performance of 3D-Printed Microneedle Arrays,2026,Journal of Manufacturing and Materials Processing,10.3390/jmmp10010031,https://doi.org/10.3390/jmmp10010031,low_relevance,1
1878,archive,openalex_only,OpenAlex,Definition and application of process tools for rib structure de-sign in Large-scale additive manufacturing,2026,Zenodo (CERN European Organization for Nuclear Research),10.5281/zenodo.20022388,https://doi.org/10.5281/zenodo.20022388,low_relevance,1
1879,archive,openalex_only,OpenAlex,Definition and application of process tools for rib structure de-sign in Large-scale additive manufacturing,2026,Zenodo (CERN European Organization for Nuclear Research),10.5281/zenodo.20022387,https://doi.org/10.5281/zenodo.20022387,low_relevance,1
1880,archive,openalex_only,OpenAlex,Defense-Aware Temporal Graph Neural Network for fault-tolerant intrusion detection in IIoT–5G environments,2026,Cluster Computing,10.1007/s10586-026-06037-5,https://doi.org/10.1007/s10586-026-06037-5,low_relevance,1
1881,archive,openalex_only,OpenAlex,Decoding Digital Twins,2026,Venue unknown,10.4018/979-8-3373-8177-0.ch014,https://doi.org/10.4018/979-8-3373-8177-0.ch014,low_relevance,1
1882,archive,openalex_only,OpenAlex,Decision-Making in Industry 4.0: A Layered Framework for Converting Cyber-Physical Information into Governed Action,2026,European Journal of AI Computing & Informatics,10.71222/9h1vxf69,https://doi.org/10.71222/9h1vxf69,low_relevance,1
1883,archive,openalex_only,OpenAlex,Decentralised Manufacturing as a Networked Cyber-Physical System: Formalising Free and Open Source Software Governance and ML Adaptation for Distributed Robustness,2026,Preprints.org,10.20944/preprints202603.1360.v1,https://doi.org/10.20944/preprints202603.1360.v1,low_relevance,1
1884,archive,openalex_only,OpenAlex,Data-Driven Optimization for City Logistics,2026,TU/e Research Portal,,https://openalex.org/W7163459089,low_relevance,1
1885,archive,openalex_only,OpenAlex,Data Integrity Failures in Pharmaceutical Digital Twins and Continuous Manufacturing: An Alcoa + + Framework Integrating Human Factors and Simulation Vulnerabilities,2026,Journal of Pharmaceutical Innovation,10.1007/s12247-026-10778-6,https://doi.org/10.1007/s12247-026-10778-6,low_relevance,1
1886,archive,openalex_only,OpenAlex,DIGITALIZATION OF BUSINESS PROCESSES IN THE INTEGRATED CONCEPT OF “INDUSTRY 5.0” IN ENSURING INVESTMENT AND SECURITY MANAGEMENT OF TRANSPORT ENTERPRISES,2026,Scientific Journal of Silesian University of Technology Series Transport,10.20858/sjsutst.2026.130.8,https://doi.org/10.20858/sjsutst.2026.130.8,low_relevance,1
1887,archive,openalex_only,OpenAlex,DIGITAL TWINS IN SCULPTURE STUDIOS: ENHANCING LEARNING,2026,ShodhKosh Journal of Visual and Performing Arts,10.29121/shodhkosh.v7.i1s.2026.7076,https://doi.org/10.29121/shodhkosh.v7.i1s.2026.7076,low_relevance,1
1888,archive,openalex_only,OpenAlex,DIGITAL TWIN TECHNOLOGY FOR MODERN MANUFACTURING PROCESSES,2026,Zenodo (CERN European Organization for Nuclear Research),10.5281/zenodo.20489262,https://doi.org/10.5281/zenodo.20489262,low_relevance,1
1889,archive,openalex_only,OpenAlex,DIGITAL TWIN TECHNOLOGY FOR MODERN MANUFACTURING PROCESSES,2026,Zenodo (CERN European Organization for Nuclear Research),10.5281/zenodo.20489261,https://doi.org/10.5281/zenodo.20489261,low_relevance,1
1890,archive,openalex_only,OpenAlex,DIGITAL SUPPLY CHAIN TRANSFORMATION IN SAUDI INDUSTRIAL MANUFACTURING UNDER VISION 2030,2026,Veredas do Direito Direito Ambiental e Desenvolvimento Sustentável,10.18623/rvd.v23.6678,https://doi.org/10.18623/rvd.v23.6678,low_relevance,1
1891,archive,crossref_only,Crossref,DIC-informed finite element modeling of thermally induced shape-morphing in 4D-printed shape memory polymers,2026,The International Journal of Advanced Manufacturing Technology,10.1007/s00170-026-18019-3,https://doi.org/10.1007/s00170-026-18019-3,low_relevance,1
1892,archive,openalex_only,OpenAlex,DEVELOPMENT OF QUALITY MANAGEMENT SYSTEMS IN THE CONTEXT OF DIGITAL TRANSFORMATION,2026,Zenodo (CERN European Organization for Nuclear Research),10.5281/zenodo.19606219,https://doi.org/10.5281/zenodo.19606219,low_relevance,1
1893,archive,both_openalex_crossref,Crossref; OpenAlex,D2M (design-to-manufacturing) by integrating digital twins and large language models: conceptual framework,2026,Digital Twin,10.1080/27525783.2026.2645373,https://doi.org/10.1080/27525783.2026.2645373,low_relevance,1
1894,archive,openalex_only,OpenAlex,"Cybersecurity in Autonomous AI Robotics: A Review of Emerging Threats, Adversarial Attacks, and Mitigation Techniques",2026,Center of Artificial Intelligence,10.65591/cai-143-2026,https://doi.org/10.65591/cai-143-2026,low_relevance,1
1895,archive,openalex_only,OpenAlex,"Cybersecurity challenges in industry 5.0: Human centric security, converged vulnerabilities, and resilience by design in smart manufacturing",2026,International Journal on Information Technologies and Security,10.59035/kqap1542,https://doi.org/10.59035/kqap1542,low_relevance,1
1896,archive,openalex_only,OpenAlex,Cyberlanguage: Native Communication for the Cyber-Physical-Social-Thinking Fusion Space,2026,arXiv (Cornell University),,https://openalex.org/W7139146062,low_relevance,1
1897,archive,openalex_only,OpenAlex,Cyber-physical systems security: A comprehensive review of anomaly detection techniques,2026,Internet of Things,10.1016/j.iot.2026.101938,https://doi.org/10.1016/j.iot.2026.101938,low_relevance,1
1898,archive,openalex_only,OpenAlex,Cyber-Resilient IoT-Driven SCADA Integration for Secure and Intelligent Fuel Station Monitoring and Predictive Analysis,2026,"Journal of computer, software and program.",10.69739/jcsp.v3i1.1539,https://doi.org/10.69739/jcsp.v3i1.1539,low_relevance,1
1899,archive,openalex_only,OpenAlex,Cyber-Physical Attack Detection in Smart Manufacturing Using Digital Twins,2026,Zenodo (CERN European Organization for Nuclear Research),10.5281/zenodo.20440512,https://doi.org/10.5281/zenodo.20440512,low_relevance,1
1900,archive,openalex_only,OpenAlex,Cyber-Physical Attack Detection in Smart Manufacturing Using Digital Twins,2026,Zenodo (CERN European Organization for Nuclear Research),10.5281/zenodo.20440511,https://doi.org/10.5281/zenodo.20440511,low_relevance,1
1901,archive,openalex_only,OpenAlex,Current trends in the use of Artificial Intelligence in the Development of Pharmaceutical Formulations,2026,Zenodo (CERN European Organization for Nuclear Research),10.5281/zenodo.20406178,https://doi.org/10.5281/zenodo.20406178,low_relevance,1
1902,archive,openalex_only,OpenAlex,Current trends in the use of Artificial Intelligence in the Development of Pharmaceutical Formulations,2026,Zenodo (CERN European Organization for Nuclear Research),10.5281/zenodo.20406179,https://doi.org/10.5281/zenodo.20406179,low_relevance,1
1903,archive,crossref_only,Crossref,Current status of research on FDM 3D printing to reduce material wastage during multi-material changeovers,2026,AIP Conference Proceedings,10.1063/12.0043552,https://doi.org/10.1063/12.0043552,low_relevance,1
1904,archive,openalex_only,OpenAlex,Current state of the multi-agent multi-view experimental and digital twin rendezvous (MMEDR-Autonomous) framework,2026,arXiv (Cornell University),,https://openalex.org/W7140346452,low_relevance,1
1905,archive,openalex_only,OpenAlex,Current Status and Challenges in Data Collection for Aerospace Coatings Deposited by Plasma Spraying,2026,Advanced Engineering Materials,10.1002/adem.202503200,https://doi.org/10.1002/adem.202503200,low_relevance,1
1906,archive,openalex_only,OpenAlex,"CsPbI3 Perovskites at the Edge of Commercialization: Persistent Barriers, Multidisciplinary Solutions, and the Emerging Role of AI",2026,J — Multidisciplinary Scientific Journal,10.3390/j9020012,https://doi.org/10.3390/j9020012,low_relevance,1
1907,archive,crossref_only,Crossref,Corrigendum to “Automated extraction of comprehensive digital twin models for smart manufacturing systems” [J. Manuf. Syst. 85 (2026) 287–306],2026,Journal of Manufacturing Systems,10.1016/j.jmsy.2026.02.012,https://doi.org/10.1016/j.jmsy.2026.02.012,low_relevance,1
1908,archive,crossref_only,Crossref,"Correction: Functionally Graded Metallic Materials Via Additive Manufacturing: Research Progress on Processing, Challenges, and Applications",2026,International Journal of Precision Engineering and Manufacturing-Green Technology,10.1007/s40684-025-00803-3,https://doi.org/10.1007/s40684-025-00803-3,low_relevance,1
1909,archive,openalex_only,OpenAlex,Continuous Validation of Digital Twins: Conceptual and Applied Approaches,2026,International Journal of Simulation Modelling,10.2507/ijsimm25-2-760,https://doi.org/10.2507/ijsimm25-2-760,low_relevance,1
1910,archive,openalex_only,OpenAlex,"Continuous Production of Thin‐Walled, Fiber‐Reinforced Precision Concrete Elements for Free‐Form Modular Construction ‐ KoBeMo",2026,Beton- und Stahlbetonbau,10.1002/best.70132,https://doi.org/10.1002/best.70132,low_relevance,1
1911,archive,openalex_only,OpenAlex,Consumer Industry Transformation,2026,International Journal For Multidisciplinary Research,10.36948/ijfmr.2026.v08i03.79527,https://doi.org/10.36948/ijfmr.2026.v08i03.79527,low_relevance,1
1912,archive,openalex_only,OpenAlex,Construction of an industrial digital twin platform for multi-robot arm collaborative control,2026,DOAJ (DOAJ: Directory of Open Access Journals),10.13374/j.issn2095-9389.2025.10.15.001,https://doi.org/10.13374/j.issn2095-9389.2025.10.15.001,low_relevance,1
1913,archive,openalex_only,OpenAlex,Conformal morphing meta-cylinders 3D printing for mechanical intelligence programming,2026,Progress in Additive Manufacturing,10.1007/s40964-026-01735-3,https://doi.org/10.1007/s40964-026-01735-3,low_relevance,1
1914,archive,openalex_only,OpenAlex,"Conceptual qualitative system dynamics model for simulation of perceived workload, stress and performance from industrial work content",2026,PLoS ONE,10.1371/journal.pone.0347030,https://doi.org/10.1371/journal.pone.0347030,low_relevance,1
1915,archive,crossref_only,Crossref,Conceptual Foundations of Digital Twin-Enabled Smart and Resilient Homes,2026,Digital Twin Applications and Cognitive Enterprise Transformation Across Industries,10.4018/979-8-2600-1669-5.ch004,https://doi.org/10.4018/979-8-2600-1669-5.ch004,low_relevance,1
1916,archive,crossref_only,Crossref,Computational Approaches and Optimization Strategies for Additive Manufacturing of Titanium Alloys in Material Engineering: A Gap‑Oriented Review,2026,Venue unknown,10.21203/rs.3.rs-9721342/v1,https://doi.org/10.21203/rs.3.rs-9721342/v1,low_relevance,1
1917,archive,crossref_only,Crossref,Commit: Digital pipette: open hardware for liquid transfer in self-driving laboratories,2026,Digital Discovery,10.1039/d5dd00336a,https://doi.org/10.1039/d5dd00336a,low_relevance,1
1918,archive,openalex_only,OpenAlex,"Cloud, Edge, and Digital Twin Architectures for Condition Monitoring of Computer Numerical Control Machine Tools: A Systematic Review",2026,Information,10.3390/info17020153,https://doi.org/10.3390/info17020153,low_relevance,1
1919,archive,openalex_only,OpenAlex,Closed-Loop Digital Twins for Building-Integrated Photovoltaics: A Focused Review,2026,Springer Link (Chiba Institute of Technology),10.1051/e3sconf/202671604047,https://doi.org/10.1051/e3sconf/202671604047,low_relevance,1
1920,archive,crossref_only,Crossref,Closed-Loop Digital Twin for Energy-Efficient Scheduling in Food Manufacturing Systems,2026,Information,10.3390/info17020195,https://doi.org/10.3390/info17020195,low_relevance,1
1921,archive,crossref_only,Crossref,Closed-Loop Autonomous Network Healing Using Digital Twins and Predictive Reinforcement Learning,2026,Venue unknown,10.2139/ssrn.5989154,https://doi.org/10.2139/ssrn.5989154,low_relevance,1
1922,archive,crossref_only,Crossref,Cholesteric Liquid Crystal Elastomer Patterns Prepared Using a Photochromic Liquid Crystal Mixture,2026,Advanced Materials Technologies,10.1002/admt.202502554,https://doi.org/10.1002/admt.202502554,low_relevance,1
1923,archive,crossref_only,Crossref,Characterization and Testing of Functionally Graded Material (SS 347-SS 316L) Fabricated through Wire Arc Additive Manufacturing,2026,Journal of Materials Engineering and Performance,10.1007/s11665-025-12468-9,https://doi.org/10.1007/s11665-025-12468-9,low_relevance,1
1924,archive,openalex_only,OpenAlex,Challenges of digital twin applications for radio telescopes,2026,Zhongguo kexue. Wulixue Lixue Tianwenxue,10.1360/sspma-2025-0491,https://doi.org/10.1360/sspma-2025-0491,low_relevance,1
1925,archive,both_openalex_crossref,Crossref; OpenAlex,Causal and uncertainty-aware digital-twin framework for ultra–low-noise geoscientific inertial sensors,2026,Venue unknown,10.5194/egusphere-2026-628,https://doi.org/10.5194/egusphere-2026-628,low_relevance,1
1926,archive,openalex_only,OpenAlex,Causal Parametric Drift Simulation: A Digital Twin Framework for Classifier Robustness Evaluation,2026,ArXiv.org,,https://openalex.org/W7161091690,low_relevance,1
1927,archive,both_openalex_crossref,Crossref; OpenAlex,"Case Studies, Examples, and Highlights",2026,"Material Selection, Product Design and Additive Manufacturing Processes for Operational Sustainability",10.1201/9781003633754-6,https://doi.org/10.1201/9781003633754-6,low_relevance,1
1928,archive,openalex_only,OpenAlex,Carbon–Efficiency Coupled Scheduling for New Energy Manufacturing Systems,2026,International Journal of Simulation Modelling,10.2507/ijsimm25-2-co8,https://doi.org/10.2507/ijsimm25-2-co8,low_relevance,1
1929,archive,openalex_only,OpenAlex,Can Digital Twin Technology Enhance Supply-Chain Resilience? A Systematic Literature Review,2026,Sustainability,10.3390/su18052361,https://doi.org/10.3390/su18052361,low_relevance,1
1930,archive,crossref_only,Crossref,CHANDELIER’1244: Towards Cyber-Physical Experimentation with Structural Adaptation in Architecture,2026,"ROB|ARCH2024 – Robotic Fabrication in Architecture, Art and Design",10.1007/978-3-032-22607-5_11,https://doi.org/10.1007/978-3-032-22607-5_11,low_relevance,1
1931,archive,both_openalex_crossref,Crossref; OpenAlex,Building Audio-Visual Digital Twins with Smartphones,2026,"Proceedings of the 24th Annual International Conference on Mobile Systems, Applications and Services",10.1145/3745756.3809241,https://doi.org/10.1145/3745756.3809241,low_relevance,1
1932,archive,both_openalex_crossref,Crossref; OpenAlex,Build processes for functionally-graded materials via direct-ink write additive manufacturing,2026,Progress in Additive Manufacturing,10.1007/s40964-026-01667-y,https://doi.org/10.1007/s40964-026-01667-y,low_relevance,1
1933,archive,openalex_only,OpenAlex,Bridging “Nature” and “Spirit”: The CRMhs Ontology for the Integration of Heritage Science and Cultural Heritage Data,2026,Heritage,10.3390/heritage9050186,https://doi.org/10.3390/heritage9050186,low_relevance,1
1934,archive,openalex_only,OpenAlex,Bridging data-driven and physics-based models for lithium-ion battery state analysis and future performance assessment via active material volume fraction,2026,Energy and AI,10.1016/j.egyai.2026.100749,https://doi.org/10.1016/j.egyai.2026.100749,low_relevance,1
1935,archive,openalex_only,OpenAlex,Bridging Physics and Data in Metal Powder Bed Fusion with Scientific Machine Learning,2026,Journal of Intelligent Manufacturing,10.1007/s10845-026-02820-8,https://doi.org/10.1007/s10845-026-02820-8,low_relevance,1
1936,archive,openalex_only,OpenAlex,Bridg-ics: AI-grounded knowledge graphs for intelligent threat analytics in industry 5.0 cyber-physical systems,2026,Cybersecurity,10.1186/s42400-026-00597-0,https://doi.org/10.1186/s42400-026-00597-0,low_relevance,1
1937,archive,openalex_only,OpenAlex,Breaking the Boundaries of Bayesian Optimization Utilizing Continuous Chemistry Digital Twins,2026,Organic Process Research & Development,10.1021/acs.oprd.5c00449,https://doi.org/10.1021/acs.oprd.5c00449,low_relevance,1
1938,archive,openalex_only,OpenAlex,"Book of Abstracts: Past, Present and Future of Particle Technology Conference 2026",2026,"White Rose Research Online (University of Leeds, The University of Sheffield, University of York)",,https://openalex.org/W7163721383,low_relevance,1
1939,archive,openalex_only,OpenAlex,Blockchain-Secured Digital Twin Framework for Fuzzy Multi-Objective Optimization in Supply Chain Finance,2026,FinTech,10.3390/fintech5020042,https://doi.org/10.3390/fintech5020042,low_relevance,1
1940,archive,openalex_only,OpenAlex,"Biopolymer—Nanoparticle Interactions in 3D-Printing for Biomedical Applications: Advantages, Limitations and Future Perspectives",2026,Polymers,10.3390/polym18091038,https://doi.org/10.3390/polym18091038,low_relevance,1
1941,archive,crossref_only,Crossref,Bioinspired Liquid Crystal Elastomer Actuators for Directional Liquid Transfer and Acceleration,2026,Venue unknown,10.2139/ssrn.6730311,https://doi.org/10.2139/ssrn.6730311,low_relevance,1
1942,archive,openalex_only,OpenAlex,Bioinspired 4D‐Printing Microwave Absorbers With Adaptive Programmable Switches via Morphable Percolation Networks and Resonant Models,2026,Advanced Materials,10.1002/adma.73633,https://doi.org/10.1002/adma.73633,low_relevance,1
1943,archive,openalex_only,OpenAlex,"Biodegradable Metals and Corrosion Control: Challenges, Limits and New Opportunities for Innovating in Orthopedic Fixations",2026,Materials,10.3390/ma19091789,https://doi.org/10.3390/ma19091789,low_relevance,1
1944,archive,crossref_only,Crossref,Bio-inspired 4D printing: From multi-dimensional and multi-type shape morphing to applications,2026,Materials Science and Engineering: R: Reports,10.1016/j.mser.2026.101231,https://doi.org/10.1016/j.mser.2026.101231,low_relevance,1
1945,archive,openalex_only,OpenAlex,Bifunctional scaffolds: strategic bridges coordinating osteosarcoma therapy and bone regeneration,2026,Frontiers in Bioengineering and Biotechnology,10.3389/fbioe.2026.1825326,https://doi.org/10.3389/fbioe.2026.1825326,low_relevance,1
1946,archive,openalex_only,OpenAlex,Bibliometric Analysis of Digital Twin Technology,2026,West Science Social and Humanities Studies,10.58812/wsshs.v4i05.2904,https://doi.org/10.58812/wsshs.v4i05.2904,low_relevance,1
1947,archive,openalex_only,OpenAlex,Beyond the Black Box: An Interpretable Machine Learning Framework for Predicting Electronic Structure Microdescriptors and Structure-Performance Relationships in Fe-based Catalytic Systems,2026,ArXiv.org,,https://openalex.org/W7161091431,low_relevance,1
1948,archive,openalex_only,OpenAlex,Beyond Structure: Revolutionising Materials Discovery via AI-Driven Synthesis Protocol-Property Relationships,2026,arXiv (Cornell University),,https://openalex.org/W7160360231,low_relevance,1
1949,archive,crossref_only,Crossref,Beyond Lattices: A Geometry-First Computational Design Framework for Additive Manufacturing of Porous Architectures,2026,Venue unknown,10.2139/ssrn.6320058,https://doi.org/10.2139/ssrn.6320058,duplicate_title,1
1950,archive,crossref_only,Crossref,Bending strength of density‐controlled alumina fabricated by direct ink writing,2026,Journal of the American Ceramic Society,10.1111/jace.70419,https://doi.org/10.1111/jace.70419,low_relevance,1
1951,archive,openalex_only,OpenAlex,Benchmarking Sensor-Fault Robustness in Forecasting,2026,ArXiv.org,,https://openalex.org/W7161091342,low_relevance,1
1952,archive,crossref_only,Crossref,Benchmarking Bayesian Optimization Frameworks and Acquisition Strategies for Materials Discovery and Autonomous Laboratories,2026,Venue unknown,10.64631/zkvt6687,https://doi.org/10.64631/zkvt6687,low_relevance,1
1953,archive,openalex_only,OpenAlex,"Bead-Resolved Prediction of Warpage, Residual Stress, and Predicted Failure-Critical Locations in Metal-Filled PLA Additive Manufacturing",2026,Zenodo (CERN European Organization for Nuclear Research),10.5281/zenodo.20044813,https://doi.org/10.5281/zenodo.20044813,low_relevance,1
1954,archive,openalex_only,OpenAlex,"Bead-Resolved Prediction of Warpage, Residual Stress, and Predicted Failure-Critical Locations in Metal-Filled PLA Additive Manufacturing",2026,Zenodo (CERN European Organization for Nuclear Research),10.5281/zenodo.20044812,https://doi.org/10.5281/zenodo.20044812,low_relevance,1
1955,archive,openalex_only,OpenAlex,Battery-Sim-Agent: Leveraging LLM-Agent for Inverse Battery Parameter Estimation,2026,ArXiv.org,,https://openalex.org/W7162894195,low_relevance,1
1956,archive,openalex_only,OpenAlex,"Aviation 4.0: the impacts of digital transformation on the aviation industry: evidence from maintenance, repair and overhaul operations",2026,Bussecon Review of Social Sciences (2687-2285),10.36096/9m418242,https://doi.org/10.36096/9m418242,low_relevance,1
1957,archive,crossref_only,Crossref,Autonomous parameter exploration in thermoplastic material-extrusion additive manufacturing using Bayesian optimization with intermediate features,2026,Journal of Manufacturing Processes,10.1016/j.jmapro.2025.12.021,https://doi.org/10.1016/j.jmapro.2025.12.021,low_relevance,1
1958,archive,both_openalex_crossref,Crossref; OpenAlex,Autonomous materials discovery through a tabula rasa active learning framework,2026,Research Square,10.21203/rs.3.rs-9750606/v1,https://doi.org/10.21203/rs.3.rs-9750606/v1,low_relevance,1
1959,archive,crossref_only,Crossref,Autonomous Robotic Surgery Guided by Images in the Context of Therapies Managed by Intelligent Digital Technologies,2026,Venue unknown,10.20944/preprints202602.0027.v1,https://doi.org/10.20944/preprints202602.0027.v1,low_relevance,1
1960,archive,openalex_only,OpenAlex,Automation of the Control Process of the Research and Flexible Production Areas of the Technopark,2026,AI,10.3390/ai7050173,https://doi.org/10.3390/ai7050173,low_relevance,1
1961,archive,openalex_only,OpenAlex,Automation and Sustainability—The Impact of AI on Energy Consumption and Other Key Features of Industry 4.0/5.0 Technologies,2026,Applied Sciences,10.3390/app16052550,https://doi.org/10.3390/app16052550,low_relevance,1
1962,archive,openalex_only,OpenAlex,Automated variability evaluation using a model-based approach with an implementation in CubeSat,2026,Journal of Systems and Software,10.1016/j.jss.2026.112965,https://doi.org/10.1016/j.jss.2026.112965,low_relevance,1
1963,archive,openalex_only,OpenAlex,Assessing the Impact of the Fourth Industrial Revolution on Sustainability and Manufacturing Performance: An Integrated Multi-Criteria Decision-Making Approach,2026,International Journal of Mechanical Engineering,10.14445/23488360/ijme-v13i3p107,https://doi.org/10.14445/23488360/ijme-v13i3p107,low_relevance,1
1964,archive,openalex_only,OpenAlex,Artificial intelligence–based strategies for indoor environmental quality optimisation,2026,Smart and Sustainable Built Environment,10.1108/sasbe-02-2026-0113,https://doi.org/10.1108/sasbe-02-2026-0113,low_relevance,1
1965,archive,openalex_only,OpenAlex,Artificial intelligence technologies in drug discovery: Innovations and future challenges,2026,International Journal of Pharmacy and Pharmaceutical Science,10.33545/26647222.2026.v8.i6a.406,https://doi.org/10.33545/26647222.2026.v8.i6a.406,low_relevance,1
1966,archive,openalex_only,OpenAlex,"Artificial intelligence in modern pharmacy: Transforming discovery, clinical practice, and manufacturing",2026,International Journal of Pharmaceutical Research and Development,10.33545/26646862.2026.v8.i5a.329,https://doi.org/10.33545/26646862.2026.v8.i5a.329,low_relevance,1
1967,archive,openalex_only,OpenAlex,Artificial intelligence in immunotherapy: revolutionizing diagnostic and therapeutic applications in cancer and autoimmune diseases,2026,Clinical and Experimental Medicine,10.1007/s10238-026-02107-5,https://doi.org/10.1007/s10238-026-02107-5,low_relevance,1
1968,archive,openalex_only,OpenAlex,Artificial intelligence in cancer immunotherapy: current trends in predicting response and personalizing treatment,2026,Journal of the Egyptian National Cancer Institute,10.1186/s43046-026-00371-w,https://doi.org/10.1186/s43046-026-00371-w,low_relevance,1
1969,archive,openalex_only,OpenAlex,Artificial intelligence for sustainable aviation: a review on operational implementations and future perspectives,2026,The Aeronautical Journal,10.1017/aer.2026.10138,https://doi.org/10.1017/aer.2026.10138,low_relevance,1
1970,archive,openalex_only,OpenAlex,Artificial intelligence and robotic technologies redefining precision and personalization in orthopedic surgery: a narrative review,2026,Frontiers in Bioengineering and Biotechnology,10.3389/fbioe.2026.1765936,https://doi.org/10.3389/fbioe.2026.1765936,low_relevance,1
1971,archive,openalex_only,OpenAlex,Artificial Intelligence–Driven Simulation Models for Industrial Accident Prevention in Chemical Process Engineering,2026,Scientific Journal of Engineering Research,10.64539/sjer.v2i2.2026.405,https://doi.org/10.64539/sjer.v2i2.2026.405,low_relevance,1
1972,archive,openalex_only,OpenAlex,Artificial Intelligence-Driven Design and Sustainability of Selective Absorber Coatings for Solar Thermal Collectors: A Systematic Review,2026,Processes,10.3390/pr14060914,https://doi.org/10.3390/pr14060914,low_relevance,1
1973,archive,openalex_only,OpenAlex,"Artificial Intelligence in Resource-Limited Healthcare Settings: Applications, Implementation Challenges, and Future Directions in Cardiology and Oncology",2026,Zenodo (CERN European Organization for Nuclear Research),10.5281/zenodo.20110301,https://doi.org/10.5281/zenodo.20110301,low_relevance,1
1974,archive,openalex_only,OpenAlex,"Artificial Intelligence in Resource-Limited Healthcare Settings: Applications, Implementation Challenges, and Future Directions in Cardiology and Oncology",2026,Zenodo (CERN European Organization for Nuclear Research),10.5281/zenodo.20110302,https://doi.org/10.5281/zenodo.20110302,low_relevance,1
1975,archive,openalex_only,OpenAlex,Artificial Intelligence in Nanopharmaceutical Development: From Predictive Design to Clinical Translation,2026,Preprints.org,10.20944/preprints202606.0518.v1,https://doi.org/10.20944/preprints202606.0518.v1,low_relevance,1
1976,archive,openalex_only,OpenAlex,Artificial Intelligence in Lubricant Research—Advances in Monitoring and Predictive Maintenance,2026,Lubricants,10.3390/lubricants14020072,https://doi.org/10.3390/lubricants14020072,low_relevance,1
1977,archive,openalex_only,OpenAlex,Artificial Intelligence for Materials Science: Transforming Research Paradigms,2026,Chemical Reviews,10.1021/acs.chemrev.6c00012,https://doi.org/10.1021/acs.chemrev.6c00012,low_relevance,1
1978,archive,openalex_only,OpenAlex,"Artificial Intelligence for Autonomous Manufacturing, Predictive Maintenance and Real-Time Quality Assurance",2026,International Journal of Academic and Industrial Research Innovations(IJAIRI),10.62311/nesx/rp4-30032026,https://doi.org/10.62311/nesx/rp4-30032026,low_relevance,1
1979,archive,openalex_only,OpenAlex,Artificial Intelligence and Machine Learning Framework for Smart Manufacturing Optimization,2026,International Journal of Artificial Intelligence,10.4018/ijaibm.410302,https://doi.org/10.4018/ijaibm.410302,low_relevance,1
1980,archive,both_openalex_crossref,Crossref; OpenAlex,Artificial Intelligence and Digital Twins in Smart Real Estate Asset Management: A Framework for Sustainable Urban Development,2026,American Journal of Data Science and Analytics,10.63125/3gq6b691,https://doi.org/10.63125/3gq6b691,low_relevance,1
1981,archive,crossref_only,Crossref,Applications and challenges of digital twin technology in smart manufacturing,2026,International Conference on Computer Application and Information Security (ICCAIS 2025),10.1117/12.3114225,https://doi.org/10.1117/12.3114225,low_relevance,1
1982,archive,crossref_only,Crossref,Application of Digital Twin Technology in Industrial Process Automation,2026,The American Journal of Engineering and Technology,10.37547/tajet/volume08issue03-07,https://doi.org/10.37547/tajet/volume08issue03-07,low_relevance,1
1983,archive,crossref_only,Crossref,Anomaly Detection in Integrated Flexible Manufacturing Systems: Addressing Class Imbalance with Machine Learning Techniques in Cyber-Physical Systems,2026,Engineering Cyber-Physical Systems and Critical Infrastructures,10.1007/978-3-032-09656-2_6,https://doi.org/10.1007/978-3-032-09656-2_6,low_relevance,1
1984,archive,openalex_only,OpenAlex,Analyzing the Influence of Artificial Intelligence Technologies on Contemporary Manufacturing Operations,2026,Preprints.org,10.20944/preprints202603.1935.v1,https://doi.org/10.20944/preprints202603.1935.v1,low_relevance,1
1985,archive,openalex_only,OpenAlex,Analytical Report on Digital Twin Technology: Status and Future Direction,2026,Journal of Plant Science and Phytopathology,10.29328/journal.jpsp.1001167,https://doi.org/10.29328/journal.jpsp.1001167,low_relevance,1
1986,archive,openalex_only,OpenAlex,Analysis of digital twin applications in nursing practice and education: a scoping review,2026,Journal of Educational Evaluation for Health Professions,10.3352/jeehp.2026.23.13,https://doi.org/10.3352/jeehp.2026.23.13,low_relevance,1
1987,archive,openalex_only,OpenAlex,Analysis of Wing Structures via Machine Learning-Based Surrogate Models,2026,Aerospace,10.3390/aerospace13040338,https://doi.org/10.3390/aerospace13040338,low_relevance,1
1988,archive,openalex_only,OpenAlex,Analysis of Fault Diagnosis and Safety Protection Technologies for New Energy Vehicle Battery Systems,2026,Frontiers in Engineering,10.63313/fe.9009,https://doi.org/10.63313/fe.9009,low_relevance,1
1989,archive,crossref_only,Crossref,Analysis and characterization of influence of PLA printing parameters on 4D printing retention time under thermal stimulus,2026,Polymer,10.1016/j.polymer.2026.130199,https://doi.org/10.1016/j.polymer.2026.130199,low_relevance,1
1990,archive,openalex_only,OpenAlex,"An examination of IIoT and fog computing architectures, applications and challenges from IoT to Industry 4.0",2026,Discover Computing,10.1007/s10791-026-10161-6,https://doi.org/10.1007/s10791-026-10161-6,low_relevance,1
1991,archive,openalex_only,OpenAlex,An event-based resilient consensus algorithm for secure and low-carbon operation of cyber-physical smart grids,2026,Scientific Reports,10.1038/s41598-026-55442-8,https://doi.org/10.1038/s41598-026-55442-8,low_relevance,1
1992,archive,crossref_only,Crossref,An efficient closed-loop design framework for additive manufacturing of multiphysical metamaterials,2026,Materials &amp; Design,10.1016/j.matdes.2026.115961,https://doi.org/10.1016/j.matdes.2026.115961,low_relevance,1
1993,archive,crossref_only,Crossref,"An Overview of the Benefits, Drawbacks and Strategies Used for the Fabrication of 316L Stainless Steel and Inconel 625 Functionally Graded Materials Using Wire Arc Additive Manufacturing",2026,Metals,10.3390/met16050467,https://doi.org/10.3390/met16050467,low_relevance,1
1994,archive,openalex_only,OpenAlex,An Enhanced CAPE-OPEN–Based Digital Twin Platform Architecture for Chemical Processes,2026,ACS Omega,10.1021/acsomega.6c00575,https://doi.org/10.1021/acsomega.6c00575,low_relevance,1
1995,archive,openalex_only,OpenAlex,An Adaptive Probabilistic and Sparse Learning Paradigm for High Dimensional Fault Diagnosis in Industrial Cyber-Physical Systems,2026,International Journal of Data Science and IoT Management System,10.64751/ijdim.v5i2.911,https://doi.org/10.64751/ijdim.v5i2.911,low_relevance,1
1996,archive,openalex_only,OpenAlex,An Adaptive Geo-Intelligent System Integrating AI and IoT for Sustainable Smart Manufacturing,2026,Advances in geospatial technologies book series,10.4018/979-8-3373-7941-8.ch001,https://doi.org/10.4018/979-8-3373-7941-8.ch001,low_relevance,1
1997,archive,openalex_only,OpenAlex,An AAS-Based Digital Twin Framework for Load-Bearing Glass Structures under Seismic Testing,2026,Challenging glass conference proceedings,10.47982/cgc.10.777,https://doi.org/10.47982/cgc.10.777,low_relevance,1
1998,archive,openalex_only,OpenAlex,"Agility, Innovation and Risk: A Systematic Literature Review on New Software Product Development and Organisational Capabilities",2026,Archives of Computational Methods in Engineering,10.1007/s11831-026-10606-7,https://doi.org/10.1007/s11831-026-10606-7,low_relevance,1
1999,archive,openalex_only,OpenAlex,Agentic Neuro-Symbolic Planning and Commissioning for Human-in-the-Loop Industrial Robotics with Digital Twins,2026,arXiv (Cornell University),,https://openalex.org/W7164234931,low_relevance,1
2000,archive,openalex_only,OpenAlex,Agentic LLM Reasoning in a Self-Driving Laboratory for Air-Sensitive Lithium Halide Spinel Conductors,2026,ArXiv.org,,https://openalex.org/W7154655708,low_relevance,1
2001,archive,crossref_only,Crossref,Agentic AI for Advanced Manufacturing: Autonomous Robotic Planning and 3D Simulation for Next-Generation Production Systems,2026,Journal of Artificial Intelligence &amp; Cloud Computing,10.47363/jaicc/icmlaids2026/2026(5)20,https://doi.org/10.47363/jaicc/icmlaids2026/2026%285%2920,low_relevance,1
2002,archive,openalex_only,OpenAlex,Advancing tumor organoid 3D culture with functionalized hydrogels: Applications in precision medicine and technological challenges,2026,Organoid Research,10.36922/or026050007,https://doi.org/10.36922/or026050007,low_relevance,1
2003,archive,openalex_only,OpenAlex,Advancing neuroengineering with Neuromorphic Twins,2026,Nature Communications,10.1038/s41467-026-68923-1,https://doi.org/10.1038/s41467-026-68923-1,low_relevance,1
2004,archive,crossref_only,Crossref,Advancing digital twins for sustainable and smart construction practices: a systematic review,2026,Digital Twin,10.1080/27525783.2026.2654843,https://doi.org/10.1080/27525783.2026.2654843,low_relevance,1
2005,archive,openalex_only,OpenAlex,Advancing U.S. Manufacturing Competitiveness Through AI and Nanotechnology: A Strategic Curriculum Framework for Workforce Development,2026,The Educational Review USA,10.26855/er.2026.03.007,https://doi.org/10.26855/er.2026.03.007,low_relevance,1
2006,archive,openalex_only,OpenAlex,Advancing Orthodontic Care Through Digital Twin Technology,2026,Translational dental research.,10.1016/j.tdr.2026.100088,https://doi.org/10.1016/j.tdr.2026.100088,low_relevance,1
2007,archive,openalex_only,OpenAlex,Advances in Biomaterials for Tissue Regeneration: From Scaffold Design to CAP-Enabled Interfaces and AI-Driven Optimization,2026,Biomimetics,10.3390/biomimetics11050330,https://doi.org/10.3390/biomimetics11050330,low_relevance,1
2008,archive,crossref_only,Crossref,Advances in 3D and 4D Bioprinting for Fabrication of Stimuli-Responsive Biomaterials,2026,Stimuli-Responsive Biomaterials for Inflammatory Diseases,10.1201/9781003560203-14,https://doi.org/10.1201/9781003560203-14,low_relevance,1
2009,archive,openalex_only,OpenAlex,Advancements and Emerging Trends in Mechanical Engineering Design and Manufacturing Processes: A Comprehensive Review,2026,Bilge International Journal of Science and Technology Research,10.30516/bilgesci.1608837,https://doi.org/10.30516/bilgesci.1608837,low_relevance,1
2010,archive,openalex_only,OpenAlex,Advanced Numerical Modeling of Powder Bed Fusion: From Physics-Based Simulations to AI-Augmented Digital Twins,2026,Materials,10.3390/ma19020426,https://doi.org/10.3390/ma19020426,low_relevance,1
2011,archive,openalex_only,OpenAlex,Advanced Manufacturing with Renewable and Bio-based Materials: AI/ML workflows and Process Optimization,2026,arXiv (Cornell University),,https://openalex.org/W7124513851,low_relevance,1
2012,archive,openalex_only,OpenAlex,"Advanced Graph Neural Networks for Smart Mining: A Systematic Literature Review of Equivariant, Topological, Symplectic, and Generative Models",2026,Mathematics,10.3390/math14050763,https://doi.org/10.3390/math14050763,low_relevance,1
2013,archive,both_openalex_crossref,Crossref; OpenAlex,Advanced Digital Design and Intelligent Manufacturing,2026,Venue unknown,10.3390/books978-3-7258-7808-6,https://doi.org/10.3390/books978-3-7258-7808-6,low_relevance,1
2014,archive,crossref_only,Crossref,Additive manufacturing of multi-material parts with graded material transition using Molten Metal Jetting,2026,Venue unknown,10.2139/ssrn.6519523,https://doi.org/10.2139/ssrn.6519523,low_relevance,1
2015,archive,crossref_only,Crossref,Additive manufacturing of functionally graded materials using a hybrid vat photopolymerization process,2026,The International Journal of Advanced Manufacturing Technology,10.1007/s00170-025-16984-9,https://doi.org/10.1007/s00170-025-16984-9,low_relevance,1
2016,archive,crossref_only,Crossref,Additive manufacturing of Fe–Cr–Co magnet structures with a functionally graded chemical composition,2026,Progress in Additive Manufacturing,10.1007/s40964-025-01405-w,https://doi.org/10.1007/s40964-025-01405-w,low_relevance,1
2017,archive,crossref_only,Crossref,Additive Manufacturing of Functionally Graded Lattice Structures for Personalized Below-Knee Prosthetic Dampers,2026,Chinese Journal of Polymer Science,10.1007/s10118-025-3460-1,https://doi.org/10.1007/s10118-025-3460-1,low_relevance,1
2018,archive,both_openalex_crossref,Crossref; OpenAlex,Additive Manufacturing of Conventional Military Equipment: Implications for Arms Control and Security,2026,Venue unknown,10.37559/cwp/26/erc/06,https://doi.org/10.37559/cwp/26/erc/06,low_relevance,1
2019,archive,crossref_only,Crossref,Adaptive-binder-aggregate mixing (ABAM): Concept for extrusion-based multi-material 3D concrete printing,2026,Additive Manufacturing Letters,10.1016/j.addlet.2025.100353,https://doi.org/10.1016/j.addlet.2025.100353,low_relevance,1
2020,archive,crossref_only,Crossref,Adaptive path planning for additive manufacturing via convex decomposition and partial-contour-guided hatching,2026,Advances in Industrial and Manufacturing Engineering,10.1016/j.aime.2026.100185,https://doi.org/10.1016/j.aime.2026.100185,low_relevance,1
2021,archive,openalex_only,OpenAlex,Adaptive SKU Allocation in Mattress Manufacturing via Multi-Agent Reinforcement Learning under Dynamic Loading Conditions,2026,International Journal of Computer Applications,10.5120/ijcafd4b2cbcdd0d,https://doi.org/10.5120/ijcafd4b2cbcdd0d,low_relevance,1
2022,archive,openalex_only,OpenAlex,Active learning with neural ordinary differential equations for data-efficient modeling of tuned mass dampers,2026,Engineering Applications of Artificial Intelligence,10.1016/j.engappai.2026.114487,https://doi.org/10.1016/j.engappai.2026.114487,low_relevance,1
2023,archive,crossref_only,Crossref,Active Learning‐Driven Inkless Additive Nanomanufacturing for Printed Electronics,2026,Advanced Materials Technologies,10.1002/admt.71023,https://doi.org/10.1002/admt.71023,low_relevance,1
2024,archive,openalex_only,OpenAlex,Accelerating materials discovery using foundation model based In-context active learning,2026,ArXiv.org,,https://openalex.org/W7138824926,low_relevance,1
2025,archive,both_openalex_crossref,Crossref; OpenAlex,Accelerating fused filament fabrication FFF optimization with AI-Powered digital twins and High-Fidelity simulations,2026,The International Journal of Advanced Manufacturing Technology,10.1007/s00170-025-17219-7,https://doi.org/10.1007/s00170-025-17219-7,low_relevance,1
2026,archive,openalex_only,OpenAlex,Accelerating Quantum Materials Characterization: Hybrid Active Learning for Autonomous Spin Wave Spectroscopy,2026,ArXiv.org,,https://openalex.org/W7158423811,low_relevance,1
2027,archive,crossref_only,Crossref,Accelerated Emergence of Self-Driving Laboratories for Accelerating Materials Discovery,2026,ACS Central Science,10.1021/acscentsci.5c01624,https://doi.org/10.1021/acscentsci.5c01624,low_relevance,1
2028,archive,openalex_only,OpenAlex,APPLICATION OF DIGITAL TWINS IN AUTOMATION TEACHING LABORATORY,2026,Bulletin of Shakarim University Technical Sciences,10.53360/2788-7995-2026-1(21)-10,https://doi.org/10.53360/2788-7995-2026-1%2821%29-10,low_relevance,1
2029,archive,openalex_only,OpenAlex,"AI‐Driven Revolution of Medical Robotics Across Surgical Innovation, Rehabilitation Intelligence, and Multimodal Healthcare Delivery",2026,MedComm,10.1002/mco2.70597,https://doi.org/10.1002/mco2.70597,low_relevance,1
2030,archive,openalex_only,OpenAlex,AIMBio-Mat: An AI-Native FAIR Platform for Closed-Loop Materials Discovery and Biomedical Translation,2026,ArXiv.org,,https://openalex.org/W7162149127,low_relevance,1
2031,archive,crossref_only,Crossref,AI-optimized design of hybrid functionally graded metal matrix composites for additive manufacturing and multifunctional engineering applications,2026,International Journal on Interactive Design and Manufacturing (IJIDeM),10.1007/s12008-026-02532-6,https://doi.org/10.1007/s12008-026-02532-6,low_relevance,1
2032,archive,crossref_only,Crossref,AI-guided design optimization of core–shell BCC lattices to achieve ultrahigh stiffness via multi-material 3D printing,2026,Thin-Walled Structures,10.1016/j.tws.2025.114299,https://doi.org/10.1016/j.tws.2025.114299,low_relevance,1
2033,archive,crossref_only,Crossref,AI-driven digital twins for smart manufacturing: a closed-loop framework for adaptive structural optimisation,2026,IET Conference Proceedings,10.1049/icp.2026.0528,https://doi.org/10.1049/icp.2026.0528,low_relevance,1
2034,archive,openalex_only,OpenAlex,"AI-Integrated predictive control and digital twin systems for high-yield, low-energy specialty chemicals batch manufacturing",2026,Engineering Science & Technology Journal,10.51594/estj.v7i6.2290,https://doi.org/10.51594/estj.v7i6.2290,low_relevance,1
2035,archive,openalex_only,OpenAlex,AI-Enhanced Additive Manufacturing for Bone Tissue Engineering: From PLA/Hydroxyapatite Composites to PEEK Implants,2026,Zenodo (CERN European Organization for Nuclear Research),10.5281/zenodo.20108107,https://doi.org/10.5281/zenodo.20108107,low_relevance,1
2036,archive,openalex_only,OpenAlex,AI-Enhanced Additive Manufacturing for Bone Tissue Engineering: From PLA/Hydroxyapatite Composites to PEEK Implants,2026,Zenodo (CERN European Organization for Nuclear Research),10.5281/zenodo.20108108,https://doi.org/10.5281/zenodo.20108108,low_relevance,1
2037,archive,openalex_only,OpenAlex,AI-ENABLED DIGITAL TWIN FRAMEWORK FOR MECHANICAL COMPONENTS OF ELECTROMECHANICAL SYSTEMS WITH DISTRIBUTED PARAMETERS,2026,Far East Journal of Experimental and Theoretical Artificial Intelligence,10.17654/0974325126005,https://doi.org/10.17654/0974325126005,low_relevance,1
2038,archive,openalex_only,OpenAlex,AI-Driven Digital Twins in Sustainable Manufacturing: A Critical Review,2026,Sustainability,10.3390/su18115785,https://doi.org/10.3390/su18115785,low_relevance,1
2039,archive,both_openalex_crossref,Crossref; OpenAlex,AI-Driven Digital Twin Framework for Real-Time Optimization of Smart Manufacturing Systems in Industry 5.0,2026,Journal of Mechanical Civil and Industrial Engineering,10.32996/jmcie.2026.7.4.1,https://doi.org/10.32996/jmcie.2026.7.4.1,low_relevance,1
2040,archive,openalex_only,OpenAlex,AI-Assisted 3D Modeling and Engineering Optimization of Artistic Mechanical Parts for TWS Earbud Charging Cases,2026,Exploring Science Academic Conference Series,10.70267/ic-aimees.20260407413,https://doi.org/10.70267/ic-aimees.20260407413,low_relevance,1
2041,archive,crossref_only,Crossref,ACCEL: Automated Closed-loop Co-Optimization and Experimentation Learning Enables Phase-Pure Identification in Formamidinium-based Dion–Jacobson Halide Perovskites,2026,Venue unknown,10.26434/chemrxiv-2026-8c93m,https://doi.org/10.26434/chemrxiv-2026-8c93m,low_relevance,1
2042,archive,crossref_only,Crossref,A voxelization method for multi-color and multi-material 3D printing models based on slice-to-volume reconstruction,2026,Progress in Additive Manufacturing,10.1007/s40964-025-01363-3,https://doi.org/10.1007/s40964-025-01363-3,low_relevance,1
2043,archive,openalex_only,OpenAlex,A unified rheological model for shape memory polymers in 4D printing: from additive manufacturing to thermomechanical programming,2026,Physica Scripta,10.1088/1402-4896/ae719e,https://doi.org/10.1088/1402-4896/ae719e,low_relevance,1
2044,archive,openalex_only,OpenAlex,A systematic literature review on the use of digital twin technology in electrical engineering research and applications,2026,Frontiers in Smart Grids,10.3389/frsgr.2026.1805035,https://doi.org/10.3389/frsgr.2026.1805035,low_relevance,1
2045,archive,openalex_only,OpenAlex,A structured framework for defining and prioritizing quality criteria for industrial digital twins,2026,Production Engineering,10.1007/s11740-026-01446-2,https://doi.org/10.1007/s11740-026-01446-2,low_relevance,1
2046,archive,openalex_only,OpenAlex,A robust offline digital twin for regenerative wastewater treatment: Multi-pollutant stress testing and resilience analysis,2026,Journal of Ecological Engineering,10.12911/22998993/217885,https://doi.org/10.12911/22998993/217885,low_relevance,1
2047,archive,crossref_only,Crossref,A review: digital twin application in bridge fire engineering and management,2026,Digital Twin,10.1080/27525783.2025.2545236,https://doi.org/10.1080/27525783.2025.2545236,low_relevance,1
2048,archive,openalex_only,OpenAlex,A review of intelligent chassis structure design for electric vehicles with centralized drive configurations,2026,Frontiers in Mechanical Engineering,10.3389/fmech.2026.1842880,https://doi.org/10.3389/fmech.2026.1842880,low_relevance,1
2049,archive,openalex_only,OpenAlex,A review of design and fabrication strategies for thermoplastic lightweight thin-walled stiffened shells and lattice structures utilizing fused-filament fabrication (FFF),2026,The International Journal of Advanced Manufacturing Technology,10.1007/s00170-026-18078-6,https://doi.org/10.1007/s00170-026-18078-6,low_relevance,1
2050,archive,openalex_only,OpenAlex,"A review of computational modeling, artificial intelligence, and digital twins in metal casting and foundry operations",2026,Discover Materials,10.1007/s43939-026-00685-5,https://doi.org/10.1007/s43939-026-00685-5,low_relevance,1
2051,archive,both_openalex_crossref,Crossref; OpenAlex,A modular and affordable self-driving laboratory enables vision-guided optimization of metal electrodeposition,2026,ChemRxiv,10.26434/chemrxiv.15001858/v2,https://doi.org/10.26434/chemrxiv.15001858/v2,low_relevance,1
2052,archive,both_openalex_crossref,Crossref; OpenAlex,A modular and affordable self-driving laboratory enables vision-guided optimization of metal electrodeposition,2026,ChemRxiv,10.26434/chemrxiv.15001858/v1,https://doi.org/10.26434/chemrxiv.15001858/v1,low_relevance,1
2053,archive,both_openalex_crossref,Crossref; OpenAlex,A meshing framework for digital twins for extrusion based additive manufacturing,2026,Additive Manufacturing,10.1016/j.addma.2026.105137,https://doi.org/10.1016/j.addma.2026.105137,low_relevance,1
2054,archive,openalex_only,OpenAlex,A low-cost partial Hardware-in-the-Loop virtual platform for dual-axis photovoltaic solar tracking control,2026,Engineering Research Express,10.1088/2631-8695/ae73e4,https://doi.org/10.1088/2631-8695/ae73e4,low_relevance,1
2055,archive,openalex_only,OpenAlex,A knowledge graph framework for digital twins of chemical processes,2026,Nature Chemical Engineering,10.1038/s44286-026-00392-1,https://doi.org/10.1038/s44286-026-00392-1,low_relevance,1
2056,archive,openalex_only,OpenAlex,A global approach for the digitalization of progressive sheet metal forming,2026,Transactions of the Indian Institute of Metals,10.1007/s12666-026-03848-3,https://doi.org/10.1007/s12666-026-03848-3,low_relevance,1
2057,archive,openalex_only,OpenAlex,A feature-centric decision-making framework for diagnosing and enhancing system efficiency in intelligent multi-agent manufacturing,2026,Scientific Reports,10.1038/s41598-026-56932-5,https://doi.org/10.1038/s41598-026-56932-5,low_relevance,1
2058,archive,crossref_only,Crossref,A digital twin-driven in-process monitoring system for the ultrasonic vibration-assisted milling,2026,Robotics and Computer-Integrated Manufacturing,10.1016/j.rcim.2025.103168,https://doi.org/10.1016/j.rcim.2025.103168,low_relevance,1
2059,archive,openalex_only,OpenAlex,A digital twin of evaporative thermo-fluidic process in the fixation unit of DoD inkjet printers,2026,Mechatronics,10.1016/j.mechatronics.2026.103558,https://doi.org/10.1016/j.mechatronics.2026.103558,low_relevance,1
2060,archive,crossref_only,Crossref,A digital twin framework for intelligent electric vehicle charging optimization in smart manufacturing systems,2026,Applied Energy,10.1016/j.apenergy.2025.127281,https://doi.org/10.1016/j.apenergy.2025.127281,low_relevance,1
2061,archive,crossref_only,Crossref,A digital twin approach for vibration prediction of converter transformers,2026,Digital Twin,10.1080/27525783.2026.2649426,https://doi.org/10.1080/27525783.2026.2649426,low_relevance,1
2062,archive,crossref_only,Crossref,A comprehensive overview of metallic multi-material additive manufacturing using laser-based and Electron-based methods,2026,Journal of Manufacturing Processes,10.1016/j.jmapro.2026.04.013,https://doi.org/10.1016/j.jmapro.2026.04.013,low_relevance,1
2063,archive,openalex_only,OpenAlex,A VP-based 3D Human Pose Correction and Digital Twin Mapping Framework Using a Single RGB Image,2026,Journal of the Korean Society for Precision Engineering,10.7736/jkspe.025.00035,https://doi.org/10.7736/jkspe.025.00035,low_relevance,1
2064,archive,both_openalex_crossref,Crossref; OpenAlex,A Self‐Driving Lab for Solution‐Processed Electrochromic Thin Films,2026,Advanced Intelligent Systems,10.1002/aisy.202600008,https://doi.org/10.1002/aisy.202600008,low_relevance,1
2065,archive,openalex_only,OpenAlex,A Review on Quality Control and Inspection Strategies in Aerospace Industry,2026,Iconic Research and Engineering Journals,10.64388/irev9i10-1716928,https://doi.org/10.64388/irev9i10-1716928,low_relevance,1
2066,archive,openalex_only,OpenAlex,"A Review of Welding Techniques in Metal Additive Manufacturing: Advancements, Challenges, and Future Directions",2026,SAE International Journal of Materials and Manufacturing,10.4271/05-19-04-0029,https://doi.org/10.4271/05-19-04-0029,low_relevance,1
2067,archive,openalex_only,OpenAlex,A Review of Modeling and Preparation of Functionally Graded Materials for Bone Tissue Engineering,2026,Material and Mechanical Engineering Technology,10.52209/2706-977x_2026_1_62,https://doi.org/10.52209/2706-977x_2026_1_62,low_relevance,1
2068,archive,openalex_only,OpenAlex,"A Review of AI-Driven Engineering Modelling and Optimization: Methodologies, Applications and Future Directions",2026,Algorithms,10.3390/a19020093,https://doi.org/10.3390/a19020093,low_relevance,1
2069,archive,openalex_only,OpenAlex,A Predictive Human Digital Twin Framework for Cognitiveand Stress State Dynamics,2026,Research Square,10.21203/rs.3.rs-9929298/v1,https://doi.org/10.21203/rs.3.rs-9929298/v1,low_relevance,1
2070,archive,openalex_only,OpenAlex,A Physics-Aware Latent Diffusion Framework for Mitigating Adversarial Perturbations in Manufacturing Quality Control,2026,Future Internet,10.3390/fi18010023,https://doi.org/10.3390/fi18010023,low_relevance,1
2071,archive,openalex_only,OpenAlex,A Neural Network-Enhanced Kalman Filter for Time Series Anomaly Detection in Cyber-Physical Systems,2026,Sensors,10.3390/s26082332,https://doi.org/10.3390/s26082332,low_relevance,1
2072,archive,openalex_only,OpenAlex,A Multi-Layer Digital Twin Framework for Enhanced Production Resilience in Railcar Manufacturing,2026,Research Square,10.21203/rs.3.rs-9569960/v1,https://doi.org/10.21203/rs.3.rs-9569960/v1,low_relevance,1
2073,archive,openalex_only,OpenAlex,A Hybrid Machine Learning and Swarm Optimization Framework for Real-Time Energy Prediction and Optimization in Additive Manufacturing,2026,International Research Journal of Multidisciplinary Technovation,10.54392/irjmt26314,https://doi.org/10.54392/irjmt26314,low_relevance,1
2074,archive,crossref_only,Crossref,A Hybrid Distorted Coordinate System and Bilayer TSP Optimization for Toolpath Planning in Wire-Arc Additive Manufacturing,2026,IEEE Transactions on Industrial Informatics,10.1109/tii.2026.3674787,https://doi.org/10.1109/tii.2026.3674787,low_relevance,1
2075,archive,openalex_only,OpenAlex,A Hybrid Digital Twin and AI Framework for Traffic Simulation and Route Finding,2026,"ISPRS annals of the photogrammetry, remote sensing and spatial information sciences",10.5194/isprs-annals-x-4-w8-2025-617-2026,https://doi.org/10.5194/isprs-annals-x-4-w8-2025-617-2026,low_relevance,1
2076,archive,openalex_only,OpenAlex,A Generalized Feature Model for Digital Twins,2026,ArXiv.org,,https://openalex.org/W7134290920,low_relevance,1
2077,archive,openalex_only,OpenAlex,A Geant4 digital twin for high-resolution neutron tomography of medieval filigree: detectability limits for Hg-rich amalgam gilding,2026,Research Square,10.21203/rs.3.rs-9518570/v1,https://doi.org/10.21203/rs.3.rs-9518570/v1,low_relevance,1
2078,archive,openalex_only,OpenAlex,A Federated Digital Twin Framework for Consumer Wellbeing Systems,2026,Systems,10.3390/systems14040417,https://doi.org/10.3390/systems14040417,low_relevance,1
2079,archive,openalex_only,OpenAlex,A Driver-Based Framework for Integrating Industry 4.0 Practices with Additive Manufacturing,2026,International Journal of Mechanical Engineering,10.14445/23488360/ijme-v13i3p106,https://doi.org/10.14445/23488360/ijme-v13i3p106,low_relevance,1
2080,archive,openalex_only,OpenAlex,A Digital Twin Framework for Corrosion Predictive Analysis,2026,Advanced and Sustainable Technologies (ASET),10.58915/aset.v5i1.3202,https://doi.org/10.58915/aset.v5i1.3202,low_relevance,1
2081,archive,crossref_only,Crossref,A Digital Twin Framework With Deep Feature Extraction and Gaussian Process for Multi-Objective Optimization in Semiconductor Manufacturing,2026,IEEE Transactions on Automation Science and Engineering,10.1109/tase.2025.3650620,https://doi.org/10.1109/tase.2025.3650620,low_relevance,1
2082,archive,both_openalex_crossref,Crossref; OpenAlex,A Digital Twin Approach for Agile Additive Manufacturing of Automotive Components,2026,"Computers, Materials &amp; Continua",10.32604/cmc.2026.075197,https://doi.org/10.32604/cmc.2026.075197,low_relevance,1
2083,archive,both_openalex_crossref,Crossref; OpenAlex,A Digital Twin Approach for Agile Additive Manufacturing of Automotive Components,2026,Research Square,10.21203/rs.3.rs-3865454/v2,https://doi.org/10.21203/rs.3.rs-3865454/v2,low_relevance,1
2084,archive,crossref_only,Crossref,A Deformation Estimation Method with Experimental Demonstration for 4D Printing (3D printing and deformation) Design Applications,2026,Venue unknown,10.21203/rs.3.rs-9410398/v1,https://doi.org/10.21203/rs.3.rs-9410398/v1,low_relevance,1
2085,archive,crossref_only,Crossref,A Data-Driven Digital Twin for Predicting Manufacturing Process Efficiency,2026,2026 IEEE International Conference on Industrial Technology (ICIT),10.1109/icit64854.2026.11490172,https://doi.org/10.1109/icit64854.2026.11490172,low_relevance,1
2086,archive,openalex_only,OpenAlex,A Cybersecurity Digital Twin Architecture for Modelling Threats in Interconnected Systems,2026,Applied Cybersecurity & Internet Governance,10.60097/acig/221493,https://doi.org/10.60097/acig/221493,low_relevance,1
2087,archive,openalex_only,OpenAlex,A Comprehensive Review on the Corrosion Resistance of Mg-Li Alloys,2026,Applied and Computational Engineering,10.54254/2755-2721/2026.33763,https://doi.org/10.54254/2755-2721/2026.33763,low_relevance,1
2088,archive,openalex_only,OpenAlex,"A Comprehensive Review of Integrating BIM, AI, and Additive Manufacturing for Net-Zero Construction",2026,Springer Link (Chiba Institute of Technology),10.1051/e3sconf/202670201021,https://doi.org/10.1051/e3sconf/202670201021,low_relevance,1
2089,archive,crossref_only,Crossref,A Closed-Loop Engineering Framework for Rapid Development of Unmanned Maritime Systems Using Integrated Digital and Additive Technologies,2026,Venue unknown,10.2139/ssrn.6559688,https://doi.org/10.2139/ssrn.6559688,low_relevance,1
2090,archive,openalex_only,OpenAlex,A Brain-Inspired Model for Efficient Graph Learning in Human Cyber Physical Networks,2026,Cognitive Computation,10.1007/s12559-026-10574-x,https://doi.org/10.1007/s12559-026-10574-x,low_relevance,1
2091,archive,crossref_only,Crossref,94Chapter 5 4D Printing in Dentistry (Odontology),2026,4D Printing in Healthcare,10.1515/9783111634609-005,https://doi.org/10.1515/9783111634609-005,low_relevance,1
2092,archive,crossref_only,Crossref,76Chapter 4 4D Printing in Orthopedic Medicine,2026,4D Printing in Healthcare,10.1515/9783111634609-004,https://doi.org/10.1515/9783111634609-004,low_relevance,1
2093,archive,crossref_only,Crossref,56Chapter 3 4D Printing in Healthcare of Biological Fabrications,2026,4D Printing in Healthcare,10.1515/9783111634609-003,https://doi.org/10.1515/9783111634609-003,low_relevance,1
2094,archive,crossref_only,Crossref,"4D printing of shape memory alloy metamaterials: Mechanisms, structures, and applications",2026,Metals Advances,10.1016/j.metadv.2026.01.008,https://doi.org/10.1016/j.metadv.2026.01.008,low_relevance,1
2095,archive,crossref_only,Crossref,4D printing of multi-state pH-responsive microstructures,2026,Venue unknown,10.26434/chemrxiv.15004096/v1,https://doi.org/10.26434/chemrxiv.15004096/v1,low_relevance,1
2096,archive,crossref_only,Crossref,"4D printing of fat analogs: inks, structures, and applications",2026,Future Fat Alternatives,10.1016/b978-0-443-29071-8.00010-6,https://doi.org/10.1016/b978-0-443-29071-8.00010-6,low_relevance,1
2097,archive,crossref_only,Crossref,4D printing of bio-composite tailored for NIR-light responsivity using liquid crystal display technique and its recovery modeling using central composite design,2026,Composites Part C: Open Access,10.1016/j.jcomc.2025.100680,https://doi.org/10.1016/j.jcomc.2025.100680,low_relevance,1
2098,archive,crossref_only,Crossref,4D printing of a bioadhesive shape memory elastomer,2026,Chemical Engineering Journal,10.1016/j.cej.2025.171686,https://doi.org/10.1016/j.cej.2025.171686,low_relevance,1
2099,archive,crossref_only,Crossref,4D Printing of Electrically Actuated Continuous Fiber-Reinforced Composite Sandwich Structures,2026,Venue unknown,10.2139/ssrn.6815757,https://doi.org/10.2139/ssrn.6815757,low_relevance,1
2100,archive,openalex_only,OpenAlex,4D Printing in Regenerative Medicine and Smart Wound Healing: StimuliResponsive Materials for Next-Generation Biomedical Devices,2026,International Journal of Drug Delivery Technology,10.25258/ijddt.16.42s.95,https://doi.org/10.25258/ijddt.16.42s.95,low_relevance,1
2101,archive,crossref_only,Crossref,4D Printing in Healthcare,2026,Venue unknown,10.1515/9783111634609,https://doi.org/10.1515/9783111634609,low_relevance,1
2102,archive,openalex_only,OpenAlex,4D BIM-Based Master Scheduling for Giga-Projects: Improving Schedule Reliability and Stakeholder Alignment,2026,Iconic Research and Engineering Journals,10.64388/irev9i12-1718608,https://doi.org/10.64388/irev9i12-1718608,low_relevance,1
2103,archive,crossref_only,Crossref,3D/4D printing of electromagnetic field-assisted multifunctional polymer composites,2026,Innovations in Advanced Materials and Manufacturing,10.1016/b978-0-443-28820-3.00014-7,https://doi.org/10.1016/b978-0-443-28820-3.00014-7,low_relevance,1
2104,archive,both_openalex_crossref,Crossref; OpenAlex,3D/4D Printing,2026,Chem &amp; Bio Engineering,10.1021/cbe.5c00152,https://doi.org/10.1021/cbe.5c00152,low_relevance,1
2105,archive,both_openalex_crossref,Crossref; OpenAlex,3D-printed smart reinforced beam for in-process monitoring,2026,"Nondestructive Characterization and Monitoring of Advanced Materials, Aerospace, Civil Infrastructure, and Transportation XX",10.1117/12.3090427,https://doi.org/10.1117/12.3090427,low_relevance,1
2106,archive,openalex_only,OpenAlex,3D-Printed Soft Denture Liners: A New Era in Digital Removable Prosthodontics- A Review.,2026,Zenodo (CERN European Organization for Nuclear Research),10.5281/zenodo.20379278,https://doi.org/10.5281/zenodo.20379278,low_relevance,1
2107,archive,openalex_only,OpenAlex,3D-Printed Soft Denture Liners: A New Era in Digital Removable Prosthodontics- A Review.,2026,Zenodo (CERN European Organization for Nuclear Research),10.5281/zenodo.20379277,https://doi.org/10.5281/zenodo.20379277,low_relevance,1
2108,archive,openalex_only,OpenAlex,3D-Printed Plantar Orthoses and the Conditional Viability of Recycled PLA,2026,Biomimetics,10.3390/biomimetics11060414,https://doi.org/10.3390/biomimetics11060414,low_relevance,1
2109,archive,openalex_only,OpenAlex,3D Printed Soft Actuator Evaluation: A Simulation and Experiment Approach,2026,Engineering Journal (Chulalongkorn University),10.4186/ej.2026.30.4.31,https://doi.org/10.4186/ej.2026.30.4.31,low_relevance,1
2110,archive,both_openalex_crossref,Crossref; OpenAlex,3D &amp; 4D Printing—In Engineering Applications,2026,Materials,10.3390/ma19071307,https://doi.org/10.3390/ma19071307,low_relevance,1
2111,archive,crossref_only,Crossref,32Chapter 2 4D Printing in Healthcare of Smart Materials,2026,4D Printing in Healthcare,10.1515/9783111634609-002,https://doi.org/10.1515/9783111634609-002,low_relevance,1
2112,archive,crossref_only,Crossref,201Chapter 12 On metal-based 5D printing possibilities for the development of functionally graded materials,2026,5D Printing,10.1515/9783111592657-012,https://doi.org/10.1515/9783111592657-012,low_relevance,1
2113,archive,crossref_only,Crossref,1Chapter 1 4D Printing in Biomedical Engineering: Introduction and Fundamental Concepts,2026,4D Printing in Healthcare,10.1515/9783111634609-001,https://doi.org/10.1515/9783111634609-001,low_relevance,1
2114,archive,crossref_only,Crossref,199Chapter 9 4D Printing in Cardiac Health,2026,4D Printing in Healthcare,10.1515/9783111634609-009,https://doi.org/10.1515/9783111634609-009,low_relevance,1
2115,archive,crossref_only,Crossref,174Chapter 8 Hydrogel-Based 4D Printing,2026,4D Printing in Healthcare,10.1515/9783111634609-008,https://doi.org/10.1515/9783111634609-008,low_relevance,1
2116,archive,crossref_only,Crossref,142Chapter 7 4D Printing in Stimuli-Responsive Materials,2026,4D Printing in Healthcare,10.1515/9783111634609-007,https://doi.org/10.1515/9783111634609-007,low_relevance,1
2117,archive,crossref_only,Crossref,118Chapter 6 4D Printing in Tissue Engineering,2026,4D Printing in Healthcare,10.1515/9783111634609-006,https://doi.org/10.1515/9783111634609-006,low_relevance,1
2118,archive,crossref_only,Crossref,"&lt;p class=""MDPI12title""&gt;In Situ Programming of Shape-Morphing Hydrogels via Vat Photopolymerization for 4D Bioprinting",2026,Venue unknown,10.20944/preprints202604.0205.v1,https://doi.org/10.20944/preprints202604.0205.v1,low_relevance,1
2119,archive,openalex_only,OpenAlex,&lt;b&gt;IOT-МОНІТОРИНГ ПРОЦЕСУ ЕКСТРУЗІЇ ПРИ ВИРОБНИЦТВІ СНЕКІВ НА ДВОШНЕКОВОМУ ЕКСТРУДЕРІ&lt;/b&gt;&lt;b&gt;&lt;/b&gt;,2026,Перспективні технології та прилади,10.36910/10.36910/6775-2313-5352-2026-28-9,https://doi.org/10.36910/10.36910/6775-2313-5352-2026-28-9,low_relevance,1
2120,archive,both_openalex_crossref,Crossref; OpenAlex,&lt;b&gt;Conceptualizing Cognitive and Agentic Digital Twins&lt;/b&gt;,2026,International Multidisciplinary Journal of Emerging Technologies and Applications,10.67294/knpyhb26,https://doi.org/10.67294/knpyhb26,low_relevance,1
2121,archive,openalex_only,OpenAlex,Digital Twin for Fused Filament Fabrication (FFF),2025,Zenodo (CERN European Organization for Nuclear Research),10.5281/zenodo.18270596,https://doi.org/10.5281/zenodo.18270596,duplicate_title,7
2122,archive,crossref_only,Crossref,Multimaterial 3d Printing of Structured Surfaces for Increased Hydrophobicity of Biocomposite Materials,2025,Venue unknown,10.2139/ssrn.5159002,https://doi.org/10.2139/ssrn.5159002,duplicate_title,6
2123,archive,crossref_only,Crossref,Laser-Based Powder Bed Fusion Additive Manufacturing of Thinner Walls Through Re-melting,2025,Venue unknown,10.21203/rs.3.rs-6074274/v1,https://doi.org/10.21203/rs.3.rs-6074274/v1,duplicate_title,6
2124,archive,openalex_only,OpenAlex,Enabling Intelligent Industrial Automation: A Review of Machine Learning Applications with Digital Twin and Edge AI Integration,2025,Preprints.org,10.20944/preprints202506.2041.v1,https://doi.org/10.20944/preprints202506.2041.v1,duplicate_title,6
2125,archive,both_openalex_crossref,Crossref; OpenAlex,An Open-Source and Low-Cost Dual Extruder 3D Printer for Macroscale Biotic Materials,2025,Venue unknown,10.31224/5471,https://doi.org/10.31224/5471,duplicate_title,6
2126,archive,openalex_only,OpenAlex,Wire-arc Additive Manufacturing Open Repository,2025,Zenodo (CERN European Organization for Nuclear Research),10.5281/zenodo.17608625,https://doi.org/10.5281/zenodo.17608625,duplicate_title,5
2127,archive,both_openalex_crossref,Crossref; OpenAlex,Volumetric Additive Manufacturing of Composites via Hydrogel Infusion,2025,ACS Materials Letters,10.1021/acsmaterialslett.5c00407,https://doi.org/10.1021/acsmaterialslett.5c00407,duplicate_title,5
2128,archive,both_openalex_crossref,Crossref; OpenAlex,Spatially Programmable 4D Printing of Photoresponsive Liquid Crystal Elastomers for Adaptive Energy Dissipation,2025,SSRN Electronic Journal,10.2139/ssrn.5763134,https://doi.org/10.2139/ssrn.5763134,duplicate_title,5
2129,archive,openalex_only,OpenAlex,Oxygen Saturation as a Strategy to Mitigate User-Induced Variation in Tomographic Volumetric Additive Manufacturing,2025,Texas Digital Library (University of Texas),10.26153/tsw/63599,https://doi.org/10.26153/tsw/63599,duplicate_title,5
2130,archive,crossref_only,Crossref,Magnetic Beneficiation - a Novel Approach to Facilitate Additive Manufacturing of Lunar Regolith Ceramics by Vat Photopolymerization,2025,Venue unknown,10.2139/ssrn.5220867,https://doi.org/10.2139/ssrn.5220867,duplicate_title,5
2131,archive,openalex_only,OpenAlex,Lensless and Lossless HoloVAM,2025,ArXiv.org,,https://openalex.org/W7113916098,duplicate_title,5
2132,archive,openalex_only,OpenAlex,High-Strength andFast-Response Liquid Crystal ElastomerFiber and Fabric Actuators,2025,Figshare,10.1021/acsami.5c09353.s001,https://doi.org/10.1021/acsami.5c09353.s001,duplicate_title,5
2133,archive,openalex_only,OpenAlex,High-Strength andFast-Response Liquid Crystal ElastomerFiber and Fabric Actuators,2025,Figshare,10.1021/acsami.5c09353.s007,https://doi.org/10.1021/acsami.5c09353.s007,duplicate_title,5
2134,archive,openalex_only,OpenAlex,High-Strength andFast-Response Liquid Crystal ElastomerFiber and Fabric Actuators,2025,Figshare,10.1021/acsami.5c09353.s006,https://doi.org/10.1021/acsami.5c09353.s006,duplicate_title,5
2135,archive,openalex_only,OpenAlex,High-Strength andFast-Response Liquid Crystal ElastomerFiber and Fabric Actuators,2025,Figshare,10.1021/acsami.5c09353.s005,https://doi.org/10.1021/acsami.5c09353.s005,duplicate_title,5
2136,archive,openalex_only,OpenAlex,High-Strength andFast-Response Liquid Crystal ElastomerFiber and Fabric Actuators,2025,Figshare,10.1021/acsami.5c09353.s002,https://doi.org/10.1021/acsami.5c09353.s002,duplicate_title,5
2137,archive,openalex_only,OpenAlex,High-Strength andFast-Response Liquid Crystal ElastomerFiber and Fabric Actuators,2025,Figshare,10.1021/acsami.5c09353.s003,https://doi.org/10.1021/acsami.5c09353.s003,duplicate_title,5
2138,archive,openalex_only,OpenAlex,High-Strength andFast-Response Liquid Crystal ElastomerFiber and Fabric Actuators,2025,Figshare,10.1021/acsami.5c09353.s009,https://doi.org/10.1021/acsami.5c09353.s009,duplicate_title,5
2139,archive,openalex_only,OpenAlex,High-Strength andFast-Response Liquid Crystal ElastomerFiber and Fabric Actuators,2025,Figshare,10.1021/acsami.5c09353.s008,https://doi.org/10.1021/acsami.5c09353.s008,duplicate_title,5
2140,archive,crossref_only,Crossref,Exploring the Impact of Volumetric Additive Manufacturing of Photo-crosslinkable Gelatin on Mesenchymal Stromal Cell Behavior and Differentiation,2025,Venue unknown,10.1101/2025.02.17.638591,https://doi.org/10.1101/2025.02.17.638591,duplicate_title,5
2141,archive,crossref_only,Crossref,Experimental Validation of the Ensemble Kalman Filter as a Laser Powder Bed Fusion Digital Twin,2025,Venue unknown,10.2139/ssrn.5405399,https://doi.org/10.2139/ssrn.5405399,duplicate_title,5
2142,archive,crossref_only,Crossref,Enhanced Volumetric Additive Manufacturing via Reversible Addition-Fragmentation Chain Transfer (RAFT) Polymerization,2025,Venue unknown,10.26434/chemrxiv-2025-q9lgn,https://doi.org/10.26434/chemrxiv-2025-q9lgn,duplicate_title,5
2143,archive,openalex_only,OpenAlex,Automatic exposure volumetric additive manufacturing,2025,ArXiv.org,10.48550/arxiv.2501.09332,https://doi.org/10.48550/arxiv.2501.09332,duplicate_title,5
2144,archive,crossref_only,Crossref,Wire-Based Additive Manufacturing of Multi-Material Structures: A Review,2025,Journal of Composites Science,10.3390/jcs9100534,https://doi.org/10.3390/jcs9100534,low_relevance,1
2145,archive,openalex_only,OpenAlex,Wet-Spun Disulphide LCE Fibres for Continuous Production of Fibrous Artificial Muscles,2025,Polymers,10.3390/polym17202789,https://doi.org/10.3390/polym17202789,low_relevance,1
2146,archive,crossref_only,Crossref,Weldability Evaluation for Alloy Design and Wire Arc Additive Manufacturing of Functionally Graded Materials for Harsh Service Environments,2025,Venue unknown,10.21203/rs.3.rs-7973952/v1,https://doi.org/10.21203/rs.3.rs-7973952/v1,low_relevance,1
2147,archive,crossref_only,Crossref,Water-Responsive hydroplastic 4D printing with programmable shape morphing and locking,2025,Materials &amp; Design,10.1016/j.matdes.2025.114688,https://doi.org/10.1016/j.matdes.2025.114688,low_relevance,1
2148,archive,crossref_only,Crossref,"Vision-based sensing and digital twin technologies in conformal 3D concrete printing: exploring operational accuracy, adaptability, and scalability, and investigating monitoring capabilities in large-scale applications",2025,Construction Robotics,10.1007/s41693-024-00145-7,https://doi.org/10.1007/s41693-024-00145-7,low_relevance,1
2149,archive,crossref_only,Crossref,Vision-assisted 4D printing of a silicone gripper with integrated sensors and high energy density actuators,2025,4D Printing,10.1108/4dp-06-2025-0013,https://doi.org/10.1108/4dp-06-2025-0013,low_relevance,1
2150,archive,crossref_only,Crossref,Vision-Guided Robotic Automation for Materials Informatics: Enabling Autonomous Additive Manufacturing in Self-Driving Laboratories,2025,"2025 XXX International Conference on Information, Communication and Automation Technologies (ICAT)",10.1109/icat66432.2025.11189288,https://doi.org/10.1109/icat66432.2025.11189288,low_relevance,1
2151,archive,crossref_only,Crossref,Video Diffusion based Digital Twin for Large Format Additive Manufacturing,2025,2025 IEEE 21st International Conference on Automation Science and Engineering (CASE),10.1109/case58245.2025.11163898,https://doi.org/10.1109/case58245.2025.11163898,low_relevance,1
2152,archive,openalex_only,OpenAlex,Using Multi-Material Additive Manufacturing and Targeting Active Applications in the Design and Development of Hydrophobic Surfaces,2025,TSpace,,https://openalex.org/W7133006196,low_relevance,1
2153,archive,crossref_only,Crossref,Unlocking the flexibility of multi-material 3D extrusion printing for soft iontronics,2025,Venue unknown,10.26434/chemrxiv-2024-6vjkz-v2,https://doi.org/10.26434/chemrxiv-2024-6vjkz-v2,low_relevance,1
2154,archive,both_openalex_crossref,Crossref; OpenAlex,Two-photon polymerization based 4D printing of poly(N-isopropylacrylamide) hydrogel microarchitectures for reversible shape morphing,2025,Scientific Reports,10.1038/s41598-025-06269-2,https://doi.org/10.1038/s41598-025-06269-2,low_relevance,1
2155,archive,openalex_only,OpenAlex,Two for one: Semi-crystalline and amorphous materials via multi-temperature 3D printing from one formulation,2025,ChemRxiv,10.26434/chemrxiv-2025-kc7l8,https://doi.org/10.26434/chemrxiv-2025-kc7l8,low_relevance,1
2156,archive,crossref_only,Crossref,"Transforming Indian Steel Manufacturing: MCDM-Based Evaluation of Cyber-Physical Systems for Cost Efficiency, Resilience and Sustainability",2025,Volume 3: Advances in Thermal Technologies; Advances in Semiconductor Manufacturing; Clean Energy Technologies &amp; Systems; Cyber Physical Systems + AI / ML,10.1115/imece-india2025-161210,https://doi.org/10.1115/imece-india2025-161210,low_relevance,1
2157,archive,crossref_only,Crossref,Towards a Cyber-Physical Production System With Digital Workpiece Twin for Automated Turbine Blade Repair,2025,"Volume 8: Structures and Dynamics — Bearing &amp; Seal Dynamics; Emerging Methods in Engineering Design, Analysis and Additive Manufacturing; Fatigue, Fracture &amp; Life Prediction; Probabilistic Methods; Rotordynamics",10.1115/gt2025-154132,https://doi.org/10.1115/gt2025-154132,low_relevance,1
2158,archive,crossref_only,Crossref,Towards Digital Twin in Additive Manufacturing: A Multi-fidelity Approach for Enhancing LPBF Process Modeling with In-situ Data,2025,Lecture Notes in Mechanical Engineering,10.1007/978-3-031-99501-9_8,https://doi.org/10.1007/978-3-031-99501-9_8,low_relevance,1
2159,archive,crossref_only,Crossref,Towards Digital Twin for Human Skeleton in Smart Manufacturing with Predictive Modelling,2025,Human-Centric Smart Manufacturing Towards Industry 5.0,10.1007/978-3-031-82170-7_7,https://doi.org/10.1007/978-3-031-82170-7_7,low_relevance,1
2160,archive,crossref_only,Crossref,Toward a Digital Design Framework for the Thermal Tunability of 3D Printed Envelopes,2025,3D Printing and Additive Manufacturing,10.1089/3dp.2023.0356,https://doi.org/10.1089/3dp.2023.0356,low_relevance,1
2161,archive,crossref_only,Crossref,Toward Smart Healthcare in the Digital Twin Ecosystem,2025,Driving Innovation through AI and Digital Twin for 6G Powered Sustainable Ultra Smart Cities,10.1002/9781394411320.ch10,https://doi.org/10.1002/9781394411320.ch10,low_relevance,1
2162,archive,crossref_only,Crossref,Toward Smart Healthcare in Digital Twin for 6G‐Powered Sustainable Ultra‐Smart Cities,2025,Driving Innovation through AI and Digital Twin for 6G Powered Sustainable Ultra Smart Cities,10.1002/9781394411320.ch8,https://doi.org/10.1002/9781394411320.ch8,low_relevance,1
2163,archive,crossref_only,Crossref,Toward Smart Healthcare in Digital Twin Featuring AI for Innovation in Smart Cities and Sustainability,2025,Driving Innovation through AI and Digital Twin for 6G Powered Sustainable Ultra Smart Cities,10.1002/9781394411320.ch7,https://doi.org/10.1002/9781394411320.ch7,low_relevance,1
2164,archive,crossref_only,Crossref,"Tough, Ductile, and Strong Hard-Soft Cementitious Composite Enabled by Multi-Material Additive Manufacturing",2025,Venue unknown,10.2139/ssrn.5963517,https://doi.org/10.2139/ssrn.5963517,low_relevance,1
2165,archive,crossref_only,Crossref,Topology optimization of 3D-printed material architectures: Testing toolpath consideration in design,2025,Materials &amp; Design,10.1016/j.matdes.2025.114700,https://doi.org/10.1016/j.matdes.2025.114700,low_relevance,1
2166,archive,crossref_only,Crossref,Topology Optimization of Direct Ink Writing 3d Printed Material Architectures: Testing the Importance of Toolpath Consideration in Design,2025,Venue unknown,10.2139/ssrn.5228197,https://doi.org/10.2139/ssrn.5228197,low_relevance,1
2167,archive,crossref_only,Crossref,Time-Optimal Trajectory Planning for Task-Space Path Tracking With Velocity Uniformity in Digital Light Processing Multi-Material Printing,2025,Journal of Computing and Information Science in Engineering,10.1115/1.4069213,https://doi.org/10.1115/1.4069213,low_relevance,1
2168,archive,openalex_only,OpenAlex,Three-Dimensionally Printed Scaffolds and Drug Delivery Systems in Treatment of Osteoporosis,2025,Biomimetics,10.3390/biomimetics10070429,https://doi.org/10.3390/biomimetics10070429,low_relevance,1
2169,archive,crossref_only,Crossref,Three-Dimensional Multi-material Parts,2025,Springer Tracts in Additive Manufacturing,10.1007/978-3-031-78350-0_6,https://doi.org/10.1007/978-3-031-78350-0_6,low_relevance,1
2170,archive,crossref_only,Crossref,Thermal responses of 3D-printed liquid crystal elastomer microcubes,2025,Liquid Crystals,10.1080/02678292.2025.2499853,https://doi.org/10.1080/02678292.2025.2499853,low_relevance,1
2171,archive,crossref_only,Crossref,The development of a digital twin concept system,2025,Digital Twin,10.12688/digitaltwin.17599.3,https://doi.org/10.12688/digitaltwin.17599.3,low_relevance,1
2172,archive,both_openalex_crossref,Crossref; OpenAlex,The Rise of Smart Materials,2025,4D Printing Technology,10.1002/9781394213795.ch3,https://doi.org/10.1002/9781394213795.ch3,low_relevance,1
2173,archive,crossref_only,Crossref,The Fourth Dimension Transforming Manufacturing With 4D Printing,2025,"Materials, Techniques, and Ecological Impact of Sustainable Prototyping",10.4018/979-8-3373-5473-6.ch006,https://doi.org/10.4018/979-8-3373-5473-6.ch006,low_relevance,1
2174,archive,both_openalex_crossref,Crossref; OpenAlex,Systematic review of multiscale thermal prediction models for FDM/FFF additive manufacturing: Toward digital twin integration with physics-informed machine learning,2025,Results in Engineering,10.1016/j.rineng.2025.108087,https://doi.org/10.1016/j.rineng.2025.108087,low_relevance,1
2175,archive,crossref_only,Crossref,Systematic Design of Metallic Functionally Graded Materials &amp; Structures,2025,Venue unknown,10.31224/4363,https://doi.org/10.31224/4363,low_relevance,1
2176,archive,both_openalex_crossref,Crossref; OpenAlex,Sweat gland-inspired skin soft actuators of the liquid crystal elastomer enabled by 3D printing,2025,Chemical Engineering Journal,10.1016/j.cej.2025.160261,https://doi.org/10.1016/j.cej.2025.160261,low_relevance,1
2177,archive,openalex_only,OpenAlex,Sustainable prospects of lignocellulosic wood and natural fiber-based materials in 3D and 4D printing,2025,Advanced Composites and Hybrid Materials,10.1007/s42114-025-01273-6,https://doi.org/10.1007/s42114-025-01273-6,low_relevance,1
2178,archive,openalex_only,OpenAlex,Sustainable 4D Printable Biobased Shape Memory Polymers with Linear Tunability and Multistimuli Actuation for Advanced Applications,2025,Small Science,10.1002/smsc.202500104,https://doi.org/10.1002/smsc.202500104,low_relevance,1
2179,archive,crossref_only,Crossref,Study on the microstructure and properties of TC4-Cu functionally graded alloy fabricated by laser wire-powder synchronous additive manufacturing,2025,Optics &amp; Laser Technology,10.1016/j.optlastec.2025.113781,https://doi.org/10.1016/j.optlastec.2025.113781,low_relevance,1
2180,archive,crossref_only,Crossref,Strengthening mechanical performance with machine learning-assisted toolpath planning for additive manufacturing of continuous fiber reinforced polymer composites,2025,Journal of Manufacturing Processes,10.1016/j.jmapro.2025.03.061,https://doi.org/10.1016/j.jmapro.2025.03.061,low_relevance,1
2181,archive,both_openalex_crossref,Crossref; OpenAlex,Stimulus-responsive gradient hydrogel micro-actuators fabricated by two-photon polymerization-based 4D printing,2025,Nanotechnology Reviews,10.1515/ntrev-2025-0145,https://doi.org/10.1515/ntrev-2025-0145,low_relevance,1
2182,archive,crossref_only,Crossref,Stimulus-Responsive Biocompatible Nanocomposites in Medicine and 4D Printing,2025,Advanced Structured Materials,10.1007/978-981-96-7450-3_6,https://doi.org/10.1007/978-981-96-7450-3_6,low_relevance,1
2183,archive,crossref_only,Crossref,Stimuli in 4D Printing of Foods,2025,4D Printing of Foods,10.1002/9781394305285.ch7,https://doi.org/10.1002/9781394305285.ch7,low_relevance,1
2184,archive,crossref_only,Crossref,State of the art and future directions of digital twin-enabled smart assembly automation in discrete manufacturing industries,2025,International Journal of Computer Integrated Manufacturing,10.1080/0951192x.2024.2387775,https://doi.org/10.1080/0951192x.2024.2387775,low_relevance,1
2185,archive,openalex_only,OpenAlex,Spectral tuning and nanoscale localization of single color centers in silicon via controllable strain,2025,Nature Communications,10.1038/s41467-025-63871-8,https://doi.org/10.1038/s41467-025-63871-8,low_relevance,1
2186,archive,crossref_only,Crossref,Spatial-temporal data analysis of digital twin,2025,Digital Twin,10.12688/digitaltwin.17446.1,https://doi.org/10.12688/digitaltwin.17446.1,low_relevance,1
2187,archive,crossref_only,Crossref,Sofas that self-assemble when you heat them up? How 4D printing could transform manufacturing,2025,Venue unknown,10.64628/ab.wsstv5fsf,https://doi.org/10.64628/ab.wsstv5fsf,low_relevance,1
2188,archive,crossref_only,Crossref,Smart materials for flexible devices: 3D and 4D printing with electromagnetic stimuli-responsive capabilities,2025,Advances in 3D and 4D Printing of Medical Robots and Devices,10.1016/b978-0-443-24861-0.00005-8,https://doi.org/10.1016/b978-0-443-24861-0.00005-8,low_relevance,1
2189,archive,openalex_only,OpenAlex,Smart manufacturing towards cyber-physical resilience in 3D printing process monitoring and anomaly detection,2025,Research Square,10.21203/rs.3.rs-7368558/v1,https://doi.org/10.21203/rs.3.rs-7368558/v1,low_relevance,1
2190,archive,crossref_only,Crossref,Smart cities with digital twin systems for disaster management,2025,Digital Twin and Blockchain for Sensor Networks in Smart Cities,10.1016/b978-0-443-30076-9.00026-1,https://doi.org/10.1016/b978-0-443-30076-9.00026-1,low_relevance,1
2191,archive,crossref_only,Crossref,Smart Materials in Motion: A Comprehensive Review of 4D Printing Technologies and Thermal-Induced Shape Memory Polymers,2025,Venue unknown,10.22541/au.174940808.86837002/v1,https://doi.org/10.22541/au.174940808.86837002/v1,low_relevance,1
2192,archive,crossref_only,Crossref,Smart Manufacturing Using Advanced Technologies for Human Robot Collaboration,2025,Volume 2: Advanced Manufacturing,10.1115/imece2025-166047,https://doi.org/10.1115/imece2025-166047,low_relevance,1
2193,archive,crossref_only,Crossref,Smart Manufacturing Innovation Through the Integration of Digital Twin and IoT Energy Management,2025,"International Journal of Control, Automation and Systems",10.1007/s12555-025-0046-1,https://doi.org/10.1007/s12555-025-0046-1,low_relevance,1
2194,archive,crossref_only,Crossref,Smart Agriculture and Digital Twins,2025,Blockchain and Digital Twin Applications in Smart Agriculture,10.1201/9781003507390-2,https://doi.org/10.1201/9781003507390-2,low_relevance,1
2195,archive,both_openalex_crossref,Crossref; OpenAlex,Single-process 3D-printed bimorph electrothermal soft actuators,2025,International Journal of Mechanical Sciences,10.1016/j.ijmecsci.2025.110299,https://doi.org/10.1016/j.ijmecsci.2025.110299,low_relevance,1
2196,archive,crossref_only,Crossref,Simultaneous optimization of topology and bi-material distribution of three-dimensional structures for addressing local heat accumulation in layer-upon-layer additive manufacturing process,2025,Computers &amp; Structures,10.1016/j.compstruc.2024.107632,https://doi.org/10.1016/j.compstruc.2024.107632,low_relevance,1
2197,archive,crossref_only,Crossref,Simulation-Coupled Dynamic Path Planning in Directed Energy Deposition Additive Manufacturing,2025,Venue unknown,10.2139/ssrn.5642040,https://doi.org/10.2139/ssrn.5642040,low_relevance,1
2198,archive,crossref_only,Crossref,Simulation and Optimization of an Intelligent Sorting System for Industrial Robots Based on Digital Twin and Reinforcement Learning,2025,2025 6th International Conference on Mechanical Automation and Intelligent Manufacturing (MAIM),10.1109/maim68393.2025.11470095,https://doi.org/10.1109/maim68393.2025.11470095,low_relevance,1
2199,archive,crossref_only,Crossref,Shear strength at the interface between polylactic-acid and thermoplastic polyurethane layers processed with multi-material additive manufacturing,2025,Manufacturing Letters,10.1016/j.mfglet.2025.06.201,https://doi.org/10.1016/j.mfglet.2025.06.201,low_relevance,1
2200,archive,crossref_only,Crossref,Sequential pool-based batch-mode active learning based on weighted uncertainty difference sampling for automated warping detection in additive manufacturing,2025,Journal of Manufacturing Processes,10.1016/j.jmapro.2025.09.016,https://doi.org/10.1016/j.jmapro.2025.09.016,low_relevance,1
2201,archive,crossref_only,Crossref,"Security of cyber-physical Additive Manufacturing supply chain: Survey, attack taxonomy and solutions",2025,Computers &amp; Security,10.1016/j.cose.2025.104557,https://doi.org/10.1016/j.cose.2025.104557,low_relevance,1
2202,archive,crossref_only,Crossref,Security Solutions for Smart Cities Using Digital Twin,2025,Driving Innovation through AI and Digital Twin for 6G Powered Sustainable Ultra Smart Cities,10.1002/9781394411320.ch4,https://doi.org/10.1002/9781394411320.ch4,low_relevance,1
2203,archive,crossref_only,Crossref,Security Compliance for Smart Manufacturing Using Knowledgegraph Based Digital Twin,2025,2025 IEEE International Conference on Big Data (BigData),10.1109/bigdata66926.2025.11402304,https://doi.org/10.1109/bigdata66926.2025.11402304,low_relevance,1
2204,archive,crossref_only,Crossref,Scheduling in Industry 4.0: A Digital Twin-based approach for scheduling and smart Material-Handling Considerations,2025,Manufacturing Letters,10.1016/j.mfglet.2025.06.018,https://doi.org/10.1016/j.mfglet.2025.06.018,low_relevance,1
2205,archive,crossref_only,Crossref,Scaling Up Path Planning Optimization for Uniform Thermal Fields in Deposition-Based Additive Manufacturing,2025,Venue unknown,10.2139/ssrn.5104705,https://doi.org/10.2139/ssrn.5104705,low_relevance,1
2206,archive,crossref_only,Crossref,"SYSTEMATIC LITERATURE REVIEW ON DIGITAL TWIN-ENABLED PROCESS OPTIMISATION IN LARGE-SCALE APPAREL MANUFACTURING: FRAMEWORKS, FACTORS, AND APPLICATIONS IN DEVELOPING ECONOMIES",2025,Proceedings of the 16th International Conference on Business and Information (ICBI) - 2025,10.64920/icbi25049,https://doi.org/10.64920/icbi25049,low_relevance,1
2207,archive,openalex_only,OpenAlex,"STEP-NC in additive manufacturing: a comprehensive review, architecture, and data model proposal",2025,The International Journal of Advanced Manufacturing Technology,10.1007/s00170-025-15290-8,https://doi.org/10.1007/s00170-025-15290-8,low_relevance,1
2208,archive,both_openalex_crossref,Crossref; OpenAlex,Rotary 4D Printing of Programmable Metamaterials on Sustainable 4D Mandrel,2025,Advanced Materials Technologies,10.1002/admt.202501581,https://doi.org/10.1002/admt.202501581,low_relevance,1
2209,archive,crossref_only,Crossref,Roles of Digital Twin in Wireless Networks,2025,Digital Twinning for Discrete Manufacturing,10.1201/9781003610151-17,https://doi.org/10.1201/9781003610151-17,low_relevance,1
2210,archive,crossref_only,Crossref,Role of digital twin and blockchain for personal security,2025,Digital Twin and Blockchain for Sensor Networks in Smart Cities,10.1016/b978-0-443-30076-9.00023-6,https://doi.org/10.1016/b978-0-443-30076-9.00023-6,low_relevance,1
2211,archive,crossref_only,Crossref,Role of blockchain and digital twin technologies in modern smart grids,2025,Digital Twin and Blockchain for Sensor Networks in Smart Cities,10.1016/b978-0-443-30076-9.00010-8,https://doi.org/10.1016/b978-0-443-30076-9.00010-8,low_relevance,1
2212,archive,crossref_only,Crossref,Role of additive manufacturing in developing functionally graded materials for nuclear applications,2025,Frontiers in Nuclear Engineering,10.3389/fnuen.2025.1603437,https://doi.org/10.3389/fnuen.2025.1603437,low_relevance,1
2213,archive,crossref_only,Crossref,Robust-Fuzzy Optimization Model for Personalized Digital Advertising with a Digital Twin and Cognitive Intelligence Approach,2025,Journal of Future Digital Optimization,10.63630/jfdo.13.1,https://doi.org/10.63630/jfdo.13.1,low_relevance,1
2214,archive,crossref_only,Crossref,Robosense 3.0: CERA III Adaptive Robotic Clay Printing,2025,3D Printing and Additive Manufacturing,10.1177/23297662251388855,https://doi.org/10.1177/23297662251388855,low_relevance,1
2215,archive,crossref_only,Crossref,Review on multi-material 3D printing via FDM: insights into mechanical performance and printing parameters,2025,Archives of Materials Science and Engineering,10.5604/01.3001.0055.4326,https://doi.org/10.5604/01.3001.0055.4326,low_relevance,1
2216,archive,crossref_only,Crossref,Reversible 4D printing behavior of a single-layer elastomer strip additively manufactured from smart material filaments (SMFs) varying pH and thickness,2025,Materials Science and Engineering: B,10.1016/j.mseb.2025.118205,https://doi.org/10.1016/j.mseb.2025.118205,low_relevance,1
2217,archive,crossref_only,Crossref,Resilient Smart Manufacturing Systems Using Predictive Analytics and Digital Twin Technologies,2025,Journal of Sustainable Development and Policy,10.63125/m7zdfp94,https://doi.org/10.63125/m7zdfp94,low_relevance,1
2218,archive,crossref_only,Crossref,Residual stress control in large-format additive manufacturing of polylactic acid via a digital twin and in-operando imaging,2025,Materials &amp; Design,10.1016/j.matdes.2025.114870,https://doi.org/10.1016/j.matdes.2025.114870,low_relevance,1
2219,archive,crossref_only,Crossref,Research progress and prospect of additive manufacturing technology for the preparation of functionally graded materials,2025,International Journal of Frontiers in Engineering Technology,10.25236/ijfet.2025.070213,https://doi.org/10.25236/ijfet.2025.070213,low_relevance,1
2220,archive,crossref_only,Crossref,Research on the virtual simulation system of intelligent manufacturing production line teaching based on digital twin,2025,Proceedings of the 2025 International Conference on Artificial Intelligence and Smart Manufacturing,10.1145/3756423.3756455,https://doi.org/10.1145/3756423.3756455,low_relevance,1
2221,archive,crossref_only,Crossref,Research on the Construction of Papermaking process Model based on Digital Twin,2025,Computational Techniques for Smart Manufacturing in Industry 5.0,10.1201/9781003399322-14,https://doi.org/10.1201/9781003399322-14,low_relevance,1
2222,archive,crossref_only,Crossref,Research on the Bolt-Tightening Process Based on Digital Twin Technology,2025,Venue unknown,10.2139/ssrn.5098296,https://doi.org/10.2139/ssrn.5098296,low_relevance,1
2223,archive,crossref_only,Crossref,Research on the Application of Digital Twin Technology in Full-Process Visualization and Collaborative Optimization of Supply Chains,2025,Global vision research,10.69979/3041-0843.25.04.068,https://doi.org/10.69979/3041-0843.25.04.068,low_relevance,1
2224,archive,crossref_only,Crossref,Research on optimization method of coal mine safety investment driven by digital twin-enabled INFO-SVR,2025,Process Safety and Environmental Protection,10.1016/j.psep.2025.107345,https://doi.org/10.1016/j.psep.2025.107345,low_relevance,1
2225,archive,crossref_only,Crossref,Research on functionally graded bimetallic material of nickel-aluminum bronze/Hastelloy C-276 fabricated via cold metal transfer additive manufacturing,2025,Journal of Materials Research and Technology,10.1016/j.jmrt.2025.05.075,https://doi.org/10.1016/j.jmrt.2025.05.075,low_relevance,1
2226,archive,crossref_only,Crossref,Research on digital twin method of four-axis robotic arm,2025,Proceedings of the 2025 International Conference on Artificial Intelligence and Smart Manufacturing,10.1145/3756423.3756494,https://doi.org/10.1145/3756423.3756494,low_relevance,1
2227,archive,crossref_only,Crossref,Research on Digital Twin-based safety teaching model in digital manufacturing: a new pathway for integrated vocational education,2025,Creating Smart and Safe Manufacturing Environments,10.1049/pbme028e_ch7,https://doi.org/10.1049/pbme028e_ch7,low_relevance,1
2228,archive,crossref_only,Crossref,Research on Biomimetic Additive Manufacturing Technology Based on Digital Twin,2025,Journal of Applied Mathematics and Physics,10.4236/jamp.2025.1312245,https://doi.org/10.4236/jamp.2025.1312245,low_relevance,1
2229,archive,crossref_only,Crossref,Research and Development of Key Technologies for Digital Twin Intelligent Production Line System,2025,Proceedings of the 2025 International Conference on Artificial Intelligence and Smart Manufacturing,10.1145/3756423.3756495,https://doi.org/10.1145/3756423.3756495,low_relevance,1
2230,archive,crossref_only,Crossref,Research and Application Progress of Human Motion Digital Twin for Human-centric Smart Manufacturing,2025,Journal of Mechanical Engineering,10.3901/jme.2025.15.021,https://doi.org/10.3901/jme.2025.15.021,low_relevance,1
2231,archive,crossref_only,Crossref,"Research Review on Workshop Scheduling for Intelligent Manufacturing: Digital Twin Modeling, Optimization Algorithm, and System Architecture",2025,Machines,10.3390/machines13111021,https://doi.org/10.3390/machines13111021,low_relevance,1
2232,archive,openalex_only,OpenAlex,Research Progress of Shape Memory Polymers in Biomedical Applications,2025,Hans Journal of Biomedicine,10.12677/hjbm.2025.153057,https://doi.org/10.12677/hjbm.2025.153057,low_relevance,1
2233,archive,crossref_only,Crossref,Research Advancements in Digital Twin Technology for Smart Manufacturing,2025,The Eastasouth Journal of Information System and Computer Science,10.58812/esiscs.v2i03.548,https://doi.org/10.58812/esiscs.v2i03.548,low_relevance,1
2234,archive,crossref_only,Crossref,Reprogrammable 4D Tissue Engineering Hydrogel Scaffold via Reversible Ion Printing,2025,Venue unknown,10.1101/2025.02.11.637741,https://doi.org/10.1101/2025.02.11.637741,low_relevance,1
2235,archive,crossref_only,Crossref,Remaining Useful Life Prediction for Aircraft Structures Toward Digital Twin Ecosystem,2025,Intelligent Machinery Fault Diagnostics and Prognostics,10.1201/9781003480822-8,https://doi.org/10.1201/9781003480822-8,low_relevance,1
2236,archive,both_openalex_crossref,Crossref; OpenAlex,Reinforcement Learning for Multi-Objective Toolpath Optimization in Large-Scale Additive Manufacturing: A Novel RL-MOTO Framework Integrating Mechanical Precision with Civil Engineering Scale Requirements,2025,International Research Journal of Modernization in Engineering Technology &amp; Science,10.56726/irjmets86740,https://doi.org/10.56726/irjmets86740,low_relevance,1
2237,archive,crossref_only,Crossref,Reinforced Scan: A Reinforcement Learning Enabled Optimal Laser Scan Path Planning in Powder Bed Fusion Additive Manufacturing,2025,Venue unknown,10.21203/rs.3.rs-6650269/v1,https://doi.org/10.21203/rs.3.rs-6650269/v1,low_relevance,1
2238,archive,crossref_only,Crossref,Reconstruction of the Etemenanki temple tower in Babylon using digital twin and additive manufacturing,2025,Proceedings of the 30th International Conference on 3D Web Technology,10.1145/3746237.3746292,https://doi.org/10.1145/3746237.3746292,low_relevance,1
2239,archive,crossref_only,Crossref,Recent developments in the field of additive manufacturing of ceramic-based multi-material components open the door to highly functionalized components,2025,Progress in Additive Manufacturing,10.1007/s40964-025-01112-6,https://doi.org/10.1007/s40964-025-01112-6,low_relevance,1
2240,archive,crossref_only,Crossref,"Recent advances in polymer 4D printing: 3D printing techniques, smart material design, and healthcare applications",2025,Smart Materials in Medicine,10.1016/j.smaim.2025.09.001,https://doi.org/10.1016/j.smaim.2025.09.001,low_relevance,1
2241,archive,openalex_only,OpenAlex,"Recent advances in 3D and 4D printing in pharmaceutical technology: applications, challenges, and future perspectives",2025,Future Journal of Pharmaceutical Sciences,10.1186/s43094-025-00866-8,https://doi.org/10.1186/s43094-025-00866-8,low_relevance,1
2242,archive,crossref_only,Crossref,Real-time interface monitoring and active focusing for high-fidelity multi-material DLP 3D printing,2025,Journal of Materials Processing Technology,10.1016/j.jmatprotec.2025.118834,https://doi.org/10.1016/j.jmatprotec.2025.118834,low_relevance,1
2243,archive,crossref_only,Crossref,Real-time digital twin of vat-based 3D printing using in-situ ultrasonic monitoring,2025,Virtual and Physical Prototyping,10.1080/17452759.2025.2592734,https://doi.org/10.1080/17452759.2025.2592734,low_relevance,1
2244,archive,crossref_only,Crossref,Real-time decision-making for Digital Twin in additive manufacturing with Model Predictive Control using time-series deep neural networks,2025,Journal of Manufacturing Systems,10.1016/j.jmsy.2025.03.009,https://doi.org/10.1016/j.jmsy.2025.03.009,low_relevance,1
2245,archive,crossref_only,Crossref,Real-Time Health Supply Chain Optimization Using Digital Twin Technology,2025,Venue unknown,10.2139/ssrn.5208153,https://doi.org/10.2139/ssrn.5208153,low_relevance,1
2246,archive,openalex_only,OpenAlex,Reac-Discovery: an artificial intelligence–driven platform for continuous-flow catalytic reactor discovery and optimization,2025,Nature Communications,10.1038/s41467-025-64127-1,https://doi.org/10.1038/s41467-025-64127-1,low_relevance,1
2247,archive,crossref_only,Crossref,Rapid data acquisition and machine learning-assisted composition design of functionally graded alloys via wire arc additive manufacturing,2025,npj Advanced Manufacturing,10.1038/s44334-025-00028-x,https://doi.org/10.1038/s44334-025-00028-x,low_relevance,1
2248,archive,crossref_only,Crossref,Radiolaria Stool Series Design: Synergistic integration of computational design and additive manufacturing,2025,eCAADe proceedings,10.52842/conf.ecaade.2025.2.313,https://doi.org/10.52842/conf.ecaade.2025.2.313,low_relevance,1
2249,archive,crossref_only,Crossref,RMDTs: Process-oriented function-triggered robotic milling digital twin system for service-expansion,2025,Journal of Manufacturing Systems,10.1016/j.jmsy.2025.07.015,https://doi.org/10.1016/j.jmsy.2025.07.015,low_relevance,1
2250,archive,openalex_only,OpenAlex,Quantifying the microstructure of 4D printed materials for soft robotics,2025,European Synchrotron Radiation Facility,10.15151/esrf-es-2268040401,https://doi.org/10.15151/esrf-es-2268040401,low_relevance,1
2251,archive,crossref_only,Crossref,Quality assurance via a cyber physical system of a PBF-LB/M machine,2025,Progress in Additive Manufacturing,10.1007/s40964-025-00978-w,https://doi.org/10.1007/s40964-025-00978-w,low_relevance,1
2252,archive,crossref_only,Crossref,Prospects of Direct Ink Writing Fabrication of PVA-Graphite Porous Structure for Battery Applications,2025,Volume 1: Additive Manufacturing &amp; 3D Printing,10.1115/imece-india2025-161364,https://doi.org/10.1115/imece-india2025-161364,low_relevance,1
2253,archive,crossref_only,Crossref,Programmable spontaneous liquid transport enabled by heterogeneous wettability via multi-material 3D printing,2025,Venue unknown,10.2139/ssrn.5937697,https://doi.org/10.2139/ssrn.5937697,low_relevance,1
2254,archive,openalex_only,OpenAlex,Processable subnanowire-liquid crystal ink for encryption and anti-counterfeiting,2025,Nano Research,10.26599/nr.2025.94907334,https://doi.org/10.26599/nr.2025.94907334,low_relevance,1
2255,archive,openalex_only,OpenAlex,Preferential Bayesian optimization improves the efficiency of printing objects with subjective qualities,2025,Digital Discovery,10.1039/d4dd00320a,https://doi.org/10.1039/d4dd00320a,low_relevance,1
2256,archive,crossref_only,Crossref,Predictive Maintenance of Machine Tools Using Digital Twin,2025,Digital Twinning for Discrete Manufacturing,10.1201/9781003610151-13,https://doi.org/10.1201/9781003610151-13,low_relevance,1
2257,archive,crossref_only,Crossref,Possibilities and Principles of Formation of Functionally Graded Ceramic Armor by Additive Manufacturing,2025,Materials,10.3390/ma18184370,https://doi.org/10.3390/ma18184370,low_relevance,1
2258,archive,crossref_only,Crossref,Polymer-Graphene and Graphene Oxide Nanocomposites by Using 3D and 4D Printing for Multifunctional Applications,2025,Engineering Materials,10.1007/978-981-96-4214-4_7,https://doi.org/10.1007/978-981-96-4214-4_7,low_relevance,1
2259,archive,openalex_only,OpenAlex,Polymer-Based Smart Material in 4D Printing Applications,2025,Smart Wearable Technology,10.47852/bonviewswt52026450,https://doi.org/10.47852/bonviewswt52026450,low_relevance,1
2260,archive,crossref_only,Crossref,Polymer Blends and Reinforcements in 4D Printing,2025,4D Printing Technology,10.1002/9781394213795.ch6,https://doi.org/10.1002/9781394213795.ch6,low_relevance,1
2261,archive,crossref_only,Crossref,Path Planning Design for Robot Based Non-Planar Additive Manufacturing Case Study: Coronary Stent,2025,2025 9th International Conference on Mechanical Engineering and Robotics Research (ICMERR),10.1109/icmerr64601.2025.10949923,https://doi.org/10.1109/icmerr64601.2025.10949923,low_relevance,1
2262,archive,both_openalex_crossref,Crossref; OpenAlex,"Outgrowing the 3D: 4D Printing Technology as a Vessle for Lively, Responsive Spaces",2025,International Academic Conference on Places and Technologies,10.18485/arh_pt.2025.10.ch39,https://doi.org/10.18485/arh_pt.2025.10.ch39,low_relevance,1
2263,archive,crossref_only,Crossref,Optimization of the Production Process through Digital Twin Simulation,2025,International Journal of Modeling and Optimization,10.7763/ijmo.2025.v15.871,https://doi.org/10.7763/ijmo.2025.v15.871,low_relevance,1
2264,archive,crossref_only,Crossref,Optimization of Lightweight Components through Hybrid Topology Optimization and Generative Design in Additive Manufacturing,2025,Key Engineering Materials,10.4028/p-jwor8x,https://doi.org/10.4028/p-jwor8x,low_relevance,1
2265,archive,crossref_only,Crossref,Optimization of Functionally Graded Materials Using Additive Manufacturing: An Integrated Experimental and Computational Approach (Abbreviated Final Report),2025,Venue unknown,10.2172/3000821,https://doi.org/10.2172/3000821,low_relevance,1
2266,archive,crossref_only,Crossref,Optimization and scheduling of intelligent manufacturing workshop based on digital twin technology,2025,Procedia Computer Science,10.1016/j.procs.2025.05.160,https://doi.org/10.1016/j.procs.2025.05.160,low_relevance,1
2267,archive,crossref_only,Crossref,Open 5G Proof-of-Concept Testbed for All-Terrain Autonomous Vehicle Experimentation,2025,Volume 1: 27th International Conference on Advanced Vehicle Technologies (AVT),10.1115/detc2025-169777,https://doi.org/10.1115/detc2025-169777,low_relevance,1
2268,archive,openalex_only,OpenAlex,"Numerical modelling of wire arc additive manufacturing: methods, status, trends, and opportunities",2025,Journal of Physics D Applied Physics,10.1088/1361-6463/adb3b0,https://doi.org/10.1088/1361-6463/adb3b0,low_relevance,1
2269,archive,crossref_only,Crossref,Novel coaxial 3D printing for future foods: Multi-material structuring for functional and sustainable resource innovation,2025,Innovative Food Science &amp; Emerging Technologies,10.1016/j.ifset.2025.104087,https://doi.org/10.1016/j.ifset.2025.104087,low_relevance,1
2270,archive,openalex_only,OpenAlex,Noise-aware training of neuromorphic dynamic device networks,2025,Nature Communications,10.1038/s41467-025-64232-1,https://doi.org/10.1038/s41467-025-64232-1,low_relevance,1
2271,archive,crossref_only,Crossref,New horizons in dentistry and orthodontics with 4D printing technologies 4D printing and orthodontics,2025,Australasian Orthodontic Journal,10.2478/aoj-2025-0003,https://doi.org/10.2478/aoj-2025-0003,low_relevance,1
2272,archive,crossref_only,Crossref,Nesting and scheduling of multi-material parts in powder bed fusion additive manufacturing,2025,Venue unknown,10.2139/ssrn.5462354,https://doi.org/10.2139/ssrn.5462354,low_relevance,1
2273,archive,crossref_only,Crossref,Navigating Artificial Intelligence and Digital Twin for Smart Cities,2025,Driving Innovation through AI and Digital Twin for 6G Powered Sustainable Ultra Smart Cities,10.1002/9781394411320.ch1,https://doi.org/10.1002/9781394411320.ch1,low_relevance,1
2274,archive,crossref_only,Crossref,Nanomaterials Discovery Using AI-Based Technology Accelerators,2025,Advances in Computational Intelligence and Robotics,10.4018/979-8-3373-2883-6.ch005,https://doi.org/10.4018/979-8-3373-2883-6.ch005,low_relevance,1
2275,archive,openalex_only,OpenAlex,Multiphysics modelling of 3D concrete printing: From material model to process simulation and optimisation,2025,Additive manufacturing,10.1016/j.addma.2025.104847,https://doi.org/10.1016/j.addma.2025.104847,low_relevance,1
2276,archive,crossref_only,Crossref,Multimaterial additive manufacturing of sensors and actuators,2025,Multi-material Additive Manufacturing,10.1016/b978-0-443-29228-6.00014-1,https://doi.org/10.1016/b978-0-443-29228-6.00014-1,low_relevance,1
2277,archive,crossref_only,Crossref,Multimaterial additive manufacturing of polymers,2025,Multi-material Additive Manufacturing,10.1016/b978-0-443-29228-6.00008-6,https://doi.org/10.1016/b978-0-443-29228-6.00008-6,low_relevance,1
2278,archive,crossref_only,Crossref,Multimaterial additive manufacturing of metals and alloys,2025,Multi-material Additive Manufacturing,10.1016/b978-0-443-29228-6.00009-8,https://doi.org/10.1016/b978-0-443-29228-6.00009-8,low_relevance,1
2279,archive,crossref_only,Crossref,Multimaterial additive manufacturing methods and materials,2025,Multi-material Additive Manufacturing,10.1016/b978-0-443-29228-6.00005-0,https://doi.org/10.1016/b978-0-443-29228-6.00005-0,low_relevance,1
2280,archive,both_openalex_crossref,Crossref; OpenAlex,Multimaterial Microrobots for pH Sensing Fabricated Using Sequential 3D and 4D Printing with Automated Alignment,2025,Advanced Materials Technologies,10.1002/admt.202501075,https://doi.org/10.1002/admt.202501075,low_relevance,1
2281,archive,crossref_only,Crossref,Multimaterial 3D-printed polymers,2025,Multi-material Additive Manufacturing,10.1016/b978-0-443-29228-6.00010-4,https://doi.org/10.1016/b978-0-443-29228-6.00010-4,low_relevance,1
2282,archive,crossref_only,Crossref,Multimaterial 3D bioprinting,2025,Multi-material Additive Manufacturing,10.1016/b978-0-443-29228-6.00011-6,https://doi.org/10.1016/b978-0-443-29228-6.00011-6,low_relevance,1
2283,archive,crossref_only,Crossref,Multifunctional Polymer Nanocomposites for 3D and 4D Printing: Idea of 6D Printing,2025,Engineering Materials,10.1007/978-981-96-4214-4_17,https://doi.org/10.1007/978-981-96-4214-4_17,low_relevance,1
2284,archive,crossref_only,Crossref,MultiMag: pioneering the future of electric motors with multi-material additive manufacturing,2025,The Project Repository Journal,10.54050/prj2423618,https://doi.org/10.54050/prj2423618,low_relevance,1
2285,archive,crossref_only,Crossref,MultiMag: advancing electric motor design with multi-material additive manufacturing,2025,The Project Repository Journal,10.54050/prj2524082,https://doi.org/10.54050/prj2524082,low_relevance,1
2286,archive,crossref_only,Crossref,Multi-wavelength centrifugal processing enables 3D printing of functionally graded medical devices: Construction and validation of mechanically tunable orthodontic aligners,2025,Additive Manufacturing,10.1016/j.addma.2025.104930,https://doi.org/10.1016/j.addma.2025.104930,low_relevance,1
2287,archive,crossref_only,Crossref,Multi-material top-down vat photopolymerization 3D printing based on liquid surface supported printing,2025,Additive Manufacturing,10.1016/j.addma.2025.105008,https://doi.org/10.1016/j.addma.2025.105008,low_relevance,1
2288,archive,crossref_only,Crossref,Multi-material printing to simultaneously enhance interlayer and flexural performance in 3D concrete printing,2025,Proceedings of the 12th International Conference on Fracture Mechanics for Concrete and Concrete Structures,10.21012/fc12.1140,https://doi.org/10.21012/fc12.1140,low_relevance,1
2289,archive,crossref_only,Crossref,Multi-material printing of 3D heterogeneous structures with embedded microscale conductive features for electromagnetic function,2025,Additive Manufacturing,10.1016/j.addma.2025.104890,https://doi.org/10.1016/j.addma.2025.104890,low_relevance,1
2290,archive,crossref_only,Crossref,Multi-material laser powder bed fusion additive manufacturing of a bimodal laminate heterostructure with Cu-base and Ni-base alloys,2025,CIRP Journal of Manufacturing Science and Technology,10.1016/j.cirpj.2025.09.009,https://doi.org/10.1016/j.cirpj.2025.09.009,low_relevance,1
2291,archive,crossref_only,Crossref,Multi-material laser powder bed fusion (MM-LPBF) additive manufacturing of dual-phase heterostructure steel,2025,CIRP Journal of Manufacturing Science and Technology,10.1016/j.cirpj.2025.07.001,https://doi.org/10.1016/j.cirpj.2025.07.001,low_relevance,1
2292,archive,crossref_only,Crossref,Multi-material functionally graded additive manufacturing of zirconia ceramic: A systematic review,2025,Open Ceramics,10.1016/j.oceram.2025.100741,https://doi.org/10.1016/j.oceram.2025.100741,low_relevance,1
2293,archive,crossref_only,Crossref,Multi-material additive manufacturing: a computational design perspective,2025,Virtual and Physical Prototyping,10.1080/17452759.2025.2546671,https://doi.org/10.1080/17452759.2025.2546671,low_relevance,1
2294,archive,crossref_only,Crossref,Multi-material additive manufacturing of metals: A review of structures and mechanical characteristics,2025,Engineering Science in Additive Manufacturing,10.36922/esam025180010,https://doi.org/10.36922/esam025180010,low_relevance,1
2295,archive,crossref_only,Crossref,Multi-material additive manufacturing of Yoshimura origami triangulated cylinder,2025,Progress in Additive Manufacturing,10.1007/s40964-025-01080-x,https://doi.org/10.1007/s40964-025-01080-x,low_relevance,1
2296,archive,crossref_only,Crossref,Multi-material additive manufacturing methods and materials,2025,Multi-material Additive Manufacturing,10.1016/b978-0-443-29228-6.00007-4,https://doi.org/10.1016/b978-0-443-29228-6.00007-4,low_relevance,1
2297,archive,crossref_only,Crossref,Multi-material additive manufacturing and future scope and expected progress,2025,Multi-material Additive Manufacturing,10.1016/b978-0-443-29228-6.00016-5,https://doi.org/10.1016/b978-0-443-29228-6.00016-5,low_relevance,1
2298,archive,crossref_only,Crossref,Multi-material Metal Additive Manufacturing Approaches Based On Binder Jetting And Co-sintering,2025,Euro PM2025 Proceedings,10.59499/ep256767602,https://doi.org/10.59499/ep256767602,low_relevance,1
2299,archive,crossref_only,Crossref,Multi-material Additive Manufacturing,2025,Venue unknown,10.1016/c2023-0-51837-3,https://doi.org/10.1016/c2023-0-51837-3,low_relevance,1
2300,archive,both_openalex_crossref,Crossref; OpenAlex,Multi-material 4D printing employing stimuli-responsive polymer composites using vat photopolymerization,2025,Virtual and Physical Prototyping,10.1080/17452759.2024.2444576,https://doi.org/10.1080/17452759.2024.2444576,low_relevance,1
2301,archive,crossref_only,Crossref,Multi-material 4D printing and 3D patterned metallization enables smart architectures,2025,Composites Part B: Engineering,10.1016/j.compositesb.2025.112218,https://doi.org/10.1016/j.compositesb.2025.112218,low_relevance,1
2302,archive,crossref_only,Crossref,Multi-material 3D printing of continuous carbon fibre reinforced thermoset composites with tailored fibre paths and bespoke conforming thermoplastic moulds,2025,Composites Part B: Engineering,10.1016/j.compositesb.2025.112373,https://doi.org/10.1016/j.compositesb.2025.112373,low_relevance,1
2303,archive,crossref_only,Crossref,Multi-fidelity digital twin based optimization for aircraft overhaul shop scheduling,2025,Journal of Manufacturing Systems,10.1016/j.jmsy.2025.07.018,https://doi.org/10.1016/j.jmsy.2025.07.018,low_relevance,1
2304,archive,crossref_only,Crossref,"Multi-Material Vat Photopolymerization 3D Printing: A Brief Review of Technology, Design, and Process",2025,Digital Product Design and Manufacturing,10.1201/9781003518198-4,https://doi.org/10.1201/9781003518198-4,low_relevance,1
2305,archive,crossref_only,Crossref,Multi-Material Ink Direct Writing System with Material Switching Optimization,2025,3D Printing and Additive Manufacturing,10.1089/3dp.2025.0043,https://doi.org/10.1089/3dp.2025.0043,low_relevance,1
2306,archive,crossref_only,Crossref,Multi-Material Fused Filament Fabrication of TPU Composite Honeycombs Featuring Out-of-Plane Gradient Stiffness,2025,Journal of Composites Science,10.3390/jcs9110588,https://doi.org/10.3390/jcs9110588,low_relevance,1
2307,archive,crossref_only,Crossref,Multi-Material Extrusion Based 3D Printing of Hybrid Scaffolds for Tissue Engineering Application,2025,Venue unknown,10.20944/preprints202512.1174.v1,https://doi.org/10.20944/preprints202512.1174.v1,low_relevance,1
2308,archive,crossref_only,Crossref,"Multi-Material Additive Manufacturing of Duplex and Austenitic Stainless Steel by Laser Wire DED: A Comprehensive Study of Mechanical, Tribological, and Microstructural Behaviour",2025,Volume 1: Additive Manufacturing &amp; 3D Printing,10.1115/imece-india2025-159500,https://doi.org/10.1115/imece-india2025-159500,low_relevance,1
2309,archive,crossref_only,Crossref,Multi-Area Vibration Precision Laying Process in Multi-Material 3D Sand Printing,2025,Additive Manufacturing Frontiers,10.1016/j.amf.2025.200219,https://doi.org/10.1016/j.amf.2025.200219,low_relevance,1
2310,archive,crossref_only,Crossref,Motor fault digital twin modelling and data generation,2025,Digital Twin,10.1080/27525783.2025.2591981,https://doi.org/10.1080/27525783.2025.2591981,low_relevance,1
2311,archive,crossref_only,Crossref,Mixed-model product disassembly sequence optimization based on cognitive digital twin,2025,Journal of Manufacturing Systems,10.1016/j.jmsy.2025.07.004,https://doi.org/10.1016/j.jmsy.2025.07.004,low_relevance,1
2312,archive,crossref_only,Crossref,"Microstructure, phase evolution, and properties of laser powder bed fusion-fabricated Ni50Ti50/Ni-rich NiTi multi-material structures",2025,Materials Science in Additive Manufacturing,10.36922/msam025220045,https://doi.org/10.36922/msam025220045,low_relevance,1
2313,archive,crossref_only,Crossref,Microstructure and Tensile Behavior of Functionally Graded Material Fabricated Through Wire + Arc Additive Manufacturing: Comparing Experimental and Finite Element Analysis Approaches,2025,Strength of Materials,10.1007/s11223-025-00791-4,https://doi.org/10.1007/s11223-025-00791-4,low_relevance,1
2314,archive,crossref_only,Crossref,Microstructural and Mechanical Characterization of Stepped Functionally Graded Materials Fabricated by Wire-Arc Directed Energy Deposition Process,2025,Volume 1: Additive Manufacturing &amp; 3D Printing,10.1115/imece-india2025-161933,https://doi.org/10.1115/imece-india2025-161933,low_relevance,1
2315,archive,crossref_only,Crossref,Microservice-based digital twin system towards smart manufacturing,2025,Robotics and Computer-Integrated Manufacturing,10.1016/j.rcim.2024.102858,https://doi.org/10.1016/j.rcim.2024.102858,low_relevance,1
2316,archive,crossref_only,Crossref,Microscale 4d Printing-Templated  In-Situ Nanoparticle Synthesis (Prins) Technique for Modular Shape-Morphing Microrobots,2025,Venue unknown,10.2139/ssrn.5247386,https://doi.org/10.2139/ssrn.5247386,low_relevance,1
2317,archive,crossref_only,Crossref,Microscale 4D PRinting-templated In-situ Nanoparticle Synthesis (PRINS) technique for modular shape-morphing microrobots,2025,Chemical Engineering Journal,10.1016/j.cej.2025.166446,https://doi.org/10.1016/j.cej.2025.166446,low_relevance,1
2318,archive,crossref_only,Crossref,"Methods, Materials, Shape Programming, and Applications of 4D Printing",2025,4D Printing Technology,10.1002/9781394213795.ch10,https://doi.org/10.1002/9781394213795.ch10,low_relevance,1
2319,archive,crossref_only,Crossref,Methods and materials for novel multimaterial additive manufacturing,2025,Multi-material Additive Manufacturing,10.1016/b978-0-443-29228-6.00006-2,https://doi.org/10.1016/b978-0-443-29228-6.00006-2,low_relevance,1
2320,archive,crossref_only,Crossref,Method for Machining monitoring using accelerometry coupled with a dynamic digital twin brick for smart manufacturing,2025,Venue unknown,10.21203/rs.3.rs-8164960/v1,https://doi.org/10.21203/rs.3.rs-8164960/v1,low_relevance,1
2321,archive,crossref_only,Crossref,Mesomorphic Behavior of Novel Photopolymerizable Carbazole Liquid Crystals and Photocuring for 4D Printing,2025,Crystal Growth &amp; Design,10.1021/acs.cgd.5c00858,https://doi.org/10.1021/acs.cgd.5c00858,low_relevance,1
2322,archive,crossref_only,Crossref,Medical Devices Made with 4D Printing,2025,Advanced Technologies for Sustainable Biomedical Applications,10.1201/9781003557715-15,https://doi.org/10.1201/9781003557715-15,low_relevance,1
2323,archive,openalex_only,OpenAlex,Mechanical metamaterial sensors: from design to applications,2025,Journal of Physics D Applied Physics,10.1088/1361-6463/adade5,https://doi.org/10.1088/1361-6463/adade5,low_relevance,1
2324,archive,crossref_only,Crossref,Mechanical analysis of composite leaf springs made by 4D printing method,2025,4D Printing,10.1108/4dp-02-2025-0005,https://doi.org/10.1108/4dp-02-2025-0005,low_relevance,1
2325,archive,crossref_only,Crossref,Mechanical Characterization of Fdm Printed Pla/Mapp/Graphene Multi-Material Tpms Structures,2025,Venue unknown,10.2139/ssrn.5111170,https://doi.org/10.2139/ssrn.5111170,low_relevance,1
2326,archive,crossref_only,Crossref,Material extrusion–based multi-material 3D printing: a holistic review of recent advances,2025,The International Journal of Advanced Manufacturing Technology,10.1007/s00170-025-15920-1,https://doi.org/10.1007/s00170-025-15920-1,low_relevance,1
2327,archive,crossref_only,Crossref,Manufacturing and behavioral analysis of functionally graded material fabricated via wire arc additive manufacturing,2025,"Proceedings of the Institution of Mechanical Engineers, Part L: Journal of Materials: Design and Applications",10.1177/14644207241262183,https://doi.org/10.1177/14644207241262183,low_relevance,1
2328,archive,openalex_only,OpenAlex,Liquid collector-assisted electrohydrodynamic printing of unrestricted-height architectures,2025,Applied Physics Letters,10.1063/5.0275172,https://doi.org/10.1063/5.0275172,low_relevance,1
2329,archive,crossref_only,Crossref,Linking directed energy deposition process toolpaths to FEM to study the toolpath/geometry role on residual stress formation for multi-layer components,2025,Rapid Prototyping Journal,10.1108/rpj-10-2024-0440,https://doi.org/10.1108/rpj-10-2024-0440,low_relevance,1
2330,archive,crossref_only,Crossref,Laser-based multimaterial additive manufacturing,2025,Multi-material Additive Manufacturing,10.1016/b978-0-443-29228-6.00013-x,https://doi.org/10.1016/b978-0-443-29228-6.00013-x,low_relevance,1
2331,archive,openalex_only,OpenAlex,"Laser Technologies of Welding, Surfacing and Regeneration of Metals with HCP Structure (Mg, Ti, Zr): State of the Art, Challenges and Prospects",2025,Materials,10.3390/ma18225237,https://doi.org/10.3390/ma18225237,low_relevance,1
2332,archive,crossref_only,Crossref,Kinematic Approach to Curved Surface Fabrication Using Multi-Axis 3D Printing for Improved Mechanical Properties,2025,Volume 1: Additive Manufacturing &amp; 3D Printing,10.1115/imece-india2025-159344,https://doi.org/10.1115/imece-india2025-159344,low_relevance,1
2333,archive,crossref_only,Crossref,Is it possible to develop a digital twin for noise monitoring in manufacturing?,2025,Digital Twin,10.12688/digitaltwin.17931.2,https://doi.org/10.12688/digitaltwin.17931.2,low_relevance,1
2334,archive,crossref_only,Crossref,Investigation of Frictional Deformation on Mechanical and Metallurgical Properties of Ni-based Functionally Graded Materials Developed by Wire and Arc Additive Manufacturing,2025,Journal of Materials Engineering and Performance,10.1007/s11665-024-09136-9,https://doi.org/10.1007/s11665-024-09136-9,low_relevance,1
2335,archive,crossref_only,Crossref,Inverse design of face-like 3D surfaces via bi-material 4D printing and shape morphing,2025,Virtual and Physical Prototyping,10.1080/17452759.2025.2507099,https://doi.org/10.1080/17452759.2025.2507099,low_relevance,1
2336,archive,openalex_only,OpenAlex,Inverse design framework for 4D printed structures using the finite element method,2025,Scientific Reports,10.1038/s41598-025-26598-6,https://doi.org/10.1038/s41598-025-26598-6,low_relevance,1
2337,archive,crossref_only,Crossref,Interfacial adhesion between dissimilar thermoplastics fabricated via material extrusion-based multi-material additive manufacturing,2025,Materials &amp; Design,10.1016/j.matdes.2025.113688,https://doi.org/10.1016/j.matdes.2025.113688,low_relevance,1
2338,archive,crossref_only,Crossref,Interface behavior of multi-material polymeric structures manufactured by material jetting,2025,Venue unknown,10.21203/rs.3.rs-6279671/v1,https://doi.org/10.21203/rs.3.rs-6279671/v1,low_relevance,1
2339,archive,crossref_only,Crossref,Intelligent path planning algorithm system for printed display manufacturing using graph convolutional neural network and reinforcement learning,2025,Journal of Manufacturing Systems,10.1016/j.jmsy.2024.12.016,https://doi.org/10.1016/j.jmsy.2024.12.016,low_relevance,1
2340,archive,crossref_only,Crossref,"Intelligent factory layout design framework through collaboration between optimization, simulation, and digital twin",2025,Journal of Intelligent Manufacturing,10.1007/s10845-024-02340-3,https://doi.org/10.1007/s10845-024-02340-3,low_relevance,1
2341,archive,crossref_only,Crossref,"Integrative modelling of SSPC for digital twin applications: coupling electromagnetic, thermal, and mechanical fields",2025,Digital Twin,10.1080/27525783.2025.2529171,https://doi.org/10.1080/27525783.2025.2529171,low_relevance,1
2342,archive,crossref_only,Crossref,Integrating feminist pedagogy into manufacturing education: a digital twin-based teaching module,2025,Manufacturing Letters,10.1016/j.mfglet.2025.10.002,https://doi.org/10.1016/j.mfglet.2025.10.002,low_relevance,1
2343,archive,openalex_only,OpenAlex,Integrating Polymeric 3D-Printed Microneedles with Wearable Devices: Toward Smart and Personalized Healthcare Solutions,2025,Polymers,10.3390/polym18010123,https://doi.org/10.3390/polym18010123,duplicate_title,1
2344,archive,crossref_only,Crossref,Integrating Generative AI and Digital Twin Technologies for Smart Fabrication and Autonomous Manufacturing Workflows,2025,Next-Generation Electronic Textiles and Conductive Materials for Smart Wearables,10.4018/979-8-3373-4287-0.ch013,https://doi.org/10.4018/979-8-3373-4287-0.ch013,low_relevance,1
2345,archive,crossref_only,Crossref,Integrating Digital Twin and Machine Learning for Cost-Efficient Optimization in Frozen Seafood Manufacturing: A Structured Review and Framework,2025,Venue unknown,10.2139/ssrn.5347468,https://doi.org/10.2139/ssrn.5347468,low_relevance,1
2346,archive,crossref_only,Crossref,Insights into microstructural evolution in functionally graded additive manufacturing of IN625–CuCrZr alloys: A CALPHAD-based thermodynamic analysis and experimental study on the role of metastable miscibility gap,2025,Journal of Materials Research and Technology,10.1016/j.jmrt.2025.09.159,https://doi.org/10.1016/j.jmrt.2025.09.159,low_relevance,1
2347,archive,crossref_only,Crossref,Innovative Horizons for Sustainable Smart Energy: Exploring the Synergy of 5G and Digital Twin Technologies,2025,Process Integration and Optimization for Sustainability,10.1007/s41660-024-00478-4,https://doi.org/10.1007/s41660-024-00478-4,low_relevance,1
2348,archive,crossref_only,Crossref,Influence of the laser strategy on bi-metallic interfaces printed via multi-material laser-based powder bed fusion,2025,Additive Manufacturing Letters,10.1016/j.addlet.2025.100274,https://doi.org/10.1016/j.addlet.2025.100274,duplicate_title,1
2349,archive,crossref_only,Crossref,Industrial Cyber-Physical Systems Ensuring Safe Automation in Smart Manufacturing,2025,Safe Data-Driven Control for Cyber-Physical Systems,10.4018/979-8-3373-1832-5.ch010,https://doi.org/10.4018/979-8-3373-1832-5.ch010,low_relevance,1
2350,archive,openalex_only,OpenAlex,Incorporating crystalline smart materials to fabricate 4D printed photomechanical actuators with photovoltaic performance,2025,Smart Molecules,10.1002/smo2.70026,https://doi.org/10.1002/smo2.70026,low_relevance,1
2351,archive,crossref_only,Crossref,In-process surface quality monitoring of the slender workpiece machining with digital twin approach,2025,Journal of Intelligent Manufacturing,10.1007/s10845-024-02353-y,https://doi.org/10.1007/s10845-024-02353-y,low_relevance,1
2352,archive,crossref_only,Crossref,In-Situ Monitoring of Functionally Graded Additive Manufacturing Using BSL 3D-DIC,2025,Venue unknown,10.2139/ssrn.5943509,https://doi.org/10.2139/ssrn.5943509,low_relevance,1
2353,archive,crossref_only,Crossref,In-Process Density Measurement for Model-Based Process Optimization of Functionally Graded Foam Microcellular Structures in Material Extrusion Additive Manufacturing,2025,Venue unknown,10.2139/ssrn.5086974,https://doi.org/10.2139/ssrn.5086974,duplicate_title,1
2354,archive,crossref_only,Crossref,"Improvement on hardness, wear and corrosion properties of functionally graded material fabricated using ZrO2+SiO2 hybrid ceramic particles reinforced in AA6061 alloy through hybrid additive manufacturing",2025,Ceramics International,10.1016/j.ceramint.2025.10.360,https://doi.org/10.1016/j.ceramint.2025.10.360,low_relevance,1
2355,archive,openalex_only,OpenAlex,Improved Mechanical Properties of Polyurethane-Driven 4D Printing of Aluminum Oxide Ceramics,2025,Materials,10.3390/ma18081750,https://doi.org/10.3390/ma18081750,low_relevance,1
2356,archive,crossref_only,Crossref,Implementation &amp; Application of coherent control systems: Digital Twin (high frequency open loop) with R2R (low frequency closed loop),2025,2025 36th Annual SEMI Advanced Semiconductor Manufacturing Conference (ASMC),10.1109/asmc64512.2025.11010422,https://doi.org/10.1109/asmc64512.2025.11010422,low_relevance,1
2357,archive,both_openalex_crossref,Crossref; OpenAlex,IMPACT OF ADVANCED LUBRICATION MANAGEMENT SYSTEMS ON EQUIPMENT LONGEVITY AND OPERATIONAL EFFICIENCY IN SMART MANUFACTURING ENVIRONMENTS,2025,ASRC Procedia: Global Perspectives in Science and Scholarship,10.63125/r0n6bc88,https://doi.org/10.63125/r0n6bc88,low_relevance,1
2358,archive,crossref_only,Crossref,IIoT-enabled digital twin for legacy and smart factory machines with LLM integration,2025,Journal of Manufacturing Systems,10.1016/j.jmsy.2025.03.022,https://doi.org/10.1016/j.jmsy.2025.03.022,low_relevance,1
2359,archive,crossref_only,Crossref,Hybrid Physical-Virtual Digital Twin System for Additive Manufacturing,2025,Journal of Advanced Manufacturing Systems,10.1142/s0219686725500015,https://doi.org/10.1142/s0219686725500015,low_relevance,1
2360,archive,crossref_only,Crossref,Hybrid Digital Twin Framework with Meta-Learning and Reinforcement Learning for Nonlinear Manufacturing Systems,2025,AIJR Proceedings,10.21467/proceedings.7.4.4,https://doi.org/10.21467/proceedings.7.4.4,low_relevance,1
2361,archive,crossref_only,Crossref,Hybrid Anomaly Detection in Cyber-Physical Systems: Integrating Unsupervised Learning With Explainable AI,2025,Volume 3: Advances in Thermal Technologies; Advances in Semiconductor Manufacturing; Clean Energy Technologies &amp; Systems; Cyber Physical Systems + AI / ML,10.1115/imece-india2025-160718,https://doi.org/10.1115/imece-india2025-160718,low_relevance,1
2362,archive,crossref_only,Crossref,Human–robot Collaboration Empowered by Digital Twin and Knowledge Graph in an Intelligent Assembly System,2025,Human-Centric Smart Manufacturing Towards Industry 5.0,10.1007/978-3-031-82170-7_13,https://doi.org/10.1007/978-3-031-82170-7_13,low_relevance,1
2363,archive,crossref_only,Crossref,Human-Oriented Production Safety Control Technology of Digital Twin Workshop,2025,Human-Centric Smart Manufacturing Towards Industry 5.0,10.1007/978-3-031-82170-7_8,https://doi.org/10.1007/978-3-031-82170-7_8,low_relevance,1
2364,archive,crossref_only,Crossref,High-Performance Thin PLA/TPU Composites for Reconfigurable 4D Structures via Multi-Material 3D Printing,2025,"ASME 2025 Conference on Smart Materials, Adaptive Structures and Intelligent Systems",10.1115/smasis2025-167480,https://doi.org/10.1115/smasis2025-167480,low_relevance,1
2365,archive,crossref_only,Crossref,High performance realization of functionally graded materials based on integrated optimal design and additive manufacturing: A review,2025,International Materials Reviews,10.1177/09506608251354889,https://doi.org/10.1177/09506608251354889,low_relevance,1
2366,archive,openalex_only,OpenAlex,"Harnessing cutting-edge technologies for sustainable future shipping: An overview of innovations, drivers, barriers, and opportunities",2025,Maritime Technology and Research,10.33175/mtr.2025.277313,https://doi.org/10.33175/mtr.2025.277313,low_relevance,1
2367,archive,crossref_only,Crossref,Green dynamic scheduling optimization and visual monitoring system for micro-hole drilling production line based on digital twin,2025,International Journal of Computer Integrated Manufacturing,10.1080/0951192x.2025.2599550,https://doi.org/10.1080/0951192x.2025.2599550,low_relevance,1
2368,archive,crossref_only,Crossref,Graph Neural Network-Based Topology Optimization for Efficient Support Structure Design in Additive Manufacturing,2025,Venue unknown,10.21203/rs.3.rs-6567604/v1,https://doi.org/10.21203/rs.3.rs-6567604/v1,low_relevance,1
2369,archive,crossref_only,Crossref,Geometrical Study and Characterization of Multi-Material Deposition of Stainless Steel 316L and Inconel 625 Using Coaxial Laser Wire Additive Manufacturing,2025,Volume 1: Additive Manufacturing &amp; 3D Printing,10.1115/imece-india2025-159363,https://doi.org/10.1115/imece-india2025-159363,low_relevance,1
2370,archive,crossref_only,Crossref,"Fused Space in Architecture via Multi-Material 3D Printing Using Recycled Plastic: Design, Fabrication, and Application",2025,Buildings,10.3390/buildings15152588,https://doi.org/10.3390/buildings15152588,low_relevance,1
2371,archive,crossref_only,Crossref,"Fused Deposition Modeling (FDM): Theory, Application, and Innovative Approaches",2025,Makine Mühendisliğinde Yenilikçi İmalat Teknolojileri ve Malzeme Bilimi,10.58830/ozgur.pub770.c3180,https://doi.org/10.58830/ozgur.pub770.c3180,low_relevance,1
2372,archive,crossref_only,Crossref,Fundamentals of 4D Printing Technology,2025,4D Printing of Foods,10.1002/9781394305285.ch4,https://doi.org/10.1002/9781394305285.ch4,low_relevance,1
2373,archive,crossref_only,Crossref,Functionally graded nickel–titanium shape memory alloys produced by in-situ additive manufacturing,2025,Scripta Materialia,10.1016/j.scriptamat.2024.116351,https://doi.org/10.1016/j.scriptamat.2024.116351,low_relevance,1
2374,archive,crossref_only,Crossref,Functionally graded materials scaffolds by hybrid additive manufacturing for enhanced mechanics and hydrophilicity,2025,Venue unknown,10.2139/ssrn.5782672,https://doi.org/10.2139/ssrn.5782672,low_relevance,1
2375,archive,crossref_only,Crossref,Functionally Graded Materials Fabrication Using Wire Arc Additive Manufacturing: A Review of Recent Research Progress,2025,Journal of Materials Engineering and Performance,10.1007/s11665-025-11538-2,https://doi.org/10.1007/s11665-025-11538-2,low_relevance,1
2376,archive,both_openalex_crossref,Crossref; OpenAlex,Frugal Design and AI-Driven Optimization for Open Material Research: a Multi-Extrusion Technology Platform for Direct Ink Writing,2025,Preprints.org,10.20944/preprints202507.0978.v1,https://doi.org/10.20944/preprints202507.0978.v1,low_relevance,1
2377,archive,crossref_only,Crossref,From Smart Cities to Manufacturing: A Comprehensive Study on Digital Twin Applications and Barrier,2025,Digital Twins and Applications,10.1049/dgt2.70014,https://doi.org/10.1049/dgt2.70014,low_relevance,1
2378,archive,openalex_only,OpenAlex,From 3D to 4D printing of lignin towards green materials and sustainable manufacturing,2025,Materials Horizons,10.1039/d4mh01680g,https://doi.org/10.1039/d4mh01680g,low_relevance,1
2379,archive,crossref_only,Crossref,From 3D Printing to 4D Printing,2025,4D Printing Technology,10.1002/9781394213795.ch4,https://doi.org/10.1002/9781394213795.ch4,low_relevance,1
2380,archive,crossref_only,Crossref,Framework for determining and simulating tensile properties of smart composite FDM printed parts,2025,Materials Research Proceedings,10.21741/9781644903599-30,https://doi.org/10.21741/9781644903599-30,low_relevance,1
2381,archive,crossref_only,Crossref,Fracture behaviour of functionally graded bi-material interface produced by wire arc additive manufacturing,2025,Materials Science and Engineering: A,10.1016/j.msea.2025.148034,https://doi.org/10.1016/j.msea.2025.148034,low_relevance,1
2382,archive,openalex_only,OpenAlex,Four-Dimensional Printing of Shape Memory Polymers for Biomedical Applications: Advances in DLP and SLA Manufacturing,2025,Polymers,10.3390/polym18010024,https://doi.org/10.3390/polym18010024,low_relevance,1
2383,archive,crossref_only,Crossref,Flow dynamics of multi-material exchange in two-photon absorption 3D printing,2025,Laser 3D Manufacturing XII,10.1117/12.3040656,https://doi.org/10.1117/12.3040656,low_relevance,1
2384,archive,crossref_only,Crossref,Flashing digital light processing based functionally graded additive manufacturing of zirconia dental crowns with simultaneous color and translucency gradation,2025,Journal of Advanced Ceramics,10.26599/jac.2025.9221140,https://doi.org/10.26599/jac.2025.9221140,low_relevance,1
2385,archive,crossref_only,Crossref,"Field-driven design of functionally graded TPMS-based 3D printed sandwich structures: Modeling, printing and testing",2025,Materials Research Proceedings,10.21741/9781644903735-65,https://doi.org/10.21741/9781644903735-65,low_relevance,1
2386,archive,crossref_only,Crossref,Fatigue crack propagation in functionally graded bi-material steel obtained through wire-arc additive manufacturing,2025,International Journal of Fatigue,10.1016/j.ijfatigue.2025.108819,https://doi.org/10.1016/j.ijfatigue.2025.108819,low_relevance,1
2387,archive,crossref_only,Crossref,FastCat: Autonomous Discovery of Multielement Layered Double Hydroxide Alloy Catalysts for Alkaline Oxygen Evolution Reaction,2025,Advanced Intelligent Discovery,10.1002/aidi.202500138,https://doi.org/10.1002/aidi.202500138,low_relevance,1
2388,archive,crossref_only,Crossref,FastCat - Autonomous Discovery ofMultielement LDH Alloy Catalysts for AlkalineOER,2025,Venue unknown,10.26434/chemrxiv-2025-w8bkg,https://doi.org/10.26434/chemrxiv-2025-w8bkg,low_relevance,1
2389,archive,crossref_only,Crossref,Fabrication of self-sensing soft robots via multi-material digital light processing 3D printing of hydrogels,2025,Materials &amp; Design,10.1016/j.matdes.2025.114394,https://doi.org/10.1016/j.matdes.2025.114394,low_relevance,1
2390,archive,crossref_only,Crossref,Fabrication of Steel-Based Functionally Graded Material With Planar Hardness Gradation Using Plasma Arc Additive Manufacturing Technique,2025,Volume 1: Additive Manufacturing &amp; 3D Printing,10.1115/imece-india2025-161262,https://doi.org/10.1115/imece-india2025-161262,low_relevance,1
2391,archive,crossref_only,Crossref,Fabrication of Functionally Graded Porous Materials via Additive Manufacturing and Investigation of  Compressive Behavior,2025,Hittite Journal of Science and Engineering,10.17350/hjse19030000360,https://doi.org/10.17350/hjse19030000360,low_relevance,1
2392,archive,crossref_only,Crossref,FDM continuous filling path planning method based on stress field direction guidance,2025,The International Journal of Advanced Manufacturing Technology,10.1007/s00170-025-16907-8,https://doi.org/10.1007/s00170-025-16907-8,low_relevance,1
2393,archive,crossref_only,Crossref,Exploring multi-material structures: An overview of arc additive manufacturing,2025,Materials Research Proceedings,10.21741/9781644903438-4,https://doi.org/10.21741/9781644903438-4,low_relevance,1
2394,archive,crossref_only,Crossref,Exploring Multi-Materiality: challenges and potential pathways for scaling up 3D printing of biomaterials,2025,Venue unknown,10.33774/coe-2025-3h9s0,https://doi.org/10.33774/coe-2025-3h9s0,low_relevance,1
2395,archive,crossref_only,Crossref,Experimental study of internal deformation in 3D solids with embedded parallel cracks during the fracture process using multi-material 3D printing and stereo digital image correlation,2025,Theoretical and Applied Fracture Mechanics,10.1016/j.tafmec.2025.104884,https://doi.org/10.1016/j.tafmec.2025.104884,low_relevance,1
2396,archive,crossref_only,Crossref,Experimental and Numerical Investigation of Thermally Activated Shape-Morphing in 4D-Printed ABS Beams,2025,Venue unknown,10.21203/rs.3.rs-6841223/v1,https://doi.org/10.21203/rs.3.rs-6841223/v1,low_relevance,1
2397,archive,crossref_only,Crossref,Expanding Avenues in 4D Printing Technology,2025,4D Printing of Foods,10.1002/9781394305285.ch5,https://doi.org/10.1002/9781394305285.ch5,low_relevance,1
2398,archive,crossref_only,Crossref,Enhancing the Tensile Properties of Inconel 625/TC4 Functionally Graded Materials Prepared by Dual-Wire Arc Additive Manufacturing via Compositional Gradient,2025,Metallurgical and Materials Transactions B,10.1007/s11663-025-03696-4,https://doi.org/10.1007/s11663-025-03696-4,low_relevance,1
2399,archive,crossref_only,Crossref,Enhancing interlayer bonding in short fibre-reinforced material extrusion additive manufacturing via a novel lift toolpath,2025,Rapid Prototyping Journal,10.1108/rpj-10-2024-0428,https://doi.org/10.1108/rpj-10-2024-0428,low_relevance,1
2400,archive,crossref_only,Crossref,Enhancing hospital operations efficiency through digital twin technology,2025,Blockchain and Digital Twin for Smart Hospitals,10.1016/b978-0-443-34226-4.00026-5,https://doi.org/10.1016/b978-0-443-34226-4.00026-5,low_relevance,1
2401,archive,crossref_only,Crossref,Enhancing Manufacturing Efficiency Through Digital Twin Implementation,2025,Proceedings of the International Conference on Industrial Engineering and Operations Management,10.46254/na10.20250128,https://doi.org/10.46254/na10.20250128,low_relevance,1
2402,archive,openalex_only,OpenAlex,Enhancing Biomedical Metal 3D Printing with AI and Nanomaterials Integration,2025,Metals,10.3390/met15101163,https://doi.org/10.3390/met15101163,low_relevance,1
2403,archive,both_openalex_crossref,Crossref; OpenAlex,Engineering stimuli‐responsive shape‐morphing through high‐resolution 4D printing,2025,Responsive materials,10.1002/rpm2.70025,https://doi.org/10.1002/rpm2.70025,low_relevance,1
2404,archive,openalex_only,OpenAlex,Electrothermal-responsive flexible actuator of paper-based MWCNTs/PEDOT:PSS composites and PLA using 4D printing,2025,Engineering Research Express,10.1088/2631-8695/adb5da,https://doi.org/10.1088/2631-8695/adb5da,low_relevance,1
2405,archive,crossref_only,Crossref,Electrode-integrated 4D printing enables hydrogel shape morphing: A critical breakthrough for bio-inspired actuators,2025,Chemical Engineering Journal,10.1016/j.cej.2025.165268,https://doi.org/10.1016/j.cej.2025.165268,low_relevance,1
2406,archive,crossref_only,Crossref,Editorial: The launch of 4D printing: embracing time in additive manufacturing,2025,4D Printing,10.1108/4dp-05-2025-006,https://doi.org/10.1108/4dp-05-2025-006,low_relevance,1
2407,archive,openalex_only,OpenAlex,Editorial: 4D materials design and additive manufacturing conference 2025,2025,4D Printing,10.1108/4dp-11-2025-015,https://doi.org/10.1108/4dp-11-2025-015,low_relevance,1
2408,archive,crossref_only,Crossref,EXPANDING HORIZONS WITH 3D AND 4D PRINTING,2025,Venue unknown,10.54985/peeref.2507p7066538,https://doi.org/10.54985/peeref.2507p7066538,low_relevance,1
2409,archive,crossref_only,Crossref,EP79 Multi-Material 3D-Printed Hip Joint Model With Labral Seal for Surgical Planning,2025,Journal of Hip Preservation Surgery,10.1093/jhps/hnaf069.213,https://doi.org/10.1093/jhps/hnaf069.213,low_relevance,1
2410,archive,crossref_only,Crossref,ENERGETIKA SOHASIDA RAQAMLI IQTISODIYOTNING SHAKLLANISHI: SMART GRID VA  DIGITAL TWIN TEXNOLOGIYALARI ASOSIDA TAHLIL,2025,Iqtisodiy taraqqiyot va tahlil,10.60078/2992-877x-2025-vol3-iss12-pp170-178,https://doi.org/10.60078/2992-877x-2025-vol3-iss12-pp170-178,low_relevance,1
2411,archive,openalex_only,OpenAlex,DynamicallySwitchable 3D Shape-Morphing and Rotationfrom Liquid Crystal Elastomer Actuators,2025,Figshare,10.1021/acsami.5c08979.s001,https://doi.org/10.1021/acsami.5c08979.s001,low_relevance,1
2412,archive,openalex_only,OpenAlex,DynamicallySwitchable 3D Shape-Morphing and Rotationfrom Liquid Crystal Elastomer Actuators,2025,Figshare,10.1021/acsami.5c08979.s010,https://doi.org/10.1021/acsami.5c08979.s010,low_relevance,1
2413,archive,openalex_only,OpenAlex,DynamicallySwitchable 3D Shape-Morphing and Rotationfrom Liquid Crystal Elastomer Actuators,2025,Figshare,10.1021/acsami.5c08979.s004,https://doi.org/10.1021/acsami.5c08979.s004,low_relevance,1
2414,archive,openalex_only,OpenAlex,DynamicallySwitchable 3D Shape-Morphing and Rotationfrom Liquid Crystal Elastomer Actuators,2025,Figshare,10.1021/acsami.5c08979.s006,https://doi.org/10.1021/acsami.5c08979.s006,low_relevance,1
2415,archive,openalex_only,OpenAlex,DynamicallySwitchable 3D Shape-Morphing and Rotationfrom Liquid Crystal Elastomer Actuators,2025,Figshare,10.1021/acsami.5c08979.s007,https://doi.org/10.1021/acsami.5c08979.s007,low_relevance,1
2416,archive,openalex_only,OpenAlex,DynamicallySwitchable 3D Shape-Morphing and Rotationfrom Liquid Crystal Elastomer Actuators,2025,Figshare,10.1021/acsami.5c08979.s005,https://doi.org/10.1021/acsami.5c08979.s005,low_relevance,1
2417,archive,openalex_only,OpenAlex,DynamicallySwitchable 3D Shape-Morphing and Rotationfrom Liquid Crystal Elastomer Actuators,2025,Figshare,10.1021/acsami.5c08979.s008,https://doi.org/10.1021/acsami.5c08979.s008,low_relevance,1
2418,archive,openalex_only,OpenAlex,DynamicallySwitchable 3D Shape-Morphing and Rotationfrom Liquid Crystal Elastomer Actuators,2025,Figshare,10.1021/acsami.5c08979.s009,https://doi.org/10.1021/acsami.5c08979.s009,low_relevance,1
2419,archive,openalex_only,OpenAlex,DynamicallySwitchable 3D Shape-Morphing and Rotationfrom Liquid Crystal Elastomer Actuators,2025,Figshare,10.1021/acsami.5c08979.s003,https://doi.org/10.1021/acsami.5c08979.s003,low_relevance,1
2420,archive,openalex_only,OpenAlex,DynamicallySwitchable 3D Shape-Morphing and Rotationfrom Liquid Crystal Elastomer Actuators,2025,Figshare,10.1021/acsami.5c08979.s002,https://doi.org/10.1021/acsami.5c08979.s002,low_relevance,1
2421,archive,openalex_only,OpenAlex,Dynamically Switchable 3D Shape-Morphing and Rotation from Liquid Crystal Elastomer Actuators,2025,ACS Applied Materials & Interfaces,10.1021/acsami.5c08979,https://doi.org/10.1021/acsami.5c08979,low_relevance,1
2422,archive,crossref_only,Crossref,"Dynamic physics-based digital twin for supervisory, condition monitoring and fault diagnosis of industrial turboshaft engines",2025,Digital Twin,10.1080/27525783.2025.2598085,https://doi.org/10.1080/27525783.2025.2598085,low_relevance,1
2423,archive,crossref_only,Crossref,Dynamic Optimization of the Full-link Process of Unified Production Architecture Based on Digital Twin Technology,2025,Informatica,10.31449/inf.v49i37.9695,https://doi.org/10.31449/inf.v49i37.9695,low_relevance,1
2424,archive,openalex_only,OpenAlex,Dynamic Bonds Reinforced Polyamide Elastomer for Biomedical Orthosis,2025,Advanced Science,10.1002/advs.202504395,https://doi.org/10.1002/advs.202504395,low_relevance,1
2425,archive,crossref_only,Crossref,Dual‐Stimuli Responsive and Sustainable PLA/APHA/TPU Blend for 4D Printing,2025,Macromolecular Rapid Communications,10.1002/marc.202500414,https://doi.org/10.1002/marc.202500414,low_relevance,1
2426,archive,crossref_only,Crossref,Dual-Robot Nonplanar 3D Printing Path Planning and Compensation,2025,3D Printing and Additive Manufacturing,10.1089/3dp.2023.0323,https://doi.org/10.1089/3dp.2023.0323,low_relevance,1
2427,archive,crossref_only,Crossref,Double-Wire Additive Manufacturing Process of Functionally Graded Material by Robotic Arc Welding,2025,3D Printing and Additive Manufacturing,10.1089/3dp.2024.0056,https://doi.org/10.1089/3dp.2024.0056,low_relevance,1
2428,archive,crossref_only,Crossref,Disinfection efficiency and its impact on the mechanical properties of multi-material mouthguards fabricated via fused filament fabrication,2025,Materials Science in Additive Manufacturing,10.36922/msam025130018,https://doi.org/10.36922/msam025130018,low_relevance,1
2429,archive,crossref_only,Crossref,Digital-Twin-Enabled Process Monitoring for a Robotic Additive Manufacturing Cell Using Wire-Based Laser Metal Deposition,2025,Processes,10.3390/pr13082335,https://doi.org/10.3390/pr13082335,low_relevance,1
2430,archive,crossref_only,Crossref,Digital twin–based healthcare facilities management,2025,Blockchain and Digital Twin for Smart Hospitals,10.1016/b978-0-443-34226-4.00004-6,https://doi.org/10.1016/b978-0-443-34226-4.00004-6,low_relevance,1
2431,archive,crossref_only,Crossref,Digital twins in manufacturing: a taxonomy for manufacturing applications,2025,Digital Twin,10.1080/27525783.2025.2496645,https://doi.org/10.1080/27525783.2025.2496645,low_relevance,1
2432,archive,crossref_only,Crossref,Digital twin: an augmented reality based additive manufacturing system,2025,IET Conference Proceedings,10.1049/icp.2025.1357,https://doi.org/10.1049/icp.2025.1357,low_relevance,1
2433,archive,crossref_only,Crossref,Digital twin-enabled robotics for smart tag deployment and sensing in confined space,2025,Robotics and Computer-Integrated Manufacturing,10.1016/j.rcim.2025.102993,https://doi.org/10.1016/j.rcim.2025.102993,low_relevance,1
2434,archive,crossref_only,Crossref,Digital twin-driven staged error prediction and compensation framework for the whole process of robotic machining,2025,Journal of Manufacturing Systems,10.1016/j.jmsy.2025.09.009,https://doi.org/10.1016/j.jmsy.2025.09.009,low_relevance,1
2435,archive,crossref_only,Crossref,Digital twin-driven smelting process management method for converter steelmaking,2025,Journal of Intelligent Manufacturing,10.1007/s10845-024-02366-7,https://doi.org/10.1007/s10845-024-02366-7,low_relevance,1
2436,archive,crossref_only,Crossref,Digital twin-driven real-time optimization of layer-specific surface roughness in FDM 3D printing,2025,Progress in Additive Manufacturing,10.1007/s40964-025-01227-w,https://doi.org/10.1007/s40964-025-01227-w,low_relevance,1
2437,archive,crossref_only,Crossref,Digital twin-driven dynamic prediction of operation status and process optimization for flexible production line,2025,Venue unknown,10.2139/ssrn.5682665,https://doi.org/10.2139/ssrn.5682665,low_relevance,1
2438,archive,crossref_only,Crossref,Digital twin-driven decision support approach of production process for smart manufacturing,2025,The International Journal of Advanced Manufacturing Technology,10.1007/s00170-025-16363-4,https://doi.org/10.1007/s00170-025-16363-4,low_relevance,1
2439,archive,crossref_only,Crossref,"Digital twin-based virtual factory and cyber-physical production systems, collaborative autonomous robotic and networked manufacturing technologies, and enterprise and business intelligence algorithms for industrial metaverse",2025,Equilibrium. Quarterly Journal of Economics and Economic Policy,10.24136/eq.3557,https://doi.org/10.24136/eq.3557,low_relevance,1
2440,archive,crossref_only,Crossref,Digital twin technology in Industry 4.0: revolutionising quality control in intelligent manufacturing,2025,The Digital Twin Handbook,10.1049/pbpc071e_ch8,https://doi.org/10.1049/pbpc071e_ch8,low_relevance,1
2441,archive,crossref_only,Crossref,Digital twin simulation for quality and efficiency evaluation on industrial manufacturing: A Theoretical Analysis,2025,Digital Science,10.62306/dwsfqaeeoimatha,https://doi.org/10.62306/dwsfqaeeoimatha,low_relevance,1
2442,archive,crossref_only,Crossref,Digital twin of micro-milling process for micro-tool wear,2025,International Journal of Computer Integrated Manufacturing,10.1080/0951192x.2025.2461034,https://doi.org/10.1080/0951192x.2025.2461034,low_relevance,1
2443,archive,crossref_only,Crossref,Digital twin modelling for 3D-printed composite structures manufactured by fused filament fabrication method: mesoscale geometry simulation,2025,"Digital Twins, AI, and NDE for Industry Applications and Energy Systems 2025",10.1117/12.3050858,https://doi.org/10.1117/12.3050858,low_relevance,1
2444,archive,crossref_only,Crossref,Digital twin for weather-induced extremes,2025,Venue unknown,10.5194/egusphere-egu25-5110,https://doi.org/10.5194/egusphere-egu25-5110,low_relevance,1
2445,archive,crossref_only,Crossref,Digital twin for smart wireless sensor networks,2025,Blockchain and Digital Twin for Smart Healthcare,10.1016/b978-0-443-30300-5.00017-8,https://doi.org/10.1016/b978-0-443-30300-5.00017-8,low_relevance,1
2446,archive,crossref_only,Crossref,Digital twin for construction industry,2025,Digital Twin and Blockchain for Sensor Networks in Smart Cities,10.1016/b978-0-443-30076-9.00014-5,https://doi.org/10.1016/b978-0-443-30076-9.00014-5,low_relevance,1
2447,archive,crossref_only,Crossref,Digital twin driven factory and production planning (FPP),2025,Production &amp; Manufacturing Research,10.1080/21693277.2025.2507954,https://doi.org/10.1080/21693277.2025.2507954,low_relevance,1
2448,archive,crossref_only,Crossref,Digital twin application in healthcare facilities management,2025,Blockchain and Digital Twin for Smart Hospitals,10.1016/b978-0-443-34226-4.00014-9,https://doi.org/10.1016/b978-0-443-34226-4.00014-9,low_relevance,1
2449,archive,crossref_only,Crossref,Digital twin and reinforcement learning-based additive manufacturing optimization,2025,Fourth International Conference on Electronic Information Engineering and Data Processing (EIEDP 2025),10.1117/12.3066926,https://doi.org/10.1117/12.3066926,low_relevance,1
2450,archive,crossref_only,Crossref,Digital Twin: A Novel Solution for Smart Grid Applications,2025,SpringerBriefs in Energy,10.1007/978-3-031-90099-0_3,https://doi.org/10.1007/978-3-031-90099-0_3,low_relevance,1
2451,archive,crossref_only,Crossref,Digital Twin-driven carbon emissions management in manufacturing,2025,Manufacturing Letters,10.1016/j.mfglet.2025.06.191,https://doi.org/10.1016/j.mfglet.2025.06.191,low_relevance,1
2452,archive,crossref_only,Crossref,Digital Twin-Enhanced Communication Architectures for Malaysia's Smart Manufacturing Sector,2025,2025 RIVF International Conference on Computing and Communication Technologies (RIVF),10.1109/rivf68649.2025.11365091,https://doi.org/10.1109/rivf68649.2025.11365091,low_relevance,1
2453,archive,crossref_only,Crossref,Digital Twin-Enabled Extrusion Control for High-Fidelity Printing of Polymers,2025,Polymers,10.3390/polym17162215,https://doi.org/10.3390/polym17162215,low_relevance,1
2454,archive,crossref_only,Crossref,Digital Twin-Enabled Assistance for Human-Centric Assembly,2025,Human-Centric Smart Manufacturing Towards Industry 5.0,10.1007/978-3-031-82170-7_11,https://doi.org/10.1007/978-3-031-82170-7_11,low_relevance,1
2455,archive,both_openalex_crossref,Crossref; OpenAlex,Digital Twin-Based Process Optimization and Defect Prediction in Metal Additive Manufacturing for Critical Mechanical Components,2025,British Journal of Multidisciplinary Studies,10.32996/bjmss.2025.3.2.5,https://doi.org/10.32996/bjmss.2025.3.2.5,low_relevance,1
2456,archive,crossref_only,Crossref,Digital Twin technologies in enhancing supply chain resilience,2025,Digital Twin and Blockchain for Sensor Networks in Smart Cities,10.1016/b978-0-443-30076-9.00015-7,https://doi.org/10.1016/b978-0-443-30076-9.00015-7,low_relevance,1
2457,archive,crossref_only,Crossref,Digital Twin in Industry,2025,SpringerBriefs in Energy,10.1007/978-3-031-90099-0_2,https://doi.org/10.1007/978-3-031-90099-0_2,low_relevance,1
2458,archive,crossref_only,Crossref,Digital Twin for Smart Power Transmission,2025,SpringerBriefs in Energy,10.1007/978-3-031-90099-0_6,https://doi.org/10.1007/978-3-031-90099-0_6,low_relevance,1
2459,archive,crossref_only,Crossref,Digital Twin for Smart Power Generation,2025,SpringerBriefs in Energy,10.1007/978-3-031-90099-0_4,https://doi.org/10.1007/978-3-031-90099-0_4,low_relevance,1
2460,archive,crossref_only,Crossref,Digital Twin for Smart Power Distribution,2025,SpringerBriefs in Energy,10.1007/978-3-031-90099-0_5,https://doi.org/10.1007/978-3-031-90099-0_5,low_relevance,1
2461,archive,crossref_only,Crossref,Digital Twin for Future Smart Grid,2025,SpringerBriefs in Energy,10.1007/978-3-031-90099-0_7,https://doi.org/10.1007/978-3-031-90099-0_7,low_relevance,1
2462,archive,crossref_only,Crossref,Digital Twin and Blockchain for Sensor Networks in Smart Cities,2025,Venue unknown,10.1016/c2023-0-51982-2,https://doi.org/10.1016/c2023-0-51982-2,low_relevance,1
2463,archive,crossref_only,Crossref,Digital Twin Technology for Predictive Maintenance in Manufacturing: A Smart Industry 4.0 Approach,2025,INTERNATIONAL JOURNAL OF SCIENTIFIC RESEARCH IN ENGINEERING AND MANAGEMENT,10.55041/ijsrem51767,https://doi.org/10.55041/ijsrem51767,low_relevance,1
2464,archive,crossref_only,Crossref,Digital Twin Technology for Enhancing Dynamic PFMEA Updates in Advanced Manufacturing Environments: A Case Study Analysis,2025,Venue unknown,10.2139/ssrn.5250543,https://doi.org/10.2139/ssrn.5250543,low_relevance,1
2465,archive,crossref_only,Crossref,Digital Twin Synchronization: Bridging the Sim-RL Agent to a Real-Time Robotic Additive Manufacturing Control,2025,2025 IEEE Engineering Reliable Autonomous Systems (ERAS),10.1109/eras63351.2025.11135823,https://doi.org/10.1109/eras63351.2025.11135823,low_relevance,1
2466,archive,crossref_only,Crossref,Digital Twin Overview,2025,SpringerBriefs in Energy,10.1007/978-3-031-90099-0_1,https://doi.org/10.1007/978-3-031-90099-0_1,low_relevance,1
2467,archive,crossref_only,Crossref,Digital Twin Optimization Approach for Flexible Manufacturing System Scheduling,2025,2025 Winter Simulation Conference (WSC),10.1109/wsc68292.2025.11339035,https://doi.org/10.1109/wsc68292.2025.11339035,low_relevance,1
2468,archive,crossref_only,Crossref,Digital Twin Modeling and Distributed Virtual Collaboration Method of Human-centric Smart Manufacturing System in the Context of Industrial Metauniverse,2025,Journal of Mechanical Engineering,10.3901/jme.2025.15.385,https://doi.org/10.3901/jme.2025.15.385,low_relevance,1
2469,archive,crossref_only,Crossref,Digital Twin Framework Using Real-Time Asset Tracking for Smart Flexible Manufacturing System,2025,Machines,10.3390/machines13010037,https://doi.org/10.3390/machines13010037,low_relevance,1
2470,archive,crossref_only,Crossref,Digital Twin Driven Quality Control in Smart Mobile Factories: A Framework in Precast Manufacturing,2025,Procedia CIRP,10.1016/j.procir.2025.02.194,https://doi.org/10.1016/j.procir.2025.02.194,low_relevance,1
2471,archive,crossref_only,Crossref,Digital Twin Applications in the Agriculture and Farming Domain,2025,Blockchain and Digital Twin Applications in Smart Agriculture,10.1201/9781003507390-8,https://doi.org/10.1201/9781003507390-8,low_relevance,1
2472,archive,crossref_only,Crossref,Digital Twin Applications in Industrial Engineering: From Process Optimization to Autonomous Systems,2025,"2025 6th International Conference on Communications, Information, Electronic and Energy Systems (CIEES)",10.1109/ciees66347.2025.11300079,https://doi.org/10.1109/ciees66347.2025.11300079,low_relevance,1
2473,archive,crossref_only,Crossref,"Digital Product Definition, Drawings, 3D PMI and the Digital Twin",2025,Engineering Drawing and Product Manufacturing Information with 3D Models,10.1201/9781003395072-17,https://doi.org/10.1201/9781003395072-17,low_relevance,1
2474,archive,crossref_only,Crossref,Digital Fabrication of Biologically Cemented Spatial Structures,2025,3D Printing and Additive Manufacturing,10.1089/3dp.2023.0339,https://doi.org/10.1089/3dp.2023.0339,low_relevance,1
2475,archive,crossref_only,Crossref,Development of ferritic–austenitic functionally graded structure via twin wire arc additive manufacturing route,2025,Progress in Additive Manufacturing,10.1007/s40964-024-00823-6,https://doi.org/10.1007/s40964-024-00823-6,low_relevance,1
2476,archive,crossref_only,Crossref,Development of a Method for Evaluating Data Transmission in Cyber-Physical Systems,2025,Springer Tracts in Additive Manufacturing,10.1007/978-3-031-84873-5_37,https://doi.org/10.1007/978-3-031-84873-5_37,low_relevance,1
2477,archive,crossref_only,Crossref,Development of a Digital Twin for a Robotic Additive Manufacturing System Based on Laser Metal Deposition (LMD) Process,2025,Proceedings of the 27th International Congress of Mechanical Engineering,10.26678/abcm.cobem2023.cob2023-0208,https://doi.org/10.26678/abcm.cobem2023.cob2023-0208,low_relevance,1
2478,archive,crossref_only,Crossref,Development of a Digital Twin Framework for Predictive Maintenance in Smart Manufacturing Environments,2025,International Journal For Multidisciplinary Research,10.36948/ijfmr.2025.v07i03.46785,https://doi.org/10.36948/ijfmr.2025.v07i03.46785,low_relevance,1
2479,archive,crossref_only,Crossref,Development of Self-Adaptive Cyber-Physical Systems for Real-Time Optimization in Advanced Manufacturing Environments,2025,Venue unknown,10.2139/ssrn.5256048,https://doi.org/10.2139/ssrn.5256048,low_relevance,1
2480,archive,openalex_only,OpenAlex,Development of Near Infrared Light and Electrically Responsive Shape Memory Polymer Composites Based on Copolyester Thermoplastic Elastomer/Polycaprolactone Blend and Carbon Nanotubes,2025,Journal of Applied Polymer Science,10.1002/app.57742,https://doi.org/10.1002/app.57742,low_relevance,1
2481,archive,crossref_only,Crossref,Development of Automatic Toolpath Planning for Cold Spray Additive Manufacturing Based on Open-Source Additive Manufacturing Slicing Software,2025,Venue unknown,10.2139/ssrn.5682622,https://doi.org/10.2139/ssrn.5682622,low_relevance,1
2482,archive,crossref_only,Crossref,Development and post-process heat treatment of dissimilar steel structure via twin-wire arc additive manufacturing using heterogeneous functionally graded deposition strategy,2025,Structures,10.1016/j.istruc.2025.108255,https://doi.org/10.1016/j.istruc.2025.108255,low_relevance,1
2483,archive,crossref_only,Crossref,Developing a calibrated physics-based digital twin for construction vehicles,2025,Digital Twin,10.1080/27525783.2025.2592382,https://doi.org/10.1080/27525783.2025.2592382,low_relevance,1
2484,archive,crossref_only,Crossref,Designing a New Digital Twin Framework for Smart Cities,2025,Venue unknown,10.2139/ssrn.5100117,https://doi.org/10.2139/ssrn.5100117,low_relevance,1
2485,archive,crossref_only,Crossref,"Design, additive manufacturing, and machine learning prediction of multi-material diamond TPMS structure for improved mechanical performance",2025,Progress in Additive Manufacturing,10.1007/s40964-025-01209-y,https://doi.org/10.1007/s40964-025-01209-y,low_relevance,1
2486,archive,crossref_only,Crossref,Design optimization for defect-free AISI 316 L/IN718 functionally graded materials produced by laser additive manufacturing,2025,Materials Characterization,10.1016/j.matchar.2024.114697,https://doi.org/10.1016/j.matchar.2024.114697,low_relevance,1
2487,archive,crossref_only,Crossref,Design of a variable stiffness soft gripper for flexible manufacturing with reinforced structure by multi-material 3D printing,2025,Journal of Engineering Design,10.1080/09544828.2025.2508121,https://doi.org/10.1080/09544828.2025.2508121,low_relevance,1
2488,archive,crossref_only,Crossref,Design and modeling of process manufacturing-oriented digital twin system,2025,The International Journal of Advanced Manufacturing Technology,10.1007/s00170-025-16284-2,https://doi.org/10.1007/s00170-025-16284-2,low_relevance,1
2489,archive,crossref_only,Crossref,Design and Optimization of a Heat Sink for Multi-Material Co-Extrusion in Additive Manufacturing,2025,Lecture Notes in Mechanical Engineering,10.1007/978-981-96-1647-3_5,https://doi.org/10.1007/978-981-96-1647-3_5,low_relevance,1
2490,archive,openalex_only,OpenAlex,Design and Characterization of Negative-Stiffness Lattice Structures for Diabetic Midsoles,2025,Applied Sciences,10.3390/app15179544,https://doi.org/10.3390/app15179544,low_relevance,1
2491,archive,both_openalex_crossref,Crossref; OpenAlex,Design and Application of Stimuli‐Responsive Hydrogels for 4D Printing: A Review of Adaptive Materials in Engineering,2025,Preprints.org,10.20944/preprints202512.1643.v1,https://doi.org/10.20944/preprints202512.1643.v1,low_relevance,1
2492,archive,crossref_only,Crossref,Design and Additive Manufacturing of Metamaterial – Enabling Structure-Driven Material Properties,2025,Additive Manufacturing Frontiers,10.1016/j.amf.2025.200202,https://doi.org/10.1016/j.amf.2025.200202,low_relevance,1
2493,archive,crossref_only,Crossref,Description of Hardware‐in‐Loop Digital Twin Platform Requirements for Industrial Process,2025,A Hardware‐in‐Loop Digital Twin Approach for Intelligent Optimization of Municipal Solid Waste Incineration,10.1002/9781394354047.ch12,https://doi.org/10.1002/9781394354047.ch12,low_relevance,1
2494,archive,crossref_only,Crossref,Defence Industry Applications for Multi-Material Additive Manufacturing,2025,Műszaki Katonai Közlöny,10.32562/mkk.2025.3-4.3,https://doi.org/10.32562/mkk.2025.3-4.3,low_relevance,1
2495,archive,crossref_only,Crossref,Deep Gaussian process for enhanced Bayesian optimization and its application in additive manufacturing,2025,IISE Transactions,10.1080/24725854.2024.2312905,https://doi.org/10.1080/24725854.2024.2312905,low_relevance,1
2496,archive,crossref_only,Crossref,Data-Driven Digital Twin Framework for Predictive Maintenance of Smart Manufacturing Systems,2025,Machines,10.3390/machines13060481,https://doi.org/10.3390/machines13060481,low_relevance,1
2497,archive,crossref_only,Crossref,Cyber-physical system for advanced manufacturing,2025,Industry 4.0 for Manufacturing Systems,10.1201/9781003470861-5,https://doi.org/10.1201/9781003470861-5,low_relevance,1
2498,archive,crossref_only,Crossref,Curved layering and path planning of continuous fiber composites based on multi-direction slicing for robotic additive manufacturing,2025,Journal of Manufacturing Processes,10.1016/j.jmapro.2025.09.072,https://doi.org/10.1016/j.jmapro.2025.09.072,low_relevance,1
2499,archive,openalex_only,OpenAlex,Current status and future outlook of 4D printing of polymers and composites-A prospective,2025,Composites Part C Open Access,10.1016/j.jcomc.2025.100602,https://doi.org/10.1016/j.jcomc.2025.100602,low_relevance,1
2500,archive,openalex_only,OpenAlex,Current approaches to digital twins in additive manufacturing: a systematic literature review,2025,Progress in Additive Manufacturing,10.1007/s40964-025-01262-7,https://doi.org/10.1007/s40964-025-01262-7,low_relevance,1
2501,archive,crossref_only,Crossref,"Corrigendum to “Multi-material functionally graded additive manufacturing of zirconia ceramic: A systematic review” [Open Ceramics, Volume 21 (2025), 100741]",2025,Open Ceramics,10.1016/j.oceram.2025.100775,https://doi.org/10.1016/j.oceram.2025.100775,low_relevance,1
2502,archive,crossref_only,Crossref,"Correction: Mao et al. Fused Space in Architecture via Multi-Material 3D Printing Using Recycled Plastic: Design, Fabrication, and Application. Buildings 2025, 15, 2588",2025,Buildings,10.3390/buildings15173055,https://doi.org/10.3390/buildings15173055,low_relevance,1
2503,archive,crossref_only,Crossref,Continuous Multi-Material Additive Manufacturing,2025,Research,10.34133/research.0889,https://doi.org/10.34133/research.0889,low_relevance,1
2504,archive,crossref_only,Crossref,Computational design of 3D printed flexible Voronoi lattices,2025,Progress in Additive Manufacturing,10.1007/s40964-025-01274-3,https://doi.org/10.1007/s40964-025-01274-3,low_relevance,1
2505,archive,crossref_only,Crossref,Computational design methodology for additive manufacturing to enhance customised products and process management efficiency,2025,Results in Engineering,10.1016/j.rineng.2025.105480,https://doi.org/10.1016/j.rineng.2025.105480,low_relevance,1
2506,archive,crossref_only,Crossref,Computational Design and Additive Manufacturing of 3D-Printed Prosthetics for Enhanced Mobility and Performance,2025,Journal of Manufacturing and Materials Processing,10.3390/jmmp9090312,https://doi.org/10.3390/jmmp9090312,low_relevance,1
2507,archive,crossref_only,Crossref,Compositionally Grading Alloy Stacking Fault Energy Using Autonomous Path Planning and Additive Manufacturing with Elemental Powders,2025,Venue unknown,10.2139/ssrn.5160413,https://doi.org/10.2139/ssrn.5160413,low_relevance,1
2508,archive,crossref_only,Crossref,Competitive multi-task Bayesian optimization with an application in hyperparameter tuning of additive manufacturing,2025,Expert Systems with Applications,10.1016/j.eswa.2024.125618,https://doi.org/10.1016/j.eswa.2024.125618,low_relevance,1
2509,archive,openalex_only,OpenAlex,Comparative Study of Cartesian and Polar 3D Printer Architectures by Mathematical Modelling,2025,Indian Journal of Science and Technology,10.17485/ijst/v18i48.183,https://doi.org/10.17485/ijst/v18i48.183,low_relevance,1
2510,archive,crossref_only,Crossref,Comparative Evaluation of 3D Point Cloud Tools in Agriculture 5.0 Using Digital Twins,2025,3D Printing and Digital Twins in Smart Agriculture,10.4018/979-8-3373-7077-4.ch007,https://doi.org/10.4018/979-8-3373-7077-4.ch007,low_relevance,1
2511,archive,crossref_only,Crossref,Color Matching and Biomimicry for Multi-Material Dental 3D Printing,2025,Proceedings of the Special Interest Group on Computer Graphics and Interactive Techniques Conference Conference Papers,10.1145/3721238.3730708,https://doi.org/10.1145/3721238.3730708,low_relevance,1
2512,archive,crossref_only,Crossref,Cohesive zone modeling to predict multi-material additive manufacturing interfaces behavior,2025,Progress in Additive Manufacturing,10.1007/s40964-025-01221-2,https://doi.org/10.1007/s40964-025-01221-2,low_relevance,1
2513,archive,crossref_only,Crossref,Coaxial multi-material photocurable 3D printing of water retaining and anti-swelling hydrogel sensors for reliable air/underwater applications,2025,Chemical Engineering Journal,10.1016/j.cej.2025.169326,https://doi.org/10.1016/j.cej.2025.169326,low_relevance,1
2514,archive,openalex_only,OpenAlex,Coaxial Direct Ink Writing of Cholesteric Liquid Crystal Elastomers in 3D Architectures,2025,Advanced Materials,10.1002/adma.202416621,https://doi.org/10.1002/adma.202416621,low_relevance,1
2515,archive,crossref_only,Crossref,Cloud computing- and digital twin-based monitoring framework for healthcare applications,2025,Blockchain and Digital Twin for Smart Hospitals,10.1016/b978-0-443-34226-4.00022-8,https://doi.org/10.1016/b978-0-443-34226-4.00022-8,low_relevance,1
2516,archive,crossref_only,Crossref,Closed‐Loop and Sustainable 4D Printing of Multi‐Stimuli‐Responsive Sulfur‐Rich Polymer Composites for Autonomous Task Execution (Adv. Mater. 44/2025),2025,Advanced Materials,10.1002/adma.71106,https://doi.org/10.1002/adma.71106,low_relevance,1
2517,archive,crossref_only,Crossref,Closed‐Loop and Sustainable 4D Printing of Multi‐Stimuli‐Responsive Sulfur‐Rich Polymer Composites for Autonomous Task Execution,2025,Advanced Materials,10.1002/adma.202507057,https://doi.org/10.1002/adma.202507057,low_relevance,1
2518,archive,crossref_only,Crossref,Closed-Loop Manufacturing with AI-Enabled Digital Twin Systems,2025,Cognizance Journal of Multidisciplinary Studies,10.47760/cognizance.2025.v05i01.002,https://doi.org/10.47760/cognizance.2025.v05i01.002,low_relevance,1
2519,archive,openalex_only,OpenAlex,Characterization of thermo-responsive shape memory bio-based thermoplastic polyurethane (SMTPU) for 3D/4D printing applications,2025,Fashion and Textiles,10.1186/s40691-025-00412-3,https://doi.org/10.1186/s40691-025-00412-3,low_relevance,1
2520,archive,crossref_only,Crossref,Challenges and critical issues of various multimaterials for additive manufacturing,2025,Multi-material Additive Manufacturing,10.1016/b978-0-443-29228-6.00012-8,https://doi.org/10.1016/b978-0-443-29228-6.00012-8,low_relevance,1
2521,archive,crossref_only,Crossref,Cerebrum twin: A 6D semantic digital twin of multi-lobe digital brain functions for human-centric Industry 5.0,2025,Journal of Manufacturing Systems,10.1016/j.jmsy.2025.08.009,https://doi.org/10.1016/j.jmsy.2025.08.009,low_relevance,1
2522,archive,crossref_only,Crossref,Ceramic additive manufacturing via vat photopolymerization,2025,Materials Science in Additive Manufacturing,10.36922/msam025200031,https://doi.org/10.36922/msam025200031,low_relevance,1
2523,archive,crossref_only,Crossref,Capillarity-assisted rapid multi-material 3D printing of heterogeneous objects,2025,Materials &amp; Design,10.1016/j.matdes.2025.114539,https://doi.org/10.1016/j.matdes.2025.114539,low_relevance,1
2524,archive,crossref_only,Crossref,Bridging the gap between discrete event simulation and digital twin: A manufacturing case study☆☆,2025,Manufacturing Letters,10.1016/j.mfglet.2025.06.147,https://doi.org/10.1016/j.mfglet.2025.06.147,low_relevance,1
2525,archive,crossref_only,Crossref,Blockchain-based digital twin management architecture for Internet of Medical Things Networks,2025,Blockchain and Digital Twin for Smart Hospitals,10.1016/b978-0-443-34226-4.00017-4,https://doi.org/10.1016/b978-0-443-34226-4.00017-4,low_relevance,1
2526,archive,crossref_only,Crossref,Blockchain technology for secure digital twin data management,2025,Blockchain and Digital Twin for Smart Healthcare,10.1016/b978-0-443-30300-5.00024-5,https://doi.org/10.1016/b978-0-443-30300-5.00024-5,low_relevance,1
2527,archive,crossref_only,Crossref,Blockchain based system for healthcare digital twin,2025,Blockchain and Digital Twin for Smart Healthcare,10.1016/b978-0-443-30300-5.00012-9,https://doi.org/10.1016/b978-0-443-30300-5.00012-9,low_relevance,1
2528,archive,crossref_only,Crossref,Blockchain and Digital Twin for Smart Hospitals,2025,Venue unknown,10.1016/c2024-0-01846-2,https://doi.org/10.1016/c2024-0-01846-2,low_relevance,1
2529,archive,crossref_only,Crossref,Blockchain and Digital Twin for Smart Healthcare,2025,Venue unknown,10.1016/c2023-0-52523-6,https://doi.org/10.1016/c2023-0-52523-6,low_relevance,1
2530,archive,crossref_only,Crossref,Blockchain Implementation in IoT-Digital Twin-Based Crop Production,2025,Blockchain and Digital Twin Applications in Smart Agriculture,10.1201/9781003507390-7,https://doi.org/10.1201/9781003507390-7,low_relevance,1
2531,archive,openalex_only,OpenAlex,Bio‐Inspired Stored Magnetic Energy Actuator with Transient Triggering and Programmable Logic,2025,Advanced Science,10.1002/advs.202509683,https://doi.org/10.1002/advs.202509683,low_relevance,1
2532,archive,openalex_only,OpenAlex,Bioprinted Scaffolds for Biomimetic Applications: A State-of-the-Art Technology,2025,Biomimetics,10.3390/biomimetics10090595,https://doi.org/10.3390/biomimetics10090595,low_relevance,1
2533,archive,crossref_only,Crossref,Biopolymer-based 4D printing: Achieving heightened printability and shape morphing with composites of alginate and calcium ion-infused 2D vermiculite,2025,International Journal of Biological Macromolecules,10.1016/j.ijbiomac.2025.145652,https://doi.org/10.1016/j.ijbiomac.2025.145652,low_relevance,1
2534,archive,crossref_only,Crossref,Biocompatibility and biomedical engineering of multimaterial additive manufacturing,2025,Multi-material Additive Manufacturing,10.1016/b978-0-443-29228-6.00015-3,https://doi.org/10.1016/b978-0-443-29228-6.00015-3,low_relevance,1
2535,archive,crossref_only,Crossref,"Bio-Inspired 4D Printing: Materials, Mechanisms, and Emerging Applications – A Comprehensive Review",2025,Venue unknown,10.22541/au.176419318.88774134/v1,https://doi.org/10.22541/au.176419318.88774134/v1,low_relevance,1
2536,archive,crossref_only,Crossref,Beyond The Material-Per-Function Paradigm: Functionally Graded Active Structures via Laser Powder Bed Fusion Additive Manufacturing of Nickel-Titanium Shape Memory Alloys,2025,Venue unknown,10.2139/ssrn.5604710,https://doi.org/10.2139/ssrn.5604710,low_relevance,1
2537,archive,openalex_only,OpenAlex,Bayesian optimization for laser powder bed fusion of defect-free AA2024,2025,Additive manufacturing,10.1016/j.addma.2025.105022,https://doi.org/10.1016/j.addma.2025.105022,low_relevance,1
2538,archive,crossref_only,Crossref,Autonomous logistics and intelligent material flow in large-scale manufacturing facilities,2025,"Intelligent Industry Ecosystems and Manufacturing Renaissance: Designing Autonomous Production, Supply Orchestration, and Connected Retail Infrastructure",10.70593/978-93-49910-35-5_5,https://doi.org/10.70593/978-93-49910-35-5_5,low_relevance,1
2539,archive,crossref_only,Crossref,Autonomous closed-loop exploration of composition-spread films for the anomalous Hall effect,2025,npj Computational Materials,10.1038/s41524-025-01828-7,https://doi.org/10.1038/s41524-025-01828-7,low_relevance,1
2540,archive,crossref_only,Crossref,Autonomous Materials Synthesis Laboratories: Integrating Artificial Intelligence with Advanced Robotics for Accelerated Discovery,2025,Venue unknown,10.26434/chemrxiv-2025-fk3r7-v2,https://doi.org/10.26434/chemrxiv-2025-fk3r7-v2,duplicate_title,1
2541,archive,crossref_only,Crossref,Autonomous Intuition for Advanced Manufacturing Systems: Benefits and Tradeoffs of Presampling for Autonomous Parameterization,2025,Advanced Intelligent Discovery,10.1002/aidi.202400037,https://doi.org/10.1002/aidi.202400037,low_relevance,1
2542,archive,crossref_only,Crossref,Automated toolpath design of 3D concrete printing structural components,2025,Additive Manufacturing,10.1016/j.addma.2025.104662,https://doi.org/10.1016/j.addma.2025.104662,low_relevance,1
2543,archive,both_openalex_crossref,Crossref; OpenAlex,Artificial Intelligence and Machine Learning in Cold Spray Additive Manufacturing: A Systematic Literature Review,2025,Journal of Manufacturing and Materials Processing,10.3390/jmmp9100334,https://doi.org/10.3390/jmmp9100334,low_relevance,1
2544,archive,openalex_only,OpenAlex,Artificial Intelligence Informed Hydrogel Biomaterials in Additive Manufacturing,2025,Gels,10.3390/gels11120981,https://doi.org/10.3390/gels11120981,low_relevance,1
2545,archive,crossref_only,Crossref,Artificial Intelligence (AI) enabled Digital Twin for Smart Manufacturing,2025,"The Confluence of Cryptography, Blockchain and Artificial Intelligence",10.1201/9781032711515-11,https://doi.org/10.1201/9781032711515-11,low_relevance,1
2546,archive,openalex_only,OpenAlex,"Architected Liquid Crystal Elastomers with Spatially Programmed Alignment, Shape Morphing, and Mechanics",2025,Digital Access to Scholarship at Harvard (DASH) (Harvard University),,https://openalex.org/W7111508102,low_relevance,1
2547,archive,openalex_only,OpenAlex,Architected Liquid Crystal Elastomer Lattices with Programmable Energy Absorption,2025,Advanced Materials,10.1002/adma.202420048,https://doi.org/10.1002/adma.202420048,low_relevance,1
2548,archive,crossref_only,Crossref,Applying Digital Twin Methods for Process-Structure-Property Correlation Assessment in Metal Additive Manufacturing with Limited Experimental Data,2025,Research in Nondestructive Evaluation,10.1080/09349847.2024.2440353,https://doi.org/10.1080/09349847.2024.2440353,low_relevance,1
2549,archive,crossref_only,Crossref,Application of digital twin technology for disaster management in smart cities,2025,Digital Twin and Blockchain for Sensor Networks in Smart Cities,10.1016/b978-0-443-30076-9.00024-8,https://doi.org/10.1016/b978-0-443-30076-9.00024-8,low_relevance,1
2550,archive,crossref_only,Crossref,Application of digital twin for industrial process control: A case study of gauge-looper-tension optimized control in strip hot rolling,2025,Digital Twin,10.12688/digitaltwin.17971.2,https://doi.org/10.12688/digitaltwin.17971.2,low_relevance,1
2551,archive,crossref_only,Crossref,Application of artificial intelligence in multimaterial additive manufacturing,2025,Multi-material Additive Manufacturing,10.1016/b978-0-443-29228-6.00019-0,https://doi.org/10.1016/b978-0-443-29228-6.00019-0,low_relevance,1
2552,archive,crossref_only,Crossref,Application Practice of AI Empowered Digital Twin Smart Campus Scene Design,2025,Proceedings of the 2025 International Conference on Artificial Intelligence and Smart Manufacturing,10.1145/3756423.3756532,https://doi.org/10.1145/3756423.3756532,low_relevance,1
2553,archive,crossref_only,Crossref,Analysis of the interface properties of multi-material fused filament fabricated (FFF) printed polymer composite structures,2025,International Journal of Adhesion and Adhesives,10.1016/j.ijadhadh.2025.104074,https://doi.org/10.1016/j.ijadhadh.2025.104074,low_relevance,1
2554,archive,crossref_only,Crossref,Analysis of Multi-Material Metal Laser Powder Bed Fusion Process: A Semi-Analytical Approach,2025,Volume 1: Additive Manufacturing &amp; 3D Printing,10.1115/imece-india2025-159815,https://doi.org/10.1115/imece-india2025-159815,low_relevance,1
2555,archive,openalex_only,OpenAlex,An overview on ceramic multi-material additive manufacturing: progress and challenges,2025,International Journal of Extreme Manufacturing,10.1088/2631-7990/adbc75,https://doi.org/10.1088/2631-7990/adbc75,low_relevance,1
2556,archive,crossref_only,Crossref,An optimization-centric review on integrating artificial intelligence and digital twin technologies in manufacturing,2025,Engineering Optimization,10.1080/0305215x.2024.2434201,https://doi.org/10.1080/0305215x.2024.2434201,low_relevance,1
2557,archive,crossref_only,Crossref,An interlaced toolpath strategy for void reduction in material extrusion additive manufacturing,2025,Progress in Additive Manufacturing,10.1007/s40964-025-01163-9,https://doi.org/10.1007/s40964-025-01163-9,low_relevance,1
2558,archive,crossref_only,Crossref,An intelligent monitoring system for robotic milling process based on transfer learning and digital twin,2025,Journal of Manufacturing Systems,10.1016/j.jmsy.2024.12.009,https://doi.org/10.1016/j.jmsy.2024.12.009,low_relevance,1
2559,archive,crossref_only,Crossref,An Optimized Hybrid MPCNN Model Using Termite Alate Algorithm for Enhancing FDM 3D Printing Parameters in Multi-Material Fabrication,2025,"2025 Third International Conference on Networks, Multimedia and Information Technology (NMITCON)",10.1109/nmitcon65824.2025.11188115,https://doi.org/10.1109/nmitcon65824.2025.11188115,low_relevance,1
2560,archive,crossref_only,Crossref,An Integrated MATLAB Code for Homogenization‐Based Topology Optimization and Generating Functionally Graded Surface Lattices for Additive Manufacturing,2025,Advanced Engineering Materials,10.1002/adem.202402567,https://doi.org/10.1002/adem.202402567,low_relevance,1
2561,archive,crossref_only,Crossref,An In-Depth Examination of 4D Food Printing Technology,2025,"Modeling, Analysis, and Control of 3D Printing Processes",10.4018/979-8-3373-0533-2.ch015,https://doi.org/10.4018/979-8-3373-0533-2.ch015,low_relevance,1
2562,archive,crossref_only,Crossref,An Euler Graph-Based Path Planning Method for Additive Manufacturing Thin-Walled Cellular Structures of Continuous Fiber-Reinforced Thermoplastic Composites,2025,Polymers,10.3390/polym17233236,https://doi.org/10.3390/polym17233236,low_relevance,1
2563,archive,crossref_only,Crossref,Algorithm Optimization and Verification of Transmission Line Digital Twin and Physical Model,2025,Proceedings of the 3rd International Conference on Futuristic Technology,10.5220/0013547700004664,https://doi.org/10.5220/0013547700004664,low_relevance,1
2564,archive,crossref_only,Crossref,Agentic manufacturing system = digital twin + manufacturing,2025,Journal of Intelligent Manufacturing,10.1007/s10845-025-02591-8,https://doi.org/10.1007/s10845-025-02591-8,low_relevance,1
2565,archive,crossref_only,Crossref,Advancing Industry 4.0 with Cloud-Integrated Cyber-Physical Systems for Optimizing Remote Additive Manufacturing Landscape,2025,2025 IEEE North-East India International Energy Conversion Conference and Exhibition (NE-IECCE),10.1109/ne-iecce64154.2025.11182940,https://doi.org/10.1109/ne-iecce64154.2025.11182940,low_relevance,1
2566,archive,crossref_only,Crossref,Advances in additive manufacturing of functionally graded materials with tailored mechanical and thermal properties,2025,AIP Conference Proceedings,10.1063/5.0262179,https://doi.org/10.1063/5.0262179,low_relevance,1
2567,archive,crossref_only,Crossref,Advances in 3D and 4D Printing of Medical Robots and  Devices,2025,Venue unknown,10.1016/c2023-0-51263-7,https://doi.org/10.1016/c2023-0-51263-7,low_relevance,1
2568,archive,crossref_only,Crossref,Advancements in functionally graded materials for additive manufacturing,2025,Smart Technologies and Digital Transformation in Additive Manufacturing,10.1201/9781003569633-3,https://doi.org/10.1201/9781003569633-3,low_relevance,1
2569,archive,crossref_only,Crossref,Advancements and Challenges in Multi-material Additive Manufacturing (MMAM) with Machine Learning Integration,2025,Lecture Notes in Mechanical Engineering,10.1007/978-981-95-0063-5_18,https://doi.org/10.1007/978-981-95-0063-5_18,low_relevance,1
2570,archive,crossref_only,Crossref,"Advanced 4d Printing of Flax Fiber-Reinforced Pla/Petg Blends for Enhanced Mechanical, Thermal, and Shape Memory Properties",2025,Venue unknown,10.2139/ssrn.5182954,https://doi.org/10.2139/ssrn.5182954,low_relevance,1
2571,archive,crossref_only,Crossref,Additive manufacturing of functionally graded foams for acoustic insulation and absorption,2025,Applied Acoustics,10.1016/j.apacoust.2024.110269,https://doi.org/10.1016/j.apacoust.2024.110269,low_relevance,1
2572,archive,crossref_only,Crossref,Additive Manufacturing of Thermoset Elastomer–Thermoplastic Composites Using Dual-Extrusion Printing,2025,Polymers,10.3390/polym17131800,https://doi.org/10.3390/polym17131800,low_relevance,1
2573,archive,crossref_only,Crossref,Additive Manufacturing of Silicon Carbide Microwave-Absorbing Metamaterials,2025,Additive Manufacturing Frontiers,10.1016/j.amf.2024.200186,https://doi.org/10.1016/j.amf.2024.200186,low_relevance,1
2574,archive,crossref_only,Crossref,Additive Manufacturing of Metallic Multi-Material Parts: Local Conductivity Adjustment through Functionally Graded Material Transitions of 316L and CuCrZr,2025,Innovative Produktentwicklung durch additive Fertigung,10.1007/978-3-662-69327-8_15,https://doi.org/10.1007/978-3-662-69327-8_15,low_relevance,1
2575,archive,crossref_only,Crossref,Additive Manufacturing of Composites: A Framework for Digital Twin-driven Lifecycle Management,2025,Computer-Aided Design and Applications,10.14733/cadaps.2026.101-122,https://doi.org/10.14733/cadaps.2026.101-122,duplicate_title,1
2576,archive,crossref_only,Crossref,Adaptively sampled distance functions: A unifying digital twin representation for advanced manufacturing,2025,Robotics and Computer-Integrated Manufacturing,10.1016/j.rcim.2024.102877,https://doi.org/10.1016/j.rcim.2024.102877,low_relevance,1
2577,archive,both_openalex_crossref,Crossref; OpenAlex,Adaptive Slicing Algorithm and Path Planning for Additive Manufacturing of Aerospace Parts,2025,Applied and Computational Engineering,10.54254/2755-2721/2025.gl27145,https://doi.org/10.54254/2755-2721/2025.gl27145,low_relevance,1
2578,archive,crossref_only,Crossref,Adaptive Robot Motion Planning for Smart Manufacturing Based on Digital Twin and Bayesian Optimization-Enhanced Reinforcement Learning,2025,Journal of Manufacturing Science and Engineering,10.1115/1.4067616,https://doi.org/10.1115/1.4067616,low_relevance,1
2579,archive,crossref_only,Crossref,Adaptive Path Planning for Additive Manufacturing via Convex Decomposition and Partial-Contour-Guided Hatching,2025,Venue unknown,10.2139/ssrn.5818903,https://doi.org/10.2139/ssrn.5818903,low_relevance,1
2580,archive,both_openalex_crossref,Crossref; OpenAlex,"Acoustics in additive manufacturing: A path toward contactless, scalable, and high-precision manufacturing",2025,Applied Physics Reviews,10.1063/5.0271688,https://doi.org/10.1063/5.0271688,low_relevance,1
2581,archive,crossref_only,Crossref,AcceloPrint: Fabricating Customizable Accelerometers with Multi-Material 3D Printing,2025,Proceedings of the Extended Abstracts of the CHI Conference on Human Factors in Computing Systems,10.1145/3706599.3720059,https://doi.org/10.1145/3706599.3720059,low_relevance,1
2582,archive,crossref_only,Crossref,"AMMap tool for additive manufacturing design, alloy discovery, and path planning",2025,Journal of Physics: Materials,10.1088/2515-7639/ade73e,https://doi.org/10.1088/2515-7639/ade73e,low_relevance,1
2583,archive,crossref_only,Crossref,"AMMap Tool for Additive Manufacturing Design, Alloy Discovery, and Path Planning",2025,Venue unknown,10.31224/4453,https://doi.org/10.31224/4453,low_relevance,1
2584,archive,crossref_only,Crossref,AMDiffusion: Domain-Adaptive Diffusion Modeling for Causal Data Fusion in Additive Manufacturing Digital Twins,2025,Venue unknown,10.36227/techrxiv.176283613.37299306/v1,https://doi.org/10.36227/techrxiv.176283613.37299306/v1,low_relevance,1
2585,archive,crossref_only,Crossref,AI-Guided Bayesian Optimization for Predicting Bioink Viscosity in 3D Bioprinting,2025,"Volume 1: Smart Additive Manufacturing; Multi-Material Processing in AM; Advances in Metal AM Processes; In Situ Monitoring, Non-Destructive Evaluation, and Qualification for AM; Advances in Manufacturing and Processing of Polymers and Composites; Laser-Based Advanced Manufacturing and Material Processing; Smart, Innovative, and Low-Cost Tooling Systems for Advanced Materials Manufacturing; Bio-Manufacturing of Engineered Living Materials",10.1115/msec2025-155442,https://doi.org/10.1115/msec2025-155442,low_relevance,1
2586,archive,crossref_only,Crossref,AI-Driven Smart Manufacturing: Digital Twin and VR-Enabled Predictive Maintenance for Industrial Efficiency Optimization,2025,Volume 7: Engineering Education; Fluids Engineering,10.1115/imece2025-167195,https://doi.org/10.1115/imece2025-167195,low_relevance,1
2587,archive,crossref_only,Crossref,AI-Driven Digital Twin Framework for Security Threat Simulation and Compliance Optimization,2025,Venue unknown,10.36227/techrxiv.175752211.13624069/v1,https://doi.org/10.36227/techrxiv.175752211.13624069/v1,low_relevance,1
2588,archive,crossref_only,Crossref,AI-Blockchain-IoT-Cloud Computing-Digital Twin,2025,Industrial Robotics in Smart Manufacturing,10.1201/9781003614470-16,https://doi.org/10.1201/9781003614470-16,low_relevance,1
2589,archive,crossref_only,Crossref,AI-Augmented Intrusion Detection Systems for Mitigating Advanced Persistent Threats in Cyber-Physical Manufacturing Networks,2025,Venue unknown,10.20944/preprints202510.0470.v1,https://doi.org/10.20944/preprints202510.0470.v1,low_relevance,1
2590,archive,crossref_only,Crossref,AI and Digital Twin for Smart Cities,2025,Driving Innovation through AI and Digital Twin for 6G Powered Sustainable Ultra Smart Cities,10.1002/9781394411320.ch3,https://doi.org/10.1002/9781394411320.ch3,low_relevance,1
2591,archive,crossref_only,Crossref,A systematic review of Digital Twin (DT) and virtual learning environments (VLE) for smart manufacturing education,2025,Manufacturing Letters,10.1016/j.mfglet.2025.06.179,https://doi.org/10.1016/j.mfglet.2025.06.179,low_relevance,1
2592,archive,crossref_only,Crossref,A skeletal line-based printing path planning method for continuous fiber reinforced composite structures,2025,Additive Manufacturing,10.1016/j.addma.2025.104960,https://doi.org/10.1016/j.addma.2025.104960,low_relevance,1
2593,archive,crossref_only,Crossref,A physics-informed neural network framework for decomposition and path planning in multi-laser additive manufacturing,2025,Manufacturing Letters,10.1016/j.mfglet.2025.06.133,https://doi.org/10.1016/j.mfglet.2025.06.133,low_relevance,1
2594,archive,crossref_only,Crossref,A path planning and online compensation method for wire arc additive manufacturing of thin-walled curved hollow structure,2025,The International Journal of Advanced Manufacturing Technology,10.1007/s00170-025-16269-1,https://doi.org/10.1007/s00170-025-16269-1,low_relevance,1
2595,archive,crossref_only,Crossref,A novel framework for identification of cyber-physical attacks in additive manufacturing,2025,Progress in Additive Manufacturing,10.1007/s40964-024-00726-6,https://doi.org/10.1007/s40964-024-00726-6,low_relevance,1
2596,archive,crossref_only,Crossref,A mapping-based graded infill structure design method and continuous printing path planning,2025,Additive Manufacturing,10.1016/j.addma.2025.104639,https://doi.org/10.1016/j.addma.2025.104639,low_relevance,1
2597,archive,crossref_only,Crossref,A manufacturing process digital twin network addressing  business added value,2025,Proceedings &amp; Highlights -Emerging Tech Conference Edge Intelligence 2022,10.63438/leij4384,https://doi.org/10.63438/leij4384,low_relevance,1
2598,archive,crossref_only,Crossref,A knowledge graph-based operational data representation method of digital twin shop-floor towards smart manufacturing,2025,Procedia CIRP,10.1016/j.procir.2025.02.211,https://doi.org/10.1016/j.procir.2025.02.211,low_relevance,1
2599,archive,crossref_only,Crossref,A fuzzy–digital twin optimization framework for simultaneous management of waste and energy consumption in sustainable manufacturing,2025,An International Journal of Optimization and Control: Theories &amp; Applications (IJOCTA),10.36922/ijocta025360152,https://doi.org/10.36922/ijocta025360152,low_relevance,1
2600,archive,crossref_only,Crossref,A digital twin-based neutrosophic multi-objective optimization model for smart supply chains in the food industry,2025,Journal of Intelligent Manufacturing,10.1007/s10845-025-02689-z,https://doi.org/10.1007/s10845-025-02689-z,low_relevance,1
2601,archive,crossref_only,Crossref,A digital twin optimization method for complex product workshop scheduling with abnormal events,2025,International Journal of Computer Integrated Manufacturing,10.1080/0951192x.2025.2511105,https://doi.org/10.1080/0951192x.2025.2511105,low_relevance,1
2602,archive,openalex_only,OpenAlex,A digital twin framework for urban parking management and mobility forecasting,2025,Nature Communications,10.1038/s41467-025-65306-w,https://doi.org/10.1038/s41467-025-65306-w,low_relevance,1
2603,archive,crossref_only,Crossref,A digital twin for manufacturing with direct energy deposition: a stellarator inner vessel case study,2025,Digital Twin,10.1080/27525783.2025.2534822,https://doi.org/10.1080/27525783.2025.2534822,low_relevance,1
2604,archive,crossref_only,Crossref,A cyber-physical machine tool concept for education and workforce training in CNC machining,2025,Manufacturing Letters,10.1016/j.mfglet.2025.06.140,https://doi.org/10.1016/j.mfglet.2025.06.140,low_relevance,1
2605,archive,crossref_only,Crossref,A case study of using Solidworks software to simulate an assembly for 3D printing and creating a digital twin of Wlkata robots in laboratory conditions,2025,Acta Simulatio,10.22306/asim.v11i1.118,https://doi.org/10.22306/asim.v11i1.118,low_relevance,1
2606,archive,crossref_only,Crossref,A bi-material FDM system with reinforced mixing and cooling for uniform material mixing and broad functionality,2025,Progress in Additive Manufacturing,10.1007/s40964-024-00926-0,https://doi.org/10.1007/s40964-024-00926-0,low_relevance,1
2607,archive,crossref_only,Crossref,A Virtually assisted digital twin enabled object detection in smart industrial manufacturing,2025,Expert Systems with Applications,10.1016/j.eswa.2025.128574,https://doi.org/10.1016/j.eswa.2025.128574,low_relevance,1
2608,archive,crossref_only,Crossref,A TSP-based continuous path planning for additive manufacturing of concrete,2025,Progress in Additive Manufacturing,10.1007/s40964-024-00746-2,https://doi.org/10.1007/s40964-024-00746-2,low_relevance,1
2609,archive,crossref_only,Crossref,A Systematic Review of Innovative Advances in Multi-Material Additive Manufacturing: Implications for Architecture and Construction,2025,Materials,10.3390/ma18081820,https://doi.org/10.3390/ma18081820,low_relevance,1
2610,archive,crossref_only,Crossref,A Systematic Analysis of the Multi-Material FFF 3D Printing Process for Biodegradable Polymers,2025,Bulletin of the Polytechnic Institute of Iași. Machine constructions Section,10.2478/bipcm-2025-0040,https://doi.org/10.2478/bipcm-2025-0040,low_relevance,1
2611,archive,crossref_only,Crossref,A System Dynamics-Based Hybrid Digital Twin Model for Driving Green Manufacturing,2025,Systems,10.3390/systems13080651,https://doi.org/10.3390/systems13080651,low_relevance,1
2612,archive,crossref_only,Crossref,A Study on the Application of Artificial Intelligence in Digital Twin Monitoring of Building Structural Health,2025,Proceedings of the 2025 International Conference on Artificial Intelligence and Smart Manufacturing,10.1145/3756423.3756560,https://doi.org/10.1145/3756423.3756560,low_relevance,1
2613,archive,crossref_only,Crossref,A Self-Driving Lab for Nano- and Advanced Materials Synthesis,2025,ACS Nano,10.1021/acsnano.4c17504,https://doi.org/10.1021/acsnano.4c17504,duplicate_title,1
2614,archive,openalex_only,OpenAlex,A Point-Line-Area Paradigm: 3D Printing for Next-Generation Health Monitoring Sensors,2025,Sensors,10.3390/s25185777,https://doi.org/10.3390/s25185777,low_relevance,1
2615,archive,crossref_only,Crossref,A Novel Digital Twin Driven Multi-Camera Edge Computing Sensing System for Additive Manufacturing,2025,2025 IEEE SENSORS,10.1109/sensors59705.2025.11331175,https://doi.org/10.1109/sensors59705.2025.11331175,low_relevance,1
2616,archive,crossref_only,Crossref,A Modular Semantic CPS Framework for Intelligent Inspection and Digital Twin Readiness in Regulated Manufacturing,2025,Venue unknown,10.2139/ssrn.5448260,https://doi.org/10.2139/ssrn.5448260,low_relevance,1
2617,archive,crossref_only,Crossref,A Graph-Theoretical Framework for Optimal and Globally Continuous Path Planning in Additive Manufacturing,2025,Venue unknown,10.2139/ssrn.5491686,https://doi.org/10.2139/ssrn.5491686,low_relevance,1
2618,archive,crossref_only,Crossref,A Digital Twin Framework With Meta- and Transfer Learning for Scalable Multi-Machine Modeling and Optimization in Semiconductor Manufacturing,2025,IEEE Access,10.1109/access.2025.3568002,https://doi.org/10.1109/access.2025.3568002,low_relevance,1
2619,archive,crossref_only,Crossref,A Digital Twin Framework With Bayesian Optimization and Deep Learning for Semiconductor Process Control,2025,IEEE Access,10.1109/access.2025.3551332,https://doi.org/10.1109/access.2025.3551332,low_relevance,1
2620,archive,both_openalex_crossref,Crossref; OpenAlex,A Digital Twin Approach to Adaptive Control Melt-Penetration for Large-Scale Structural Components Through Two-stage Metal Additive Manufacturing,2025,2025 IEEE International Conference on Industrial Engineering and Engineering Management (IEEM),10.1109/ieem63636.2025.11357745,https://doi.org/10.1109/ieem63636.2025.11357745,low_relevance,1
2621,archive,crossref_only,Crossref,A Deformation Prediction Method with Experimental Validation for 4D Printing Applications,2025,Venue unknown,10.21203/rs.3.rs-8051468/v1,https://doi.org/10.21203/rs.3.rs-8051468/v1,low_relevance,1
2622,archive,crossref_only,Crossref,A Comparative Review on 3D and 4D Printing Technologies,2025,SSRN Electronic Journal,10.2139/ssrn.5390379,https://doi.org/10.2139/ssrn.5390379,low_relevance,1
2623,archive,crossref_only,Crossref,A Co-extrusion Additive Manufacturing Process with Mixer Nozzle to Dynamically Control Blowing Agent Content and Print Functionally Graded Foams,2025,ACS Applied Engineering Materials,10.1021/acsaenm.4c00764,https://doi.org/10.1021/acsaenm.4c00764,low_relevance,1
2624,archive,crossref_only,Crossref,A Bidirectional Digital Twin System for Adaptive Manufacturing,2025,Journal of Manufacturing and Materials Processing,10.3390/jmmp9120400,https://doi.org/10.3390/jmmp9120400,low_relevance,1
2625,archive,crossref_only,Crossref,A Bidirectional Digital Twin System for Adaptive Manufacturing,2025,Venue unknown,10.20944/preprints202510.2394.v1,https://doi.org/10.20944/preprints202510.2394.v1,low_relevance,1
2626,archive,crossref_only,Crossref,5-axis Multi-material Desktop Additive Manufacturing of Conformal Antennas,2025,2025 IEEE Additively Manufactured Electronic Systems (AMES),10.1109/ames64994.2025.11184376,https://doi.org/10.1109/ames64994.2025.11184376,low_relevance,1
2627,archive,openalex_only,OpenAlex,4D‐Printed Adaptive and Programmable Shape‐Morphing Batteries,2025,Advanced Materials,10.1002/adma.202505018,https://doi.org/10.1002/adma.202505018,low_relevance,1
2628,archive,both_openalex_crossref,Crossref; OpenAlex,4D-Printed fiber-reinforced liquid crystal elastomer composites for multifunctional soft robots with self-heating actuation,2025,Virtual and Physical Prototyping,10.1080/17452759.2025.2499927,https://doi.org/10.1080/17452759.2025.2499927,low_relevance,1
2629,archive,both_openalex_crossref,Crossref; OpenAlex,4D-Printed Shape-Memory Architectures for Biomedical Devices and Morphing Systems,2025,Smart Materials and Engineering Applications,10.64229/t20sy660,https://doi.org/10.64229/t20sy660,low_relevance,1
2630,archive,crossref_only,Crossref,4D printing: reality or myth?,2025,4D Printing,10.1108/4dp-12-2024-0002,https://doi.org/10.1108/4dp-12-2024-0002,low_relevance,1
2631,archive,crossref_only,Crossref,4D printing: an overview of medical and biomedical applications,2025,Advances in 3D and 4D Printing of Medical Robots and Devices,10.1016/b978-0-443-24861-0.00006-x,https://doi.org/10.1016/b978-0-443-24861-0.00006-x,low_relevance,1
2632,archive,crossref_only,Crossref,4D printing technique and applications of photocurable shape memory polymers,2025,Materials Today Communications,10.1016/j.mtcomm.2025.114206,https://doi.org/10.1016/j.mtcomm.2025.114206,low_relevance,1
2633,archive,crossref_only,Crossref,4D printing of soft actuators using functionally graded hydrogels with shape-morphing behavior,2025,4D Printing,10.1108/4dp-01-2025-0001,https://doi.org/10.1108/4dp-01-2025-0001,low_relevance,1
2634,archive,crossref_only,Crossref,4D printing of shape-memory fluorescent liquid crystal hydrogels,2025,Polymer,10.1016/j.polymer.2025.129066,https://doi.org/10.1016/j.polymer.2025.129066,low_relevance,1
2635,archive,crossref_only,Crossref,4D printing of shape memory polymer composites via glass fiber-regulated shape morphing,2025,Composites Science and Technology,10.1016/j.compscitech.2025.111047,https://doi.org/10.1016/j.compscitech.2025.111047,low_relevance,1
2636,archive,crossref_only,Crossref,4D printing of self-healing and shape-memory hydrogels sensitive to body temperature,2025,European Polymer Journal,10.1016/j.eurpolymj.2024.113651,https://doi.org/10.1016/j.eurpolymj.2024.113651,low_relevance,1
2637,archive,crossref_only,Crossref,4D printing of programmable liquid–vapor phase change composites for multi-responsive flexible actuators,2025,Journal of Materials Chemistry A,10.1039/d5ta01299f,https://doi.org/10.1039/d5ta01299f,low_relevance,1
2638,archive,crossref_only,Crossref,4D printing of pH-responsive bilayer with programmable shape-shifting behaviour,2025,European Polymer Journal,10.1016/j.eurpolymj.2024.113581,https://doi.org/10.1016/j.eurpolymj.2024.113581,low_relevance,1
2639,archive,crossref_only,Crossref,"4D printing of dual-stage curing ink for graded functional materials and direct, robust, integrated shape morphing",2025,Engineering Structures,10.1016/j.engstruct.2025.120459,https://doi.org/10.1016/j.engstruct.2025.120459,low_relevance,1
2640,archive,crossref_only,Crossref,4D printing in the medical sector: current trends and future narrative,2025,Advances in 3D and 4D Printing of Medical Robots and Devices,10.1016/b978-0-443-24861-0.00011-3,https://doi.org/10.1016/b978-0-443-24861-0.00011-3,low_relevance,1
2641,archive,crossref_only,Crossref,4D printing for crack trapping and adaptive damage-tolerant structures,2025,4D Printing,10.1108/4dp-04-2025-0008,https://doi.org/10.1108/4dp-04-2025-0008,low_relevance,1
2642,archive,crossref_only,Crossref,4D printing chemical stimuli-responsive hydrogels for tissue engineering and localized drug delivery applications – part 2,2025,Expert Opinion on Drug Delivery,10.1080/17425247.2025.2466768,https://doi.org/10.1080/17425247.2025.2466768,low_relevance,1
2643,archive,crossref_only,Crossref,4D printing biological stimuli-responsive hydrogels for tissue engineering and localized drug delivery applications – part 1,2025,Expert Opinion on Drug Delivery,10.1080/17425247.2025.2466772,https://doi.org/10.1080/17425247.2025.2466772,low_relevance,1
2644,archive,crossref_only,Crossref,4D printed hydromorph biocomposites with shape change and force generation properties: progress towards structural actuation,2025,4D Printing,10.1108/4dp-06-2025-0014,https://doi.org/10.1108/4dp-06-2025-0014,low_relevance,1
2645,archive,crossref_only,Crossref,4D imaging assisted 4D printing for bone regeneration applications,2025,Additive Manufacturing Solutions for Advanced Veterinary Practice,10.1016/b978-0-443-28808-1.00012-9,https://doi.org/10.1016/b978-0-443-28808-1.00012-9,low_relevance,1
2646,archive,crossref_only,Crossref,"4D Printing: Fundamentals, Materials, Applications And Challenges",2025,Smart Materials and Applications,10.1201/9781779643346-19,https://doi.org/10.1201/9781779643346-19,low_relevance,1
2647,archive,crossref_only,Crossref,"4D Printing: A Comprehensive Review of Technologies, Materials, Stimuli, Design, and Emerging Applications",2025,Chemical Reviews,10.1021/acs.chemrev.4c00070,https://doi.org/10.1021/acs.chemrev.4c00070,low_relevance,1
2648,archive,crossref_only,Crossref,4D Printing of continuous fiber-reinforced hybrid lattice structures with electrothermally controlled shape memory behavior,2025,Venue unknown,10.2139/ssrn.5457406,https://doi.org/10.2139/ssrn.5457406,low_relevance,1
2649,archive,crossref_only,Crossref,4D Printing of a Multi-Transitioning Shape Memory Polymer with a Recovery Onset for Precision Endovascular Embolization,2025,Venue unknown,10.2139/ssrn.5817762,https://doi.org/10.2139/ssrn.5817762,low_relevance,1
2650,archive,openalex_only,OpenAlex,4D Printing of Self‐Immolative Polymers,2025,Advanced Functional Materials,10.1002/adfm.202520642,https://doi.org/10.1002/adfm.202520642,low_relevance,1
2651,archive,crossref_only,Crossref,4D Printing of Polymers,2025,4D Printing Technology,10.1002/9781394213795.ch5,https://doi.org/10.1002/9781394213795.ch5,low_relevance,1
2652,archive,crossref_only,Crossref,4D Printing of Physical Stimuli-Responsive Hydrogels for Localized Drug Delivery and Tissue Engineering,2025,Polymer Reviews,10.1080/15583724.2024.2427184,https://doi.org/10.1080/15583724.2024.2427184,low_relevance,1
2653,archive,crossref_only,Crossref,4D Printing of Magnetically Responsive Materials and Their Applications,2025,Research,10.34133/research.0847,https://doi.org/10.34133/research.0847,low_relevance,1
2654,archive,crossref_only,Crossref,4D Printing of Liquid Crystal Emulsions for Smart Structures with Multiple Functionalities,2025,Angewandte Chemie,10.1002/ange.202421162,https://doi.org/10.1002/ange.202421162,low_relevance,1
2655,archive,crossref_only,Crossref,4D Printing of Liquid Crystal Emulsions for Smart Structures with Multiple Functionalities,2025,Angewandte Chemie International Edition,10.1002/anie.202421162,https://doi.org/10.1002/anie.202421162,low_relevance,1
2656,archive,crossref_only,Crossref,4D Printing of Foods,2025,Venue unknown,10.1002/9781394305285,https://doi.org/10.1002/9781394305285,low_relevance,1
2657,archive,openalex_only,OpenAlex,4D Printing in Veterinarian Science: The Coming Technology,2025,Veterinary Medicine and Science,10.1002/vms3.70469,https://doi.org/10.1002/vms3.70469,low_relevance,1
2658,archive,crossref_only,Crossref,4D Printing in Micro/Nano Scale,2025,4D Printing Technology,10.1002/9781394213795.ch7,https://doi.org/10.1002/9781394213795.ch7,low_relevance,1
2659,archive,crossref_only,Crossref,4D Printing Technology,2025,Venue unknown,10.1002/9781394213795,https://doi.org/10.1002/9781394213795,low_relevance,1
2660,archive,crossref_only,Crossref,4D Printing Applications in Photonics,2025,4D Printing Technology,10.1002/9781394213795.ch9,https://doi.org/10.1002/9781394213795.ch9,low_relevance,1
2661,archive,crossref_only,Crossref,"3D/4D printing of stimuli-responsive polymers in biomedical engineering: Materials, stimulations, and applications",2025,Materials Science and Engineering: R: Reports,10.1016/j.mser.2025.101071,https://doi.org/10.1016/j.mser.2025.101071,low_relevance,1
2662,archive,crossref_only,Crossref,3D/4D Printing Multi-Material and Shape-Memory Devices for Wireless Electronics,2025,Proceedings of the 7th URSI Asia-Pacific RadioScience Conference – AP-RASC 2025,10.46620/ursiaprasc25/mooq4873,https://doi.org/10.46620/ursiaprasc25/mooq4873,low_relevance,1
2663,archive,crossref_only,Crossref,3D-Printed Prosthetic Solutions for Dogs: Integrating Computational Design and Additive Manufacturing,2025,Designs,10.3390/designs9050107,https://doi.org/10.3390/designs9050107,low_relevance,1
2664,archive,crossref_only,Crossref,3D printing of functionally graded materials: Overcoming challenges and expanding applications,2025,Multi-material Additive Manufacturing,10.1016/b978-0-443-29228-6.00004-9,https://doi.org/10.1016/b978-0-443-29228-6.00004-9,low_relevance,1
2665,archive,crossref_only,Crossref,3D and 4D printing,2025,Soft Robotics for Medical and Healthcare Applications,10.1201/9781003539612-11,https://doi.org/10.1201/9781003539612-11,low_relevance,1
2666,archive,crossref_only,Crossref,3D and 4D Printing Polymer/Graphene Nanocomposites,2025,3D and 4D Printing Polymer/Graphene Nanocomposites,10.1201/9780367694265-eppmpt127-1,https://doi.org/10.1201/9780367694265-eppmpt127-1,low_relevance,1
2667,archive,crossref_only,Crossref,3D and 4D Printing Polymer/Graphene Nanocomposites,2025,Venue unknown,10.1201/9780367694265-eppmpt127-0,https://doi.org/10.1201/9780367694265-eppmpt127-0,low_relevance,1
2668,archive,crossref_only,Crossref,3D Printing and Digital Twins in Smart Agriculture,2025,Venue unknown,10.4018/979-8-3373-7077-4,https://doi.org/10.4018/979-8-3373-7077-4,low_relevance,1
2669,archive,crossref_only,Crossref,3D Local Climate Zone (LCZ) Modeling and Digital Twin Integration for Advanced Climate Resilience using AI,2025,Venue unknown,10.5194/icuc12-954,https://doi.org/10.5194/icuc12-954,low_relevance,1
2670,archive,both_openalex_crossref,Crossref; OpenAlex,3D AND 4D PRINTING FOR WASTE REDUCTION AND RESOURCE OPTIMIZATION,2025,Proceedings of International University Travnik,10.58952/zriut202502007a,https://doi.org/10.58952/zriut202502007a,low_relevance,1
2671,archive,crossref_only,Crossref,355Chapter 10 3D and 4D printing of biodegradable photopolymers,2025,3D Printing with Light,10.1515/9783111505190-010,https://doi.org/10.1515/9783111505190-010,low_relevance,1
2672,archive,crossref_only,Crossref,3.5 Multi-Material 3D-Printing,2025,Architected Structures,10.11129/9783955536510-025,https://doi.org/10.11129/9783955536510-025,low_relevance,1
2673,archive,crossref_only,Crossref,Multimaterial 3D Laser Printing of Cell-Adhesive and Cell-Repellent Hydrogels,2024,Venue unknown,10.26434/chemrxiv-2024-f94sf,https://doi.org/10.26434/chemrxiv-2024-f94sf,duplicate_title,6
2674,archive,both_openalex_crossref,Crossref; OpenAlex,Hybrid Epoxy-Acrylate Resins for Wavelength-Selective Multimaterial 3D Printing,2024,Research Square,10.21203/rs.3.rs-4237033/v1,https://doi.org/10.21203/rs.3.rs-4237033/v1,duplicate_title,6
2675,archive,openalex_only,OpenAlex,Additive Manufacturing of functionalised atomic vapour cells for next-generation quantum technologies,2024,arXiv (Cornell University),10.48550/arxiv.2406.15255,https://doi.org/10.48550/arxiv.2406.15255,duplicate_title,6
2676,archive,openalex_only,OpenAlex,Wave optical model for tomographic volumetric additive manufacturing,2024,arXiv (Cornell University),10.48550/arxiv.2402.06283,https://doi.org/10.48550/arxiv.2402.06283,duplicate_title,5
2677,archive,crossref_only,Crossref,Towards Microwave Volumetric Additive Manufacturing: Generation of a Computational Multi-Physics Model for Localized Curing,2024,Venue unknown,10.2139/ssrn.4712693,https://doi.org/10.2139/ssrn.4712693,duplicate_title,5
2678,archive,crossref_only,Crossref,Numerical Modeling of Tomographic Volumetric Additive Manufacturing Based on Energy Threshold Method,2024,Venue unknown,10.2139/ssrn.4868307,https://doi.org/10.2139/ssrn.4868307,duplicate_title,5
2679,archive,crossref_only,Crossref,Investigating Thermal Strains and Chemical Shrinkage in Tomographic Volumetric Additive Manufacturing,2024,Venue unknown,10.2139/ssrn.5027754,https://doi.org/10.2139/ssrn.5027754,duplicate_title,5
2680,archive,crossref_only,Crossref,Flashing Light Curing Strategy for Shape Fidelity Improvement in Photopolymerization-Based Ceramic Additive Manufacturing,2024,Venue unknown,10.2139/ssrn.5036380,https://doi.org/10.2139/ssrn.5036380,duplicate_title,5
2681,archive,crossref_only,Crossref,Fabrication of High-Density Microarchitected Tungsten via DLP 3D Printing,2024,Venue unknown,10.26434/chemrxiv-2024-pqzct,https://doi.org/10.26434/chemrxiv-2024-pqzct,duplicate_title,5
2682,archive,openalex_only,OpenAlex,Dynamic Interface Printing,2024,arXiv (Cornell University),10.48550/arxiv.2403.15144,https://doi.org/10.48550/arxiv.2403.15144,duplicate_title,5
2683,archive,crossref_only,Crossref,An Analytical Study on Computed Tomography-Based Volumetric Additive Manufacturing: Resin Properties and Part Size Interrelationship- Part I,2024,Venue unknown,10.2139/ssrn.4881757,https://doi.org/10.2139/ssrn.4881757,duplicate_title,5
2684,archive,both_openalex_crossref,Crossref; OpenAlex,Alignment and Actuation of Liquid Crystals via 3D Confinement and Two-Photon Laser Printing,2024,ChemRxiv,10.26434/chemrxiv-2024-dp30s,https://doi.org/10.26434/chemrxiv-2024-dp30s,duplicate_title,5
2685,archive,openalex_only,OpenAlex,Adaptive and Context-Aware Volumetric Printing,2024,arXiv (Cornell University),10.48550/arxiv.2412.06053,https://doi.org/10.48550/arxiv.2412.06053,duplicate_title,5
2686,archive,openalex_only,OpenAlex,4D printing for biomedical applications,2024,Journal of Materials Chemistry B,10.1039/d4tb00006d,https://doi.org/10.1039/d4tb00006d,duplicate_title,5
2687,archive,crossref_only,Crossref, A cyber-physical production system for autonomous part quality control in polymer additive manufacturing material extrusion process,2024,Journal of Intelligent Manufacturing,10.1007/s10845-024-02389-0,https://doi.org/10.1007/s10845-024-02389-0,low_relevance,1
2688,archive,crossref_only,Crossref,Wire arc additive manufacturing of functionally graded carbon steel - stainless steel 316L - Inconel 625: Microstructural characterization and mechanical behavior,2024,Journal of Advanced Joining Processes,10.1016/j.jajp.2024.100194,https://doi.org/10.1016/j.jajp.2024.100194,low_relevance,1
2689,archive,crossref_only,Crossref,Weldability Evaluation of Computationally Designed Filler Wires for Wire-Arc Additive Manufacturing of Functionally Graded Materials in Harsh Service Environments,2024,Advances in Materials Technology for Power Plants,10.31399/asm.cp.am-epri-2024p0723,https://doi.org/10.31399/asm.cp.am-epri-2024p0723,low_relevance,1
2690,archive,crossref_only,Crossref,Web-based BIM-GIS integration workflows for making cities' digital twin 3D models,2024,Digital Twin Adoption and BIM-GIS Implementation,10.1201/9781003507000-7,https://doi.org/10.1201/9781003507000-7,low_relevance,1
2691,archive,crossref_only,Crossref,WITHDRAWN: Digital twin-driven machining process for multi-process irregular-shaped parts manufacturing,2024,Computers &amp; Industrial Engineering,10.1016/j.cie.2024.110164,https://doi.org/10.1016/j.cie.2024.110164,low_relevance,1
2692,archive,crossref_only,Crossref,Virtual Reality and Digital Twin Technologies in Manufacturing,2024,Venue unknown,10.2139/ssrn.4890872,https://doi.org/10.2139/ssrn.4890872,low_relevance,1
2693,archive,crossref_only,Crossref,Vat photopolymerization 3D printing of stimuli-responsive polymer,2024,Vat Photopolymerization Additive Manufacturing,10.1016/b978-0-443-15487-4.00015-7,https://doi.org/10.1016/b978-0-443-15487-4.00015-7,low_relevance,1
2694,archive,crossref_only,Crossref,Use Cases of Digital Twin in Smart Manufacturing,2024,Data Analytics and Artificial Intelligence for Predictive Maintenance in Smart Manufacturing,10.1201/9781003480860-11,https://doi.org/10.1201/9781003480860-11,duplicate_title,1
2695,archive,crossref_only,Crossref,Unlocking the flexibility of multi-material 3D extrusion printing for soft iontronics,2024,Venue unknown,10.26434/chemrxiv-2024-6vjkz,https://doi.org/10.26434/chemrxiv-2024-6vjkz,low_relevance,1
2696,archive,crossref_only,Crossref,Towards a surrogate spatiotemporal model of additive manufacturing for digital twin-based process control,2024,Procedia CIRP,10.1016/j.procir.2023.09.231,https://doi.org/10.1016/j.procir.2023.09.231,low_relevance,1
2697,archive,crossref_only,Crossref,Towards Self-Driving Labs for Better Batteries: Accelerating Electrolyte Discovery with Automation and Bayesian Optimization,2024,Venue unknown,10.26434/chemrxiv-2024-mqb6s-v2,https://doi.org/10.26434/chemrxiv-2024-mqb6s-v2,low_relevance,1
2698,archive,crossref_only,Crossref,Towards Self-Driving Labs for Better Batteries: Accelerating Electrolyte Discovery with Automation and Bayesian Optimization,2024,Venue unknown,10.26434/chemrxiv-2024-mqb6s,https://doi.org/10.26434/chemrxiv-2024-mqb6s,low_relevance,1
2699,archive,crossref_only,Crossref,Toward the Implementation of Digital Twin for Assessing the Ergonomic Aspects on Manufacturing Process,2024,International Journal of Engineering Trends and Technology,10.14445/22315381/ijett-v72i1p114,https://doi.org/10.14445/22315381/ijett-v72i1p114,low_relevance,1
2700,archive,crossref_only,Crossref,Toolpath considerations for hybrid additive manufacturing,2024,Motion and Path Planning for Additive Manufacturing,10.1016/b978-0-443-15286-3.00007-2,https://doi.org/10.1016/b978-0-443-15286-3.00007-2,low_relevance,1
2701,archive,openalex_only,OpenAlex,ThermoPore: Predicting part porosity based on thermal images using deep learning,2024,Additive manufacturing,10.1016/j.addma.2024.104503,https://doi.org/10.1016/j.addma.2024.104503,low_relevance,1
2702,archive,crossref_only,Crossref,Thermally and magnetically responsive single layer bioinspired soft actuator with patterned structure obtained by direct ink writing,2024,Materials Today Communications,10.1016/j.mtcomm.2024.108879,https://doi.org/10.1016/j.mtcomm.2024.108879,low_relevance,1
2703,archive,crossref_only,Crossref,The use of digital twin for mobile robot swarm task allocation,2024,Manufacturing Letters,10.1016/j.mfglet.2024.10.001,https://doi.org/10.1016/j.mfglet.2024.10.001,low_relevance,1
2704,archive,crossref_only,Crossref,The Mechanical Properties of 3D-Printed Polylactic Acid/Polyethylene Terephthalate Glycol Multi-Material Structures Manufactured by Material Extrusion,2024,3D Printing and Additive Manufacturing,10.1089/3dp.2021.0321,https://doi.org/10.1089/3dp.2021.0321,low_relevance,1
2705,archive,crossref_only,Crossref,The Economic Impact of Digital Twin Technology on Manufacturing Systems,2024,2024 Winter Simulation Conference (WSC),10.1109/wsc63780.2024.10838771,https://doi.org/10.1109/wsc63780.2024.10838771,low_relevance,1
2706,archive,crossref_only,Crossref,The Digital Twin Difference - a Blueprint for the Semiconductor Manufacturing Metaverse,2024,2024 35th Annual SEMI Advanced Semiconductor Manufacturing Conference (ASMC),10.1109/asmc61125.2024.10545457,https://doi.org/10.1109/asmc61125.2024.10545457,low_relevance,1
2707,archive,crossref_only,Crossref,Tailoring the coefficient of thermal expansion in a functionally graded material: Al alloyed with Ti-6Al-4V using additive manufacturing,2024,Journal of Alloys and Compounds,10.1016/j.jallcom.2024.176971,https://doi.org/10.1016/j.jallcom.2024.176971,low_relevance,1
2708,archive,crossref_only,Crossref,Sustainable Manufacturing through Digital Multi-Material 3D Printing,2024,2024 29th International Conference on Automation and Computing (ICAC),10.1109/icac61394.2024.10718858,https://doi.org/10.1109/icac61394.2024.10718858,low_relevance,1
2709,archive,crossref_only,Crossref,Surface slicing and toolpath planning for in-situ bioprinting of skin implants,2024,Biofabrication,10.1088/1758-5090/ad30c4,https://doi.org/10.1088/1758-5090/ad30c4,low_relevance,1
2710,archive,crossref_only,Crossref,Surface Thermodynamic Properties of 3D/4D Printing Poly Lactic Acid by Inverse Gas Chromatography,2024,Venue unknown,10.20944/preprints202403.0176.v1,https://doi.org/10.20944/preprints202403.0176.v1,low_relevance,1
2711,archive,crossref_only,Crossref,Surface Structure Modification in Fused Filament Fabrication (FFF) Multi-Material Printing for Medical Applications: Printing of a Hand Prosthesis,2024,3D Printing and Additive Manufacturing,10.1089/3dp.2023.0210,https://doi.org/10.1089/3dp.2023.0210,low_relevance,1
2712,archive,crossref_only,Crossref,Stress-based continuous planar path planning for additive manufacturing,2024,Advances in Engineering Software,10.1016/j.advengsoft.2023.103544,https://doi.org/10.1016/j.advengsoft.2023.103544,low_relevance,1
2713,archive,crossref_only,Crossref,Stress concentration targeted reinforcement using multi-material based 3D printing,2024,Applied Materials Today,10.1016/j.apmt.2023.102010,https://doi.org/10.1016/j.apmt.2023.102010,low_relevance,1
2714,archive,crossref_only,Crossref,Strengthening Mechanical Performance with Robust and Efficient Machine Learning-Assisted Path Planning for Additive Manufacturing of Continuous Fiber Composites,2024,The International Conference on Computational &amp; Experimental Engineering and Sciences,10.32604/icces.2024.011371,https://doi.org/10.32604/icces.2024.011371,low_relevance,1
2715,archive,openalex_only,OpenAlex,Strategies towards large-scale 3D printing without size constraints,2024,Virtual and Physical Prototyping,10.1080/17452759.2024.2346821,https://doi.org/10.1080/17452759.2024.2346821,low_relevance,1
2716,archive,crossref_only,Crossref,"Stimuli-responsive materials for 4D Printing: Mechanical, Manufacturing, and Biomedical Applications",2024,Journal of Molecular Liquids,10.1016/j.molliq.2024.125553,https://doi.org/10.1016/j.molliq.2024.125553,low_relevance,1
2717,archive,openalex_only,OpenAlex,Stimuli-Responsive Polymer Actuator for Soft Robotics,2024,Polymers,10.3390/polym16182660,https://doi.org/10.3390/polym16182660,low_relevance,1
2718,archive,crossref_only,Crossref,Stereolithographic Additive Manufacturing of Functionally-graded Materials,2024,"2024 AM Cross JOWOG - Albuquerque, New Mexico, United States of America - February - 2024",10.2172/2540487,https://doi.org/10.2172/2540487,low_relevance,1
2719,archive,crossref_only,Crossref,"State of the art, challenges, and future prospects for the multi-material 3D printing of plant-based meat",2024,Food Research International,10.1016/j.foodres.2024.114712,https://doi.org/10.1016/j.foodres.2024.114712,low_relevance,1
2720,archive,crossref_only,Crossref,Spherical path planning for multi axis support free additive manufacturing of truss structures,2024,Journal of Manufacturing Processes,10.1016/j.jmapro.2023.12.011,https://doi.org/10.1016/j.jmapro.2023.12.011,low_relevance,1
2721,archive,crossref_only,Crossref,Solution Approach for Digital Twin of a Process Plant,2024,Generation and Update of a Digital Twin in a Process Plant,10.1007/978-3-031-47316-6_6,https://doi.org/10.1007/978-3-031-47316-6_6,low_relevance,1
2722,archive,crossref_only,Crossref,Social and economic aspects of 4D printing,2024,4D Printing of Composites,10.1016/b978-0-443-21518-6.00002-8,https://doi.org/10.1016/b978-0-443-21518-6.00002-8,low_relevance,1
2723,archive,crossref_only,Crossref,Smart Manufacturing with a<scp>Digital Twin</scp>–Driven<scp>Cyber‐physical</scp>System: Case Study and Application Scenario,2024,Digital Twins in Industrial Production and Smart Manufacturing,10.1002/9781394195336.ch11,https://doi.org/10.1002/9781394195336.ch11,low_relevance,1
2724,archive,crossref_only,Crossref,"Smart Factory Digital Twin for Performance Measurement, Optimization, and Prediction",2024,Transforming Industry using Digital Twin Technology,10.1007/978-3-031-58523-4_7,https://doi.org/10.1007/978-3-031-58523-4_7,low_relevance,1
2725,archive,crossref_only,Crossref,Site-Specific Property Informed Interface Design of Multi-Material Laser Powder Bed Fusion,2024,Volume 1: Additive Manufacturing; Advanced Materials Manufacturing; Biomanufacturing; Life Cycle Engineering,10.1115/msec2024-125138,https://doi.org/10.1115/msec2024-125138,low_relevance,1
2726,archive,openalex_only,OpenAlex,Simulation of 3D printing processes with G-code in Omniverse,2024,Advances in Engineering Innovation,10.54254/2977-3903/10/2024097,https://doi.org/10.54254/2977-3903/10/2024097,low_relevance,1
2727,archive,crossref_only,Crossref,Silicone elastomer soft robots via 4D printing,2024,"Smart Materials in Additive Manufacturing, Volume 3",10.1016/b978-0-443-13673-3.00007-9,https://doi.org/10.1016/b978-0-443-13673-3.00007-9,low_relevance,1
2728,archive,crossref_only,Crossref,Shape Morphing of 4D-Printed Polylactic Acid Structures under Thermal Stimuli: An Experimental and Finite Element Analysis,2024,Aerospace,10.3390/aerospace11020134,https://doi.org/10.3390/aerospace11020134,low_relevance,1
2729,archive,crossref_only,Crossref,Sensors and Digital Twin Application in Healthcare Facilities Management,2024,Artificial Intelligence‐Enabled Blockchain Technology and Digital Twin for Smart Hospitals,10.1002/9781394287420.ch19,https://doi.org/10.1002/9781394287420.ch19,low_relevance,1
2730,archive,crossref_only,Crossref,Self-deployable hinges for monolithic space structures using multi-material additive manufacturing,2024,Acta Astronautica,10.1016/j.actaastro.2023.11.016,https://doi.org/10.1016/j.actaastro.2023.11.016,low_relevance,1
2731,archive,crossref_only,Crossref,Scalable Accelerated Materials Discovery of Sustainable Polysaccharide-Based Hydrogels by Autonomous Experimentation and Collaborative Learning,2024,ACS Applied Materials &amp; Interfaces,10.1021/acsami.4c16614,https://doi.org/10.1021/acsami.4c16614,low_relevance,1
2732,archive,crossref_only,Crossref,Robotic materials 4D printing,2024,"Smart Materials in Additive Manufacturing, Volume 3",10.1016/b978-0-443-13673-3.00001-8,https://doi.org/10.1016/b978-0-443-13673-3.00001-8,low_relevance,1
2733,archive,crossref_only,Crossref,Robotic Systems for Material Handling: Design Framework and Digital Twins,2024,Warehousing and Material Handling Systems for the Digital Industry,10.1007/978-3-031-50273-6_15,https://doi.org/10.1007/978-3-031-50273-6_15,low_relevance,1
2734,archive,crossref_only,Crossref,Robot-Based 3d Printing: Digital Twin-Driven Motion Planning Platform,2024,Lecture Notes in Electrical Engineering,10.1007/978-981-97-8654-1_63,https://doi.org/10.1007/978-981-97-8654-1_63,low_relevance,1
2735,archive,both_openalex_crossref,Crossref; OpenAlex,Rigid-flexible coupled origami robots via multimaterial 3D printing,2024,Smart Materials and Structures,10.1088/1361-665x/ad212c,https://doi.org/10.1088/1361-665x/ad212c,low_relevance,1
2736,archive,crossref_only,Crossref,Reversible 4d Printing Behavior of a Single-Layer Elastomer Strip Additively Manufactured from Smart Material Filaments (Smfs) Varying Ph and Thickness,2024,Venue unknown,10.2139/ssrn.4956469,https://doi.org/10.2139/ssrn.4956469,low_relevance,1
2737,archive,crossref_only,Crossref,Research on dual-robot cooperative path planning for multi-material additive manufacturing,2024,The International Journal of Advanced Manufacturing Technology,10.1007/s00170-024-14674-6,https://doi.org/10.1007/s00170-024-14674-6,low_relevance,1
2738,archive,crossref_only,Crossref,Research on dual-robot cooperative path planning for multi-material additive manufacturing,2024,Venue unknown,10.21203/rs.3.rs-4328983/v1,https://doi.org/10.21203/rs.3.rs-4328983/v1,low_relevance,1
2739,archive,crossref_only,Crossref,Research on Multi-Material Property Matching for 3D Printing in Electronic Information Packaging Equipment,2024,2024 25th International Conference on Electronic Packaging Technology (ICEPT),10.1109/icept63120.2024.10668411,https://doi.org/10.1109/icept63120.2024.10668411,low_relevance,1
2740,archive,crossref_only,Crossref,Research on Defect Prediction of Laser-arc Hybrid Additive Manufacturing Based on Bayesian Optimization XGBoost,2024,"2024 8th International Conference on Electrical, Mechanical and Computer Engineering (ICEMCE)",10.1109/icemce64157.2024.10862094,https://doi.org/10.1109/icemce64157.2024.10862094,low_relevance,1
2741,archive,crossref_only,Crossref,Research on Additive Manufacturing Path Planning of a Six-Degree-of-Freedom Manipulator,2024,Actuators,10.3390/act13070249,https://doi.org/10.3390/act13070249,low_relevance,1
2742,archive,crossref_only,Crossref,Research and application of digital twin technology in smart city,2024,2024 4th International Symposium on Artificial Intelligence and Intelligent Manufacturing (AIIM),10.1109/aiim64537.2024.10934294,https://doi.org/10.1109/aiim64537.2024.10934294,low_relevance,1
2743,archive,crossref_only,Crossref,Requirements and Process Design for Digital Twin of a Process Plant,2024,Generation and Update of a Digital Twin in a Process Plant,10.1007/978-3-031-47316-6_2,https://doi.org/10.1007/978-3-031-47316-6_2,low_relevance,1
2744,archive,crossref_only,Crossref,Reprogrammable 4D Printed Liquid Crystal Elastomer Photoactuators by Means of Light‐Reversible Perylene Diimide Radicals (Adv. Funct. Mater. 9/2024),2024,Advanced Functional Materials,10.1002/adfm.202470051,https://doi.org/10.1002/adfm.202470051,low_relevance,1
2745,archive,crossref_only,Crossref,Reflective optical mirror group assembly process optimization method based on accurate digital twin,2024,Procedia CIRP,10.1016/j.procir.2024.07.027,https://doi.org/10.1016/j.procir.2024.07.027,low_relevance,1
2746,archive,crossref_only,Crossref,Reducing Warpage in Additive Manufacturing With Novel Toolpath Design,2024,Volume 1: Additive Manufacturing; Advanced Materials Manufacturing; Biomanufacturing; Life Cycle Engineering,10.1115/msec2024-125118,https://doi.org/10.1115/msec2024-125118,low_relevance,1
2747,archive,crossref_only,Crossref,Recent progress on additive manufacturing of steel-based functionally graded materials,2024,Materials Today Communications,10.1016/j.mtcomm.2024.109953,https://doi.org/10.1016/j.mtcomm.2024.109953,low_relevance,1
2748,archive,openalex_only,OpenAlex,Recent advances in 3D-printable aggregation-induced emission materials,2024,Materials Futures,10.1088/2752-5724/ad69af,https://doi.org/10.1088/2752-5724/ad69af,low_relevance,1
2749,archive,crossref_only,Crossref,Real-time supplier selection using digital twin technology: an Analytic Hierarchy Process-based optimization approach,2024,Advanced Logistic Systems - Theory and Practice,10.32971/als.2024.021,https://doi.org/10.32971/als.2024.021,low_relevance,1
2750,archive,crossref_only,Crossref,Real-Time Modelling for Design and Controlling of Material Additive Manufacturing Processes,2024,Venue unknown,10.20944/preprints202409.1540.v1,https://doi.org/10.20944/preprints202409.1540.v1,low_relevance,1
2751,archive,crossref_only,Crossref,Real-Time Material Certification of Composites Using a Digital Twin,2024,SAMPE 2024,10.33599/nasampe/s.24.0136,https://doi.org/10.33599/nasampe/s.24.0136,low_relevance,1
2752,archive,crossref_only,Crossref,Re-Imagining Additive Manufacturing through Multi-Material Laser Powder Bed Fusion,2024,Venue unknown,10.21203/rs.3.rs-4301742/v1,https://doi.org/10.21203/rs.3.rs-4301742/v1,low_relevance,1
2753,archive,crossref_only,Crossref,Rapid Data Acquisition and Machine Learning-Assisted Composition Design of Functionally Graded Alloys Via Wire-Feed Additive Manufacturing,2024,Venue unknown,10.2139/ssrn.4709921,https://doi.org/10.2139/ssrn.4709921,low_relevance,1
2754,archive,openalex_only,OpenAlex,Programmable nonreciprocal Poynting effect enabled by lattice metamaterials,2024,Science Advances,10.1126/sciadv.adl5774,https://doi.org/10.1126/sciadv.adl5774,low_relevance,1
2755,archive,crossref_only,Crossref,Programmable ceramic 4D printing via multi-material vat photopolymerization,2024,Additive Manufacturing,10.1016/j.addma.2024.104235,https://doi.org/10.1016/j.addma.2024.104235,low_relevance,1
2756,archive,crossref_only,Crossref,Programmable Ceramic 4d Printing Via Multi-Material Vat Photopolymerization,2024,Venue unknown,10.2139/ssrn.4698277,https://doi.org/10.2139/ssrn.4698277,low_relevance,1
2757,archive,crossref_only,Crossref,Process-based modeling of energy consumption for multi-material FDM 3D printing,2024,Journal of Intelligent Manufacturing and Special Equipment,10.1108/jimse-10-2023-0008,https://doi.org/10.1108/jimse-10-2023-0008,low_relevance,1
2758,archive,openalex_only,OpenAlex,Printable Liquid Metal Foams That Grow When Watered,2024,Advanced Materials,10.1002/adma.202308862,https://doi.org/10.1002/adma.202308862,low_relevance,1
2759,archive,crossref_only,Crossref,Practical Application of Digital Twin of a Process Plant,2024,Generation and Update of a Digital Twin in a Process Plant,10.1007/978-3-031-47316-6_8,https://doi.org/10.1007/978-3-031-47316-6_8,low_relevance,1
2760,archive,crossref_only,Crossref,Powder sheets additive manufacturing: Principles and capabilities for multi-material printing,2024,Additive Manufacturing Letters,10.1016/j.addlet.2023.100187,https://doi.org/10.1016/j.addlet.2023.100187,low_relevance,1
2761,archive,crossref_only,Crossref,Point clouds to as-built two-node wireframe digital twin: a novel method to support autonomous robotic inspection,2024,Autonomous Intelligent Systems,10.1007/s43684-024-00082-w,https://doi.org/10.1007/s43684-024-00082-w,low_relevance,1
2762,archive,crossref_only,Crossref,Photochemically Induced Propulsion of a 4D Printed Liquid Crystal Elastomer Biomimetic Swimmer (Adv. Sci. 25/2024),2024,Advanced Science,10.1002/advs.202470149,https://doi.org/10.1002/advs.202470149,low_relevance,1
2763,archive,crossref_only,Crossref,Photo/thermal dual-responsive azobenzene-based photosensitive resin for 4D printing,2024,Chemical Engineering Journal,10.1016/j.cej.2024.155140,https://doi.org/10.1016/j.cej.2024.155140,low_relevance,1
2764,archive,crossref_only,Crossref,Photo/Thermal Dual-Responsive Azobenzene-Based Photosensitive Resin for 4d Printing,2024,Venue unknown,10.2139/ssrn.4868141,https://doi.org/10.2139/ssrn.4868141,low_relevance,1
2765,archive,crossref_only,Crossref,Personalized transformation of 3D printing for traditional multi-material food with stuffing：A review,2024,Food Bioscience,10.1016/j.fbio.2024.104112,https://doi.org/10.1016/j.fbio.2024.104112,low_relevance,1
2766,archive,crossref_only,Crossref,Path planning in additive manufacturing with multi-robot collaboration based on structural primitive partitioning,2024,Advances in Engineering Software,10.1016/j.advengsoft.2024.103754,https://doi.org/10.1016/j.advengsoft.2024.103754,low_relevance,1
2767,archive,crossref_only,Crossref,Path Planning for Multi-Axis Additive Manufacturing Based on Normal Slicing and Helical Strategy,2024,"2024 7th International Conference on Algorithms, Computing and Artificial Intelligence (ACAI)",10.1109/acai63924.2024.10899482,https://doi.org/10.1109/acai63924.2024.10899482,low_relevance,1
2768,archive,crossref_only,Crossref,Path Planning Method for Wire-Based Additive Manufacturing Processes,2024,Modelling,10.3390/modelling5040105,https://doi.org/10.3390/modelling5040105,low_relevance,1
2769,archive,crossref_only,Crossref,Optimization of the CNC machining process using digital twins,2024,Materials Research Proceedings,10.21741/9781644903377-25,https://doi.org/10.21741/9781644903377-25,low_relevance,1
2770,archive,crossref_only,Crossref,Optimization Method for Digital Twin Manufacturing System Based on NSGA-II,2024,International Journal of Advanced Computer Science and Applications,10.14569/ijacsa.2024.01504100,https://doi.org/10.14569/ijacsa.2024.01504100,low_relevance,1
2771,archive,crossref_only,Crossref,Optical tomography by laser line scanning and digital twinning for in-process inspection of lattice structures in material extrusion,2024,Additive Manufacturing,10.1016/j.addma.2024.104424,https://doi.org/10.1016/j.addma.2024.104424,low_relevance,1
2772,archive,openalex_only,OpenAlex,Ontology for smart 4D printed material systems and structures synergically applied with generative artificial intelligence for creativity promotion,2024,Smart Materials and Structures,10.1088/1361-665x/ad9dca,https://doi.org/10.1088/1361-665x/ad9dca,low_relevance,1
2773,archive,crossref_only,Crossref,Online distortion simulation using generative machine learning models: A step toward digital twin of metallic additive manufacturing,2024,Journal of Industrial Information Integration,10.1016/j.jii.2024.100563,https://doi.org/10.1016/j.jii.2024.100563,low_relevance,1
2774,archive,crossref_only,Crossref,Numerical Simulation of Multi-Material Gyroid Structures Made by Fused Deposition Modeling,2024,Volume 1: Additive Manufacturing; Advanced Materials Manufacturing; Biomanufacturing; Life Cycle Engineering,10.1115/msec2024-124099,https://doi.org/10.1115/msec2024-124099,low_relevance,1
2775,archive,crossref_only,Crossref,Newly-developed structural digital twin modeling method for deviations monitoring of prefabricated cable domes based on 3D laser scanning,2024,Venue unknown,10.31224/3484,https://doi.org/10.31224/3484,low_relevance,1
2776,archive,crossref_only,Crossref,New Nanostructured Multi-Material 3d Printing for Bone-Like Constructs,2024,Venue unknown,10.2139/ssrn.4729262,https://doi.org/10.2139/ssrn.4729262,low_relevance,1
2777,archive,crossref_only,Crossref,NSGA-II in DNN for Interpretable AI Predictions of Melt Pool Geometry in Digital Twin Applications within IoT-Enabled Additive Manufacturing,2024,2024 International Conference on AI x Data and Knowledge Engineering (AIxDKE),10.1109/aixdke63520.2024.00014,https://doi.org/10.1109/aixdke63520.2024.00014,low_relevance,1
2778,archive,crossref_only,Crossref,Multiscale numerical modeling of large-format additive manufacturing processes using carbon fiber reinforced polymer for digital twin applications,2024,International Journal of Material Forming,10.1007/s12289-024-01811-5,https://doi.org/10.1007/s12289-024-01811-5,low_relevance,1
2779,archive,crossref_only,Crossref,Multi-objective coupling optimization of electrical cable intelligent production line driven by digital twin,2024,Robotics and Computer-Integrated Manufacturing,10.1016/j.rcim.2023.102682,https://doi.org/10.1016/j.rcim.2023.102682,low_relevance,1
2780,archive,crossref_only,Crossref,Multi-materials/hybrid composite 4D printing,2024,4D Printing of Composites,10.1016/b978-0-443-21518-6.00005-3,https://doi.org/10.1016/b978-0-443-21518-6.00005-3,low_relevance,1
2781,archive,crossref_only,Crossref,Multi-material vat photopolymerization 3D printing: a review of mechanisms and applications,2024,npj Advanced Manufacturing,10.1038/s44334-024-00005-w,https://doi.org/10.1038/s44334-024-00005-w,low_relevance,1
2782,archive,crossref_only,Crossref,Multi-material structures of Ti6Al4V and Ti6Al4V-B4C through directed energy deposition-based additive manufacturing,2024,Materials Science in Additive Manufacturing,10.36922/msam.3571,https://doi.org/10.36922/msam.3571,low_relevance,1
2783,archive,crossref_only,Crossref,Multi-material printing from one solution by varying laser parameters,2024,Laser 3D Manufacturing XI,10.1117/12.3009698,https://doi.org/10.1117/12.3009698,low_relevance,1
2784,archive,crossref_only,Crossref,Multi-material fused filament fabrication: Effect of printing parameters on part distortion,2024,AIP Conference Proceedings,10.1063/5.0215022,https://doi.org/10.1063/5.0215022,low_relevance,1
2785,archive,both_openalex_crossref,Crossref; OpenAlex,Multi-material embedded 3D printing for one-step manufacturing of multifunctional components in soft robotics,2024,Additive Manufacturing,10.1016/j.addma.2024.104178,https://doi.org/10.1016/j.addma.2024.104178,low_relevance,1
2786,archive,crossref_only,Crossref,Multi-material Functional Integration with Combined DED Additive Manufacturing Processes,2024,ATZ worldwide,10.1007/s38311-024-1936-1,https://doi.org/10.1007/s38311-024-1936-1,low_relevance,1
2787,archive,crossref_only,Crossref,Multi-material Direct Ink Writing 3D Food Printing using Multi-channel Nozzle,2024,Future Foods,10.1016/j.fufo.2024.100376,https://doi.org/10.1016/j.fufo.2024.100376,low_relevance,1
2788,archive,crossref_only,Crossref,Multi-material 4D printing to realize two-phase morphing in self-actuating structures,2024,Smart Materials and Structures,10.1088/1361-665x/ad21b5,https://doi.org/10.1088/1361-665x/ad21b5,low_relevance,1
2789,archive,crossref_only,Crossref,Multi-material 3D printing using DMLS,2024,Comprehensive Materials Processing,10.1016/b978-0-323-96020-5.00082-0,https://doi.org/10.1016/b978-0-323-96020-5.00082-0,low_relevance,1
2790,archive,crossref_only,Crossref,Multi-material 3D printing of smart composites,2024,Comprehensive Materials Processing,10.1016/b978-0-323-96020-5.00146-1,https://doi.org/10.1016/b978-0-323-96020-5.00146-1,low_relevance,1
2791,archive,crossref_only,Crossref,Multi-layer Flexible and Stretchable Electronics Integrated Manufacturing Method and Application Research Based on Multi-material 3D Printing,2024,Journal of Mechanical Engineering,10.3901/jme.2024.21.275,https://doi.org/10.3901/jme.2024.21.275,low_relevance,1
2792,archive,crossref_only,Crossref,Multi-axis Additive Manufacturing: Development of Slicer and Toolpath for 2.5D/3D/5D Printing,2024,Mechanisms and Machine Science,10.1007/978-3-031-59257-7_34,https://doi.org/10.1007/978-3-031-59257-7_34,low_relevance,1
2793,archive,crossref_only,Crossref,Multi-Material Extrusion 3d Food Printing Using Multi-Channel Nozzle,2024,Venue unknown,10.2139/ssrn.4698284,https://doi.org/10.2139/ssrn.4698284,low_relevance,1
2794,archive,crossref_only,Crossref,Multi-Material Axial-Flow Impeller with Inconel 718 Laminated on SST 304 by Wire Arc Additive Manufacturing,2024,"1st International Conference on Industrial, Manufacturing, and Process Engineering (ICIMP-2024)",10.3390/engproc2024076086,https://doi.org/10.3390/engproc2024076086,low_relevance,1
2795,archive,crossref_only,Crossref,Multi-Material 3D Printing of a Magnetron,2024,IAF Space Power Symposium,10.52202/078370-0051,https://doi.org/10.52202/078370-0051,low_relevance,1
2796,archive,crossref_only,Crossref,Multi-Material 3D Printing of Metamaterials with Targeted Frequency Response,2024,Venue unknown,10.31224/3515,https://doi.org/10.31224/3515,low_relevance,1
2797,archive,both_openalex_crossref,Crossref; OpenAlex,Multi-Material 3D Printing of Biobased Epoxy Resins,2024,Polymers,10.3390/polym16111510,https://doi.org/10.3390/polym16111510,low_relevance,1
2798,archive,crossref_only,Crossref,Multi-Material 3D Printing and Computational Design in Pharmaceutical Tablet Manufacturing,2024,Journal of Computer Science and Artificial Intelligence,10.54097/40ftw337,https://doi.org/10.54097/40ftw337,low_relevance,1
2799,archive,crossref_only,Crossref,Multi-Fidelity Sensing and Digital Twin System for Automated Monitoring in Cooperative Robotic Additive Manufacturing,2024,2024 International Symposium on Flexible Automation,10.1115/isfa2024-141324,https://doi.org/10.1115/isfa2024-141324,low_relevance,1
2800,archive,crossref_only,Crossref,Motion and Path Planning for Additive Manufacturing,2024,Venue unknown,10.1016/c2022-0-01328-3,https://doi.org/10.1016/c2022-0-01328-3,low_relevance,1
2801,archive,openalex_only,OpenAlex,Monodomain Liquid‐Crystal Elastomer Lattices for Broad Strain‐Rate Mechanical Damping,2024,Advanced Engineering Materials,10.1002/adem.202401796,https://doi.org/10.1002/adem.202401796,low_relevance,1
2802,archive,crossref_only,Crossref,Moisture-Responsive Cellulose For 4D Printing,2024,Incertitudes et fiabilité des systèmes multiphysiques,10.21494/iste.op.2024.1227,https://doi.org/10.21494/iste.op.2024.1227,low_relevance,1
2803,archive,crossref_only,Crossref,Modelling a Process Shop Floor Digital Twin in Smart Manufacturing: A Case Study,2024,Venue unknown,10.2139/ssrn.4848556,https://doi.org/10.2139/ssrn.4848556,low_relevance,1
2804,archive,crossref_only,Crossref,Microstructure and mechanical properties of Ti-6Al-4V/Ni-Ti functionally graded material fabricated by multi-wire arc additive manufacturing,2024,Science and Technology of Welding and Joining,10.1177/13621718241266702,https://doi.org/10.1177/13621718241266702,low_relevance,1
2805,archive,crossref_only,Crossref,Microstructural and mechanical properties examination of SS316L-Cu functionally graded material fabricated by wire arc additive manufacturing,2024,CIRP Journal of Manufacturing Science and Technology,10.1016/j.cirpj.2024.02.002,https://doi.org/10.1016/j.cirpj.2024.02.002,low_relevance,1
2806,archive,crossref_only,Crossref,Microscopic evaluation of polymer–polymer interfaces in multi-material additive manufacturing,2024,Progress in Additive Manufacturing,10.1007/s40964-024-00578-0,https://doi.org/10.1007/s40964-024-00578-0,low_relevance,1
2807,archive,crossref_only,Crossref,Methodology for FDM 4D printing with thermo-responsive SMPs,2024,Materials Today: Proceedings,10.1016/j.matpr.2022.11.440,https://doi.org/10.1016/j.matpr.2022.11.440,low_relevance,1
2808,archive,crossref_only,Crossref,Metallurgical and mechanical properties of trimetallic functionally graded material fabricated by wire arc additive manufacturing,2024,Journal of Alloys and Compounds,10.1016/j.jallcom.2024.175725,https://doi.org/10.1016/j.jallcom.2024.175725,low_relevance,1
2809,archive,crossref_only,Crossref,Meta-structures 4D printing of thermoplastic composites for smart microscale bioengineering,2024,4D Printing of Composites,10.1016/b978-0-443-21518-6.00006-5,https://doi.org/10.1016/b978-0-443-21518-6.00006-5,low_relevance,1
2810,archive,crossref_only,Crossref,Mathematical/simulation studies of composite 4D printing,2024,4D Printing of Composites,10.1016/b978-0-443-21518-6.00008-9,https://doi.org/10.1016/b978-0-443-21518-6.00008-9,low_relevance,1
2811,archive,crossref_only,Crossref,Material-tailored tool inserts for injection moulding using material extrusion multi-material Additive Manufacturing,2024,Procedia CIRP,10.1016/j.procir.2024.08.106,https://doi.org/10.1016/j.procir.2024.08.106,low_relevance,1
2812,archive,crossref_only,Crossref,Material extrusion of metals: Enabling multi-material alloys in additive manufacturing,2024,Materials Today Communications,10.1016/j.mtcomm.2023.107889,https://doi.org/10.1016/j.mtcomm.2023.107889,low_relevance,1
2813,archive,openalex_only,OpenAlex,Material Compatibility in 4D Printing: Identifying the Optimal Combination for Programmable Multi-Material Structures,2024,Polymers,10.3390/polym16152138,https://doi.org/10.3390/polym16152138,low_relevance,1
2814,archive,openalex_only,OpenAlex,Magnetically driven formation of 3D freestanding soft bioscaffolds,2024,Science Advances,10.1126/sciadv.adl1549,https://doi.org/10.1126/sciadv.adl1549,low_relevance,1
2815,archive,crossref_only,Crossref,"Magnetic Stimulation for Programmed Shape Morphing: Review of Four-Dimensional Printing, Challenges and Opportunities",2024,3D Printing and Additive Manufacturing,10.1089/3dp.2023.0198,https://doi.org/10.1089/3dp.2023.0198,low_relevance,1
2816,archive,crossref_only,Crossref,Machining Learning Enhanced Shape Morphing Design of 4D Printed Microplatelet Composites,2024,The International Conference on Computational &amp; Experimental Engineering and Sciences,10.32604/icces.2024.011119,https://doi.org/10.32604/icces.2024.011119,low_relevance,1
2817,archive,openalex_only,OpenAlex,Machine learning enabled discovery of new L-PBF processing domains for Ti-6Al-4V,2024,Additive manufacturing,10.1016/j.addma.2024.104632,https://doi.org/10.1016/j.addma.2024.104632,low_relevance,1
2818,archive,crossref_only,Crossref,Machine learning application for optimization of laser directed energy deposition process for aerospace component rapid prototyping in additive manufacturing,2024,Materials Research Proceedings,10.21741/9781644903131-31,https://doi.org/10.21741/9781644903131-31,low_relevance,1
2819,archive,openalex_only,OpenAlex,Machine Learning in 3D and 4D Printing of Polymer Composites: A Review,2024,Polymers,10.3390/polym16223125,https://doi.org/10.3390/polym16223125,low_relevance,1
2820,archive,crossref_only,Crossref,Machine Learning for Additive Manufacturing of Functionally Graded Materials,2024,Materials,10.3390/ma17153673,https://doi.org/10.3390/ma17153673,low_relevance,1
2821,archive,crossref_only,Crossref,"Machine Learning Aided Analysis, Design, and Additive Manufacturing of Functionally Graded Porous Composite Structures",2024,Venue unknown,10.1016/c2022-0-00102-1,https://doi.org/10.1016/c2022-0-00102-1,low_relevance,1
2822,archive,openalex_only,OpenAlex,Lunar rock investigation and tri-aspect characterization of lunar farside regolith by a digital twin,2024,Nature Communications,10.1038/s41467-024-46233-8,https://doi.org/10.1038/s41467-024-46233-8,low_relevance,1
2823,archive,crossref_only,Crossref,Locally Activated 4d Printing with Reconfigurable Shapes and Tunable Performance,2024,Venue unknown,10.2139/ssrn.4810931,https://doi.org/10.2139/ssrn.4810931,low_relevance,1
2824,archive,crossref_only,Crossref,Locally Activated 4d Printing with Programmable Shapes and Properties,2024,Venue unknown,10.2139/ssrn.4933058,https://doi.org/10.2139/ssrn.4933058,low_relevance,1
2825,archive,crossref_only,Crossref,Literature Review to Digital Twin of a Process Plant,2024,Generation and Update of a Digital Twin in a Process Plant,10.1007/978-3-031-47316-6_3,https://doi.org/10.1007/978-3-031-47316-6_3,low_relevance,1
2826,archive,openalex_only,OpenAlex,Light-based 3D printing of stimulus-responsive hydrogels for miniature devices: recent progress and perspective,2024,Bio-Design and Manufacturing,10.1007/s42242-024-00295-1,https://doi.org/10.1007/s42242-024-00295-1,low_relevance,1
2827,archive,crossref_only,Crossref,Lattice Boltzmann Modeling of Additive Manufacturing of Functionally Graded Materials,2024,Entropy,10.3390/e27010020,https://doi.org/10.3390/e27010020,low_relevance,1
2828,archive,crossref_only,Crossref,Knowledge-data Collaborated Digital Twin Model of Papermaking Process,2024,Advanced Materials &amp; Sustainable Manufacturing,10.35534/amsm.2024.10003,https://doi.org/10.35534/amsm.2024.10003,low_relevance,1
2829,archive,crossref_only,Crossref,Knowledge-data Collaborated Digital Twin Model of Papermaking Process,2024,Advanced Materials &amp; Sustainable Manufacturing,10.35534/amsm.2023.10003,https://doi.org/10.35534/amsm.2023.10003,low_relevance,1
2830,archive,openalex_only,OpenAlex,Iterative learning for efficient additive mass production,2024,Additive manufacturing,10.1016/j.addma.2024.104271,https://doi.org/10.1016/j.addma.2024.104271,low_relevance,1
2831,archive,crossref_only,Crossref,Is it possible to develop a digital twin for noise monitoring in manufacturing?,2024,Digital Twin,10.12688/digitaltwin.17931.1,https://doi.org/10.12688/digitaltwin.17931.1,low_relevance,1
2832,archive,crossref_only,Crossref,IoT Integration and Digital Twin Technology in Smart Manufacturing: Advancements and Prospects,2024,2024 4th International Multidisciplinary Information Technology and Engineering Conference (IMITEC),10.1109/imitec60221.2024.10851037,https://doi.org/10.1109/imitec60221.2024.10851037,low_relevance,1
2833,archive,crossref_only,Crossref,Investigation on domain adaptation of additive manufacturing monitoring systems to enhance digital twin reusability,2024,2024 IEEE 20th International Conference on Automation Science and Engineering (CASE),10.1109/case59546.2024.10711510,https://doi.org/10.1109/case59546.2024.10711510,low_relevance,1
2834,archive,crossref_only,Crossref,Investigation of the bonding behavior between thermosets and thermoplastic elastomers in multi-material additive manufacturing,2024,Polymer Testing,10.1016/j.polymertesting.2024.108366,https://doi.org/10.1016/j.polymertesting.2024.108366,low_relevance,1
2835,archive,crossref_only,Crossref,Investigating the Effect of Design Parameters on the Mechanical Performance of Contact Wave Springs Designed for Additive Manufacturing,2024,3D Printing and Additive Manufacturing,10.1089/3dp.2021.0313,https://doi.org/10.1089/3dp.2021.0313,low_relevance,1
2836,archive,crossref_only,Crossref,Investigating enhanced interfacial adhesion in multi-material filament 3D printing: a comparative study of t and Mickey Mouse geometries,2024,Progress in Additive Manufacturing,10.1007/s40964-024-00570-8,https://doi.org/10.1007/s40964-024-00570-8,low_relevance,1
2837,archive,crossref_only,Crossref,Inverse design of multi-material gyroid structures made by additive manufacturing,2024,International Journal of Mechanical Sciences,10.1016/j.ijmecsci.2023.108734,https://doi.org/10.1016/j.ijmecsci.2023.108734,low_relevance,1
2838,archive,crossref_only,Crossref,Introduction to the Digital Twin of a Process Plant,2024,Generation and Update of a Digital Twin in a Process Plant,10.1007/978-3-031-47316-6_1,https://doi.org/10.1007/978-3-031-47316-6_1,low_relevance,1
2839,archive,openalex_only,OpenAlex,Interrelations between Printing Patterns and Residual Stress in Fused Deposition Modelling for the 4D Printing of Acrylonitrile Butadiene Styrene and Wood–Plastic Composites,2024,Journal of Manufacturing and Materials Processing,10.3390/jmmp8020077,https://doi.org/10.3390/jmmp8020077,low_relevance,1
2840,archive,crossref_only,Crossref,Intermediate Variable Extraction for Digital Twin Modeling in the Semiconductor Manufacturing Process,2024,2024 International Symposium on Semiconductor Manufacturing (ISSM),10.1109/issm64832.2024.10874952,https://doi.org/10.1109/issm64832.2024.10874952,low_relevance,1
2841,archive,openalex_only,OpenAlex,Integrative Modeling and Experimental Insights into 3D and 4D Printing Technologies,2024,Polymers,10.3390/polym16192686,https://doi.org/10.3390/polym16192686,low_relevance,1
2842,archive,crossref_only,Crossref,Integration of Digital Twin and Blockchain for Smart Cities,2024,Digital Twin and Blockchain for Smart Cities,10.1002/9781394303564.ch5,https://doi.org/10.1002/9781394303564.ch5,low_relevance,1
2843,archive,crossref_only,Crossref,Integrating Aesthetics and Robotic Additive Manufacturing in Artistic Design,2024,Industrial Engineering and Management,10.5772/intechopen.1007405,https://doi.org/10.5772/intechopen.1007405,low_relevance,1
2844,archive,both_openalex_crossref,Crossref; OpenAlex,Integrating 4D Printing Processes into STEM Education,2024,2019 ASEE Midwest Section Conference Proceedings,10.18260/1-2-1153-33915,https://doi.org/10.18260/1-2-1153-33915,low_relevance,1
2845,archive,crossref_only,Crossref,Integrated Electronic Circuitry for Soft Robots using Multi-Material FDM Printing,2024,2024 IEEE/RSJ International Conference on Intelligent Robots and Systems (IROS),10.1109/iros58592.2024.10802422,https://doi.org/10.1109/iros58592.2024.10802422,low_relevance,1
2846,archive,crossref_only,Crossref,Insights into Functionally Graded Materials Fabricated by Wire Arc Additive Manufacturing: A Comprehensive Review,2024,Nanotechnology Perceptions,10.62441/nano-ntp.v20is12.15,https://doi.org/10.62441/nano-ntp.v20is12.15,low_relevance,1
2847,archive,crossref_only,Crossref,Innovative 3D Printing of Mechanoluminescent Composites: Digital Light Processing Meets Machine Learning,2024,Venue unknown,10.31224/3723,https://doi.org/10.31224/3723,low_relevance,1
2848,archive,crossref_only,Crossref,Information Flow in Digital Twin for “Detection to Repair” of Defects Using Additive Manufacturing,2024,IFAC-PapersOnLine,10.1016/j.ifacol.2024.09.215,https://doi.org/10.1016/j.ifacol.2024.09.215,low_relevance,1
2849,archive,crossref_only,Crossref,Influence of extrusion 4D printing parameters on the thermal shape-morphing behaviors of polylactic acid (PLA),2024,The International Journal of Advanced Manufacturing Technology,10.1007/s00170-024-13470-6,https://doi.org/10.1007/s00170-024-13470-6,low_relevance,1
2850,archive,openalex_only,OpenAlex,Influence of Infill Patterns on the Shape Memory Effect of Cold-Programmed Additively Manufactured PLA,2024,Polymers,10.3390/polym16172460,https://doi.org/10.3390/polym16172460,low_relevance,1
2851,archive,crossref_only,Crossref,Improving mechanical performance in material extrusion parts via optimized toolpath planning,2024,Additive Manufacturing,10.1016/j.addma.2023.103950,https://doi.org/10.1016/j.addma.2023.103950,low_relevance,1
2852,archive,crossref_only,Crossref,Implementation of a Digital Twin of a Process Plant,2024,Generation and Update of a Digital Twin in a Process Plant,10.1007/978-3-031-47316-6_7,https://doi.org/10.1007/978-3-031-47316-6_7,low_relevance,1
2853,archive,crossref_only,Crossref,Implementation of Intelligent Manufacturing Using Cyber-Physical Systems,2024,Intelligent Manufacturing and Industry 4.0,10.1201/9781032630748-9,https://doi.org/10.1201/9781032630748-9,low_relevance,1
2854,archive,crossref_only,Crossref,ImVR: Enabling Immersive Design Exploration and Process Integration for Additive Manufacturing of Complex Organic Geometries,2024,Volume 1: Additive Manufacturing; Advanced Materials Manufacturing; Biomanufacturing; Life Cycle Engineering,10.1115/msec2024-121253,https://doi.org/10.1115/msec2024-121253,low_relevance,1
2855,archive,crossref_only,Crossref,Hybrid path planning method based on skeleton contour partitioning for robotic additive manufacturing,2024,Robotics and Computer-Integrated Manufacturing,10.1016/j.rcim.2023.102633,https://doi.org/10.1016/j.rcim.2023.102633,low_relevance,1
2856,archive,crossref_only,Crossref,Hybrid manufacturing in cyber physical production: physical manufacturing processes and intelligent financial management control,2024,The International Journal of Advanced Manufacturing Technology,10.1007/s00170-024-14876-y,https://doi.org/10.1007/s00170-024-14876-y,low_relevance,1
2857,archive,crossref_only,Crossref,High-precision inkjet 3D printing of curved multi-material structures: Morphology evolution and optimization,2024,Additive Manufacturing,10.1016/j.addma.2024.104497,https://doi.org/10.1016/j.addma.2024.104497,low_relevance,1
2858,archive,openalex_only,OpenAlex,Grayscale Color 3D/4D Printing via Orthogonal Photochemistry,2024,Chem & Bio Engineering,10.1021/cbe.3c00088,https://doi.org/10.1021/cbe.3c00088,low_relevance,1
2859,archive,crossref_only,Crossref,Functionally graded triply periodic minimal surface scaffold of HA-Al2O3 via Vat photopolymerization 3D printing,2024,Additive Manufacturing,10.1016/j.addma.2024.104117,https://doi.org/10.1016/j.addma.2024.104117,low_relevance,1
2860,archive,crossref_only,Crossref,Functionally graded multi-morphology lattice structures as an optimized sandwich core via digital light processing additive manufacturing,2024,Materials &amp; Design,10.1016/j.matdes.2024.112710,https://doi.org/10.1016/j.matdes.2024.112710,low_relevance,1
2861,archive,crossref_only,Crossref,Functionally graded deposition of dissimilar steel (316LSi and ER70S-6) fabricated through twin-wire arc additive manufacturing,2024,Materials Letters,10.1016/j.matlet.2023.135395,https://doi.org/10.1016/j.matlet.2023.135395,low_relevance,1
2862,archive,crossref_only,Crossref,Functionally graded Tribaloy™ T800 and austenitic stainless steel by laser additive manufacturing,2024,Materials Today Communications,10.1016/j.mtcomm.2024.109274,https://doi.org/10.1016/j.mtcomm.2024.109274,low_relevance,1
2863,archive,crossref_only,Crossref,Functionally graded TPMS gyroid structures for additive manufacturing of non-pneumatic tires,2024,Materials Science in Additive Manufacturing,10.36922/msam.5022,https://doi.org/10.36922/msam.5022,low_relevance,1
2864,archive,crossref_only,Crossref,Functionally Graded Materials in Additive Manufacturing,2024,Advances in Chemical and Materials Engineering,10.4018/978-1-6684-5638-5.ch013,https://doi.org/10.4018/978-1-6684-5638-5.ch013,low_relevance,1
2865,archive,crossref_only,Crossref,"Functionally Graded Materials and Structures: Unified Approach by Optimal Design, Metal Additive Manufacturing, and Image-Based Characterization",2024,Materials,10.3390/ma17184545,https://doi.org/10.3390/ma17184545,low_relevance,1
2866,archive,openalex_only,OpenAlex,From Grayscale Photopolymerization 3D Printing to Functionally Graded Materials,2024,Advanced Functional Materials,10.1002/adfm.202314635,https://doi.org/10.1002/adfm.202314635,low_relevance,1
2867,archive,openalex_only,OpenAlex,FreeShell: A Context-Free 4D Printing Technique for Fabricating Complex 3D Triangle Mesh Shells,2024,arXiv (Cornell University),10.48550/arxiv.2407.19533,https://doi.org/10.48550/arxiv.2407.19533,low_relevance,1
2868,archive,crossref_only,Crossref,Fracture and Wear Behavior of Functionally Graded 316L–TiC Composite Fabricated by Selective Laser Melting Additive Manufacturing,2024,steel research international,10.1002/srin.202400100,https://doi.org/10.1002/srin.202400100,low_relevance,1
2869,archive,openalex_only,OpenAlex,Four-Dimensional Printing of Multi-Material Origami and Kirigami-Inspired Hydrogel Self-Folding Structures,2024,Materials,10.3390/ma17205028,https://doi.org/10.3390/ma17205028,low_relevance,1
2870,archive,crossref_only,Crossref,Features for production of dissimilar graded materials using additive manufacturing methods,2024,Strengthening Technologies and Coatings,10.36652/1813-1336-2024-20-1-41-45,https://doi.org/10.36652/1813-1336-2024-20-1-41-45,low_relevance,1
2871,archive,crossref_only,Crossref,Factors affecting interface bonding in multi-material additive manufacturing,2024,Progress in Additive Manufacturing,10.1007/s40964-024-00617-w,https://doi.org/10.1007/s40964-024-00617-w,low_relevance,1
2872,archive,crossref_only,Crossref,Extending the Digital Twin Ecosystem: A real-time Digital Twin of a LinuxCNC-controlled subtractive manufacturing machine,2024,Journal of Manufacturing Systems,10.1016/j.jmsy.2024.05.012,https://doi.org/10.1016/j.jmsy.2024.05.012,low_relevance,1
2873,archive,crossref_only,Crossref,Exploring the integration of digital twin and additive manufacturing technologies,2024,International Journal of Lightweight Materials and Manufacture,10.1016/j.ijlmm.2024.06.004,https://doi.org/10.1016/j.ijlmm.2024.06.004,low_relevance,1
2874,archive,openalex_only,OpenAlex,Exploring the Horizons of Four-Dimensional Printing Technology in Dentistry,2024,Cureus,10.7759/cureus.58572,https://doi.org/10.7759/cureus.58572,low_relevance,1
2875,archive,crossref_only,Crossref,Exploration of Multi-Material 3D Printing Techniques For Complex Mechanical Components,2024,Proceedings of the International Conference on Industrial Engineering and Operations Management,10.46254/gc02.20240078,https://doi.org/10.46254/gc02.20240078,low_relevance,1
2876,archive,crossref_only,Crossref,Experimental evaluation of T-peel strength on functionally graded Al5083 and HDPE tri-laminated composites fabricated by colding-assisted friction stir additive manufacturing,2024,Journal of Advanced Joining Processes,10.1016/j.jajp.2023.100174,https://doi.org/10.1016/j.jajp.2023.100174,low_relevance,1
2877,archive,crossref_only,Crossref,Erratum to 'Material-tailored tool inserts for injection moulding using material extrusion multi-material Additive Manufacturing' [Procedia CIRP 124 (2024) 231-234],2024,Procedia CIRP,10.1016/j.procir.2024.10.001,https://doi.org/10.1016/j.procir.2024.10.001,low_relevance,1
2878,archive,crossref_only,Crossref,"Enhancing Smart Manufacturing Systems: A Digital Twin Approach Employing Simulation, Flexible Robots and Additive Manufacturing Technologies",2024,Communications in Computer and Information Science,10.1007/978-3-031-68435-7_20,https://doi.org/10.1007/978-3-031-68435-7_20,low_relevance,1
2879,archive,crossref_only,Crossref,Enhancing Extrusion Precision and Reliability in Robotic Multi-Axis Additive Manufacturing through Digital Twin Integration,2024,"2024 24th International Conference on Control, Automation and Systems (ICCAS)",10.23919/iccas63016.2024.10773302,https://doi.org/10.23919/iccas63016.2024.10773302,low_relevance,1
2880,archive,crossref_only,Crossref,Engineered Shape‐Morphing Transitions in Hydrogels Through Suspension Bath Printing of Temperature‐Responsive Granular Hydrogel Inks,2024,Advanced Materials,10.1002/adma.202410661,https://doi.org/10.1002/adma.202410661,low_relevance,1
2881,archive,crossref_only,Crossref,Engineered Living Structures with Shape-Morphing Capability Enabled by 4D Printing with Functional Bacteria,2024,ACS Applied Bio Materials,10.1021/acsabm.4c00223,https://doi.org/10.1021/acsabm.4c00223,low_relevance,1
2882,archive,crossref_only,Crossref,End-to-end path planning for homogeneous temperature fields in additive manufacturing,2024,Journal of Materials Processing Technology,10.1016/j.jmatprotec.2024.118364,https://doi.org/10.1016/j.jmatprotec.2024.118364,low_relevance,1
2883,archive,crossref_only,Crossref,Enabling smart manufacturing through cloud computing and cyber-physical systems,2024,Cyber Physical System 2.0,10.1201/9781003559993-6,https://doi.org/10.1201/9781003559993-6,low_relevance,1
2884,archive,crossref_only,Crossref,Embedded 3D printing of microstructured multi-material composites,2024,Matter,10.1016/j.matt.2023.10.031,https://doi.org/10.1016/j.matt.2023.10.031,low_relevance,1
2885,archive,crossref_only,Crossref,Eliminating enclosed voids in simultaneous optimization of topology and bi-material distribution of three-dimensional structures for additive manufacturing,2024,Structural and Multidisciplinary Optimization,10.1007/s00158-024-03852-5,https://doi.org/10.1007/s00158-024-03852-5,low_relevance,1
2886,archive,crossref_only,Crossref,Electromagnetic Micropumps Based on Multi-Material 3D Printing,2024,"2024 IEEE 23rd International Conference on Micro and Miniature Power Systems, Self-Powered Sensors and Energy Autonomous Devices (PowerMEMS)",10.1109/powermems63147.2024.10814506,https://doi.org/10.1109/powermems63147.2024.10814506,low_relevance,1
2887,archive,crossref_only,Crossref,Effects of ultrasonic treatment on mechanical properties and microstructure of stainless steel 308L and Inconel 718 functionally graded materials fabricated via double-wire arc additive manufacturing,2024,Materials Science and Engineering: A,10.1016/j.msea.2024.146298,https://doi.org/10.1016/j.msea.2024.146298,low_relevance,1
2888,archive,crossref_only,Crossref,"Direct additive manufacturing of Al
                    <sub>2</sub>
                    O
                    <sub>3</sub>
                    –TiCp functionally graded ceramics by laser‐directed energy deposition",2024,Journal of the American Ceramic Society,10.1111/jace.19653,https://doi.org/10.1111/jace.19653,low_relevance,1
2889,archive,openalex_only,OpenAlex,Direct Ink Writing of Cephalopod Skin‐Like Core‐Shell Fibers From Cholesteric Liquid Crystal Elastomers and Dyed Solutions,2024,Advanced Functional Materials,10.1002/adfm.202413965,https://doi.org/10.1002/adfm.202413965,low_relevance,1
2890,archive,crossref_only,Crossref,Direct Ink Write 3D Printing of Fully Dense and Functionally Graded Liquid Metal Elastomer Foams (Adv. Funct. Mater. 46/2024),2024,Advanced Functional Materials,10.1002/adfm.202470270,https://doi.org/10.1002/adfm.202470270,low_relevance,1
2891,archive,crossref_only,Crossref,Direct Ink Write 3D Printing of Fully Dense and Functionally Graded Liquid Metal Elastomer Foams,2024,Advanced Functional Materials,10.1002/adfm.202410908,https://doi.org/10.1002/adfm.202410908,low_relevance,1
2892,archive,crossref_only,Crossref,Direct 4D printing of composite materials,2024,4D Printing of Composites,10.1016/b978-0-443-21518-6.00003-x,https://doi.org/10.1016/b978-0-443-21518-6.00003-x,low_relevance,1
2893,archive,crossref_only,Crossref,Digital twin‐based virtual commissioning for evaluation and validation of a reconfigurable process line,2024,IET Collaborative Intelligent Manufacturing,10.1049/cim2.12111,https://doi.org/10.1049/cim2.12111,low_relevance,1
2894,archive,both_openalex_crossref,Crossref; OpenAlex,Digital twins for rapid in-situ qualification of part quality in laser powder bed fusion additive manufacturing,2024,Additive Manufacturing,10.1016/j.addma.2024.104415,https://doi.org/10.1016/j.addma.2024.104415,duplicate_title,1
2895,archive,crossref_only,Crossref,Digital twin-driven life health monitoring for motorized spindle,2024,Journal of Manufacturing Processes,10.1016/j.jmapro.2024.01.068,https://doi.org/10.1016/j.jmapro.2024.01.068,low_relevance,1
2896,archive,crossref_only,Crossref,Digital twin for weld pool evolution by data-physics integrated driving,2024,Journal of Manufacturing Processes,10.1016/j.jmapro.2024.09.022,https://doi.org/10.1016/j.jmapro.2024.09.022,low_relevance,1
2897,archive,crossref_only,Crossref,Digital twin enhanced quality prediction method of powder compaction process,2024,Robotics and Computer-Integrated Manufacturing,10.1016/j.rcim.2024.102762,https://doi.org/10.1016/j.rcim.2024.102762,low_relevance,1
2898,archive,crossref_only,Crossref,Digital twin assisted intelligent machining process monitoring and control,2024,CIRP Journal of Manufacturing Science and Technology,10.1016/j.cirpj.2024.01.005,https://doi.org/10.1016/j.cirpj.2024.01.005,low_relevance,1
2899,archive,crossref_only,Crossref,Digital twin and blockchain-enabled trusted optimal-state synchronized control approach for distributed smart manufacturing system in social manufacturing,2024,Journal of Manufacturing Systems,10.1016/j.jmsy.2024.08.004,https://doi.org/10.1016/j.jmsy.2024.08.004,low_relevance,1
2900,archive,openalex_only,OpenAlex,Digital light 4D printing of bioresorbable shape memory elastomers for personalized biomedical implantation,2024,Acta Biomaterialia,10.1016/j.actbio.2024.02.009,https://doi.org/10.1016/j.actbio.2024.02.009,low_relevance,1
2901,archive,crossref_only,Crossref,"Digital Twins in 3d Concrete Printing: Information Model, Enablers, and Major Challenges",2024,Venue unknown,10.2139/ssrn.4791532,https://doi.org/10.2139/ssrn.4791532,low_relevance,1
2902,archive,crossref_only,Crossref,Digital Twins in 3D Printing Processes Using Artificial Intelligence,2024,Electronics,10.3390/electronics13173550,https://doi.org/10.3390/electronics13173550,low_relevance,1
2903,archive,crossref_only,Crossref,Digital Twins along the product lifecycle: A systematic literature review of applications in manufacturing,2024,Digital Twin,10.12688/digitaltwin.17807.2,https://doi.org/10.12688/digitaltwin.17807.2,low_relevance,1
2904,archive,crossref_only,Crossref,Digital Twin: Conclusion and Future Trends in Process Plants,2024,Generation and Update of a Digital Twin in a Process Plant,10.1007/978-3-031-47316-6_10,https://doi.org/10.1007/978-3-031-47316-6_10,low_relevance,1
2905,archive,crossref_only,Crossref,"Digital Twin: Applications, Implementation and ROI In Printing Industry",2024,International Journal of Recent Technology and Engineering (IJRTE),10.35940/ijrte.b8113.13020724,https://doi.org/10.35940/ijrte.b8113.13020724,low_relevance,1
2906,archive,crossref_only,Crossref,"Digital Twin: Applications, Implementation and ROI In Printing Industry",2024,SSRN Electronic Journal,10.2139/ssrn.4900072,https://doi.org/10.2139/ssrn.4900072,low_relevance,1
2907,archive,crossref_only,Crossref,Digital Twin-Enabled Real-Time Quality Monitoring in Metal Additive Manufacturing Processes,2024,International Journal of Artificial Intelligence Engineering and Transformation,10.54660/ijaiet.2024.5.1.58-65,https://doi.org/10.54660/ijaiet.2024.5.1.58-65,low_relevance,1
2908,archive,crossref_only,Crossref,Digital Twin-Based Optimization of Operational Parameters for Cluster Tools in Semiconductor Manufacturing,2024,IEEE Access,10.1109/access.2024.3450869,https://doi.org/10.1109/access.2024.3450869,low_relevance,1
2909,archive,crossref_only,Crossref,Digital Twin in Smart Grid,2024,Handbook of Digital Twins,10.1201/9781003425724-55,https://doi.org/10.1201/9781003425724-55,low_relevance,1
2910,archive,crossref_only,Crossref,Digital Twin in Architectural Design Process: Foetal Twin Test Kit,2024,Proceedings of NordDesign 2024,10.35199/norddesign2024.19,https://doi.org/10.35199/norddesign2024.19,low_relevance,1
2911,archive,crossref_only,Crossref,Digital Twin in Aerospace Industry and Aerospace Transformation Through Industry 4.0 Technologies,2024,Digital Twins in Industrial Production and Smart Manufacturing,10.1002/9781394195336.ch16,https://doi.org/10.1002/9781394195336.ch16,low_relevance,1
2912,archive,crossref_only,Crossref,Digital Twin for Sustainable Development of Intelligent Manufacturing,2024,Digital Twins in Industrial Production and Smart Manufacturing,10.1002/9781394195336.ch6,https://doi.org/10.1002/9781394195336.ch6,low_relevance,1
2913,archive,crossref_only,Crossref,Digital Twin for Smart Production Management of Railway Vehicle Manufacturing,2024,Venue unknown,10.2139/ssrn.4977854,https://doi.org/10.2139/ssrn.4977854,low_relevance,1
2914,archive,crossref_only,Crossref,Digital Twin for Smart City Resilience and Solutions,2024,Digital Twin and Blockchain for Smart Cities,10.1002/9781394303564.ch25,https://doi.org/10.1002/9781394303564.ch25,low_relevance,1
2915,archive,crossref_only,Crossref,Digital Twin for Flexible Manufacturing Systems and Optimization Through Simulation: A Case Study,2024,Machines,10.3390/machines12110785,https://doi.org/10.3390/machines12110785,low_relevance,1
2916,archive,crossref_only,Crossref,Digital Twin and Simulation Analyses for Process Optimization of an Automated Guided Vehicle System,2024,Tehnički glasnik,10.31803/tg-20240420135237,https://doi.org/10.31803/tg-20240420135237,low_relevance,1
2917,archive,crossref_only,Crossref,Digital Twin and Blockchain for Smart Cities,2024,Venue unknown,10.1002/9781394303564,https://doi.org/10.1002/9781394303564,low_relevance,1
2918,archive,crossref_only,Crossref,"Digital Twin and 3D Digital Twin: Concepts, Applications, and Challenges in Industry 4.0 for Digital Twin",2024,Computers,10.3390/computers13040100,https://doi.org/10.3390/computers13040100,low_relevance,1
2919,archive,crossref_only,Crossref,Digital Twin Technology for Real-Time Monitoring and Control in Smart Manufacturing,2024,International Academic Journal of Science and Engineering,10.71086/iajse/v11i3/iajse1155,https://doi.org/10.71086/iajse/v11i3/iajse1155,low_relevance,1
2920,archive,crossref_only,Crossref,Digital Twin Technology for Integration and Optimization of Manufacturing Systems,2024,International Journal of Emerging Research in Engineering and Technology,10.63282/3050-922x.ijeret-v5i1p104,https://doi.org/10.63282/3050-922x.ijeret-v5i1p104,low_relevance,1
2921,archive,crossref_only,Crossref,Digital Twin Technology Use Cases in Intelligent Manufacturing,2024,Intelligent Manufacturing and Industry 4.0,10.1201/9781032630748-4,https://doi.org/10.1201/9781032630748-4,low_relevance,1
2922,archive,crossref_only,Crossref,Digital Twin Modeling for Smart Injection Molding,2024,Journal of Manufacturing and Materials Processing,10.3390/jmmp8030102,https://doi.org/10.3390/jmmp8030102,low_relevance,1
2923,archive,crossref_only,Crossref,Digital Twin Model for Property Assessment of Metal Additive Manufacturing,2024,"Volume 11: Safety Engineering, Risk and Reliability Analysis; Research Posters",10.1115/imece2024-146882,https://doi.org/10.1115/imece2024-146882,low_relevance,1
2924,archive,crossref_only,Crossref,Digital Twin Integration for Enhanced Control in FDM 3D Printing,2024,Springer Series in Advanced Manufacturing,10.1007/978-3-031-68271-1_17,https://doi.org/10.1007/978-3-031-68271-1_17,low_relevance,1
2925,archive,crossref_only,Crossref,Digital Twin Implementation in Additive Manufacturing: A Comprehensive Review,2024,Processes,10.3390/pr12061062,https://doi.org/10.3390/pr12061062,low_relevance,1
2926,archive,crossref_only,Crossref,Digital Twin Implementation for an Additive Manufacturing Robotic Cell based on the ISO 23247 Standard,2024,IEEE Latin America Transactions,10.1109/tla.2024.10620386,https://doi.org/10.1109/tla.2024.10620386,low_relevance,1
2927,archive,crossref_only,Crossref,"Digital Twin Enabled Process Development, Optimization and Control in Lyophilization for Enhanced Biopharmaceutical Production",2024,Processes,10.3390/pr12010211,https://doi.org/10.3390/pr12010211,low_relevance,1
2928,archive,crossref_only,Crossref,Digital Twin Enabled Layout Optimization Framework for Photogrammetry Cameras in Reconfigurable Robotic Work Cells,2024,Volume 2: Advanced Manufacturing,10.1115/imece2024-145273,https://doi.org/10.1115/imece2024-145273,low_relevance,1
2929,archive,crossref_only,Crossref,Digital Twin Design and Cross Process Model Transfer for Additive Manufacturing,2024,IFAC-PapersOnLine,10.1016/j.ifacol.2025.01.106,https://doi.org/10.1016/j.ifacol.2025.01.106,low_relevance,1
2930,archive,crossref_only,Crossref,Digital Twin Consensus for Blockchain‐Enabled Intelligent Transportation Systems in Smart Cities,2024,Digital Twin and Blockchain for Smart Cities,10.1002/9781394303564.ch14,https://doi.org/10.1002/9781394303564.ch14,low_relevance,1
2931,archive,crossref_only,Crossref,Digital Twin Calibration for Biological System-of-Systems: Cell Culture Manufacturing Process,2024,2024 Winter Simulation Conference (WSC),10.1109/wsc63780.2024.10838898,https://doi.org/10.1109/wsc63780.2024.10838898,low_relevance,1
2932,archive,crossref_only,Crossref,Digital Twin Architecture to Use for Optimizing an AoD-Printing Process,2024,"2024 Symposium on Design, Test, Integration and Packaging of MEMS/MOEMS (DTIP)",10.1109/dtip62575.2024.10613180,https://doi.org/10.1109/dtip62575.2024.10613180,low_relevance,1
2933,archive,crossref_only,Crossref,Digital Manufacturing for Advanced Manufacturing Technologies: A Review of Successful Implementation for Plasma Processing Digital Twin Framework Development,2024,Venue unknown,10.2139/ssrn.4846321,https://doi.org/10.2139/ssrn.4846321,low_relevance,1
2934,archive,crossref_only,Crossref,Digital Light Process 3D Printing of Magnetically Aligned Liquid Crystalline Elastomer Free–forms,2024,Advanced Materials,10.1002/adma.202414209,https://doi.org/10.1002/adma.202414209,low_relevance,1
2935,archive,openalex_only,OpenAlex,Development of an AI Based Failure Predictor Model to Reduce Filament Waste for a Sustainable 3D Printing Process,2024,International Journal of Advanced Computer Science and Applications,10.14569/ijacsa.2024.0151001,https://doi.org/10.14569/ijacsa.2024.0151001,low_relevance,1
2936,archive,crossref_only,Crossref,Development of a digital twin system for acquiring surface features of solid models in light-curing additive manufacturing,2024,The International Journal of Advanced Manufacturing Technology,10.1007/s00170-024-14535-2,https://doi.org/10.1007/s00170-024-14535-2,low_relevance,1
2937,archive,crossref_only,Crossref,Development of a dedicated process simulator for the digital twin in apparel manufacturing: a case study,2024,International Journal of Clothing Science and Technology,10.1108/ijcst-01-2024-0017,https://doi.org/10.1108/ijcst-01-2024-0017,low_relevance,1
2938,archive,crossref_only,Crossref,Development of Wire Delivery Tool With Desktop 3-D Printer for Multifunctional Additive Manufacturing,2024,Volume 2: Manufacturing Equipment and Automation; Manufacturing Processes; Manufacturing Systems; Nano/Micro/Meso Manufacturing; Quality &amp; Reliability,10.1115/msec2024-125414,https://doi.org/10.1115/msec2024-125414,low_relevance,1
2939,archive,crossref_only,Crossref,Development and Application of Digital Twin Control in Flexible Manufacturing Systems,2024,Journal of Manufacturing and Materials Processing,10.3390/jmmp8050214,https://doi.org/10.3390/jmmp8050214,low_relevance,1
2940,archive,crossref_only,Crossref,Developing Cognitive Digital Twin for Smart Manufacturing: Methodology and Case Study,2024,2024 IEEE 20th International Conference on Automation Science and Engineering (CASE),10.1109/case59546.2024.10711555,https://doi.org/10.1109/case59546.2024.10711555,low_relevance,1
2941,archive,crossref_only,Crossref,Detection of Cyber-Physical Attacks in Additive Manufacturing: An LSTM-Based Autoencoder Method Utilizing Reconstruction Error Analysis from Side-Channel Monitoring,2024,Engineering and Technology Journal,10.47191/etj/v9i10.27,https://doi.org/10.47191/etj/v9i10.27,low_relevance,1
2942,archive,crossref_only,Crossref,Designing an Ai-Based Cyber-Physical Device System for Product Manufacturing Quality Assurance,2024,Venue unknown,10.2139/ssrn.4754128,https://doi.org/10.2139/ssrn.4754128,low_relevance,1
2943,archive,crossref_only,Crossref,Designing Digital Twin with IoT and AI in Warehouse to Support Optimization and Safety in Engineer-to-Order Manufacturing Process for Prefabricated Building Products,2024,Applied Sciences,10.3390/app14156835,https://doi.org/10.3390/app14156835,duplicate_title,1
2944,archive,openalex_only,OpenAlex,Designing 3D-printed concrete structures with scaled fabrication models,2024,Architectural Intelligence,10.1007/s44223-024-00070-3,https://doi.org/10.1007/s44223-024-00070-3,low_relevance,1
2945,archive,crossref_only,Crossref,Design of a material sorting digital twin system based on NX MCD,2024,Manufacturing Review,10.1051/mfreview/2024010,https://doi.org/10.1051/mfreview/2024010,low_relevance,1
2946,archive,crossref_only,Crossref,Design and modeling of process manufacturing-oriented digital twin system,2024,Venue unknown,10.21203/rs.3.rs-5244060/v1,https://doi.org/10.21203/rs.3.rs-5244060/v1,low_relevance,1
2947,archive,crossref_only,Crossref,Design and 4d Printing of Multi-Stiffness Wavy Metamaterial Energy Absorbers/Dissipators with Shape Recovery Features,2024,Venue unknown,10.2139/ssrn.4909624,https://doi.org/10.2139/ssrn.4909624,low_relevance,1
2948,archive,crossref_only,Crossref,Demonstration of AcceloPrint: Fabricating Accelerometers with Multi-Material 3D Printing,2024,ACM Symposium on Computational Fabrication,10.1145/3665662.3673256,https://doi.org/10.1145/3665662.3673256,low_relevance,1
2949,archive,crossref_only,Crossref,Deep neural operator enabled digital twin modeling for additive manufacturing,2024,Advances in Computational Science and Engineering,10.3934/acse.2024010,https://doi.org/10.3934/acse.2024010,low_relevance,1
2950,archive,crossref_only,Crossref,Decision Support System for Digital Twin‐based Smart Manufacturing Systems and Design in Industry 5.0,2024,Digital Twins in Industrial Production and Smart Manufacturing,10.1002/9781394195336.ch3,https://doi.org/10.1002/9781394195336.ch3,low_relevance,1
2951,archive,openalex_only,OpenAlex,Curvature tuning through defect-based 4D printing,2024,Communications Materials,10.1038/s43246-024-00448-w,https://doi.org/10.1038/s43246-024-00448-w,low_relevance,1
2952,archive,crossref_only,Crossref,Creation of a New Offering: Digital Twin as a Service,2024,Generation and Update of a Digital Twin in a Process Plant,10.1007/978-3-031-47316-6_9,https://doi.org/10.1007/978-3-031-47316-6_9,low_relevance,1
2953,archive,crossref_only,Crossref,Corrigendum to “Thermal conductivity of three-dimensional multi-material core-shell filament structures obtained by material extrusion” [Addit. Manuf. (2024) 104018],2024,Additive Manufacturing,10.1016/j.addma.2024.104052,https://doi.org/10.1016/j.addma.2024.104052,low_relevance,1
2954,archive,crossref_only,Crossref,Correction to: Generation and Update of a Digital Twin in a Process,2024,Generation and Update of a Digital Twin in a Process Plant,10.1007/978-3-031-47316-6_11,https://doi.org/10.1007/978-3-031-47316-6_11,low_relevance,1
2955,archive,crossref_only,Crossref,Cooperative enhancement of multi-material interface strength by mechanical interlocking structures and FDM path planning,2024,The International Journal of Advanced Manufacturing Technology,10.1007/s00170-024-14398-7,https://doi.org/10.1007/s00170-024-14398-7,low_relevance,1
2956,archive,openalex_only,OpenAlex,Control of Self-Winding Microrobot Using an Electromagnetic Drive System: Integration of Movable Electromagnetic Coil and Permanent Magnet,2024,Micromachines,10.3390/mi15040438,https://doi.org/10.3390/mi15040438,low_relevance,1
2957,archive,crossref_only,Crossref,Continuous liquid supply multi-material DLP 3D printing,2024,Venue unknown,10.21203/rs.3.rs-4954530/v1,https://doi.org/10.21203/rs.3.rs-4954530/v1,low_relevance,1
2958,archive,openalex_only,OpenAlex,Conditional neural field latent diffusion model for generating spatiotemporal turbulence,2024,Nature Communications,10.1038/s41467-024-54712-1,https://doi.org/10.1038/s41467-024-54712-1,low_relevance,1
2959,archive,crossref_only,Crossref,Computational design of 4D printed shape morphing lattices undergoing large deformation,2024,Smart Materials and Structures,10.1088/1361-665x/ad8a31,https://doi.org/10.1088/1361-665x/ad8a31,low_relevance,1
2960,archive,crossref_only,Crossref,Computational challenges in additive manufacturing for metamaterials design,2024,Nature Computational Science,10.1038/s43588-024-00669-6,https://doi.org/10.1038/s43588-024-00669-6,low_relevance,1
2961,archive,crossref_only,Crossref,Comprehensive review on 4D printing using powder bed fusion,2024,Comprehensive Materials Processing,10.1016/b978-0-323-96020-5.00127-8,https://doi.org/10.1016/b978-0-323-96020-5.00127-8,low_relevance,1
2962,archive,crossref_only,Crossref,Comprehensive Study of Digital Twin in Smart and Customized Healthcare,2024,Digital Twin Technology and Applications,10.1201/9781003469612-9,https://doi.org/10.1201/9781003469612-9,low_relevance,1
2963,archive,crossref_only,Crossref,Composition design and mechanical properties of B4C/Al-Zn-Mg-Cu functionally graded materials prepared by laser additive manufacturing,2024,Journal of Materials Research and Technology,10.1016/j.jmrt.2024.08.188,https://doi.org/10.1016/j.jmrt.2024.08.188,low_relevance,1
2964,archive,crossref_only,Crossref,Characterizing the shape-morphing behaviour of 4D printed PLA structures,2024,Journal of Physics: Conference Series,10.1088/1742-6596/2716/1/012034,https://doi.org/10.1088/1742-6596/2716/1/012034,low_relevance,1
2965,archive,crossref_only,Crossref,Characterization of Functionally Graded Material (Stainless Steel 347/308L) Fabricated through Wire and Arc Additive Manufacturing: Microstructure and Mechanical Perspectives,2024,steel research international,10.1002/srin.202300881,https://doi.org/10.1002/srin.202300881,low_relevance,1
2966,archive,crossref_only,Crossref,Characterization of Anisotropic Shape Memory Behavior of Thermoresponsive Components in 4D Printing,2024,3D Printing and Additive Manufacturing,10.1089/3dp.2023.0165,https://doi.org/10.1089/3dp.2023.0165,low_relevance,1
2967,archive,crossref_only,Crossref,Chapter 4 Nonlinear aspects of the shape transformation of composite structures made by 4D printing of composites,2024,4D Printing of Composites,10.1515/9783110668544-004,https://doi.org/10.1515/9783110668544-004,low_relevance,1
2968,archive,crossref_only,Crossref,Chapter 3 Procedure for 4D printing of composites,2024,4D Printing of Composites,10.1515/9783110668544-003,https://doi.org/10.1515/9783110668544-003,low_relevance,1
2969,archive,crossref_only,Crossref,Chapter 2 Differences between regular 4D printing (4DP) and 4D printing of composites (4DPC),2024,4D Printing of Composites,10.1515/9783110668544-002,https://doi.org/10.1515/9783110668544-002,low_relevance,1
2970,archive,crossref_only,Crossref,Business Case for Digital Twin of a Process Plant,2024,Generation and Update of a Digital Twin in a Process Plant,10.1007/978-3-031-47316-6_5,https://doi.org/10.1007/978-3-031-47316-6_5,low_relevance,1
2971,archive,crossref_only,Crossref,Brief Paper: Long-Range Mass Transport Mechanisms in Solid State Sintering for Additive Manufacturing,2024,Volume 1: Additive Manufacturing; Advanced Materials Manufacturing; Biomanufacturing; Life Cycle Engineering,10.1115/msec2024-124799,https://doi.org/10.1115/msec2024-124799,low_relevance,1
2972,archive,both_openalex_crossref,Crossref; OpenAlex,Brief Paper: Evaluating Effects of Ultraviolet Exposure Strategies on Multi-Material Interfaces in Direct Ink Write Additive Manufacturing,2024,Volume 1: Additive Manufacturing; Advanced Materials Manufacturing; Biomanufacturing; Life Cycle Engineering,10.1115/msec2024-125262,https://doi.org/10.1115/msec2024-125262,low_relevance,1
2973,archive,crossref_only,Crossref,Bridging the Gap: Digital Twin Integration and Evaluation in Robotic Multi-Axis Additive Manufacturing,2024,2024 IEEE 22nd International Conference on Industrial Informatics (INDIN),10.1109/indin58382.2024.10774248,https://doi.org/10.1109/indin58382.2024.10774248,low_relevance,1
2974,archive,crossref_only,Crossref,Blockchain‐Based Secure Digital Twin Framework for Smart Healthy City,2024,Digital Twin and Blockchain for Smart Cities,10.1002/9781394303564.ch8,https://doi.org/10.1002/9781394303564.ch8,low_relevance,1
2975,archive,crossref_only,Crossref,Blockchain and Digital Twin for Smart Grid,2024,Digital Twin and Blockchain for Smart Cities,10.1002/9781394303564.ch9,https://doi.org/10.1002/9781394303564.ch9,low_relevance,1
2976,archive,crossref_only,Crossref,Bionic programmed wearable actuators based on 4D printing of liquid metal-spidroin-liquid crystal elastomer composite,2024,Virtual and Physical Prototyping,10.1080/17452759.2024.2349677,https://doi.org/10.1080/17452759.2024.2349677,low_relevance,1
2977,archive,crossref_only,Crossref,"Big data, machine learning, and digital twin assisted additive manufacturing: A review",2024,Materials &amp; Design,10.1016/j.matdes.2024.113086,https://doi.org/10.1016/j.matdes.2024.113086,low_relevance,1
2978,archive,openalex_only,OpenAlex,Big data in Earth science: Emerging practice and promise,2024,Science,10.1126/science.adh9607,https://doi.org/10.1126/science.adh9607,low_relevance,1
2979,archive,crossref_only,Crossref,Axisymmetric non-planar slicing and path planning strategy for robot-based additive manufacturing,2024,Materials &amp; Design,10.1016/j.matdes.2024.112915,https://doi.org/10.1016/j.matdes.2024.112915,low_relevance,1
2980,archive,crossref_only,Crossref,Autonomous laboratories for accelerated materials discovery: a community survey and practical insights,2024,Venue unknown,10.26434/chemrxiv-2024-fhn1k,https://doi.org/10.26434/chemrxiv-2024-fhn1k,duplicate_title,1
2981,archive,crossref_only,Crossref,Automated toolpath planning with 3D implementation of a parabolic weld bead deposition model for wire arc additive manufacturing repair,2024,The International Journal of Advanced Manufacturing Technology,10.1007/s00170-024-14132-3,https://doi.org/10.1007/s00170-024-14132-3,low_relevance,1
2982,archive,crossref_only,Crossref,Author Correction: 3D-printed liquid metal polymer composites as NIR-responsive 4D printing soft robot,2024,Nature Communications,10.1038/s41467-024-45465-y,https://doi.org/10.1038/s41467-024-45465-y,low_relevance,1
2983,archive,crossref_only,Crossref,Augmented reality-assisted cloud additive manufacturing with digital twin technology for multi-stakeholder value Co-creation in product innovation,2024,Heliyon,10.1016/j.heliyon.2024.e25722,https://doi.org/10.1016/j.heliyon.2024.e25722,low_relevance,1
2984,archive,crossref_only,Crossref,Artificial intelligence for smart manufacturing using digital twin technology,2024,Artificial Intelligence based Solutions for Industrial Applications,10.1201/9781003534761-7,https://doi.org/10.1201/9781003534761-7,low_relevance,1
2985,archive,crossref_only,Crossref,Architecture of the High-Tech Manufacturing Automation System on the Basis of the Digital Twin,2024,2024 International Russian Smart Industry Conference (SmartIndustryCon),10.1109/smartindustrycon61328.2024.10515756,https://doi.org/10.1109/smartindustrycon61328.2024.10515756,low_relevance,1
2986,archive,crossref_only,Crossref,Approach of Dynamic Simulation and Optimization for Coevolutionary Intelligent Manufacturing Cell in Digital Twin,2024,Venue unknown,10.21203/rs.3.rs-4965442/v1,https://doi.org/10.21203/rs.3.rs-4965442/v1,low_relevance,1
2987,archive,crossref_only,Crossref,Application of cyber-physical systems for additive manufacturing of polymer products,2024,Polimery,10.14314/polimery.2024.11.4,https://doi.org/10.14314/polimery.2024.11.4,low_relevance,1
2988,archive,crossref_only,Crossref,Analysis of the Interface Properties of Multi-Material Fused Filament Fabricated (Fff) Printed Polymer Composite Structures,2024,Venue unknown,10.2139/ssrn.4903000,https://doi.org/10.2139/ssrn.4903000,low_relevance,1
2989,archive,crossref_only,Crossref,An open architecture for cyber-physical systems 2.0 From a holonic perspective for application in sustainable manufacturing,2024,Cyber Physical System 2.0,10.1201/9781003559993-7,https://doi.org/10.1201/9781003559993-7,low_relevance,1
2990,archive,crossref_only,Crossref,An interlaced toolpath strategy for void reduction in material extrusion additive manufacturing,2024,Venue unknown,10.21203/rs.3.rs-5239129/v1,https://doi.org/10.21203/rs.3.rs-5239129/v1,low_relevance,1
2991,archive,openalex_only,OpenAlex,An integrated high-throughput robotic platform and active learning approach for accelerated discovery of optimal electrolyte formulations,2024,Nature Communications,10.1038/s41467-024-47070-5,https://doi.org/10.1038/s41467-024-47070-5,low_relevance,1
2992,archive,openalex_only,OpenAlex,An agricultural digital twin for mandarins demonstrates the potential for individualized agriculture,2024,Nature Communications,10.1038/s41467-024-45725-x,https://doi.org/10.1038/s41467-024-45725-x,low_relevance,1
2993,archive,crossref_only,Crossref,An adaptable Digital Twin model for manufacturing,2024,Manufacturing Letters,10.1016/j.mfglet.2024.09.142,https://doi.org/10.1016/j.mfglet.2024.09.142,low_relevance,1
2994,archive,crossref_only,Crossref,An Overarching Quality Evaluation Framework for Additive Manufacturing Digital Twin,2024,2024 IEEE 20th International Conference on Automation Science and Engineering (CASE),10.1109/case59546.2024.10711607,https://doi.org/10.1109/case59546.2024.10711607,low_relevance,1
2995,archive,crossref_only,Crossref,An Intelligent and Efficient Workflow for Path-Oriented 3D Bioprinting of Tubular Scaffolds,2024,3D Printing and Additive Manufacturing,10.1089/3dp.2022.0201,https://doi.org/10.1089/3dp.2022.0201,low_relevance,1
2996,archive,crossref_only,Crossref,Akurasi Dimensi Komponen Multi-material Hasil  Manufaktur Digital Light Processing (DLP) 3D Printing,2024,Journal of Mechanical Engineering,10.47134/jme.v1i1.2191,https://doi.org/10.47134/jme.v1i1.2191,low_relevance,1
2997,archive,crossref_only,Crossref,"After 3D Printing, What's Next: Discovering Scientific Trends of 4D Printing",2024,International Journal of Multidisciplinary: Applied Business and Education Research,10.11594/ijmaber.05.03.13,https://doi.org/10.11594/ijmaber.05.03.13,low_relevance,1
2998,archive,crossref_only,Crossref,Advective Assembler‐Enhanced Support Bath Rotational Direct Ink Writing,2024,Advanced Materials Technologies,10.1002/admt.202400005,https://doi.org/10.1002/admt.202400005,low_relevance,1
2999,archive,crossref_only,Crossref,Advancing Digital Twin-Based Virtual Part Inspection in Additive Manufacturing: Systematic Literature Review of Virtual Inspection Methods in FFF,2024,Lecture Notes in Mechanical Engineering,10.1007/978-3-031-74485-3_42,https://doi.org/10.1007/978-3-031-74485-3_42,low_relevance,1
3000,archive,crossref_only,Crossref,Advances in 4D printing of biodegradable photopolymers,2024,Responsive Materials,10.1002/rpm2.62,https://doi.org/10.1002/rpm2.62,low_relevance,1
3001,archive,crossref_only,Crossref,Advances in 4D printing of biodegradable photopolymers,2024,Responsive Materials,10.1002/rpm.20240008,https://doi.org/10.1002/rpm.20240008,low_relevance,1
3002,archive,openalex_only,OpenAlex,Advances in 4D Bioprinting: The Next Frontier in Regenerative Medicine and Tissue Engineering Applications,2024,Advanced Healthcare Materials,10.1002/adhm.202403065,https://doi.org/10.1002/adhm.202403065,low_relevance,1
3003,archive,crossref_only,Crossref,Advancements in Wire Arc Additive Manufacturing of Functionally Graded Materials: Optimizing Compositional Gradients and Mechanical Performance: An Overview,2024,Nanotechnology Perceptions,10.62441/nano-ntp.v20i6.39,https://doi.org/10.62441/nano-ntp.v20i6.39,low_relevance,1
3004,archive,both_openalex_crossref,Crossref; OpenAlex,Advancements and Challenges in Additively Manufactured Functionally Graded Materials: A Comprehensive Review,2024,Journal of Manufacturing and Materials Processing,10.3390/jmmp8010023,https://doi.org/10.3390/jmmp8010023,low_relevance,1
3005,archive,crossref_only,Crossref,Advanced Nanocomposites for 4D Printing: High-Performance Electroactive Shape Memory Polymers for Smart Applications,2024,Venue unknown,10.2139/ssrn.5064801,https://doi.org/10.2139/ssrn.5064801,low_relevance,1
3006,archive,crossref_only,Crossref,Additive manufacturing of functionally graded stellite6/17-4 PH fabricated via direct laser deposition,2024,Journal of Materials Research and Technology,10.1016/j.jmrt.2024.07.191,https://doi.org/10.1016/j.jmrt.2024.07.191,low_relevance,1
3007,archive,crossref_only,Crossref,"Additive manufacturing of functionally graded foams: Material extrusion process design, part design, and mechanical testing",2024,Additive Manufacturing,10.1016/j.addma.2023.103945,https://doi.org/10.1016/j.addma.2023.103945,low_relevance,1
3008,archive,crossref_only,Crossref,Additive manufacturing of NiTi architected metamaterials,2024,Additive Manufacturing Letters,10.1016/j.addlet.2024.100216,https://doi.org/10.1016/j.addlet.2024.100216,low_relevance,1
3009,archive,crossref_only,Crossref,Additive Manufacturing of Functionally Graded Stellite6/17-4ph Fabricated Via Direct Laser Deposition,2024,Venue unknown,10.2139/ssrn.4865630,https://doi.org/10.2139/ssrn.4865630,low_relevance,1
3010,archive,crossref_only,Crossref,Additive Manufacturing of Functionally Graded Porous Scaffolds for Bone Implant Applications,2024,Biomedical Materials for Multi-functional Applications,10.1007/978-981-97-5456-4_5,https://doi.org/10.1007/978-981-97-5456-4_5,low_relevance,1
3011,archive,crossref_only,Crossref,Additive Manufacturing of Composite Materials and Functionally Graded Structures Using Archerfish Hunting Technique,2024,Lubrication Science,10.1002/ls.1716,https://doi.org/10.1002/ls.1716,low_relevance,1
3012,archive,crossref_only,Crossref,AI-Driven Digital Twin Frameworks for Predictive Maintenance and Process Optimization in Smart Battery Manufacturing for Electric Vehicles,2024,Academica Global: Journal of Computer Science and Technology Studies,10.32996/agjcsts.2024.3.1.4,https://doi.org/10.32996/agjcsts.2024.3.1.4,low_relevance,1
3013,archive,crossref_only,Crossref,"A state-of-the-art review of 4D printing techniques, stimuli activated materials and future perspectives",2024,Materials Today: Proceedings,10.1016/j.matpr.2024.01.006,https://doi.org/10.1016/j.matpr.2024.01.006,low_relevance,1
3014,archive,crossref_only,Crossref,A review on additive manufacturing of SS-Ni multi-material fabrication,2024,Materials Today: Proceedings,10.1016/j.matpr.2023.03.044,https://doi.org/10.1016/j.matpr.2023.03.044,low_relevance,1
3015,archive,crossref_only,Crossref,A preliminary study on multi-material fused filament fabrication of an embedded strain gauge for low-cost real-time monitoring of part strain,2024,Progress in Additive Manufacturing,10.1007/s40964-024-00582-4,https://doi.org/10.1007/s40964-024-00582-4,low_relevance,1
3016,archive,crossref_only,Crossref,A novel microwave assisted multi-material 3D printing strategy to architect lamellar piezoelectric generators for intelligent sensing,2024,Composites Part B: Engineering,10.1016/j.compositesb.2024.111529,https://doi.org/10.1016/j.compositesb.2024.111529,low_relevance,1
3017,archive,crossref_only,Crossref,A multi-dimensional evolution modeling method for digital twin process model,2024,Robotics and Computer-Integrated Manufacturing,10.1016/j.rcim.2023.102667,https://doi.org/10.1016/j.rcim.2023.102667,low_relevance,1
3018,archive,crossref_only,Crossref,A general mathematic model framework for assembly process driven digital twin of assembly precision,2024,Journal of Manufacturing Systems,10.1016/j.jmsy.2024.09.007,https://doi.org/10.1016/j.jmsy.2024.09.007,low_relevance,1
3019,archive,crossref_only,Crossref,A functionally graded material from stainless steel 304 to Fe–40Al fabricated by dual wire arc additive manufacturing,2024,Journal of Materials Research and Technology,10.1016/j.jmrt.2023.12.268,https://doi.org/10.1016/j.jmrt.2023.12.268,low_relevance,1
3020,archive,openalex_only,OpenAlex,A dynamic knowledge graph approach to distributed self-driving laboratories,2024,Nature Communications,10.1038/s41467-023-44599-9,https://doi.org/10.1038/s41467-023-44599-9,low_relevance,1
3021,archive,crossref_only,Crossref,A comprehensive review on human–robot collaboration remanufacturing towards uncertain and dynamic disassembly,2024,Manufacturing Review,10.1051/mfreview/2024015,https://doi.org/10.1051/mfreview/2024015,low_relevance,1
3022,archive,crossref_only,Crossref,A comprehensive review of wire arc additive manufacturing for metallic functionally graded materials,2024,Engineering Research Express,10.1088/2631-8695/ad82a4,https://doi.org/10.1088/2631-8695/ad82a4,low_relevance,1
3023,archive,crossref_only,Crossref,A Study on Digital Twin for Autonomous Robotic Chip Removal Deep Learning Framework on CNC Machine,2024,Volume 1: Additive Manufacturing; Advanced Materials Manufacturing; Biomanufacturing; Life Cycle Engineering,10.1115/msec2024-124383,https://doi.org/10.1115/msec2024-124383,low_relevance,1
3024,archive,crossref_only,Crossref,A Molecular Rheology Dynamics Study on 3D Printing of Liquid Crystal Elastomers,2024,Macromolecular Rapid Communications,10.1002/marc.202470023,https://doi.org/10.1002/marc.202470023,low_relevance,1
3025,archive,both_openalex_crossref,Crossref; OpenAlex,A Molecular Rheology Dynamics Study on 3D Printing of Liquid Crystal Elastomers,2024,Macromolecular Rapid Communications,10.1002/marc.202300717,https://doi.org/10.1002/marc.202300717,low_relevance,1
3026,archive,crossref_only,Crossref,A Microstructure Sensitive Digital Twin for Powder Bed Fusion Process Monitoring and Optimization,2024,Venue unknown,10.2139/ssrn.4747004,https://doi.org/10.2139/ssrn.4747004,low_relevance,1
3027,archive,crossref_only,Crossref,A Hybrid Machine Learning Approach for Intrusion Detection in Cyber-Physical Manufacturing Systems,2024,Intelligent Security Solutions for Cyber-Physical Systems,10.1201/9781003406105-14,https://doi.org/10.1201/9781003406105-14,low_relevance,1
3028,archive,openalex_only,OpenAlex,A Futuristic Development in 3D Printing Technique Using Nanomaterials with a Step Toward 4D Printing,2024,ACS Omega,10.1021/acsomega.4c04123,https://doi.org/10.1021/acsomega.4c04123,low_relevance,1
3029,archive,crossref_only,Crossref,A Digital Twin Platform Integrating Process Parameter Simulation Solution for Intelligent Manufacturing,2024,Electronics,10.3390/electronics13040802,https://doi.org/10.3390/electronics13040802,low_relevance,1
3030,archive,crossref_only,Crossref,"A Comprehensive Review of Digital Twin Technologies for Tool Management in Manufacturing: Trends, Challenges, and Future Directions",2024,2024 International Conference on Smart-Digital-Green Technologies and Artificial Intelligence Sciences (CSDGAIS),10.1109/csdgais64098.2024.11064803,https://doi.org/10.1109/csdgais64098.2024.11064803,low_relevance,1
3031,archive,crossref_only,Crossref,8 Processing of smart materials by additive manufacturing and 4D printing,2024,3D Printing Technologies,10.1515/9783111215112-008,https://doi.org/10.1515/9783111215112-008,low_relevance,1
3032,archive,crossref_only,Crossref,7 Review of 4D printing and materials enabling Industry 4.0 for implementation in manufacturing: an Indian context,2024,3D Printing Technologies,10.1515/9783111215112-007,https://doi.org/10.1515/9783111215112-007,low_relevance,1
3033,archive,crossref_only,Crossref,4d Printing with the Assistance of Electrical Stimulation on Polylactic Acid Coated with Carbon Nanotubes,2024,Venue unknown,10.2139/ssrn.4803748,https://doi.org/10.2139/ssrn.4803748,low_relevance,1
3034,archive,crossref_only,Crossref,4d Printing of Shape Memory Polymers with Self-Folding Deformation and Multi-Stimulus Response,2024,Venue unknown,10.2139/ssrn.4907165,https://doi.org/10.2139/ssrn.4907165,low_relevance,1
3035,archive,crossref_only,Crossref,4d Printing of Continuous Carbon Fiber Reinforced Composites with Magneto-/Electro-Induced Shape Memory Effect,2024,Venue unknown,10.2139/ssrn.4936283,https://doi.org/10.2139/ssrn.4936283,low_relevance,1
3036,archive,crossref_only,Crossref,4d Printing of Continuous Carbon Fiber Reinforced Composites with Magneto-/Electro-Induced Shape Memory Effect,2024,Venue unknown,10.2139/ssrn.4767115,https://doi.org/10.2139/ssrn.4767115,low_relevance,1
3037,archive,crossref_only,Crossref,4D printing of polyurethane actuators and sensors,2024,"Smart Materials in Additive Manufacturing, Volume 3",10.1016/b978-0-443-13673-3.00018-3,https://doi.org/10.1016/b978-0-443-13673-3.00018-3,low_relevance,1
3038,archive,crossref_only,Crossref,4D printing of molded interconnect device,2024,"Smart Materials in Additive Manufacturing, Volume 3",10.1016/b978-0-443-13673-3.00011-0,https://doi.org/10.1016/b978-0-443-13673-3.00011-0,low_relevance,1
3039,archive,crossref_only,Crossref,4D printing of micropositioning parallel robots,2024,"Smart Materials in Additive Manufacturing, Volume 3",10.1016/b978-0-443-13673-3.00005-5,https://doi.org/10.1016/b978-0-443-13673-3.00005-5,low_relevance,1
3040,archive,crossref_only,Crossref,4D printing of lattice structures to test their behavior by repetitive shape processing cycles,2024,Materials Today Communications,10.1016/j.mtcomm.2024.109147,https://doi.org/10.1016/j.mtcomm.2024.109147,low_relevance,1
3041,archive,crossref_only,Crossref,4D printing of hydrogel soft actuators,2024,"Smart Materials in Additive Manufacturing, Volume 3",10.1016/b978-0-443-13673-3.00003-1,https://doi.org/10.1016/b978-0-443-13673-3.00003-1,low_relevance,1
3042,archive,crossref_only,Crossref,4D printing of composites—Avenues for the future,2024,4D Printing of Composites,10.1016/b978-0-443-21518-6.00009-0,https://doi.org/10.1016/b978-0-443-21518-6.00009-0,low_relevance,1
3043,archive,crossref_only,Crossref,"4D printing of composites: Challenges, opportunities, and paths to commercialization",2024,4D Printing of Composites,10.1016/b978-0-443-21518-6.00001-6,https://doi.org/10.1016/b978-0-443-21518-6.00001-6,low_relevance,1
3044,archive,crossref_only,Crossref,4D printing of biobased shape memory sandwich structures,2024,Polymer,10.1016/j.polymer.2024.127252,https://doi.org/10.1016/j.polymer.2024.127252,low_relevance,1
3045,archive,crossref_only,Crossref,4D printing and programming of continuous fibre-reinforced shape memory polymer composites,2024,European Polymer Journal,10.1016/j.eurpolymj.2024.112988,https://doi.org/10.1016/j.eurpolymj.2024.112988,low_relevance,1
3046,archive,openalex_only,OpenAlex,4D printed shape-shifting biomaterials for tissue engineering and regenerative medicine applications,2024,Biofabrication,10.1088/1758-5090/ad1e6f,https://doi.org/10.1088/1758-5090/ad1e6f,low_relevance,1
3047,archive,crossref_only,Crossref,4D bioprinting shape-morphing tissues in granular support hydrogels: Sculpting structure and guiding maturation,2024,Venue unknown,10.1101/2024.08.09.606830,https://doi.org/10.1101/2024.08.09.606830,low_relevance,1
3048,archive,crossref_only,Crossref,4D Printing: Research Focuses and Prospects,2024,Designs,10.3390/designs8060106,https://doi.org/10.3390/designs8060106,low_relevance,1
3049,archive,openalex_only,OpenAlex,4D Printing: Bridging the Gap between Fundamental Research and Real-World Applications,2024,Applied Sciences,10.3390/app14135669,https://doi.org/10.3390/app14135669,low_relevance,1
3050,archive,crossref_only,Crossref,4D Printing: Advancements and Applications: Research in the Emerging Field of 4D Printing,2024,Venue unknown,10.20944/preprints202407.2574.v1,https://doi.org/10.20944/preprints202407.2574.v1,low_relevance,1
3051,archive,crossref_only,Crossref,4D Printing-3D Printing of Smart Materials,2024,Industrial Engineering and Management,10.5772/intechopen.1007310,https://doi.org/10.5772/intechopen.1007310,low_relevance,1
3052,archive,crossref_only,Crossref,4D Printing onto Textile: Fabrication and Design Process of Bistable 4D textiles,2024,Blucher Design Proceedings,10.5151/sigradi2023-28,https://doi.org/10.5151/sigradi2023-28,low_relevance,1
3053,archive,crossref_only,Crossref,4D Printing of Stimuli-Responsive Materials,2024,"Journal of Textiles, Coloration and Polymer Science",10.21608/jtcps.2024.258193.1249,https://doi.org/10.21608/jtcps.2024.258193.1249,low_relevance,1
3054,archive,openalex_only,OpenAlex,4D Printing of Programmable Digital Metamaterials,2024,arXiv (Cornell University),10.48550/arxiv.2406.12113,https://doi.org/10.48550/arxiv.2406.12113,low_relevance,1
3055,archive,crossref_only,Crossref,4D Printing of Liquid Metals,2024,Handbook of Liquid Metals,10.1007/978-981-19-2797-3_26-1,https://doi.org/10.1007/978-981-19-2797-3_26-1,low_relevance,1
3056,archive,crossref_only,Crossref,4D Printing of Liquid Metals,2024,Handbook of Liquid Metals,10.1007/978-981-97-1614-2_26,https://doi.org/10.1007/978-981-97-1614-2_26,low_relevance,1
3057,archive,crossref_only,Crossref,4D Printing of Composites,2024,Venue unknown,10.1016/c2022-0-03188-3,https://doi.org/10.1016/c2022-0-03188-3,low_relevance,1
3058,archive,crossref_only,Crossref,4D Printing of Composites,2024,Venue unknown,10.1515/9783110668544,https://doi.org/10.1515/9783110668544,low_relevance,1
3059,archive,crossref_only,Crossref,"4D Printing Technology Based on Magnetic Intelligent Materials: Materials, Processing Processes, and Application",2024,3D Printing and Additive Manufacturing,10.1089/3dp.2023.0125,https://doi.org/10.1089/3dp.2023.0125,low_relevance,1
3060,archive,crossref_only,Crossref,4D Printing Hybrid Soft Robots Enabled by Shape‐Transformable Liquid Metal Nanoparticles,2024,Advanced Materials,10.1002/adma.202409789,https://doi.org/10.1002/adma.202409789,low_relevance,1
3061,archive,crossref_only,Crossref,4D Printing,2024,3D/4D Printing of Bioadhesive Pharmaceutical Systems,10.1201/9781003442363-6,https://doi.org/10.1201/9781003442363-6,low_relevance,1
3062,archive,openalex_only,OpenAlex,4D Printed Stiffness‐Tunable Actuator for Load‐Bearing Soft Machines,2024,Advanced Materials Technologies,10.1002/admt.202400074,https://doi.org/10.1002/admt.202400074,low_relevance,1
3063,archive,crossref_only,Crossref,4 4D printing of smart thermoplastic composites for online health monitoring,2024,3D Printing,10.1515/9783111081632-004,https://doi.org/10.1515/9783111081632-004,low_relevance,1
3064,archive,crossref_only,Crossref,3D/4D Printing of Bioadhesive Pharmaceutical Systems,2024,Venue unknown,10.1201/9781003442363,https://doi.org/10.1201/9781003442363,low_relevance,1
3065,archive,openalex_only,OpenAlex,3D/4D Printing in Advanced Robotics Systems—Recent Developments and Applications,2024,Sustainability,10.3390/su162411174,https://doi.org/10.3390/su162411174,low_relevance,1
3066,archive,crossref_only,Crossref,3D-printable liquid metal ink for shape-morphing solar evaporator via programmable “freeze-printing” strategy,2024,Desalination,10.1016/j.desal.2024.117768,https://doi.org/10.1016/j.desal.2024.117768,low_relevance,1
3067,archive,crossref_only,Crossref,"3D, 4D Printing, and Bioprinting of Hydrogels",2024,Tissue Repair and Reconstruction,10.1007/978-981-97-1730-9_2,https://doi.org/10.1007/978-981-97-1730-9_2,low_relevance,1
3068,archive,openalex_only,OpenAlex,3D volume construction methodology for cold spray additive manufacturing,2024,Additive manufacturing,10.1016/j.addma.2024.104407,https://doi.org/10.1016/j.addma.2024.104407,low_relevance,1
3069,archive,crossref_only,Crossref,3D to 4D printing: Perspective and development,2024,4D Printing of Composites,10.1016/b978-0-443-21518-6.00004-1,https://doi.org/10.1016/b978-0-443-21518-6.00004-1,low_relevance,1
3070,archive,crossref_only,Crossref,3D printing of reprogrammable liquid crystal elastomers with exchangeable boronic ester bonds,2024,Giant,10.1016/j.giant.2024.100331,https://doi.org/10.1016/j.giant.2024.100331,low_relevance,1
3071,archive,crossref_only,Crossref,3D printing of biomimetic liquid crystal elastomers with enhanced energy absorption capacities,2024,Journal of Materials Research and Technology,10.1016/j.jmrt.2024.10.197,https://doi.org/10.1016/j.jmrt.2024.10.197,low_relevance,1
3072,archive,crossref_only,Crossref,3D multi-material printing with light: advanced digital light processing and femtosecond laser stereolithography,2024,Laser Applications in Microelectronic and Optoelectronic Manufacturing (LAMOM) XXIX,10.1117/12.3002763,https://doi.org/10.1117/12.3002763,low_relevance,1
3073,archive,both_openalex_crossref,Crossref; OpenAlex,3D and 4D assembly of functional structures using shape-morphing materials for biological applications,2024,Frontiers in Bioengineering and Biotechnology,10.3389/fbioe.2024.1347666,https://doi.org/10.3389/fbioe.2024.1347666,low_relevance,1
3074,archive,crossref_only,Crossref,3D Infill Path Generation on Quadric Surfaces for Additive Manufacturing,2024,Volume 3B: 50th Design Automation Conference (DAC),10.1115/detc2024-142544,https://doi.org/10.1115/detc2024-142544,low_relevance,1
3075,archive,crossref_only,Crossref,14 Additive manufacturing and 4D printing applications for Industry 4.0-enabled digital biomedical and pharmaceutical sectors,2024,3D Printing Technologies,10.1515/9783111215112-014,https://doi.org/10.1515/9783111215112-014,low_relevance,1
